{
"type": "FeatureCollection",
"name": "bike_lanes",
"crs": { "type": "name", "properties": { "name": "urn:ogc:def:crs:OGC:1.3:CRS84" } },
"features": [
{ "type": "Feature", "properties": { "datasetId": 897, "rowId": null, "releaseNumber": 193, "versionNumber": 6, "ID": 25, "Name": "Парк «Фили»", "PortionName": "", "Type": [ "Велосипедная дорожка одностороннего движения", "Велосипедная дорожка двухстороннего движения" ], "Width": 2.0, "Location": "Большая Филёвская улица, дом 22, строение 16", "OperOrgName": "Государственное автономное учреждение культуры города Москвы «Парк культуры и отдыха «Фили»", "DepartmentalAffiliation": "ДЕПАРТАМЕНТ КУЛЬТУРЫ ГОРОДА МОСКВЫ", "ObjectOperOrgPhone": "(499) 145-00-00", "global_id": 19437293 }, "geometry": { "type": "MultiLineString", "coordinates": [ [ [ 37.47519739, 55.741752246 ], [ 37.475217506, 55.74209461 ], [ 37.475220859, 55.742174633 ], [ 37.475247681, 55.742400357 ], [ 37.475228906, 55.742522655 ], [ 37.475228906, 55.742709876 ], [ 37.475153804, 55.742874448 ], [ 37.475157157, 55.742958621 ], [ 37.475160509, 55.743050344 ], [ 37.475169897, 55.743312298 ], [ 37.475148439, 55.743574251 ], [ 37.475121617, 55.74369579 ], [ 37.475121617, 55.743908672 ], [ 37.475122958, 55.743982652 ], [ 37.475133687, 55.744027191 ], [ 37.475167215, 55.744117023 ], [ 37.475199401, 55.744261963 ], [ 37.475279868, 55.744508057 ], [ 37.475353628, 55.744666205 ], [ 37.475454211, 55.744846244 ], [ 37.475596368, 55.745053081 ], [ 37.475739866, 55.745276146 ], [ 37.47582972, 55.745451653 ], [ 37.475861907, 55.745522611 ], [ 37.475910187, 55.745659996 ], [ 37.475928962, 55.745699249 ], [ 37.475963831, 55.745770206 ], [ 37.4760832, 55.7459283 ], [ 37.476309165, 55.746113667 ], [ 37.476347724, 55.746144672 ], [ 37.476356104, 55.74615141 ], [ 37.47638762, 55.74622614 ], [ 37.476441264, 55.746300116 ], [ 37.476537824, 55.746389188 ], [ 37.476808727, 55.746520532 ], [ 37.476942837, 55.746608094 ], [ 37.477106452, 55.746753024 ], [ 37.477294207, 55.746913051 ], [ 37.477554381, 55.747109309 ], [ 37.477618754, 55.747174225 ], [ 37.477653623, 55.747216495 ], [ 37.477696538, 55.747338778 ], [ 37.477715313, 55.747450493 ], [ 37.4777475, 55.747547111 ], [ 37.477785051, 55.747609007 ], [ 37.477841377, 55.747685999 ], [ 37.477924526, 55.747758462 ], [ 37.477991581, 55.747856589 ], [ 37.478104234, 55.747969812 ], [ 37.47820884, 55.748066429 ], [ 37.478316128, 55.74814644 ], [ 37.478412688, 55.748197767 ], [ 37.478632629, 55.748353259 ], [ 37.47885257, 55.748505731 ], [ 37.478914261, 55.748561586 ], [ 37.478981316, 55.748649144 ], [ 37.479161024, 55.74878048 ], [ 37.479256856, 55.748854158 ], [ 37.479327321, 55.748943517 ], [ 37.479370236, 55.749034093 ], [ 37.479402423, 55.749105044 ], [ 37.479482889, 55.749163919 ], [ 37.479622364, 55.749225812 ], [ 37.479798049, 55.749283931 ], [ 37.480064634, 55.749366694 ], [ 37.480213791, 55.749413001 ], [ 37.480449826, 55.749496782 ], [ 37.480598688, 55.749551882 ], [ 37.480730116, 55.749613775 ], [ 37.480767667, 55.749637928 ], [ 37.480829358, 55.749691518 ], [ 37.480849475, 55.749724728 ], [ 37.480885684, 55.749811529 ], [ 37.480888367, 55.749847758 ], [ 37.480907142, 55.749920972 ], [ 37.48088032, 55.750188164 ], [ 37.480838746, 55.750327042 ], [ 37.480683178, 55.750514226 ], [ 37.480669767, 55.750638008 ], [ 37.480650991, 55.75085689 ], [ 37.48062551, 55.751096904 ], [ 37.480608076, 55.751179928 ], [ 37.480476648, 55.751391259 ], [ 37.480416298, 55.75151202 ], [ 37.480335832, 55.751619949 ], [ 37.480180264, 55.751890903 ], [ 37.480178252, 55.752081475 ], [ 37.480182275, 55.752092419 ], [ 37.480234578, 55.752149024 ], [ 37.480296269, 55.752210535 ], [ 37.480314374, 55.752235442 ], [ 37.480411604, 55.752278084 ], [ 37.480546385, 55.75231016 ], [ 37.480725423, 55.752330916 ], [ 37.480850816, 55.752330916 ], [ 37.481156281, 55.752320216 ], [ 37.481253818, 55.752318085 ], [ 37.481550872, 55.752290915 ], [ 37.481885478, 55.752263367 ], [ 37.482025623, 55.752278839 ], [ 37.48215504, 55.752290537 ], [ 37.482251599, 55.752302613 ], [ 37.482478246, 55.752312047 ], [ 37.482739091, 55.752308274 ], [ 37.482874542, 55.752311293 ], [ 37.482989207, 55.752316953 ], [ 37.48304151, 55.752329406 ], [ 37.483262122, 55.752387521 ], [ 37.483482733, 55.752435069 ], [ 37.483898476, 55.752528656 ], [ 37.483954802, 55.752541864 ], [ 37.484084889, 55.752564883 ], [ 37.484164685, 55.752576959 ], [ 37.484315559, 55.752599223 ], [ 37.484383285, 55.75260677 ], [ 37.484541535, 55.752629035 ], [ 37.484670281, 55.752629412 ], [ 37.484864742, 55.752624129 ], [ 37.484975309, 55.752623293 ], [ 37.485157102, 55.752599978 ], [ 37.485314012, 55.752580355 ], [ 37.485424653, 55.752566392 ], [ 37.485503778, 55.752560732 ], [ 37.485644929, 55.752555637 ], [ 37.485881969, 55.752559222 ], [ 37.486018091, 55.752558468 ], [ 37.486192435, 55.752531675 ], [ 37.486301064, 55.752499976 ], [ 37.486487478, 55.752457711 ], [ 37.48674497, 55.752401861 ], [ 37.486812025, 55.752389785 ], [ 37.486930043, 55.752367898 ], [ 37.486986369, 55.752357331 ], [ 37.487076223, 55.752357331 ], [ 37.487137132, 55.752362512 ], [ 37.487212112, 55.752373147 ], [ 37.487255393, 55.752383096 ], [ 37.487347898, 55.752407213 ], [ 37.487425393, 55.752425618 ], [ 37.487506545, 55.752446905 ], [ 37.487587621, 55.752451365 ], [ 37.487661382, 55.752456854 ], [ 37.487727827, 55.752462343 ], [ 37.48778391, 55.752459598 ], [ 37.487830848, 55.752458226 ], [ 37.487877177, 55.752453766 ], [ 37.487954596, 55.752450679 ], [ 37.488076514, 55.752439015 ], [ 37.488174049, 55.752432497 ], [ 37.488348393, 55.752418431 ], [ 37.488527004, 55.752407453 ], [ 37.488647093, 55.752401621 ], [ 37.48890678, 55.752387899 ], [ 37.489028089, 55.752378636 ], [ 37.489185974, 55.752378293 ], [ 37.489321303, 55.752378293 ], [ 37.489446879, 55.752377264 ], [ 37.489597449, 55.752378979 ], [ 37.489724244, 55.752382753 ], [ 37.489822389, 55.75239922 ], [ 37.489952232, 55.752417745 ], [ 37.490072931, 55.752424949 ], [ 37.490202165, 55.752432497 ], [ 37.490400892, 55.752446219 ], [ 37.490474653, 55.752463372 ], [ 37.490578284, 55.752488072 ], [ 37.4906746, 55.752510028 ], [ 37.490757504, 55.752536444 ], [ 37.490851381, 55.752566633 ], [ 37.490905635, 55.75258756 ], [ 37.490983054, 55.752607114 ], [ 37.491068397, 55.75262461 ], [ 37.491154959, 55.752640048 ], [ 37.491220795, 55.752637646 ], [ 37.491270781, 55.752636274 ], [ 37.491382337, 55.752626668 ], [ 37.491450611, 55.752620493 ], [ 37.491581865, 55.752602207 ], [ 37.491630441, 55.752591676 ], [ 37.491715103, 55.752569411 ], [ 37.491782351, 55.752547457 ], [ 37.49182038, 55.752521863 ], [ 37.491851225, 55.752492806 ], [ 37.491921633, 55.752421484 ], [ 37.491956573, 55.752377607 ], [ 37.491972317, 55.752355819 ], [ 37.49199193, 55.752251703 ], [ 37.491982176, 55.752185149 ], [ 37.491980957, 55.752161821 ], [ 37.491955354, 55.752127172 ], [ 37.49191634, 55.752078457 ], [ 37.491903539, 55.752005041 ], [ 37.491888299, 55.751950494 ], [ 37.491875498, 55.751817041 ], [ 37.491790307, 55.75173474 ], [ 37.491683019, 55.751678477 ], [ 37.491619621, 55.751609177 ], [ 37.491585484, 55.751554286 ], [ 37.491537935, 55.751476753 ], [ 37.49151599, 55.751431467 ], [ 37.491503798, 55.75139373 ], [ 37.491481751, 55.751324086 ], [ 37.491439506, 55.751269744 ], [ 37.491414025, 55.751224458 ], [ 37.491399273, 55.751198797 ], [ 37.491393238, 55.751114641 ], [ 37.491391897, 55.751096527 ], [ 37.491422072, 55.751010862 ], [ 37.491465658, 55.750938782 ], [ 37.491471215, 55.750911308 ], [ 37.491476807, 55.750881267 ], [ 37.491476722, 55.750860475 ], [ 37.491473034, 55.750839531 ], [ 37.491449229, 55.750811982 ], [ 37.491417713, 55.750781225 ], [ 37.491342947, 55.750692351 ], [ 37.491323166, 55.75064782 ] ] ] } },
{ "type": "Feature", "properties": { "datasetId": 897, "rowId": null, "releaseNumber": 193, "versionNumber": 6, "ID": 8, "Name": "Парк у прудов «Радуга»", "PortionName": "", "Type": "Велопешеходная дорожка с совмещенным движением", "Width": 2.5, "Location": "Аллея Жемчуговой, владение 2", "OperOrgName": "Государственное автономное учреждение культуры города Москвы «Терлецкий парк культуры и отдыха»", "DepartmentalAffiliation": "ДЕПАРТАМЕНТ КУЛЬТУРЫ ГОРОДА МОСКВЫ", "ObjectOperOrgPhone": "(495) 309-53-42", "global_id": 19544600 }, "geometry": { "type": "MultiLineString", "coordinates": [ [ [ 37.815062106, 55.732495964 ], [ 37.815558314, 55.732347206 ], [ 37.815923095, 55.732242243 ], [ 37.81603843, 55.732258856 ], [ 37.817193791, 55.732406105 ], [ 37.817571312, 55.732442351 ], [ 37.818445712, 55.732444994 ], [ 37.818508744, 55.732445749 ], [ 37.819216358, 55.732431173 ], [ 37.820140307, 55.732331577 ], [ 37.820417136, 55.732275469 ], [ 37.820710167, 55.732198446 ], [ 37.82090798, 55.7321437 ], [ 37.821491653, 55.731954017 ], [ 37.822329551, 55.731644936 ], [ 37.822939754, 55.731399139 ], [ 37.823026305, 55.731365224 ], [ 37.823244184, 55.731278694 ], [ 37.823682725, 55.731094438 ], [ 37.824131995, 55.730892814 ], [ 37.824272811, 55.730994004 ], [ 37.824431062, 55.731126155 ], [ 37.824565172, 55.731126155 ], [ 37.824860215, 55.731186566 ], [ 37.825015783, 55.731225834 ], [ 37.825147212, 55.731293796 ], [ 37.825324237, 55.73142066 ], [ 37.826338112, 55.732150118 ], [ 37.82654196, 55.732248284 ], [ 37.826737761, 55.732299633 ], [ 37.827081084, 55.732366084 ], [ 37.827684581, 55.732360043 ], [ 37.828371227, 55.732338899 ], [ 37.829232216, 55.732314735 ], [ 37.829115561, 55.731365971 ], [ 37.828843401, 55.729138392 ], [ 37.828762829, 55.728910495 ], [ 37.82859385, 55.728522327 ], [ 37.828556632, 55.728313906 ], [ 37.828069009, 55.728442325 ], [ 37.827921957, 55.728510999 ], [ 37.827837467, 55.728529123 ], [ 37.827339355, 55.72854971 ], [ 37.826370384, 55.728573355 ], [ 37.826238871, 55.728583497 ], [ 37.826061845, 55.728587273 ], [ 37.825935781, 55.728594825 ], [ 37.825281322, 55.728554045 ], [ 37.825053334, 55.728594825 ], [ 37.824956775, 55.728656751 ], [ 37.824672461, 55.728918047 ], [ 37.824482024, 55.729138561 ], [ 37.824291587, 55.729386261 ], [ 37.823950946, 55.72963698 ], [ 37.823661268, 55.729784993 ], [ 37.82313019, 55.729960193 ], [ 37.822929025, 55.730014565 ], [ 37.822475731, 55.730102164 ], [ 37.82209754, 55.730152005 ], [ 37.821644247, 55.730164088 ], [ 37.820804715, 55.730183722 ], [ 37.819932997, 55.730201846 ], [ 37.818959355, 55.730284914 ], [ 37.818298191, 55.730419332 ], [ 37.816282511, 55.731042333 ], [ 37.816212773, 55.731077825 ], [ 37.816199362, 55.731134461 ], [ 37.816206068, 55.731200914 ], [ 37.816393822, 55.731604159 ], [ 37.816466071, 55.73168084 ], [ 37.816508623, 55.731752136 ], [ 37.816564143, 55.731911498 ], [ 37.817372829, 55.731699306 ], [ 37.817497551, 55.731876007 ], [ 37.816679478, 55.732086688 ], [ 37.815515399, 55.732418942 ], [ 37.814586014, 55.732707397 ], [ 37.812693011, 55.733297192 ], [ 37.812652141, 55.733254851 ], [ 37.814061642, 55.732808582 ], [ 37.8143996, 55.732702866 ], [ 37.81470269, 55.732612252 ], [ 37.815062106, 55.732495964 ] ] ] } },
{ "type": "Feature", "properties": { "datasetId": 897, "rowId": null, "releaseNumber": 193, "versionNumber": 6, "ID": 18, "Name": "Парк «Северное Тушино»", "PortionName": "", "Type": "Велосипедная дорожка одностороннего движения", "Width": 1.5, "Location": "улица Свободы, владение 50-70", "OperOrgName": "Государственное автономное учреждение культуры города Москвы «Музейно-парковый комплекс «Северное Тушино»", "DepartmentalAffiliation": "ДЕПАРТАМЕНТ КУЛЬТУРЫ ГОРОДА МОСКВЫ", "ObjectOperOrgPhone": "(499) 493-00-00", "global_id": 19603151 }, "geometry": { "type": "MultiLineString", "coordinates": [ [ [ 37.455171838, 55.853040756 ], [ 37.455234853, 55.852883548 ], [ 37.452777251, 55.852612363 ], [ 37.452728239, 55.852769572 ], [ 37.455172422, 55.853046733 ], [ 37.455298453, 55.853357217 ], [ 37.455494501, 55.853581235 ], [ 37.45573256, 55.85374237 ], [ 37.455711554, 55.853844553 ], [ 37.455914604, 55.854390834 ], [ 37.455928608, 55.854477295 ], [ 37.455921606, 55.854728817 ], [ 37.455879596, 55.855145396 ], [ 37.455711555, 55.855892084 ], [ 37.455634536, 55.856175035 ], [ 37.455634536, 55.856630898 ], [ 37.455620532, 55.857357908 ], [ 37.455585523, 55.857460081 ], [ 37.455487499, 55.857727303 ], [ 37.455417482, 55.857919858 ], [ 37.455340463, 55.858065257 ], [ 37.455095403, 55.858493589 ], [ 37.455032387, 55.858780451 ], [ 37.454885351, 55.859138044 ], [ 37.454808333, 55.859318803 ], [ 37.454780326, 55.859483844 ], [ 37.454598281, 55.85983881 ], [ 37.454409235, 55.860003849 ], [ 37.454183475, 55.860165276 ], [ 37.453861396, 55.860404972 ], [ 37.453567324, 55.860613232 ], [ 37.453434291, 55.860774338 ], [ 37.453349909, 55.860870636 ], [ 37.453141292, 55.861402494 ], [ 37.45311745, 55.861646678 ], [ 37.453171094, 55.861951069 ], [ 37.453272423, 55.862382564 ], [ 37.453332027, 55.862733778 ], [ 37.453272423, 55.863041506 ], [ 37.453230699, 55.8631753 ], [ 37.452962478, 55.863379334 ], [ 37.45259293, 55.863713815 ], [ 37.452509483, 55.863847606 ], [ 37.452455839, 55.864001466 ], [ 37.452372392, 55.864359355 ], [ 37.45234259, 55.864553349 ], [ 37.452396234, 55.864967306 ], [ 37.452414116, 55.865157952 ], [ 37.452408155, 55.865462316 ], [ 37.452396234, 55.866362015 ], [ 37.452395982, 55.866765582 ], [ 37.45239573, 55.867167832 ], [ 37.452389059, 55.867384944 ], [ 37.452462443, 55.867619891 ], [ 37.452749305, 55.868005446 ], [ 37.453029497, 55.868398483 ], [ 37.453062853, 55.86855944 ], [ 37.453002812, 55.868843921 ], [ 37.452909415, 55.868918784 ], [ 37.452755977, 55.868971187 ], [ 37.45260921, 55.868989903 ], [ 37.452288991, 55.868944986 ], [ 37.451788649, 55.868881352 ], [ 37.451641883, 55.868858893 ], [ 37.45135502, 55.868735369 ], [ 37.451336641, 55.868690422 ], [ 37.451199551, 55.868663668 ], [ 37.450913448, 55.868710489 ], [ 37.450657148, 55.868787409 ], [ 37.450490255, 55.868891084 ], [ 37.450233956, 55.869192074 ], [ 37.45009985, 55.869322495 ], [ 37.450028325, 55.869536531 ], [ 37.44997468, 55.869680335 ], [ 37.44984395, 55.869801988 ], [ 37.449618966, 55.86995421 ], [ 37.449460154, 55.870069304 ], [ 37.44914253, 55.870206674 ], [ 37.448970483, 55.87028464 ], [ 37.448838139, 55.870373745 ], [ 37.448659476, 55.870433148 ], [ 37.44841464, 55.870436861 ], [ 37.448169804, 55.870429435 ], [ 37.447931586, 55.870399734 ], [ 37.447693368, 55.870418297 ], [ 37.447481618, 55.870485125 ], [ 37.447362509, 55.870566804 ], [ 37.447362509, 55.870696747 ], [ 37.447428681, 55.870774713 ] ], [ [ 37.44983442, 55.867238389 ], [ 37.450245441, 55.867129601 ], [ 37.450571156, 55.867042571 ], [ 37.450796055, 55.866959892 ], [ 37.450881362, 55.86692508 ], [ 37.451020954, 55.866794534 ], [ 37.45110626, 55.866681393 ], [ 37.451145036, 55.866624823 ], [ 37.451369934, 55.866555198 ], [ 37.451610343, 55.866498627 ], [ 37.451819732, 55.866385486 ], [ 37.451936058, 55.866298454 ], [ 37.452005855, 55.866176609 ], [ 37.451649119, 55.865402014 ], [ 37.451354424, 55.865058228 ], [ 37.450896872, 55.864540367 ] ], [ [ 37.451610343, 55.866498627 ], [ 37.452254491, 55.866718756 ], [ 37.451969059, 55.866240844 ] ], [ [ 37.452395982, 55.866765582 ], [ 37.452173287, 55.866691006 ] ] ] } },
{ "type": "Feature", "properties": { "datasetId": 897, "rowId": null, "releaseNumber": 193, "versionNumber": 6, "ID": 21, "Name": "Парк имени Юрия Лужкова", "PortionName": "", "Type": "Велопешеходная дорожка с совмещенным движением", "Width": 2.0, "Location": "проспект Андропова, дом 58А", "OperOrgName": "Государственное автономное учреждение культуры города Москвы «Государственный историко-архитектурный и природно-ландшафтный музей-заповедник «Кузьминки-Люблино»", "DepartmentalAffiliation": "ДЕПАРТАМЕНТ КУЛЬТУРЫ ГОРОДА МОСКВЫ", "ObjectOperOrgPhone": "(499) 175-33-69", "global_id": 19610919 }, "geometry": { "type": "MultiLineString", "coordinates": [ [ [ 37.659298182, 55.666951066 ], [ 37.658911943, 55.666536564 ], [ 37.658602245, 55.666203066 ], [ 37.657939187, 55.665486602 ], [ 37.657349979, 55.664794175 ], [ 37.65682884, 55.664178258 ], [ 37.656493932, 55.663782435 ], [ 37.656314224, 55.663531294 ], [ 37.656273991, 55.663418582 ], [ 37.656259239, 55.663349745 ], [ 37.656257213, 55.663275664 ], [ 37.656193525, 55.663215852 ], [ 37.656157416, 55.663194059 ], [ 37.656129152, 55.663177273 ], [ 37.655925304, 55.66305397 ], [ 37.655797899, 55.662963194 ], [ 37.655667812, 55.662830813 ], [ 37.655407637, 55.662432153 ], [ 37.654601634, 55.661374589 ], [ 37.654513121, 55.661256576 ], [ 37.654045075, 55.660625653 ], [ 37.653815746, 55.660289005 ], [ 37.653670907, 55.660075667 ], [ 37.653430849, 55.659817693 ], [ 37.65299457, 55.659371172 ], [ 37.652841434, 55.659199608 ], [ 37.652783651, 55.659090222 ], [ 37.652689959, 55.659101616 ], [ 37.652491199, 55.658905248 ], [ 37.65222922, 55.658651116 ], [ 37.652167529, 55.658605723 ], [ 37.651726305, 55.658259979 ], [ 37.650849808, 55.657565804 ], [ 37.650784339, 55.657544137 ], [ 37.650713772, 55.6576396 ], [ 37.650673538, 55.657717526 ], [ 37.650653422, 55.657803774 ], [ 37.6506991, 55.658006943 ], [ 37.650750062, 55.658228788 ], [ 37.65086291, 55.658675336 ], [ 37.651032686, 55.659387813 ], [ 37.651106967, 55.659705965 ], [ 37.651050389, 55.65983358 ], [ 37.650978802, 55.659881029 ], [ 37.650889456, 55.65994025 ], [ 37.650701702, 55.660048432 ], [ 37.650523335, 55.660166449 ], [ 37.650397271, 55.660520498 ], [ 37.650302052, 55.660767119 ], [ 37.650288641, 55.660830666 ], [ 37.650292665, 55.660878326 ], [ 37.650310099, 55.660922203 ], [ 37.650350332, 55.660969863 ], [ 37.65047876, 55.661043357 ], [ 37.650640902, 55.661120622 ], [ 37.651082575, 55.661297426 ], [ 37.651252623, 55.66138432 ], [ 37.651464609, 55.661496608 ], [ 37.651654556, 55.661597943 ], [ 37.651949936, 55.661809127 ], [ 37.652335167, 55.662118972 ], [ 37.652549744, 55.662317169 ], [ 37.65307822, 55.662854925 ], [ 37.653126538, 55.66289346 ], [ 37.653330266, 55.662911755 ], [ 37.65417248, 55.663004043 ], [ 37.655178308, 55.663104652 ], [ 37.655391638, 55.663121679 ], [ 37.656157416, 55.663194059 ] ] ] } },
{ "type": "Feature", "properties": { "datasetId": 897, "rowId": null, "releaseNumber": 193, "versionNumber": 6, "ID": 20, "Name": "Измайловский парк", "PortionName": "", "Type": [ "Велопешеходная дорожка с совмещенным движением", "Велосипедная дорожка одностороннего движения", "Велосипедная дорожка двухстороннего движения" ], "Width": 1.8, "Location": "аллея Большого Круга, аллея Пролетарского входа", "OperOrgName": "Государственное автономное учреждение культуры города Москвы «Измайловский Парк культуры и отдыха»", "DepartmentalAffiliation": "ДЕПАРТАМЕНТ КУЛЬТУРЫ ГОРОДА МОСКВЫ", "ObjectOperOrgPhone": "(499) 530-16-67", "global_id": 19610935 }, "geometry": { "type": "MultiLineString", "coordinates": [ [ [ 37.754462622, 55.760499879 ], [ 37.753456437, 55.762391311 ], [ 37.753445709, 55.762410929 ], [ 37.752516973, 55.764127788 ], [ 37.752372134, 55.764391864 ], [ 37.751935036, 55.765139288 ], [ 37.751402473, 55.765485004 ], [ 37.749977969, 55.766367029 ], [ 37.749909866, 55.766486305 ], [ 37.749565906, 55.76942569 ], [ 37.749545085, 55.769603614 ], [ 37.74984281, 55.769623228 ], [ 37.750753462, 55.769666347 ], [ 37.751367688, 55.769693505 ], [ 37.752185762, 55.769824771 ], [ 37.752884114, 55.770045434 ], [ 37.753486633, 55.770289476 ], [ 37.753953338, 55.770550494 ], [ 37.754307389, 55.770838667 ], [ 37.75457561, 55.771132873 ], [ 37.754886746, 55.77158851 ], [ 37.754980624, 55.772056212 ], [ 37.754969895, 55.772374548 ], [ 37.754880711, 55.772721169 ], [ 37.754750415, 55.772982616 ], [ 37.75457561, 55.773213373 ], [ 37.754346865, 55.77346813 ], [ 37.754124999, 55.773628253 ], [ 37.753904301, 55.773810319 ], [ 37.753433695, 55.774081873 ], [ 37.752994788, 55.774253307 ], [ 37.752445936, 55.774421793 ], [ 37.751891425, 55.77453583 ], [ 37.751473244, 55.774602346 ], [ 37.750897788, 55.774642804 ], [ 37.750332355, 55.774645067 ], [ 37.748894691, 55.774575671 ], [ 37.748642564, 55.776636377 ], [ 37.748626471, 55.776886792 ], [ 37.747907639, 55.783677557 ], [ 37.747585773, 55.786479798 ] ], [ [ 37.753532231, 55.770271371 ], [ 37.753974795, 55.770064668 ], [ 37.754361033, 55.769945474 ], [ 37.754744589, 55.769835332 ], [ 37.755219173, 55.769750368 ], [ 37.755627036, 55.769740278 ], [ 37.755834535, 55.769782873 ], [ 37.755970191, 55.76981072 ], [ 37.756109834, 55.769873052 ], [ 37.75616331, 55.769937459 ], [ 37.756202716, 55.770018734 ], [ 37.75625987, 55.770136618 ], [ 37.756268084, 55.770339266 ], [ 37.756056022, 55.770939281 ], [ 37.756060213, 55.771028015 ], [ 37.756034564, 55.771120331 ], [ 37.75579853, 55.771367764 ], [ 37.75561966, 55.771569274 ], [ 37.755601555, 55.771585493 ], [ 37.755584121, 55.771606992 ], [ 37.755417824, 55.771743908 ] ], [ [ 37.754594386, 55.771101189 ], [ 37.755299471, 55.770893547 ], [ 37.755506337, 55.770814527 ], [ 37.755699456, 55.770707405 ], [ 37.755836248, 55.770618388 ], [ 37.756002545, 55.770496178 ], [ 37.756230533, 55.770257792 ] ], [ [ 37.754950428, 55.771837767 ], [ 37.755179432, 55.771813469 ], [ 37.755265263, 55.771807811 ], [ 37.755305496, 55.771796496 ], [ 37.755385962, 55.771773488 ], [ 37.755575383, 55.771798541 ], [ 37.755835557, 55.771827961 ], [ 37.755999172, 55.771861152 ], [ 37.756146002, 55.771893908 ], [ 37.756221795, 55.771929799 ], [ 37.756382728, 55.772017304 ], [ 37.75661608, 55.772086704 ], [ 37.756948674, 55.772236066 ], [ 37.757039177, 55.772341993 ], [ 37.757074046, 55.772438549 ], [ 37.757108915, 55.772676922 ], [ 37.757124358, 55.772842559 ], [ 37.757120335, 55.772865189 ], [ 37.757096195, 55.772945148 ], [ 37.757026458, 55.773065088 ], [ 37.756960744, 55.773218972 ] ], [ [ 37.75461247, 55.773196342 ], [ 37.755565995, 55.773209165 ], [ 37.759280205, 55.773281263 ], [ 37.759091109, 55.776961464 ], [ 37.758551943, 55.786617675 ] ], [ [ 37.754326081, 55.773508834 ], [ 37.754452229, 55.773632779 ], [ 37.754556835, 55.773712737 ], [ 37.754680216, 55.773792695 ], [ 37.754908204, 55.773883213 ], [ 37.755387089, 55.774037809 ], [ 37.755551934, 55.774127612 ], [ 37.755812109, 55.774290543 ], [ 37.756018639, 55.774453474 ], [ 37.756410241, 55.774703903 ], [ 37.756734788, 55.774906055 ], [ 37.756949365, 55.775076526 ], [ 37.757094121, 55.775252795 ], [ 37.757212138, 55.775418739 ], [ 37.757259118, 55.775769599 ] ], [ [ 37.755605578, 55.774114034 ], [ 37.755790567, 55.773958409 ], [ 37.755887127, 55.773855822 ], [ 37.756053424, 55.77364763 ], [ 37.756144619, 55.773511851 ], [ 37.756187534, 55.773418315 ], [ 37.756208992, 55.77325538 ] ], [ [ 37.753285384, 55.774169617 ], [ 37.753306841, 55.774576944 ], [ 37.753355121, 55.774773063 ], [ 37.753489232, 55.775008404 ], [ 37.753530848, 55.775108843 ], [ 37.753549623, 55.775181255 ], [ 37.753538894, 55.775249141 ], [ 37.753512072, 55.775344182 ], [ 37.753431606, 55.775467885 ], [ 37.753372964, 55.77560582 ], [ 37.753329378, 55.775686528 ], [ 37.753305542, 55.775742445 ], [ 37.753289449, 55.77585257 ], [ 37.753281402, 55.775974763 ], [ 37.753225076, 55.776643047 ], [ 37.753203618, 55.776986991 ], [ 37.753140545, 55.777802217 ], [ 37.753049349, 55.779018037 ], [ 37.753022527, 55.779464532 ], [ 37.752873707, 55.781406692 ], [ 37.752814698, 55.782153316 ], [ 37.752785194, 55.782513801 ], [ 37.752747643, 55.783059803 ], [ 37.752726185, 55.783457987 ], [ 37.752621579, 55.78492701 ], [ 37.752613532, 55.785031076 ], [ 37.752587402, 55.785350496 ], [ 37.752552533, 55.785453053 ], [ 37.752492833, 55.785531797 ], [ 37.752433824, 55.785584583 ], [ 37.752339947, 55.785640386 ], [ 37.752267527, 55.785655468 ], [ 37.752144146, 55.785659992 ] ], [ [ 37.753359186, 55.775697188 ], [ 37.753732014, 55.775671542 ], [ 37.754024374, 55.77565344 ], [ 37.75443646, 55.775655602 ], [ 37.754797217, 55.775660128 ], [ 37.754893777, 55.775662768 ], [ 37.755443263, 55.775673051 ], [ 37.756092357, 55.775716799 ], [ 37.757098186, 55.775784685 ], [ 37.757291305, 55.775802788 ], [ 37.757792878, 55.775823907 ], [ 37.759096432, 55.77585257 ], [ 37.759257364, 55.775814856 ], [ 37.759520221, 55.775700205 ], [ 37.75967977, 55.775651059 ], [ 37.759942627, 55.775602785 ], [ 37.760216212, 55.77561787 ], [ 37.760436153, 55.775666145 ], [ 37.760480451, 55.775670034 ], [ 37.760346341, 55.775727359 ], [ 37.760107624, 55.775857096 ], [ 37.760072106, 55.775887703 ], [ 37.760049307, 55.77593824 ], [ 37.760064059, 55.776012159 ], [ 37.76011368, 55.77606345 ], [ 37.760209548, 55.776116567 ], [ 37.760456312, 55.776179926 ], [ 37.76092838, 55.776282507 ], [ 37.761328029, 55.776356426 ], [ 37.76157211, 55.776382071 ], [ 37.761781323, 55.776392631 ], [ 37.761950302, 55.776374528 ], [ 37.762095141, 55.776335306 ], [ 37.762180972, 55.776291559 ], [ 37.762226569, 55.776225183 ], [ 37.762253392, 55.776133161 ], [ 37.76217829, 55.776035105 ], [ 37.761856425, 55.775902353 ], [ 37.761432636, 55.775743954 ], [ 37.761252928, 55.775680594 ], [ 37.761132228, 55.775645897 ], [ 37.760955202, 55.775630811 ], [ 37.760778177, 55.775630811 ], [ 37.760633337, 55.775636845 ], [ 37.760512638, 55.775654948 ] ], [ [ 37.755830233, 55.77133453 ], [ 37.755927671, 55.771581588 ], [ 37.756020654, 55.771710333 ], [ 37.756135095, 55.771847123 ], [ 37.756146002, 55.771893908 ] ], [ [ 37.757179884, 55.773240493 ], [ 37.757515538, 55.773566733 ], [ 37.757622826, 55.773683401 ], [ 37.757379639, 55.773868461 ], [ 37.757322419, 55.773948922 ], [ 37.757322419, 55.774479957 ], [ 37.757358181, 55.774709266 ], [ 37.757322419, 55.774986848 ], [ 37.757293808, 55.775151787 ], [ 37.757178617, 55.775371606 ] ], [ [ 37.748282531, 55.780136121 ], [ 37.749761358, 55.780155456 ], [ 37.74996163, 55.780151434 ], [ 37.750376478, 55.780139366 ], [ 37.750920073, 55.780091098 ], [ 37.751098887, 55.780107187 ], [ 37.751384989, 55.780123277 ], [ 37.752064482, 55.780143389 ], [ 37.752608076, 55.780171546 ], [ 37.752961913, 55.780255577 ], [ 37.753165976, 55.780296239 ], [ 37.753795401, 55.78033244 ], [ 37.754589335, 55.78034853 ], [ 37.756856696, 55.780404843 ], [ 37.758895476, 55.780465436 ] ] ] } },
{ "type": "Feature", "properties": { "datasetId": 897, "rowId": null, "releaseNumber": 193, "versionNumber": 6, "ID": 17, "Name": "Пушкинская набережная, Парк Горького", "PortionName": "", "Type": "Велосипедная дорожка двухстороннего движения", "Width": 1.5, "Location": "улица Крымский Вал, дом 9", "OperOrgName": "Государственное автономное учреждение культуры города Москвы «Центральный парк культуры и отдыха имени М. Горького»", "DepartmentalAffiliation": "ДЕПАРТАМЕНТ КУЛЬТУРЫ ГОРОДА МОСКВЫ", "ObjectOperOrgPhone": "(495) 995-00-20", "global_id": 19611010 }, "geometry": { "type": "MultiLineString", "coordinates": [ [ [ 37.5934214, 55.724371682 ], [ 37.590413738, 55.721851503 ], [ 37.587552796, 55.71957907 ], [ 37.586745866, 55.718752699 ], [ 37.584618497, 55.717265186 ], [ 37.58307799, 55.715901583 ], [ 37.582344416, 55.715488359 ], [ 37.580657192, 55.714785872 ], [ 37.578383111, 55.713670129 ] ] ] } },
{ "type": "Feature", "properties": { "datasetId": 897, "rowId": null, "releaseNumber": 193, "versionNumber": 6, "ID": 12345, "Name": "Ленинградское шоссе", "PortionName": "от Беломорской транспортной развязки до Никольского тупика", "Type": "Велопешеходная дорожка с совмещенным движением", "Width": 5.4, "Location": "Ленинградское шоссе, дом 67 - Ленинградское шоссе, дом 25", "OperOrgName": "ГБУ Автомобильные дороги", "DepartmentalAffiliation": "ДЕПАРТАМЕНТ ЖИЛИЩНО-КОММУНАЛЬНОГО ХОЗЯЙСТВА ГОРОДА МОСКВЫ", "ObjectOperOrgPhone": "(495) 940-06-94", "global_id": 19639306 }, "geometry": { "type": "MultiLineString", "coordinates": [ [ [ 37.467156166, 55.859247785 ], [ 37.467327827, 55.858997369 ], [ 37.467730158, 55.858392442 ], [ 37.467948263, 55.858071675 ], [ 37.468767997, 55.856828151 ], [ 37.469199705, 55.856097746 ] ], [ [ 37.469213116, 55.856026839 ], [ 37.469465243, 55.855648166 ], [ 37.469801263, 55.855148037 ], [ 37.470741546, 55.853794082 ], [ 37.471333646, 55.852953268 ], [ 37.471940131, 55.85208168 ] ], [ [ 37.47226788, 55.851573695 ], [ 37.472335903, 55.851472506 ], [ 37.472417338, 55.851329069 ], [ 37.472586317, 55.851055969 ] ], [ [ 37.473127003, 55.850289698 ], [ 37.473199423, 55.850161443 ], [ 37.473352309, 55.849941146 ], [ 37.473494466, 55.849729901 ], [ 37.473628973, 55.849616064 ], [ 37.473857363, 55.849278683 ], [ 37.473867119, 55.849189068 ], [ 37.473944903, 55.849072881 ], [ 37.474403251, 55.848382445 ] ], [ [ 37.474375577, 55.848349291 ], [ 37.474458725, 55.848228575 ], [ 37.475530366, 55.846670628 ], [ 37.475980277, 55.846028439 ], [ 37.476698613, 55.844986828 ], [ 37.476811266, 55.844810265 ], [ 37.476846135, 55.844792156 ] ], [ [ 37.476920463, 55.844735497 ], [ 37.477022387, 55.844617788 ], [ 37.477202095, 55.844415569 ], [ 37.477314641, 55.844302594 ], [ 37.477480938, 55.844068682 ], [ 37.477590909, 55.843889096 ], [ 37.478021764, 55.843185777 ], [ 37.478499197, 55.842444777 ], [ 37.478708409, 55.842158031 ], [ 37.47954642, 55.841015491 ], [ 37.480361812, 55.839930146 ], [ 37.480621986, 55.839593575 ] ], [ [ 37.483732224, 55.835567196 ], [ 37.483796597, 55.835466062 ], [ 37.48392266, 55.835293984 ], [ 37.484029949, 55.835155114 ], [ 37.484517301, 55.834574748 ], [ 37.48462459, 55.834404176 ], [ 37.48471042, 55.83421247 ], [ 37.485124569, 55.833792201 ], [ 37.485207718, 55.83370012 ], [ 37.485679113, 55.833111029 ], [ 37.485743486, 55.833002342 ], [ 37.48589369, 55.832875539 ], [ 37.486047492, 55.832833983 ] ], [ [ 37.486101136, 55.832818887 ], [ 37.486406908, 55.832394699 ], [ 37.486420319, 55.832305635 ], [ 37.486602709, 55.832089765 ], [ 37.48676935, 55.831891461 ], [ 37.486753256, 55.831799376 ], [ 37.486970428, 55.831517733 ], [ 37.487104539, 55.831440743 ], [ 37.487268154, 55.831330542 ], [ 37.487321798, 55.831294311 ], [ 37.487461273, 55.831126743 ], [ 37.487763878, 55.830756893 ], [ 37.487809475, 55.830470061 ], [ 37.487959679, 55.830275316 ], [ 37.488125976, 55.830076041 ], [ 37.48833068, 55.829895812 ], [ 37.488419193, 55.829794664 ], [ 37.488577444, 55.829583309 ], [ 37.488778609, 55.829331192 ], [ 37.488908798, 55.829158264 ], [ 37.48899535, 55.829139736 ], [ 37.489081902, 55.829145363 ] ] ] } },
{ "type": "Feature", "properties": { "datasetId": 897, "rowId": null, "releaseNumber": 193, "versionNumber": 6, "ID": 12346, "Name": "Воробьевская набережная", "PortionName": "Парк культуры и отдыха имени Максима Горького", "Type": "Велопешеходная дорожка с совмещенным движением", "Width": 3.0, "Location": "Воробьёвская набережная, дом 1", "OperOrgName": "ГБУ Автомобильные дороги", "DepartmentalAffiliation": "ДЕПАРТАМЕНТ ЖИЛИЩНО-КОММУНАЛЬНОГО ХОЗЯЙСТВА ГОРОДА МОСКВЫ", "ObjectOperOrgPhone": "(495) 940-06-94", "global_id": 19639307 }, "geometry": { "type": "MultiLineString", "coordinates": [ [ [ 37.557771206, 55.709527556 ], [ 37.556022406, 55.709569868 ], [ 37.553329468, 55.709727024 ], [ 37.552031279, 55.709835825 ], [ 37.55053997, 55.710059469 ], [ 37.5494349, 55.710277068 ], [ 37.548340559, 55.710694128 ], [ 37.546055317, 55.711685385 ], [ 37.544049025, 55.712724968 ], [ 37.542171478, 55.713909576 ], [ 37.540937662, 55.714985363 ], [ 37.540186644, 55.716302859 ], [ 37.539553642, 55.717904342 ], [ 37.539349794, 55.718732253 ], [ 37.539242506, 55.719560146 ], [ 37.539231777, 55.720804974 ], [ 37.539398074, 55.72174008 ], [ 37.539846003, 55.723430843 ], [ 37.539966702, 55.723796403 ], [ 37.540130317, 55.724155163 ], [ 37.54040122, 55.724599643 ], [ 37.540980577, 55.725379075 ], [ 37.541431189, 55.726019528 ], [ 37.541930079, 55.726692822 ], [ 37.542117834, 55.726959418 ], [ 37.542278767, 55.727185607 ], [ 37.542387396, 55.727327211 ], [ 37.542378008, 55.727419348 ], [ 37.542332411, 55.727487695 ], [ 37.542143315, 55.727599089 ], [ 37.541854978, 55.72774409 ], [ 37.541325241, 55.728019741 ], [ 37.541236728, 55.728042397 ] ] ] } },
{ "type": "Feature", "properties": { "datasetId": 897, "rowId": null, "releaseNumber": 193, "versionNumber": 6, "ID": 12347, "Name": "Вернадского проспект", "PortionName": "Вернадского проспект (площадь Джавахарлала Неру - улица Кравченко)", "Type": "Велопешеходная дорожка с совмещенным движением", "Width": 2.5, "Location": "площадь Джавахарлала Неру, дом 1 - Вернадского проспект дом 12", "OperOrgName": "ГБУ Автомобильные дороги", "DepartmentalAffiliation": "ДЕПАРТАМЕНТ ЖИЛИЩНО-КОММУНАЛЬНОГО ХОЗЯЙСТВА ГОРОДА МОСКВЫ", "ObjectOperOrgPhone": "(495) 940-06-94", "global_id": 19639309 }, "geometry": { "type": "MultiLineString", "coordinates": [ [ [ 37.534862462, 55.6930982 ], [ 37.511430684, 55.679840828 ], [ 37.511688176, 55.680034398 ] ] ] } },
{ "type": "Feature", "properties": { "datasetId": 897, "rowId": null, "releaseNumber": 193, "versionNumber": 6, "ID": 12348, "Name": "улица Академика Хохлова", "PortionName": "Академика Хохлова улица (проспект Вернадского - Менделеевская улица)", "Type": "Велосипедная полоса встречного движения", "Width": 1.8, "Location": "микрорайон Ленинские Горы, дом 1 строение 43 - микрорайон Ленинские Горы, дом 1 строение 2", "OperOrgName": "ГБУ Автомобильные дороги", "DepartmentalAffiliation": "ДЕПАРТАМЕНТ ЖИЛИЩНО-КОММУНАЛЬНОГО ХОЗЯЙСТВА ГОРОДА МОСКВЫ", "ObjectOperOrgPhone": "(495) 940-06-94", "global_id": 19639311 }, "geometry": { "type": "MultiLineString", "coordinates": [ [ [ 37.52983609, 55.701943995 ], [ 37.539663704, 55.696260645 ] ] ] } },
{ "type": "Feature", "properties": { "datasetId": 897, "rowId": null, "releaseNumber": 193, "versionNumber": 6, "ID": 26, "Name": "Усадьба «Алтуфьево»", "PortionName": "", "Type": "Велосипедная дорожка одностороннего движения", "Width": 1.6, "Location": "Алтуфьевское шоссе, дом 147 - 149", "OperOrgName": "Государственное автономное учреждение культуры города Москвы «Лианозовский парк культуры и отдыха»", "DepartmentalAffiliation": "ДЕПАРТАМЕНТ КУЛЬТУРЫ ГОРОДА МОСКВЫ", "ObjectOperOrgPhone": "(499) 908-35-00", "global_id": 167611613 }, "geometry": { "type": "MultiLineString", "coordinates": [ [ [ 37.586280406, 55.905878974 ], [ 37.586162388, 55.906008276 ], [ 37.586014867, 55.906169152 ], [ 37.585886121, 55.90629432 ], [ 37.585782856, 55.906380019 ], [ 37.585717142, 55.906427756 ], [ 37.58535102, 55.906663053 ], [ 37.585249096, 55.906711165 ], [ 37.58508149, 55.906791021 ], [ 37.584836036, 55.906805133 ], [ 37.584421635, 55.906833699 ], [ 37.583100647, 55.906804381 ], [ 37.582989304, 55.906798372 ], [ 37.582938373, 55.906796864 ], [ 37.582892776, 55.906840465 ], [ 37.582810968, 55.906927667 ], [ 37.582742572, 55.90699833 ], [ 37.58270368, 55.907038173 ], [ 37.582549453, 55.907122367 ], [ 37.582122982, 55.907346384 ], [ 37.581707239, 55.907564386 ], [ 37.581503391, 55.907668125 ], [ 37.581204325, 55.907828618 ], [ 37.581115142, 55.90787748 ], [ 37.580928057, 55.907976707 ], [ 37.580878437, 55.908003394 ], [ 37.580686659, 55.908100741 ], [ 37.580393124, 55.908258884 ], [ 37.580368817, 55.908270253 ], [ 37.580213919, 55.908233043 ], [ 37.580061033, 55.908194706 ], [ 37.579860538, 55.90819433 ], [ 37.579677477, 55.908202223 ], [ 37.579494417, 55.908213875 ], [ 37.579362988, 55.908219888 ], [ 37.579210103, 55.908224399 ], [ 37.579038441, 55.908213875 ], [ 37.578821182, 55.908144717 ], [ 37.578826547, 55.908008656 ], [ 37.578837276, 55.907765097 ], [ 37.578843981, 55.907415168 ], [ 37.578846663, 55.907008103 ], [ 37.578844199, 55.906933065 ], [ 37.578845322, 55.906865272 ], [ 37.578853369, 55.90664877 ], [ 37.578853369, 55.906492406 ], [ 37.578848004, 55.906456322 ], [ 37.578864098, 55.90623869 ], [ 37.578870803, 55.906210499 ], [ 37.578955293, 55.906134572 ], [ 37.578975409, 55.906123295 ], [ 37.578974068, 55.906024063 ], [ 37.578974068, 55.905960164 ] ] ] } },
{ "type": "Feature", "properties": { "datasetId": 897, "rowId": null, "releaseNumber": 193, "versionNumber": 6, "ID": 2, "Name": "Люсиновская улица", "PortionName": "Люсиновская улица", "Type": [ "Велопешеходная дорожка с совмещенным движением", "Велосипедная полоса совмещенного движения с моторизированным транспортом", "Велопешеходная зона" ], "Width": 2.0, "Location": "Люсиновская улица", "OperOrgName": "ГБУ Автомобильные дороги", "DepartmentalAffiliation": "ДЕПАРТАМЕНТ ЖИЛИЩНО-КОММУНАЛЬНОГО ХОЗЯЙСТВА ГОРОДА МОСКВЫ", "ObjectOperOrgPhone": "(495) 940-06-94", "global_id": 339910081 }, "geometry": { "type": "MultiLineString", "coordinates": [ [ [ 37.623199672, 55.727856805 ], [ 37.623042762, 55.726934118 ], [ 37.622814775, 55.725994605 ], [ 37.622648478, 55.72525899 ], [ 37.622492909, 55.724609462 ], [ 37.622329295, 55.723919137 ], [ 37.622294426, 55.723760527 ], [ 37.622286379, 55.723607959 ], [ 37.622286379, 55.722908553 ], [ 37.622283697, 55.722494644 ], [ 37.622281015, 55.721678899 ], [ 37.622267604, 55.721044418 ], [ 37.622275651, 55.720798176 ], [ 37.622267604, 55.720530783 ], [ 37.622270286, 55.72013951 ], [ 37.622272968, 55.719125806 ], [ 37.622256875, 55.717714736 ], [ 37.622240782, 55.716963856 ], [ 37.622224689, 55.715687932 ], [ 37.622224689, 55.715119834 ], [ 37.622230053, 55.714917372 ], [ 37.622259893, 55.714906701 ] ] ] } },
{ "type": "Feature", "properties": { "datasetId": 897, "rowId": null, "releaseNumber": 193, "versionNumber": 6, "ID": 3, "Name": "Улица Большая Ордынка", "PortionName": "Большая Ордынка Улица", "Type": [ "Велопешеходная дорожка с совмещенным движением", "Улица с приоритетным движением велосипедистов", "Велопешеходная зона" ], "Width": 1.2, "Location": "Ордынка большая улица", "OperOrgName": "ГБУ Автомобильные дороги", "DepartmentalAffiliation": "ДЕПАРТАМЕНТ ЖИЛИЩНО-КОММУНАЛЬНОГО ХОЗЯЙСТВА ГОРОДА МОСКВЫ", "ObjectOperOrgPhone": "(495) 940-06-94", "global_id": 339942314 }, "geometry": { "type": "MultiLineString", "coordinates": [ [ [ 37.623807192, 55.730105185 ], [ 37.623876929, 55.730262259 ], [ 37.623909116, 55.730428394 ], [ 37.624053955, 55.73120469 ], [ 37.624139786, 55.731570178 ], [ 37.624171972, 55.731902436 ], [ 37.624222934, 55.732481617 ], [ 37.624247074, 55.733191422 ], [ 37.624273896, 55.733718482 ], [ 37.624292672, 55.733899705 ], [ 37.624314129, 55.734672911 ], [ 37.624260485, 55.73554124 ], [ 37.624260485, 55.736115081 ], [ 37.624225616, 55.736827841 ], [ 37.624308765, 55.737519447 ], [ 37.624362409, 55.738309191 ], [ 37.624408007, 55.738682163 ], [ 37.624456286, 55.739326927 ], [ 37.624488473, 55.739473394 ], [ 37.624593079, 55.739823705 ], [ 37.624665499, 55.740121165 ], [ 37.624799609, 55.740607363 ], [ 37.624890804, 55.741043729 ], [ 37.624973953, 55.741561623 ], [ 37.625049055, 55.742108199 ], [ 37.624987364, 55.742660806 ], [ 37.624904215, 55.743542545 ], [ 37.624874711, 55.74388376 ], [ 37.624767423, 55.744409166 ], [ 37.624649405, 55.744756413 ], [ 37.624467015, 55.745256897 ], [ 37.62455821, 55.745504494 ], [ 37.624633312, 55.745758129 ], [ 37.624772787, 55.745779265 ], [ 37.624644041, 55.745435046 ], [ 37.624627948, 55.745314267 ], [ 37.624627948, 55.745211604 ], [ 37.624815702, 55.744653749 ], [ 37.624971271, 55.743951701 ], [ 37.624984682, 55.743723722 ], [ 37.625024915, 55.743361367 ], [ 37.625046977, 55.743066014 ], [ 37.625122078, 55.742335249 ], [ 37.625145614, 55.742082531 ], [ 37.625108063, 55.741791126 ], [ 37.625038326, 55.741246056 ], [ 37.62499541, 55.741001451 ], [ 37.624928959, 55.740710609 ], [ 37.624713778, 55.739835784 ], [ 37.624587715, 55.739287667 ], [ 37.624528706, 55.738670083 ], [ 37.624477744, 55.73815215 ], [ 37.624434829, 55.737678001 ], [ 37.62437582, 55.736907874 ], [ 37.624365091, 55.736494114 ], [ 37.624370456, 55.735970111 ], [ 37.624389231, 55.735689231 ], [ 37.624426782, 55.734802784 ], [ 37.62439996, 55.733821175 ], [ 37.624373138, 55.733295627 ], [ 37.624338269, 55.73253372 ], [ 37.624365091, 55.732177303 ], [ 37.624273896, 55.731636629 ], [ 37.624198794, 55.731289266 ], [ 37.624150515, 55.730993249 ], [ 37.624064684, 55.730497869 ], [ 37.623946667, 55.730059875 ] ] ] } },
{ "type": "Feature", "properties": { "datasetId": 897, "rowId": null, "releaseNumber": 193, "versionNumber": 6, "ID": 5, "Name": "Университетская площадь", "PortionName": "Территория МГУ на Воробьевых горах", "Type": [ "Велопешеходная дорожка с совмещенным движением", "Улица с приоритетным движением велосипедистов", "Велопешеходная зона" ], "Width": 1.8, "Location": "Территория МГУ на Воробьевых горах", "OperOrgName": "ГБУ Автомобильные дороги", "DepartmentalAffiliation": "ДЕПАРТАМЕНТ ЖИЛИЩНО-КОММУНАЛЬНОГО ХОЗЯЙСТВА ГОРОДА МОСКВЫ", "ObjectOperOrgPhone": "(495) 940-06-94", "global_id": 339980023 }, "geometry": { "type": "MultiLineString", "coordinates": [ [ [ 37.533566952, 55.703744048 ], [ 37.536908984, 55.705587852 ], [ 37.538512945, 55.706482518 ], [ 37.542192936, 55.708519622 ] ], [ [ 37.540841103, 55.70930542 ], [ 37.538255453, 55.707884928 ], [ 37.534816861, 55.705971715 ], [ 37.532225847, 55.704529942 ] ] ] } },
{ "type": "Feature", "properties": { "datasetId": 897, "rowId": null, "releaseNumber": 193, "versionNumber": 6, "ID": 29, "Name": "Московский государственный объединенный художественный историко-архитектурный и природно-ландшафтный музей-заповедник (МГОМЗ)", "PortionName": "В районе Дьяковского сада, между 1-й и 2-й ул. Дьякова городища", "Type": "Велопешеходная дорожка с совмещенным движением", "Width": 1.5, "Location": "Усадьба «Коломенское», 2-я улица Дьяково-Городище", "OperOrgName": "Государственное бюджетное учреждение культуры города Москвы «Московский государственный объединенный художественный историко-архитектурный и природно-ландшафтный музей-заповедник»", "DepartmentalAffiliation": "ДЕПАРТАМЕНТ КУЛЬТУРЫ ГОРОДА МОСКВЫ", "ObjectOperOrgPhone": "(499) 614-88-80", "global_id": 641323881 }, "geometry": { "type": "MultiLineString", "coordinates": [ [ [ 37.653821111, 55.655650537 ], [ 37.654348165, 55.655832878 ], [ 37.654651925, 55.655914591 ], [ 37.654958032, 55.656036403 ], [ 37.655033134, 55.656065154 ], [ 37.655151069, 55.656114335 ], [ 37.655239329, 55.65615046 ], [ 37.655284451, 55.656172257 ], [ 37.655321807, 55.656188479 ], [ 37.656526789, 55.656788075 ], [ 37.656754106, 55.656900806 ], [ 37.656943202, 55.656996891 ], [ 37.657064846, 55.657062603 ], [ 37.657643259, 55.657380097 ], [ 37.65768148, 55.657402983 ], [ 37.657730766, 55.657428895 ], [ 37.65775537, 55.657437522 ], [ 37.657768317, 55.65744781 ], [ 37.657796815, 55.657465778 ], [ 37.657953054, 55.657563943 ], [ 37.658226289, 55.65780045 ], [ 37.658429816, 55.65801372 ], [ 37.658471391, 55.658061005 ], [ 37.658615559, 55.658215342 ], [ 37.658766098, 55.658420747 ], [ 37.658778504, 55.658437012 ], [ 37.658906914, 55.658612532 ], [ 37.659031302, 55.658829282 ], [ 37.65911445, 55.658965838 ], [ 37.65916273, 55.659091045 ], [ 37.659176478, 55.659104608 ], [ 37.659157366, 55.659130007 ], [ 37.659170777, 55.659212469 ], [ 37.659206986, 55.659273749 ], [ 37.65923515, 55.659305901 ], [ 37.659305558, 55.659383068 ], [ 37.659409493, 55.659487091 ], [ 37.659678385, 55.659767384 ], [ 37.659755498, 55.659846819 ], [ 37.660054564, 55.660154723 ], [ 37.66014643, 55.66024664 ], [ 37.660512552, 55.660623761 ], [ 37.660526633, 55.660637 ], [ 37.660556138, 55.660683147 ], [ 37.660604417, 55.660757285 ], [ 37.660633922, 55.660800406 ], [ 37.660679519, 55.660840879 ], [ 37.660786137, 55.660886647 ], [ 37.660932317, 55.660938846 ], [ 37.66106911, 55.660999366 ], [ 37.661164328, 55.661052321 ], [ 37.661284357, 55.661103007 ], [ 37.661365494, 55.661132888 ], [ 37.661456508, 55.66116058 ], [ 37.661922723, 55.661308017 ], [ 37.662299573, 55.661416953 ], [ 37.662486073, 55.661426591 ], [ 37.662570353, 55.661434673 ], [ 37.662795782, 55.66145629 ], [ 37.662956715, 55.661495628 ], [ 37.664018869, 55.660817805 ], [ 37.663683593, 55.660625653 ], [ 37.663475722, 55.660506881 ], [ 37.663289309, 55.66041156 ], [ 37.663094848, 55.660316239 ], [ 37.662913799, 55.660201249 ], [ 37.662699223, 55.660055241 ], [ 37.662618526, 55.659993419 ], [ 37.662093043, 55.659717075 ], [ 37.661895006, 55.659539889 ], [ 37.661744356, 55.659265427 ], [ 37.661123425, 55.6588342 ], [ 37.660491183, 55.657914152 ], [ 37.660007626, 55.657193223 ], [ 37.659701519, 55.656875839 ], [ 37.659608815, 55.656819473 ], [ 37.659506053, 55.656803207 ], [ 37.659401782, 55.656817109 ], [ 37.658181041, 55.657254506 ], [ 37.65775537, 55.657437522 ] ], [ [ 37.658500073, 55.658091711 ], [ 37.658667862, 55.657933903 ], [ 37.6589562, 55.657727361 ], [ 37.659140602, 55.65762636 ], [ 37.65928477, 55.65753822 ], [ 37.659502029, 55.657444027 ], [ 37.659738064, 55.657349834 ], [ 37.660029899, 55.65722643 ] ], [ [ 37.659179161, 55.659102371 ], [ 37.66089131, 55.658510686 ] ], [ [ 37.662956715, 55.661495628 ], [ 37.662591934, 55.661898079 ], [ 37.662561759, 55.662068288 ], [ 37.662606016, 55.66224606 ], [ 37.662740126, 55.662401894 ], [ 37.66290307, 55.662499858 ], [ 37.663113624, 55.662592904 ], [ 37.66340062, 55.662654556 ], [ 37.663640678, 55.662649261 ], [ 37.663702369, 55.662499479 ], [ 37.663878053, 55.66225892 ], [ 37.663947791, 55.6621689 ], [ 37.664123476, 55.661988857 ], [ 37.664174438, 55.661940442 ], [ 37.664269656, 55.661752078 ], [ 37.664473504, 55.661522105 ], [ 37.664877176, 55.661277758 ], [ 37.665337175, 55.660946411 ], [ 37.664737701, 55.660376004 ], [ 37.664018869, 55.660817805 ] ], [ [ 37.665373047, 55.66096145 ], [ 37.665629536, 55.661196812 ], [ 37.66572576, 55.661338466 ], [ 37.665844448, 55.661485037 ], [ 37.665979564, 55.661640874 ], [ 37.66624108, 55.661825457 ], [ 37.666308135, 55.661856473 ], [ 37.66647175, 55.661938173 ], [ 37.666583061, 55.662039541 ], [ 37.666599154, 55.662078122 ], [ 37.666716965, 55.662255278 ], [ 37.666851075, 55.662396945 ], [ 37.667088512, 55.66252754 ], [ 37.667367705, 55.66262313 ], [ 37.667526199, 55.662693963 ], [ 37.667726146, 55.662786115 ], [ 37.667923654, 55.662971105 ], [ 37.667862695, 55.663026121 ], [ 37.667858437, 55.66311174 ], [ 37.667996524, 55.663147268 ], [ 37.668035423, 55.663163913 ], [ 37.668148096, 55.663224819 ], [ 37.668339562, 55.66403903 ], [ 37.668289942, 55.664063992 ], [ 37.66760086, 55.664086305 ], [ 37.667559385, 55.664218147 ], [ 37.666812061, 55.664153302 ], [ 37.666624307, 55.664103789 ], [ 37.666221975, 55.663981383 ], [ 37.664473663, 55.663154788 ], [ 37.663690299, 55.662752897 ], [ 37.663675547, 55.66266439 ], [ 37.663725168, 55.662500236 ], [ 37.663943768, 55.66220748 ], [ 37.664199919, 55.661938173 ], [ 37.664295137, 55.661757373 ], [ 37.664498985, 55.661526644 ], [ 37.664905339, 55.661270949 ], [ 37.665371463, 55.660960177 ] ] ] } },
{ "type": "Feature", "properties": { "datasetId": 897, "rowId": null, "releaseNumber": 193, "versionNumber": 6, "ID": 8, "Name": "Арбатская площадь", "PortionName": "Площадь арбатская", "Type": [ "Велопешеходная дорожка с совмещенным движением", "Велосипедная полоса попутного движения", "Велосипедная дорожка одностороннего движения" ], "Width": 1.2, "Location": "Арбатская площадь", "OperOrgName": "ГБУ Автомобильные дороги", "DepartmentalAffiliation": "ДЕПАРТАМЕНТ ЖИЛИЩНО-КОММУНАЛЬНОГО ХОЗЯЙСТВА ГОРОДА МОСКВЫ", "ObjectOperOrgPhone": "(495) 940-06-94", "global_id": 660584272 }, "geometry": { "type": "MultiLineString", "coordinates": [ [ [ 37.600327134, 55.752780735 ], [ 37.600353956, 55.75231884 ], [ 37.600291869, 55.751556026 ], [ 37.600182295, 55.751105207 ], [ 37.600085735, 55.75096935 ], [ 37.600791156, 55.750938405 ], [ 37.601910623, 55.7508793 ], [ 37.602161765, 55.751050109 ], [ 37.602024972, 55.751115018 ], [ 37.601885812, 55.751207943 ] ] ] } },
{ "type": "Feature", "properties": { "datasetId": 897, "rowId": null, "releaseNumber": 193, "versionNumber": 6, "ID": 10, "Name": "Рязанский проспект", "PortionName": "Рязанский проспект", "Type": [ "Велосипедная полоса попутного движения", "Велопешеходная зона" ], "Width": 1.8, "Location": "Рязанский проспект", "OperOrgName": "ГБУ Автомобильные дороги", "DepartmentalAffiliation": "ДЕПАРТАМЕНТ ЖИЛИЩНО-КОММУНАЛЬНОГО ХОЗЯЙСТВА ГОРОДА МОСКВЫ", "ObjectOperOrgPhone": "(495) 940-06-94", "global_id": 660599126 }, "geometry": { "type": "MultiLineString", "coordinates": [ [ [ 37.798906323, 55.716083791 ], [ 37.799941656, 55.715938437 ], [ 37.80073559, 55.71581428 ], [ 37.801416871, 55.715614416 ], [ 37.802033779, 55.715596247 ], [ 37.803251502, 55.715338845 ], [ 37.80363774, 55.715205601 ], [ 37.805037853, 55.71485432 ], [ 37.805547473, 55.714745301 ], [ 37.806287762, 55.714533318 ], [ 37.809576151, 55.713694463 ], [ 37.811196205, 55.713288656 ], [ 37.812462207, 55.712894959 ], [ 37.814382669, 55.712349833 ], [ 37.815900799, 55.711974297 ], [ 37.818346974, 55.711247444 ] ], [ [ 37.819407514, 55.711060188 ], [ 37.82064133, 55.710790642 ], [ 37.822851471, 55.710242458 ] ] ] } },
{ "type": "Feature", "properties": { "datasetId": 897, "rowId": null, "releaseNumber": 193, "versionNumber": 6, "ID": 1, "Name": "Велосипедная дорожка", "PortionName": "Сквер в Гольяново", "Type": [ "Велопешеходная дорожка с совмещенным движением", "Велопешеходная зона" ], "Width": 1.5, "Location": "Район Гольяново ВАО г. Москвы", "OperOrgName": "Государственное бюджетное учреждение города Москвы «Жилищник района Гольяново»", "DepartmentalAffiliation": "ПРЕФЕКТУРА ВОСТОЧНОГО АДМИНИСТРАТИВНОГО ОКРУГА ГОРОДА МОСКВЫ", "ObjectOperOrgPhone": "(495) 469-82-81", "global_id": 846482691 }, "geometry": { "type": "MultiLineString", "coordinates": [ [ [ 37.802222508, 55.820353096 ], [ 37.801782626, 55.820316855 ], [ 37.801656562, 55.820313835 ], [ 37.801525134, 55.820316855 ], [ 37.801369566, 55.82032063 ], [ 37.801181811, 55.820334975 ], [ 37.80091359, 55.820365176 ], [ 37.800723153, 55.820366686 ], [ 37.800336915, 55.820321385 ], [ 37.800204146, 55.82032667 ], [ 37.800076741, 55.820341015 ], [ 37.799864846, 55.820407457 ], [ 37.799717325, 55.820481449 ], [ 37.799593943, 55.820576581 ], [ 37.799542981, 55.820714749 ], [ 37.799518841, 55.820849896 ], [ 37.799500066, 55.821000898 ], [ 37.799500066, 55.821103579 ], [ 37.799567121, 55.82120475 ], [ 37.799636859, 55.82129837 ], [ 37.799679774, 55.821434271 ], [ 37.799706596, 55.821464471 ], [ 37.799744147, 55.821488631 ], [ 37.799789745, 55.821503731 ], [ 37.799840707, 55.821512791 ], [ 37.799985546, 55.821507506 ], [ 37.800130385, 55.821502221 ], [ 37.800224262, 55.82155356 ], [ 37.800358373, 55.82164718 ], [ 37.800331551, 55.82170154 ], [ 37.800355691, 55.821757409 ], [ 37.800430793, 55.821846498 ], [ 37.800538081, 55.821917468 ], [ 37.800623912, 55.821992967 ], [ 37.800720471, 55.822026186 ], [ 37.800870675, 55.822030716 ], [ 37.801087934, 55.822039776 ], [ 37.801254231, 55.822063936 ], [ 37.801385659, 55.822116785 ], [ 37.801455396, 55.822150004 ], [ 37.801525134, 55.822177184 ], [ 37.801602918, 55.822195303 ], [ 37.801675338, 55.822207383 ], [ 37.801857728, 55.822207383 ], [ 37.802093762, 55.822219463 ], [ 37.802327114, 55.822223993 ], [ 37.802555102, 55.822230032 ], [ 37.802753586, 55.822270802 ], [ 37.802914518, 55.822311571 ], [ 37.80306204, 55.82235083 ], [ 37.803255159, 55.822441428 ], [ 37.803440231, 55.822461057 ], [ 37.803670901, 55.822485216 ], [ 37.804008859, 55.822512396 ], [ 37.804126877, 55.822494276 ], [ 37.80414297, 55.822430858 ], [ 37.804101396, 55.822374234 ], [ 37.804035681, 55.82234026 ], [ 37.804039705, 55.822304021 ], [ 37.80405781, 55.822288921 ], [ 37.804092008, 55.822273822 ], [ 37.804159063, 55.822279861 ], [ 37.804226118, 55.822291941 ], [ 37.804309267, 55.822283636 ], [ 37.804383028, 55.822265894 ], [ 37.804478246, 55.822260232 ], [ 37.804590899, 55.822273822 ], [ 37.804676729, 55.822311571 ], [ 37.804773289, 55.82233422 ], [ 37.804885942, 55.822370459 ], [ 37.804958361, 55.822415758 ], [ 37.805146116, 55.822382539 ], [ 37.805215853, 55.822394619 ], [ 37.805280226, 55.822418778 ], [ 37.805395561, 55.822447467 ], [ 37.805429089, 55.822499561 ], [ 37.805467981, 55.822533535 ], [ 37.805537718, 55.822551655 ], [ 37.805682558, 55.822551655 ], [ 37.805805939, 55.822563734 ], [ 37.805899267, 55.822565027 ], [ 37.805950229, 55.822587677 ], [ 37.806003596, 55.822595558 ], [ 37.806062605, 55.822586499 ], [ 37.806156482, 55.822562339 ], [ 37.806239631, 55.822554789 ], [ 37.806346919, 55.82255026 ], [ 37.806443479, 55.82255026 ], [ 37.806534674, 55.822557809 ], [ 37.806604411, 55.822565359 ], [ 37.806682195, 55.822568379 ], [ 37.806738522, 55.822562339 ], [ 37.806754615, 55.82253365 ], [ 37.806757297, 55.822503451 ], [ 37.806762662, 55.822471742 ], [ 37.806816306, 55.822462682 ], [ 37.80694237, 55.822467212 ], [ 37.807095256, 55.822470232 ], [ 37.80723409, 55.822478471 ], [ 37.807400387, 55.822483001 ], [ 37.807470125, 55.822475451 ], [ 37.807529133, 55.822460352 ], [ 37.807580095, 55.822437702 ], [ 37.807625693, 55.822401463 ], [ 37.807660562, 55.822369754 ], [ 37.807690066, 55.822336535 ], [ 37.807735663, 55.822316905 ], [ 37.80779199, 55.822313885 ], [ 37.80786441, 55.822312376 ], [ 37.807920736, 55.822318415 ], [ 37.80797438, 55.822319925 ], [ 37.80802266, 55.822319925 ], [ 37.808068257, 55.822325965 ], [ 37.808124584, 55.822332005 ], [ 37.808170181, 55.822342575 ], [ 37.808215779, 55.822356165 ], [ 37.808247965, 55.822375794 ], [ 37.808282834, 55.822398443 ], [ 37.808298927, 55.822422603 ], [ 37.808309656, 55.822451292 ], [ 37.808365983, 55.822460352 ], [ 37.808451813, 55.822464882 ], [ 37.808534962, 55.822469412 ], [ 37.808652791, 55.822475466 ], [ 37.808765444, 55.822473956 ], [ 37.808891508, 55.822470936 ], [ 37.808993432, 55.822473956 ], [ 37.809116813, 55.822470936 ], [ 37.809183869, 55.822486036 ], [ 37.809216055, 55.822522275 ], [ 37.809232148, 55.822557004 ], [ 37.809232148, 55.822596263 ], [ 37.809267017, 55.822617402 ], [ 37.809320661, 55.822623442 ], [ 37.809393081, 55.822618912 ], [ 37.809454772, 55.822605323 ], [ 37.809495005, 55.822566064 ], [ 37.809529874, 55.822526805 ], [ 37.809588882, 55.822505665 ], [ 37.80963448, 55.822498116 ], [ 37.809701535, 55.822493586 ], [ 37.80974445, 55.822510195 ], [ 37.809782001, 55.822532845 ], [ 37.809814188, 55.822563044 ], [ 37.809851739, 55.822594753 ], [ 37.809881243, 55.822615892 ], [ 37.809908065, 55.822629482 ], [ 37.809942934, 55.822635522 ], [ 37.809993896, 55.822640052 ], [ 37.810028764, 55.822659681 ], [ 37.810036811, 55.82269441 ], [ 37.810055013, 55.82272839 ], [ 37.810072987, 55.822754828 ], [ 37.810100321, 55.822768443 ], [ 37.810148601, 55.822771463 ], [ 37.810210292, 55.822765423 ], [ 37.810285394, 55.822759383 ], [ 37.81034172, 55.822751834 ], [ 37.810379271, 55.822751834 ], [ 37.810435598, 55.822756364 ], [ 37.81046242, 55.822759383 ], [ 37.810534839, 55.822735979 ], [ 37.810601894, 55.822718615 ], [ 37.810690407, 55.822694456 ], [ 37.810779656, 55.822683159 ], [ 37.810870851, 55.822677119 ], [ 37.810962046, 55.822674099 ], [ 37.811050559, 55.82265447 ], [ 37.81111225, 55.822636351 ], [ 37.811181987, 55.822591052 ], [ 37.811243678, 55.822536694 ], [ 37.811313415, 55.822473275 ], [ 37.811361695, 55.822427977 ], [ 37.811431433, 55.822376638 ], [ 37.811493123, 55.822317749 ], [ 37.811536039, 55.82226188 ], [ 37.811557496, 55.822218091 ], [ 37.811570907, 55.822169772 ], [ 37.811578954, 55.822122963 ], [ 37.811576104, 55.822050628 ], [ 37.811565375, 55.821966069 ], [ 37.811568057, 55.82189359 ], [ 37.811565375, 55.8218347 ], [ 37.811554646, 55.821777321 ], [ 37.811538553, 55.821721451 ], [ 37.811511731, 55.821673132 ], [ 37.811438675, 55.821520334 ], [ 37.811401124, 55.821444834 ], [ 37.811387713, 55.821422184 ], [ 37.81127506, 55.821314974 ], [ 37.811138267, 55.821188134 ], [ 37.810816402, 55.82088009 ], [ 37.810682292, 55.820759289 ], [ 37.810644741, 55.820744188 ], [ 37.810599143, 55.820736638 ], [ 37.810550863, 55.820732108 ], [ 37.81051063, 55.820738148 ], [ 37.810381884, 55.820797039 ], [ 37.809687192, 55.820615836 ], [ 37.80922317, 55.820492013 ], [ 37.809177572, 55.820478423 ], [ 37.809056873, 55.820470872 ], [ 37.808995182, 55.820469362 ], [ 37.808852428, 55.820466006 ], [ 37.808629805, 55.820466006 ], [ 37.808425957, 55.820469026 ], [ 37.808267707, 55.820475067 ], [ 37.808171147, 55.820476577 ], [ 37.807905608, 55.820467516 ], [ 37.80770176, 55.820459966 ], [ 37.807487184, 55.820458456 ], [ 37.807267243, 55.820456946 ], [ 37.807064383, 55.82047812 ], [ 37.806856159, 55.820502315 ], [ 37.80666304, 55.820521945 ], [ 37.806606714, 55.820531005 ], [ 37.80655307, 55.820532515 ], [ 37.806494061, 55.820537045 ], [ 37.806448464, 55.820540066 ], [ 37.806373362, 55.820535535 ], [ 37.806303624, 55.820520435 ], [ 37.806241933, 55.820502315 ], [ 37.806156103, 55.820488724 ], [ 37.805879718, 55.820459244 ], [ 37.805759019, 55.820441124 ], [ 37.805708057, 55.820435084 ], [ 37.805370099, 55.820426023 ], [ 37.80531109, 55.820426023 ], [ 37.805120653, 55.820403373 ], [ 37.80505628, 55.820394312 ], [ 37.805002636, 55.820394312 ], [ 37.804627879, 55.820387178 ], [ 37.804571553, 55.820384158 ], [ 37.804335518, 55.820376608 ], [ 37.804220183, 55.820376608 ], [ 37.804139717, 55.820372078 ], [ 37.804072662, 55.820372078 ], [ 37.804013653, 55.820381138 ], [ 37.803901, 55.820384158 ], [ 37.803844674, 55.820390198 ], [ 37.803793712, 55.820403789 ], [ 37.80374275, 55.820415869 ], [ 37.803713246, 55.820421909 ], [ 37.803651555, 55.820415869 ], [ 37.803611322, 55.820417379 ], [ 37.803563042, 55.820412849 ], [ 37.803473903, 55.820392258 ], [ 37.803390755, 55.820380178 ], [ 37.803310288, 55.820366587 ], [ 37.803256644, 55.820368097 ], [ 37.803111805, 55.820363567 ], [ 37.802985741, 55.820363567 ], [ 37.802637054, 55.820357527 ], [ 37.802454664, 55.820356017 ], [ 37.802344693, 55.820356017 ] ], [ [ 37.804038603, 55.822338351 ], [ 37.804129798, 55.822397239 ], [ 37.804245133, 55.822430458 ], [ 37.804312189, 55.822445558 ], [ 37.804344375, 55.822466697 ], [ 37.804371197, 55.822493877 ], [ 37.80441143, 55.822519546 ], [ 37.804482095, 55.822533182 ], [ 37.804574308, 55.822534588 ], [ 37.804670868, 55.822537608 ], [ 37.804729877, 55.822539118 ], [ 37.804767427, 55.822528548 ], [ 37.804783521, 55.822505899 ], [ 37.804810343, 55.82247721 ], [ 37.804839847, 55.822445501 ], [ 37.804869351, 55.822421341 ], [ 37.804912267, 55.822415301 ], [ 37.804957864, 55.822407752 ], [ 37.804982004, 55.822412281 ], [ 37.805032966, 55.822403222 ] ], [ [ 37.805346785, 55.822430401 ], [ 37.805408475, 55.822427381 ], [ 37.805521128, 55.822415301 ], [ 37.80562037, 55.822404732 ], [ 37.805676696, 55.822395672 ], [ 37.805714247, 55.822383592 ], [ 37.805757163, 55.822363963 ], [ 37.805800078, 55.822332253 ], [ 37.805853722, 55.822306584 ], [ 37.805896637, 55.822291484 ], [ 37.805955646, 55.822294504 ], [ 37.806134482, 55.822299939 ], [ 37.806318682, 55.822302354 ], [ 37.806447428, 55.822309904 ], [ 37.806517166, 55.822311414 ], [ 37.806557399, 55.822329533 ], [ 37.806589585, 55.822355203 ], [ 37.806619089, 55.822377852 ], [ 37.806648594, 55.822406541 ], [ 37.806672734, 55.822430701 ], [ 37.806699556, 55.82245033 ], [ 37.80672906, 55.82246392 ], [ 37.806763929, 55.82247298 ] ], [ [ 37.807091158, 55.82247147 ], [ 37.807034832, 55.822492609 ], [ 37.807002645, 55.822516768 ], [ 37.806986552, 55.822534888 ], [ 37.806991917, 55.822559047 ], [ 37.807016056, 55.822577167 ], [ 37.807072383, 55.822583207 ], [ 37.807152849, 55.822587736 ], [ 37.807244044, 55.822593776 ], [ 37.807335239, 55.822598306 ], [ 37.807534288, 55.822602985 ], [ 37.807733336, 55.822613704 ], [ 37.807768205, 55.822618234 ], [ 37.807824531, 55.822618234 ], [ 37.80790768, 55.822607664 ], [ 37.808031061, 55.822597095 ], [ 37.808167854, 55.822585015 ], [ 37.808232227, 55.822574445 ], [ 37.808283189, 55.822548776 ], [ 37.808312693, 55.822524617 ], [ 37.808318058, 55.822504987 ], [ 37.808326104, 55.822479318 ], [ 37.808307329, 55.822453649 ] ], [ [ 37.807819167, 55.822669573 ], [ 37.807816485, 55.822648433 ], [ 37.807819167, 55.822619744 ], [ 37.807829896, 55.822603135 ], [ 37.8078594, 55.822581995 ], [ 37.807894269, 55.822563876 ], [ 37.807937184, 55.822548776 ], [ 37.807980099, 55.822530657 ], [ 37.808014968, 55.822508007 ], [ 37.80804179, 55.822483848 ], [ 37.80804179, 55.822456669 ], [ 37.808014968, 55.822437039 ], [ 37.807977417, 55.822432509 ], [ 37.807918409, 55.822444589 ], [ 37.807837942, 55.822465729 ], [ 37.807717243, 55.822495173 ], [ 37.807612637, 55.822530657 ], [ 37.80749462, 55.822563121 ], [ 37.807371238, 55.822598605 ] ], [ [ 37.802341542, 55.820356257 ], [ 37.802220843, 55.820353237 ] ], [ [ 37.804127606, 55.822490953 ], [ 37.804149064, 55.822454714 ], [ 37.8041437, 55.822427535 ], [ 37.804146382, 55.822403375 ] ] ] } },
{ "type": "Feature", "properties": { "datasetId": 897, "rowId": null, "releaseNumber": 193, "versionNumber": 6, "ID": 3, "Name": "Велосипедная дорожка", "PortionName": "Сквер в Ивановском", "Type": [ "Велопешеходная дорожка с совмещенным движением", "Велопешеходная зона" ], "Width": 1.5, "Location": "Район Ивановское", "OperOrgName": "Государственное бюджетное учреждение города Москвы «Жилищник Ивановского района»", "DepartmentalAffiliation": "ПРЕФЕКТУРА ВОСТОЧНОГО АДМИНИСТРАТИВНОГО ОКРУГА ГОРОДА МОСКВЫ", "ObjectOperOrgPhone": "(495) 307-84-91", "global_id": 846485373 }, "geometry": { "type": "MultiLineString", "coordinates": [ [ [ 37.838738668, 55.770410047 ], [ 37.838864732, 55.771606011 ], [ 37.838912197, 55.772044538 ], [ 37.838934251, 55.772195065 ], [ 37.838949541, 55.772318334 ], [ 37.838957588, 55.77238637 ], [ 37.838968317, 55.77244987 ], [ 37.83896027, 55.772490691 ], [ 37.83896027, 55.77255268 ], [ 37.838954906, 55.772579894 ], [ 37.838909308, 55.772661537 ], [ 37.838890533, 55.772699334 ], [ 37.838687321, 55.772896939 ], [ 37.838505979, 55.773033469 ], [ 37.838473792, 55.773057659 ], [ 37.83826458, 55.773151396 ], [ 37.838151927, 55.773196753 ], [ 37.838095601, 55.773208848 ], [ 37.837913211, 55.773257228 ], [ 37.837282385, 55.773363059 ], [ 37.836362382, 55.773433376 ], [ 37.836375793, 55.773336617 ], [ 37.836399933, 55.77324288 ], [ 37.836410661, 55.773203571 ], [ 37.836475034, 55.773209619 ], [ 37.836507221, 55.773209619 ], [ 37.836795067, 55.77307656 ], [ 37.836800432, 55.773026668 ], [ 37.836832618, 55.772904205 ], [ 37.836862122, 55.772808956 ], [ 37.836931103, 55.772574612 ], [ 37.836998158, 55.772418885 ], [ 37.837043755, 55.772325147 ], [ 37.837081306, 55.772276765 ], [ 37.837126904, 55.772235944 ], [ 37.837179445, 55.772199818 ], [ 37.8372465, 55.772171091 ], [ 37.837326967, 55.772142365 ], [ 37.83741548, 55.772118174 ], [ 37.837568365, 55.772089447 ], [ 37.837571048, 55.772033506 ], [ 37.837689065, 55.772031994 ], [ 37.837836586, 55.772030482 ], [ 37.83805921, 55.772035018 ], [ 37.8382416, 55.77203653 ], [ 37.838340842, 55.772035018 ], [ 37.83842399, 55.772038042 ], [ 37.838509827, 55.772040667 ], [ 37.838788776, 55.772042179 ], [ 37.838912158, 55.772046715 ] ] ] } },
{ "type": "Feature", "properties": { "datasetId": 897, "rowId": null, "releaseNumber": 193, "versionNumber": 6, "ID": 5, "Name": "Велосипедная дорожка", "PortionName": "Открытое шоссе «Янтарная горка»", "Type": [ "Велопешеходная дорожка с совмещенным движением", "Велопешеходная зона" ], "Width": 1.5, "Location": "Район Богородское", "OperOrgName": "Государственное бюджетное учреждение «Жилищник района Богородское»", "DepartmentalAffiliation": "ПРЕФЕКТУРА ВОСТОЧНОГО АДМИНИСТРАТИВНОГО ОКРУГА ГОРОДА МОСКВЫ", "ObjectOperOrgPhone": "(495) 195-82-47", "global_id": 846488227 }, "geometry": { "type": "MultiLineString", "coordinates": [ [ [ 37.726114574, 55.809496575 ], [ 37.725908044, 55.809597776 ], [ 37.725883904, 55.809585692 ], [ 37.7258544, 55.809572098 ], [ 37.725827577, 55.809564546 ], [ 37.725790027, 55.809560015 ], [ 37.725736382, 55.809573609 ], [ 37.725696149, 55.809593245 ], [ 37.725594225, 55.8096446 ], [ 37.725556674, 55.809658195 ], [ 37.725655916, 55.809739759 ], [ 37.725908044, 55.809967837 ], [ 37.72603679, 55.810138518 ], [ 37.72606093, 55.810159664 ], [ 37.726087752, 55.810176279 ], [ 37.726125303, 55.810186852 ], [ 37.726178947, 55.810192893 ], [ 37.72621918, 55.810192893 ], [ 37.726264778, 55.81018081 ], [ 37.726661744, 55.810001067 ], [ 37.726661744, 55.809964817 ], [ 37.726723435, 55.809949712 ], [ 37.728195968, 55.80935157 ], [ 37.72822279, 55.809331934 ], [ 37.728228155, 55.809313808 ], [ 37.728220108, 55.809294172 ], [ 37.728195968, 55.809271515 ], [ 37.728169146, 55.809253389 ], [ 37.727862033, 55.809083221 ], [ 37.727575037, 55.808941235 ], [ 37.727263901, 55.808794718 ], [ 37.727231714, 55.808782634 ], [ 37.727199528, 55.808776592 ], [ 37.727164659, 55.808781124 ], [ 37.727127108, 55.808794718 ], [ 37.727038595, 55.808843054 ], [ 37.726394865, 55.809176871 ], [ 37.726370725, 55.809196507 ], [ 37.726333174, 55.809213122 ], [ 37.72630367, 55.809225206 ], [ 37.726268801, 55.809255415 ], [ 37.726225886, 55.809291667 ], [ 37.726156149, 55.809382295 ], [ 37.726040814, 55.809432141 ], [ 37.726099822, 55.809478965 ] ], [ [ 37.725909385, 55.809598292 ], [ 37.725965712, 55.809619438 ], [ 37.726079269, 55.809664148 ], [ 37.726130231, 55.809688316 ], [ 37.726191922, 55.809723056 ], [ 37.72627507, 55.80976686 ], [ 37.726315304, 55.809789516 ], [ 37.726331397, 55.80980311 ], [ 37.726355537, 55.809833319 ], [ 37.726385041, 55.809874102 ], [ 37.726422592, 55.8099028 ], [ 37.726422592, 55.809964729 ], [ 37.726422592, 55.810016084 ], [ 37.726427956, 55.810064418 ], [ 37.726427956, 55.81010671 ] ] ] } },
{ "type": "Feature", "properties": { "datasetId": 897, "rowId": null, "releaseNumber": 193, "versionNumber": 6, "ID": 10, "Name": "Северный бульвар", "PortionName": "", "Type": "Велопешеходная дорожка с раздельным движением", "Width": 2.0, "Location": "вдоль сквера по Северному бульвару с адресной привязкой от Северного бульвара дом 2 до Северного бульвара дом 21", "OperOrgName": "Государственное бюджетное учреждение города Москвы «Жилищник района Отрадное»", "DepartmentalAffiliation": "ПРЕФЕКТУРА СЕВЕРО-ВОСТОЧНОГО АДМИНИСТРАТИВНОГО ОКРУГА ГОРОДА МОСКВЫ", "ObjectOperOrgPhone": "(495) 708-44-69", "global_id": 856911548 }, "geometry": { "type": "MultiLineString", "coordinates": [ [ [ 37.608601078, 55.866902746 ], [ 37.608817443, 55.867039203 ], [ 37.609175071, 55.867189705 ], [ 37.609507665, 55.867309103 ], [ 37.609811649, 55.867408434 ], [ 37.6101657, 55.867508769 ], [ 37.610265836, 55.867536862 ], [ 37.6107236, 55.867636193 ], [ 37.611125931, 55.867707429 ], [ 37.611909136, 55.867822813 ], [ 37.612830028, 55.867954249 ], [ 37.613216266, 55.868020469 ], [ 37.613452301, 55.867965286 ], [ 37.616343945, 55.868350687 ], [ 37.618396729, 55.868667734 ], [ 37.618868798, 55.868838297 ], [ 37.619165629, 55.868918561 ], [ 37.619498223, 55.869002839 ], [ 37.619802207, 55.869030931 ], [ 37.620181293, 55.869038958 ], [ 37.620799989, 55.869036951 ], [ 37.621164769, 55.869135274 ] ] ] } },
{ "type": "Feature", "properties": { "datasetId": 897, "rowId": null, "releaseNumber": 193, "versionNumber": 6, "ID": 11, "Name": "Парк поймы реки Чермянка", "PortionName": "", "Type": "Велопешеходная дорожка с раздельным движением", "Width": 2.0, "Location": "от Юрловского проезда дом 14 до Сельскохозяйственной дом 64", "OperOrgName": "Государственное автономное учреждение г. Москвы Парк Яуза", "DepartmentalAffiliation": "ПРЕФЕКТУРА СЕВЕРО-ВОСТОЧНОГО АДМИНИСТРАТИВНОГО ОКРУГА ГОРОДА МОСКВЫ", "ObjectOperOrgPhone": "(499) 476-22-59", "global_id": 856924427 }, "geometry": { "type": "MultiLineString", "coordinates": [ [ [ 37.616297007, 55.879999222 ], [ 37.616007328, 55.87955388 ], [ 37.615792751, 55.879475644 ], [ 37.614923716, 55.877868755 ], [ 37.615009546, 55.877513666 ], [ 37.614923716, 55.877158573 ], [ 37.615106106, 55.876984035 ], [ 37.615545988, 55.87670718 ], [ 37.615717649, 55.876466434 ], [ 37.615610361, 55.8761655 ], [ 37.615267038, 55.875196478 ], [ 37.614934444, 55.875082119 ], [ 37.614934444, 55.874979799 ], [ 37.615224123, 55.874684872 ], [ 37.615116835, 55.874504304 ], [ 37.615309954, 55.874095013 ], [ 37.615535259, 55.873944537 ], [ 37.616350651, 55.873505144 ], [ 37.616779804, 55.873240302 ], [ 37.616940737, 55.873005555 ], [ 37.616983652, 55.872903228 ], [ 37.617219687, 55.872728671 ], [ 37.618120909, 55.872090627 ], [ 37.621779442, 55.86948718 ], [ 37.621865273, 55.869429992 ], [ 37.622090578, 55.869321636 ] ], [ [ 37.622168362, 55.869327656 ], [ 37.622176409, 55.869324646 ] ], [ [ 37.622133493, 55.869303577 ], [ 37.621961832, 55.869273478 ], [ 37.622036934, 55.869098905 ], [ 37.623131275, 55.869195221 ], [ 37.624257803, 55.868364483 ], [ 37.625051737, 55.868201945 ], [ 37.626167536, 55.868496921 ], [ 37.627004385, 55.86850896 ], [ 37.627583742, 55.868454781 ], [ 37.627830505, 55.868376523 ], [ 37.629300356, 55.866468165 ], [ 37.629568577, 55.865450738 ], [ 37.630083561, 55.865065433 ], [ 37.632079124, 55.864174401 ], [ 37.632958889, 55.863608464 ], [ 37.633087635, 55.863469989 ], [ 37.633033991, 55.863259265 ], [ 37.632851601, 55.863090685 ], [ 37.632508278, 55.862338087 ], [ 37.631607056, 55.861645684 ], [ 37.631295919, 55.860224714 ], [ 37.630931139, 55.859905591 ], [ 37.630834579, 55.859411848 ], [ 37.631124258, 55.859128846 ], [ 37.631607056, 55.85812929 ], [ 37.631628513, 55.857683697 ] ], [ [ 37.631317377, 55.860188587 ], [ 37.631692886, 55.860056121 ], [ 37.631907463, 55.860110312 ], [ 37.631832361, 55.860327074 ], [ 37.632079124, 55.860995416 ], [ 37.632079124, 55.861242278 ], [ 37.632637024, 55.861410866 ], [ 37.632808685, 55.861832333 ], [ 37.632744312, 55.861958772 ], [ 37.632862329, 55.862307983 ], [ 37.632744312, 55.86250667 ], [ 37.633141279, 55.862663211 ], [ 37.633270025, 55.862795669 ], [ 37.633152008, 55.863030478 ] ], [ [ 37.632840872, 55.862326046 ], [ 37.632476091, 55.862295941 ] ], [ [ 37.632894516, 55.862253795 ], [ 37.633033991, 55.862169503 ], [ 37.632991076, 55.861958772 ], [ 37.633098364, 55.86130851 ], [ 37.632926702, 55.861067669 ], [ 37.632969618, 55.860778658 ], [ 37.63322711, 55.860604046 ] ], [ [ 37.621779442, 55.869321636 ], [ 37.616227269, 55.873297484 ], [ 37.616141438, 55.873505144 ], [ 37.615556717, 55.873869299 ], [ 37.615486979, 55.873977642 ] ], [ [ 37.627111673, 55.868557119 ], [ 37.627272606, 55.868635378 ], [ 37.627497911, 55.868840053 ], [ 37.627487183, 55.869062786 ], [ 37.628055811, 55.869273478 ], [ 37.629429102, 55.869929627 ] ], [ [ 37.627530098, 55.868803934 ], [ 37.627798319, 55.868412642 ] ] ] } },
{ "type": "Feature", "properties": { "datasetId": 897, "rowId": null, "releaseNumber": 193, "versionNumber": 6, "ID": 6, "Name": "Велосипедная дорожка", "PortionName": "Измайловский проспект", "Type": [ "Велопешеходная дорожка с совмещенным движением", "Велопешеходная зона" ], "Width": 2.2, "Location": "Район Измайлово", "OperOrgName": "Государственное бюджетное учреждение города Москвы «Жилищник района Измайлово»", "DepartmentalAffiliation": "ПРЕФЕКТУРА ВОСТОЧНОГО АДМИНИСТРАТИВНОГО ОКРУГА ГОРОДА МОСКВЫ", "ObjectOperOrgPhone": "(499) 165-39-91", "global_id": 858213825 }, "geometry": { "type": "MultiLineString", "coordinates": [ [ [ 37.794334649, 55.788646669 ], [ 37.794415115, 55.788630045 ], [ 37.794565319, 55.788631556 ], [ 37.795123218, 55.788637601 ], [ 37.796174644, 55.788652714 ], [ 37.7971886, 55.788664838 ], [ 37.798178335, 55.788679951 ], [ 37.798744281, 55.788689019 ], [ 37.799487253, 55.788701109 ], [ 37.799846669, 55.788707154 ], [ 37.800667425, 55.788719244 ], [ 37.801925381, 55.788740402 ], [ 37.802480788, 55.788749093 ], [ 37.803958685, 55.788771762 ], [ 37.80483845, 55.788785364 ], [ 37.805812182, 55.788793126 ], [ 37.806048216, 55.788796148 ], [ 37.806909205, 55.788817306 ], [ 37.810130538, 55.78889287 ], [ 37.81103176, 55.788907982 ], [ 37.813676418, 55.78895332 ], [ 37.815084578, 55.788980523 ], [ 37.816039445, 55.789001681 ], [ 37.816849472, 55.789016793 ], [ 37.817758741, 55.789037951 ], [ 37.818300547, 55.789051552 ] ] ] } },
{ "type": "Feature", "properties": { "datasetId": 897, "rowId": null, "releaseNumber": 193, "versionNumber": 6, "ID": 12, "Name": "Озелененная территория по улице Череповецкая", "PortionName": "", "Type": "Велопешеходная дорожка с раздельным движением", "Width": 2.0, "Location": "от ул. Череповецкая д.4 до ул. Череповецкая д.24", "OperOrgName": "Государственное бюджетное учреждение Жилищник района Лианозово", "DepartmentalAffiliation": "ПРЕФЕКТУРА СЕВЕРО-ВОСТОЧНОГО АДМИНИСТРАТИВНОГО ОКРУГА ГОРОДА МОСКВЫ", "ObjectOperOrgPhone": "(499) 908-80-79", "global_id": 859824228 }, "geometry": { "type": "MultiLineString", "coordinates": [ [ [ 37.564812317, 55.898553518 ], [ 37.586141243, 55.898336511 ] ] ] } },
{ "type": "Feature", "properties": { "datasetId": 897, "rowId": null, "releaseNumber": 193, "versionNumber": 6, "ID": 2, "Name": "Велосипедная дорожка в парке 850 летия", "PortionName": "", "Type": "Велосипедная дорожка двухстороннего движения", "Width": 4.7, "Location": "Парк 850-летия", "OperOrgName": "ГБУ «Автомобильные дороги ЮВАО»", "DepartmentalAffiliation": "ПРЕФЕКТУРА ЮГО-ВОСТОЧНОГО АДМИНИСТРАТИВНОГО ОКРУГА ГОРОДА МОСКВЫ", "ObjectOperOrgPhone": "(495) 351-19-91", "global_id": 859841279 }, "geometry": { "type": "MultiLineString", "coordinates": [ [ [ 37.704871323, 55.642116418 ], [ 37.707059109, 55.64165993 ], [ 37.70852969, 55.641381427 ], [ 37.710032457, 55.641081683 ], [ 37.711542656, 55.640984733 ], [ 37.714415418, 55.640966668 ], [ 37.715138376, 55.640990988 ], [ 37.716006793, 55.641051694 ], [ 37.716652586, 55.641106331 ], [ 37.716751841, 55.641129246 ], [ 37.716861824, 55.641164299 ], [ 37.717054956, 55.641276718 ], [ 37.717215902, 55.641389138 ], [ 37.717335273, 55.64146439 ], [ 37.717561255, 55.641684057 ], [ 37.717819425, 55.641897654 ], [ 37.718042074, 55.641941968 ], [ 37.718377293, 55.641966296 ], [ 37.718624385, 55.641951612 ], [ 37.718935849, 55.641921758 ], [ 37.719274136, 55.64188887 ], [ 37.719483676, 55.641859016 ], [ 37.719705122, 55.64177558 ], [ 37.719974849, 55.641655737 ], [ 37.72021507, 55.641593539 ], [ 37.720358733, 55.641579886 ], [ 37.720568931, 55.641598696 ], [ 37.721100995, 55.641653914 ], [ 37.721853986, 55.641764349 ], [ 37.722602524, 55.641921639 ], [ 37.722850729, 55.641944156 ], [ 37.723626608, 55.641962999 ], [ 37.724005521, 55.641984876 ], [ 37.724499914, 55.642181147 ], [ 37.724615683, 55.642211018 ], [ 37.724850593, 55.642233539 ], [ 37.725155241, 55.64225606 ], [ 37.725477219, 55.642246228 ], [ 37.725965495, 55.642184819 ], [ 37.726469977, 55.642177292 ], [ 37.72739143, 55.642236606 ], [ 37.72828606, 55.642274683 ], [ 37.731068965, 55.642302397 ], [ 37.732106673, 55.642240271 ], [ 37.732269981, 55.642238824 ], [ 37.732393956, 55.64225293 ], [ 37.732458626, 55.642279704 ], [ 37.73252866, 55.642291308 ], [ 37.733465938, 55.642231536 ], [ 37.733585219, 55.642230473 ], [ 37.734321408, 55.642256715 ], [ 37.734850436, 55.642206882 ], [ 37.735347276, 55.642138844 ], [ 37.735460561, 55.64209963 ], [ 37.735632854, 55.641978498 ], [ 37.73889771, 55.64158571 ], [ 37.739205127, 55.641536465 ], [ 37.740088396, 55.641432957 ], [ 37.740971666, 55.641341586 ], [ 37.744245446, 55.641072458 ], [ 37.744633118, 55.641156709 ], [ 37.744827671, 55.641186348 ], [ 37.744975378, 55.641221352 ], [ 37.745136682, 55.641333836 ], [ 37.746526808, 55.641628586 ], [ 37.746634097, 55.641592178 ], [ 37.746687741, 55.641473852 ], [ 37.746762843, 55.641294845 ], [ 37.746813193, 55.641175346 ], [ 37.746915117, 55.641160176 ], [ 37.747070685, 55.641187482 ], [ 37.747194067, 55.641211755 ] ], [ [ 37.747274533, 55.641232993 ], [ 37.747419372, 55.641263333 ] ], [ [ 37.747515932, 55.641281537 ], [ 37.747692957, 55.641314912 ], [ 37.747725144, 55.641360422 ], [ 37.747526661, 55.641760911 ], [ 37.747642873, 55.641940712 ], [ 37.747782347, 55.642095444 ], [ 37.747948644, 55.642204667 ], [ 37.748163221, 55.642289618 ], [ 37.748324154, 55.642307821 ], [ 37.749729631, 55.64228355 ], [ 37.749960301, 55.642310855 ], [ 37.750185607, 55.642395806 ], [ 37.750378726, 55.642450417 ], [ 37.750609396, 55.642462552 ], [ 37.750807879, 55.642438281 ], [ 37.751119015, 55.642374568 ], [ 37.751322863, 55.642356365 ], [ 37.751569627, 55.642404908 ], [ 37.752025602, 55.642538401 ], [ 37.752760527, 55.642750775 ], [ 37.753436444, 55.642978318 ], [ 37.75366175, 55.643066301 ], [ 37.753785131, 55.643160352 ], [ 37.753988979, 55.643430366 ], [ 37.754144547, 55.643457671 ], [ 37.754364488, 55.643554754 ], [ 37.754611252, 55.6436306 ], [ 37.754841922, 55.643654871 ], [ 37.755104778, 55.643648804 ], [ 37.75559294, 55.643633634 ], [ 37.755914805, 55.643636668 ], [ 37.756124018, 55.643730717 ], [ 37.756553171, 55.643997694 ], [ 37.756896855, 55.64427202 ], [ 37.757132889, 55.644517757 ], [ 37.75735283, 55.644678546 ], [ 37.757696153, 55.644793829 ], [ 37.758264781, 55.644918213 ], [ 37.758970475, 55.645034375 ], [ 37.759324526, 55.645107184 ], [ 37.75965712, 55.645234601 ], [ 37.760091638, 55.645459095 ], [ 37.760327673, 55.645619881 ], [ 37.760601258, 55.645835273 ], [ 37.76085875, 55.646005158 ], [ 37.761202073, 55.646068865 ], [ 37.761561489, 55.646117403 ], [ 37.762038922, 55.64611437 ], [ 37.76278207, 55.646127844 ], [ 37.762926909, 55.646133911 ], [ 37.763077113, 55.646252224 ], [ 37.76325167, 55.646539166 ], [ 37.763351421, 55.646620374 ], [ 37.764676432, 55.646905533 ], [ 37.764955382, 55.647008675 ], [ 37.76515923, 55.647187656 ], [ 37.765470366, 55.647518313 ], [ 37.765588383, 55.647569884 ], [ 37.766173105, 55.64766089 ], [ 37.766332562, 55.647703207 ], [ 37.766858275, 55.647948922 ], [ 37.767137224, 55.648000492 ], [ 37.767786319, 55.648067229 ], [ 37.770768935, 55.648140033 ], [ 37.771021063, 55.648182502 ], [ 37.771289284, 55.648300808 ], [ 37.771863277, 55.648567753 ], [ 37.773186041, 55.649221387 ], [ 37.773363066, 55.649275988 ], [ 37.773588372, 55.649282055 ], [ 37.773765398, 55.649269922 ], [ 37.774627931, 55.649189952 ], [ 37.775062449, 55.649144451 ], [ 37.775319941, 55.649101983 ], [ 37.775507695, 55.649071649 ], [ 37.775722272, 55.649101983 ], [ 37.776333816, 55.649293088 ], [ 37.776824041, 55.649445831 ], [ 37.77729611, 55.649552 ], [ 37.777896924, 55.649743102 ], [ 37.778878613, 55.650101038 ], [ 37.780471845, 55.650340672 ], [ 37.782248212, 55.650713666 ], [ 37.782645178, 55.650792531 ], [ 37.783315731, 55.650850164 ], [ 37.783681814, 55.650847976 ], [ 37.784110968, 55.650781243 ], [ 37.784545486, 55.650705411 ], [ 37.784722512, 55.650711478 ], [ 37.785162394, 55.65076911 ], [ 37.785819371, 55.65085428 ], [ 37.786092956, 55.650939211 ], [ 37.786345084, 55.65103021 ], [ 37.786607941, 55.651081775 ], [ 37.787814935, 55.651324436 ], [ 37.788249452, 55.6514124 ], [ 37.788464029, 55.651591361 ], [ 37.788653702, 55.651765859 ], [ 37.788830728, 55.651950884 ], [ 37.789056034, 55.652248137 ], [ 37.789233059, 55.652402828 ], [ 37.789447636, 55.652499889 ], [ 37.789726586, 55.652557519 ], [ 37.789994807, 55.652572685 ], [ 37.79010746, 55.652536287 ], [ 37.790171833, 55.65248169 ], [ 37.79019329, 55.652402828 ], [ 37.790118188, 55.652260269 ], [ 37.789608569, 55.651750693 ], [ 37.789090608, 55.651081031 ], [ 37.789004777, 55.650883868 ], [ 37.788768743, 55.650522906 ], [ 37.788800929, 55.650337874 ], [ 37.788967226, 55.649973873 ], [ 37.788967226, 55.649907139 ], [ 37.78883848, 55.649643236 ], [ 37.78883087, 55.649543882 ], [ 37.788922065, 55.649289077 ], [ 37.788911336, 55.649094938 ], [ 37.78878259, 55.648837097 ], [ 37.788766497, 55.648433534 ], [ 37.78869676, 55.648115018 ], [ 37.788530463, 55.646540602 ], [ 37.78850364, 55.646285777 ], [ 37.788294428, 55.645961176 ], [ 37.788315886, 55.64590657 ], [ 37.788487547, 55.645612303 ], [ 37.78839986, 55.645346912 ], [ 37.788410589, 55.645225564 ], [ 37.788464233, 55.645095114 ], [ 37.788200877, 55.643367128 ] ], [ [ 37.708299187, 55.642792986 ], [ 37.707612541, 55.642337897 ], [ 37.707515311, 55.642247257 ], [ 37.707460996, 55.642114142 ], [ 37.707491842, 55.641872183 ], [ 37.707662162, 55.641675732 ], [ 37.70793977, 55.641491416 ] ], [ [ 37.706079445, 55.641851825 ], [ 37.706846557, 55.642070271 ], [ 37.707613668, 55.642337259 ] ], [ [ 37.724502516, 55.642745988 ], [ 37.724781466, 55.64250555 ], [ 37.724851203, 55.64223477 ] ], [ [ 37.773482501, 55.649405302 ], [ 37.773358952, 55.649424166 ], [ 37.773235403, 55.649464263 ], [ 37.773138675, 55.649528628 ], [ 37.773079499, 55.649586926 ], [ 37.772845476, 55.649933868 ], [ 37.772747576, 55.650021076 ], [ 37.772551104, 55.650094256 ], [ 37.772419005, 55.650191702 ], [ 37.772406265, 55.650334648 ], [ 37.772439122, 55.650477593 ], [ 37.772893756, 55.650606508 ], [ 37.773434221, 55.65070509 ], [ 37.77463451, 55.650864338 ], [ 37.775065004, 55.650900738 ], [ 37.775363597, 55.650977592 ], [ 37.77561391, 55.651054447 ], [ 37.775812083, 55.651122193 ], [ 37.776155096, 55.651259704 ], [ 37.77685185, 55.651595388 ], [ 37.777151115, 55.651817952 ], [ 37.777332933, 55.651926201 ], [ 37.777541574, 55.652019283 ], [ 37.778231297, 55.652252084 ], [ 37.779107737, 55.652493199 ], [ 37.780273854, 55.652876869 ], [ 37.780751288, 55.652358201 ], [ 37.780146785, 55.65219005 ], [ 37.779892813, 55.65212114 ], [ 37.779644206, 55.652064362 ], [ 37.779322425, 55.652000523 ], [ 37.779000643, 55.651985215 ], [ 37.778868586, 55.652001447 ], [ 37.77859169, 55.652041945 ], [ 37.77847975, 55.652040736 ], [ 37.778362445, 55.652015262 ], [ 37.778241913, 55.651946731 ], [ 37.778197741, 55.651906399 ], [ 37.778196483, 55.651890333 ], [ 37.778279228, 55.651708526 ], [ 37.778335151, 55.651520652 ], [ 37.778381887, 55.651440364 ], [ 37.778503726, 55.651369176 ], [ 37.778673844, 55.65133742 ], [ 37.77886542, 55.651323863 ], [ 37.779214176, 55.651549464 ], [ 37.779376467, 55.651588423 ], [ 37.779688961, 55.651627382 ], [ 37.779957861, 55.651681743 ], [ 37.781637603, 55.652084923 ], [ 37.782374209, 55.652282719 ], [ 37.783287841, 55.652559377 ], [ 37.783532601, 55.652603121 ], [ 37.783763288, 55.652609473 ], [ 37.783956425, 55.652579427 ], [ 37.784120056, 55.652535731 ], [ 37.784267595, 55.652479903 ], [ 37.784353443, 55.652377819 ], [ 37.784345413, 55.652271185 ], [ 37.784251553, 55.652181234 ], [ 37.784216693, 55.652149149 ], [ 37.784149646, 55.652126163 ], [ 37.78405188, 55.652099506 ], [ 37.783932655, 55.652078915 ], [ 37.783222137, 55.652031666 ], [ 37.783053426, 55.652000342 ], [ 37.782916901, 55.651962951 ], [ 37.782595571, 55.651844187 ], [ 37.782483052, 55.651790231 ], [ 37.782155956, 55.651566414 ], [ 37.78198188, 55.651496415 ], [ 37.78076499, 55.651204991 ], [ 37.779977254, 55.651065158 ], [ 37.779564611, 55.650960359 ], [ 37.779200247, 55.650882859 ], [ 37.778994696, 55.650844345 ], [ 37.778885705, 55.650848298 ], [ 37.778535571, 55.650827707 ], [ 37.777835302, 55.650674294 ], [ 37.77758044, 55.650631391 ], [ 37.777314848, 55.650570288 ], [ 37.777043892, 55.650495534 ], [ 37.77682658, 55.650451114 ], [ 37.776627884, 55.650440266 ], [ 37.776244116, 55.650418801 ], [ 37.776054915, 55.650389869 ], [ 37.775871077, 55.650339703 ], [ 37.775751613, 55.650261479 ], [ 37.775589233, 55.650077088 ], [ 37.775448311, 55.649948813 ], [ 37.775269839, 55.649841771 ], [ 37.77510413, 55.649761997 ], [ 37.774876731, 55.649691322 ], [ 37.774590028, 55.649635509 ], [ 37.774319419, 55.64959183 ], [ 37.774196626, 55.649562106 ], [ 37.774040894, 55.649498638 ], [ 37.773852975, 55.649435169 ], [ 37.773683831, 55.649409619 ], [ 37.773487866, 55.649402268 ] ], [ [ 37.775058633, 55.650900279 ], [ 37.774857467, 55.650800181 ], [ 37.774716651, 55.6506197 ], [ 37.774618751, 55.650448318 ], [ 37.774779683, 55.650125269 ], [ 37.774856126, 55.649977772 ], [ 37.77489703, 55.649922224 ], [ 37.774980849, 55.649875776 ], [ 37.775121665, 55.649848096 ], [ 37.775251752, 55.649835584 ] ], [ [ 37.775616533, 55.651051943 ], [ 37.775592393, 55.650960186 ], [ 37.775607145, 55.650920375 ], [ 37.77563799, 55.650883596 ], [ 37.775766736, 55.650844922 ], [ 37.775906211, 55.650836201 ], [ 37.776013499, 55.650815347 ], [ 37.776324636, 55.650636383 ], [ 37.776630408, 55.650439218 ] ], [ [ 37.779673657, 55.652077072 ], [ 37.779906339, 55.652167688 ], [ 37.77978346, 55.652154703 ], [ 37.779665946, 55.652156883 ], [ 37.779575253, 55.652190911 ], [ 37.779554299, 55.652243139 ], [ 37.77955631, 55.652283707 ], [ 37.779617331, 55.652330342 ], [ 37.779928467, 55.652404655 ], [ 37.780028379, 55.652394418 ], [ 37.780085376, 55.652372049 ], [ 37.780128962, 55.652320864 ], [ 37.780087555, 55.65223603 ], [ 37.779917403, 55.652169395 ], [ 37.780134997, 55.652187783 ] ], [ [ 37.778230347, 55.652253294 ], [ 37.778125741, 55.652075094 ], [ 37.778119036, 55.65201026 ], [ 37.778192796, 55.651893861 ] ], [ [ 37.778884806, 55.650848908 ], [ 37.778944486, 55.65095204 ], [ 37.778961249, 55.651040004 ], [ 37.778540813, 55.651285698 ], [ 37.778522708, 55.651303898 ], [ 37.778503933, 55.651367596 ] ], [ [ 37.778866031, 55.651322098 ], [ 37.778931745, 55.65117271 ], [ 37.779012882, 55.651114699 ], [ 37.779211701, 55.651049294 ], [ 37.779555359, 55.650959623 ] ], [ [ 37.790526949, 55.657424535 ], [ 37.790234916, 55.656998277 ], [ 37.789669297, 55.656371847 ], [ 37.788979115, 55.655631378 ], [ 37.788941303, 55.655497327 ], [ 37.788978723, 55.655365093 ], [ 37.788983957, 55.655293518 ], [ 37.788892501, 55.655095774 ], [ 37.788817269, 55.65501055 ], [ 37.788683028, 55.654934424 ], [ 37.788390771, 55.654846444 ], [ 37.788255372, 55.654794871 ], [ 37.788168252, 55.654743298 ], [ 37.788112095, 55.654700462 ], [ 37.787680429, 55.65420874 ], [ 37.787616395, 55.654153396 ], [ 37.787485305, 55.654078337 ], [ 37.787397131, 55.654000245 ], [ 37.787238939, 55.653701888 ], [ 37.786962729, 55.653373198 ], [ 37.786859123, 55.653243641 ], [ 37.786744787, 55.653132282 ], [ 37.786419557, 55.652918662 ], [ 37.785995085, 55.652724756 ], [ 37.785699359, 55.652615778 ], [ 37.785005379, 55.652398095 ], [ 37.784719095, 55.65233207 ], [ 37.784569604, 55.652313059 ], [ 37.784468392, 55.65231528 ], [ 37.784363953, 55.652339329 ] ], [ [ 37.784151033, 55.652125609 ], [ 37.78467418, 55.652225534 ], [ 37.78483383, 55.652243648 ], [ 37.785112138, 55.652239055 ], [ 37.785320709, 55.652243562 ], [ 37.785570213, 55.652285183 ], [ 37.78588409, 55.652396567 ], [ 37.786565487, 55.652813454 ], [ 37.786898314, 55.653075478 ], [ 37.787083445, 55.653314629 ], [ 37.787231025, 55.653553778 ], [ 37.7875691, 55.653938048 ], [ 37.7879249, 55.654294425 ], [ 37.788253879, 55.65466293 ], [ 37.788402217, 55.654766044 ], [ 37.788502207, 55.654797377 ], [ 37.789000131, 55.6548919 ], [ 37.789186919, 55.654934863 ], [ 37.789319934, 55.655024587 ], [ 37.789340296, 55.655099145 ], [ 37.789322012, 55.655242195 ], [ 37.789225943, 55.655398893 ], [ 37.789199612, 55.655516162 ], [ 37.789239128, 55.655642518 ], [ 37.789355744, 55.655763187 ], [ 37.789466995, 55.655865658 ], [ 37.789775328, 55.656258637 ], [ 37.790036271, 55.656441052 ], [ 37.790249891, 55.656609596 ], [ 37.790447418, 55.656772074 ], [ 37.790623851, 55.656922426 ], [ 37.790703725, 55.656969662 ], [ 37.790740684, 55.65706239 ], [ 37.790922482, 55.657294626 ], [ 37.790866638, 55.657356646 ], [ 37.790751786, 55.657418665 ], [ 37.79062084, 55.657441258 ], [ 37.790527446, 55.657427458 ] ], [ [ 37.790233584, 55.657003828 ], [ 37.790328802, 55.656978049 ], [ 37.790376411, 55.656921184 ], [ 37.790445478, 55.656773334 ] ] ] } },
{ "type": "Feature", "properties": { "datasetId": 897, "rowId": null, "releaseNumber": 193, "versionNumber": 6, "ID": 3, "Name": "Велодорожка в парке Печатники", "PortionName": "", "Type": "Велосипедная дорожка двухстороннего движения", "Width": 1.9, "Location": "Парк Печатники", "OperOrgName": "ГБУ «Автомобильные дороги ЮВАО»", "DepartmentalAffiliation": "ПРЕФЕКТУРА ЮГО-ВОСТОЧНОГО АДМИНИСТРАТИВНОГО ОКРУГА ГОРОДА МОСКВЫ", "ObjectOperOrgPhone": "(495) 657-35-00", "global_id": 859841375 }, "geometry": { "type": "MultiLineString", "coordinates": [ [ [ 37.71650989, 55.672626102 ], [ 37.716393687, 55.672890374 ], [ 37.716272119, 55.673351694 ], [ 37.716189916, 55.67352554 ], [ 37.716052332, 55.673627677 ], [ 37.715979871, 55.673786904 ], [ 37.715918139, 55.673979477 ], [ 37.715816133, 55.674337336 ], [ 37.71564642, 55.674888255 ], [ 37.715542477, 55.675350507 ], [ 37.715411712, 55.675770315 ], [ 37.714779927, 55.677790133 ], [ 37.714833089, 55.677969674 ], [ 37.714816513, 55.678076466 ], [ 37.714713625, 55.678377953 ], [ 37.714662181, 55.678403661 ], [ 37.714610737, 55.678450587 ], [ 37.714582951, 55.678550501 ], [ 37.714827786, 55.678695011 ], [ 37.714840956, 55.678753616 ], [ 37.714811211, 55.678857688 ], [ 37.714826822, 55.678926399 ], [ 37.714896989, 55.678994476 ], [ 37.715010071, 55.679038304 ], [ 37.715037323, 55.679098803 ], [ 37.715086032, 55.679135053 ], [ 37.71522508, 55.67913303 ], [ 37.715278298, 55.679158286 ], [ 37.715282809, 55.679511906 ], [ 37.715273739, 55.68002162 ], [ 37.715284915, 55.681303681 ], [ 37.715323327, 55.681313977 ], [ 37.715989375, 55.681312149 ], [ 37.716325505, 55.681454832 ], [ 37.716554347, 55.681571753 ], [ 37.716573449, 55.68159082 ], [ 37.716544271, 55.681634133 ], [ 37.716448037, 55.68172291 ], [ 37.716362533, 55.681845027 ], [ 37.716325635, 55.681927108 ], [ 37.716315558, 55.682024342 ], [ 37.716333831, 55.684488477 ], [ 37.716369826, 55.686091699 ], [ 37.716373125, 55.686127581 ], [ 37.716467618, 55.686187707 ], [ 37.717101236, 55.686508458 ], [ 37.71725742, 55.686611011 ], [ 37.717126923, 55.686704532 ], [ 37.716974968, 55.686782901 ], [ 37.716778348, 55.686844177 ], [ 37.71653721, 55.687014596 ], [ 37.716459687, 55.687057735 ], [ 37.716331462, 55.687174317 ], [ 37.716320733, 55.687166741 ], [ 37.716245632, 55.687072797 ], [ 37.716154436, 55.686948547 ], [ 37.716095428, 55.68686824 ], [ 37.71604983, 55.686721261 ], [ 37.716044466, 55.686547007 ], [ 37.716076652, 55.686280322 ], [ 37.716038907, 55.686209244 ], [ 37.715974534, 55.686160755 ], [ 37.71587261, 55.686141057 ], [ 37.715472961, 55.686138026 ], [ 37.715306664, 55.686118328 ], [ 37.715105498, 55.686030442 ] ] ] } },
{ "type": "Feature", "properties": { "datasetId": 897, "rowId": null, "releaseNumber": 193, "versionNumber": 6, "ID": 1, "Name": "Велодорожка на озелененной территории ул.Радужная, г. Московский", "PortionName": "", "Type": "Велопешеходная дорожка с совмещенным движением", "Width": 1.5, "Location": "ул. Радужная, г. Московский", "OperOrgName": "Администрация поселения Московский", "DepartmentalAffiliation": "ПРЕФЕКТУРА ТРОИЦКОГО И НОВОМОСКОВСКОГО АДМИНИСТРАТИВНЫХ ОКРУГОВ ГОРОДА МОСКВЫ", "ObjectOperOrgPhone": "(495) 841-81-47", "global_id": 859852329 }, "geometry": { "type": "MultiLineString", "coordinates": [ [ [ 37.3743162, 55.589626819 ], [ 37.376961356, 55.589646109 ], [ 37.377688234, 55.58964459 ], [ 37.378104744, 55.589656371 ], [ 37.378147659, 55.589738398 ], [ 37.378327367, 55.589802196 ], [ 37.378549991, 55.589808272 ], [ 37.378692148, 55.58978093 ], [ 37.378769932, 55.58971865 ], [ 37.378858445, 55.589629028 ], [ 37.378834305, 55.58956371 ], [ 37.378777978, 55.58948624 ], [ 37.378678737, 55.589433074 ], [ 37.378539262, 55.589408769 ], [ 37.3783676, 55.589434593 ], [ 37.378244219, 55.589518139 ], [ 37.378230808, 55.589568267 ], [ 37.377707777, 55.589572824 ], [ 37.374387914, 55.589592775 ], [ 37.374315494, 55.589591256 ], [ 37.374315494, 55.589611003 ] ], [ [ 37.370896432, 55.592449728 ], [ 37.368781202, 55.593639895 ] ] ] } },
{ "type": "Feature", "properties": { "datasetId": 897, "rowId": null, "releaseNumber": 193, "versionNumber": 6, "ID": 2, "Name": "Велодорожка в месте массового отдыха населения г. Московский", "PortionName": "", "Type": "Велосипедная дорожка одностороннего движения", "Width": 1.5, "Location": "г. Московский место массового отдыха населения между микрорайоном 3 и поселком института полиомиелита", "OperOrgName": "Администрация поселения Московский", "DepartmentalAffiliation": "ПРЕФЕКТУРА ТРОИЦКОГО И НОВОМОСКОВСКОГО АДМИНИСТРАТИВНЫХ ОКРУГОВ ГОРОДА МОСКВЫ", "ObjectOperOrgPhone": "(495) 841-81-47", "global_id": 859852727 }, "geometry": { "type": "MultiLineString", "coordinates": [ [ [ 37.337208618, 55.59412526 ], [ 37.33746611, 55.595012257 ], [ 37.338066925, 55.595461823 ], [ 37.338817943, 55.595704829 ], [ 37.3399552, 55.595911384 ], [ 37.340448726, 55.596130087 ], [ 37.340019573, 55.59671329 ], [ 37.339483131, 55.597211436 ], [ 37.339139808, 55.597369384 ], [ 37.339290012, 55.597928269 ], [ 37.339440216, 55.598122662 ], [ 37.33911835, 55.598657238 ], [ 37.33903252, 55.599203956 ], [ 37.339139808, 55.599774965 ], [ 37.338345874, 55.600236625 ], [ 37.337530483, 55.600090838 ], [ 37.336929668, 55.600005795 ], [ 37.335577835, 55.600078689 ], [ 37.334655155, 55.600254848 ], [ 37.335513462, 55.600008833 ], [ 37.335298885, 55.599685366 ], [ 37.335642208, 55.599313299 ], [ 37.336049903, 55.599033867 ], [ 37.337221048, 55.597051578 ], [ 37.337819348, 55.596210436 ], [ 37.338066925, 55.595619777 ], [ 37.337144245, 55.595000106 ], [ 37.336994041, 55.594088807 ] ], [ [ 37.337222532, 55.597042245 ], [ 37.338088829, 55.59720308 ], [ 37.338398941, 55.597319481 ], [ 37.33888565, 55.59737545 ], [ 37.339393773, 55.597254269 ] ] ] } },
{ "type": "Feature", "properties": { "datasetId": 897, "rowId": null, "releaseNumber": 193, "versionNumber": 6, "ID": 3, "Name": "велодорожка вдоль ул. Солнечная г. Троицк", "PortionName": "", "Type": "Велосипедная дорожка двухстороннего движения", "Width": 2.3, "Location": "г. Москва, г. Троицк, ул. Солнечная", "OperOrgName": "Муниципальное бюджетное учреждение «Дорожное хозяйство и благоустройство»", "DepartmentalAffiliation": "ПРЕФЕКТУРА ТРОИЦКОГО И НОВОМОСКОВСКОГО АДМИНИСТРАТИВНЫХ ОКРУГОВ ГОРОДА МОСКВЫ", "ObjectOperOrgPhone": "(926) 095-83-50", "global_id": 859856960 }, "geometry": { "type": "MultiLineString", "coordinates": [ [ [ 37.293528984, 55.466055543 ], [ 37.292568753, 55.466503544 ], [ 37.292434642, 55.466805257 ], [ 37.292144964, 55.467634191 ], [ 37.291762434, 55.468682749 ], [ 37.290915675, 55.470925244 ] ] ] } },
{ "type": "Feature", "properties": { "datasetId": 897, "rowId": null, "releaseNumber": 193, "versionNumber": 6, "ID": 4, "Name": "велодорожка вдоль Октябрьского проспекта г. Троицк", "PortionName": "", "Type": "Велосипедная дорожка двухстороннего движения", "Width": 2.3, "Location": "г. Москва, г. Троицк, ул. Октябрьский проспект", "OperOrgName": "Муниципальное бюджетное учреждение «Дорожное хозяйство и благоустройство»", "DepartmentalAffiliation": "ПРЕФЕКТУРА ТРОИЦКОГО И НОВОМОСКОВСКОГО АДМИНИСТРАТИВНЫХ ОКРУГОВ ГОРОДА МОСКВЫ", "ObjectOperOrgPhone": "(926) 095-83-50", "global_id": 859856971 }, "geometry": { "type": "MultiLineString", "coordinates": [ [ [ 37.290928303, 55.470892878 ], [ 37.295069633, 55.47431786 ], [ 37.297041705, 55.476126025 ], [ 37.296655467, 55.476260087 ], [ 37.299655797, 55.478720923 ], [ 37.300084624, 55.479095314 ], [ 37.300385032, 55.479509654 ], [ 37.300942931, 55.480240832 ], [ 37.303016162, 55.482963376 ], [ 37.303524692, 55.483356923 ], [ 37.303755362, 55.483469636 ] ] ] } },
{ "type": "Feature", "properties": { "datasetId": 897, "rowId": null, "releaseNumber": 193, "versionNumber": 6, "ID": 1, "Name": "улица Миклухо-Маклая", "PortionName": "", "Type": "Велопешеходная дорожка с раздельным движением", "Width": 2.3, "Location": "улица Миклухо-Маклая", "OperOrgName": "Государственное бюджетное учреждение «Автомобильные дороги ЮЗАО»", "DepartmentalAffiliation": "ПРЕФЕКТУРА ЮГО-ЗАПАДНОГО АДМИНИСТРАТИВНОГО ОКРУГА ГОРОДА МОСКВЫ", "ObjectOperOrgPhone": "(499) 128-17-63", "global_id": 860061510 }, "geometry": { "type": "MultiLineString", "coordinates": [ [ [ 37.527008491, 55.6425381 ], [ 37.528767693, 55.642061335 ] ], [ [ 37.528804232, 55.642053271 ], [ 37.529643764, 55.641833307 ] ], [ [ 37.52967595, 55.641822688 ], [ 37.530673732, 55.641567833 ] ], [ [ 37.530712527, 55.641558578 ], [ 37.53149305, 55.641350748 ] ], [ [ 37.531535966, 55.641340129 ], [ 37.532749563, 55.640985543 ] ], [ [ 37.532782118, 55.640977052 ], [ 37.534074943, 55.640600828 ] ], [ [ 37.534112494, 55.640591726 ], [ 37.534445088, 55.640508288 ], [ 37.535051267, 55.640320175 ] ], [ [ 37.535085154, 55.640311035 ], [ 37.536509407, 55.639928736 ] ], [ [ 37.536552322, 55.639921151 ], [ 37.536764216, 55.639912049 ], [ 37.536858094, 55.639898395 ], [ 37.537189567, 55.639815817 ], [ 37.537235164, 55.639793061 ], [ 37.537261986, 55.639765753 ], [ 37.537275397, 55.639732378 ], [ 37.537312948, 55.639711139 ], [ 37.53736391, 55.639695968 ], [ 37.537465834, 55.639677763 ], [ 37.537755513, 55.639650456 ], [ 37.53782525, 55.639644387 ], [ 37.537903034, 55.639651973 ], [ 37.537978136, 55.639665626 ] ], [ [ 37.537981541, 55.63966811 ], [ 37.538185389, 55.639710588 ], [ 37.538448246, 55.639800096 ] ], [ [ 37.538681598, 55.63973031 ], [ 37.538678916, 55.639564949 ], [ 37.538686962, 55.639469373 ], [ 37.538722183, 55.639421984 ], [ 37.538762416, 55.639400744 ], [ 37.539451744, 55.639218693 ], [ 37.540361013, 55.638982026 ], [ 37.541213955, 55.638755977 ] ], [ [ 37.541254188, 55.638749908 ], [ 37.542632139, 55.638371463 ] ], [ [ 37.54266969, 55.638357809 ], [ 37.543152487, 55.638224301 ], [ 37.543541408, 55.638131756 ], [ 37.543635285, 55.638121136 ], [ 37.543696976, 55.638128722 ], [ 37.54422245, 55.638216716 ], [ 37.544284141, 55.638213682 ], [ 37.544442391, 55.63818789 ] ] ] } },
{ "type": "Feature", "properties": { "datasetId": 897, "rowId": null, "releaseNumber": 193, "versionNumber": 6, "ID": 2, "Name": "Парк 70-летия Победы", "PortionName": "", "Type": "Велосипедная дорожка двухстороннего движения", "Width": 1.3, "Location": "улица Перекопская дом 34 корпус 4", "OperOrgName": "Государственное бюджетное учреждение «Автомобильные дороги ЮЗАО»", "DepartmentalAffiliation": "ПРЕФЕКТУРА ЮГО-ЗАПАДНОГО АДМИНИСТРАТИВНОГО ОКРУГА ГОРОДА МОСКВЫ", "ObjectOperOrgPhone": "(499) 128-17-63", "global_id": 860062678 }, "geometry": { "type": "MultiLineString", "coordinates": [ [ [ 37.57500066, 55.66491882 ], [ 37.574968474, 55.664880917 ], [ 37.57489069, 55.664853628 ], [ 37.574812906, 55.664843015 ], [ 37.574748533, 55.664850595 ], [ 37.574649291, 55.664879401 ], [ 37.574566142, 55.664894562 ], [ 37.574472265, 55.66488395 ], [ 37.574354248, 55.664847563 ], [ 37.57424696, 55.664835435 ], [ 37.574163811, 55.664853628 ], [ 37.574064569, 55.664882434 ], [ 37.574005561, 55.664908207 ], [ 37.573938505, 55.664909723 ], [ 37.57384731, 55.664897594 ], [ 37.573710518, 55.664896078 ], [ 37.573514716, 55.664927916 ], [ 37.573364513, 55.664932465 ], [ 37.573061423, 55.664964303 ], [ 37.572991686, 55.664964303 ], [ 37.5728388, 55.664993108 ], [ 37.572640316, 55.665073461 ] ], [ [ 37.572227299, 55.665082031 ], [ 37.571967125, 55.665027452 ], [ 37.569842815, 55.665113869 ], [ 37.56878767, 55.665161998 ] ], [ [ 37.569849825, 55.665113483 ], [ 37.569788134, 55.665080129 ], [ 37.569699621, 55.665057388 ], [ 37.569608426, 55.665061936 ], [ 37.569369709, 55.665080129 ], [ 37.569058573, 55.665104386 ], [ 37.568905687, 55.665122579 ], [ 37.568774259, 55.665163514 ], [ 37.568586504, 55.665186255 ], [ 37.568261957, 55.665252963 ], [ 37.568125164, 55.665296929 ], [ 37.568060791, 55.665322702 ], [ 37.568028605, 55.665310574 ], [ 37.567920728, 55.665232354 ], [ 37.567853673, 55.665167162 ], [ 37.567805393, 55.665070133 ], [ 37.567673965, 55.664974619 ], [ 37.567580088, 55.66490033 ], [ 37.567529126, 55.664845751 ], [ 37.567378922, 55.664525853 ], [ 37.567285045, 55.664431854 ], [ 37.567137523, 55.664342403 ], [ 37.567022188, 55.664281759 ], [ 37.56670837, 55.664169566 ], [ 37.566179975, 55.664001275 ], [ 37.565643533, 55.663823888 ], [ 37.565463825, 55.663766274 ], [ 37.565399452, 55.663758694 ], [ 37.564873739, 55.663585853 ] ], [ [ 37.56545846, 55.663763242 ], [ 37.565418227, 55.6637405 ], [ 37.564889832, 55.663569176 ] ], [ [ 37.564872771, 55.663584593 ], [ 37.564918368, 55.663542141 ] ], [ [ 37.56499347, 55.663479979 ], [ 37.565186589, 55.663313202 ] ], [ [ 37.565154403, 55.663308653 ], [ 37.565106123, 55.663275298 ], [ 37.565073936, 55.663228297 ], [ 37.565068572, 55.663188877 ], [ 37.565092712, 55.663123682 ], [ 37.565205365, 55.662952355 ], [ 37.56543067, 55.662788608 ], [ 37.566012709, 55.662492952 ], [ 37.566085129, 55.662442918 ] ], [ [ 37.566159241, 55.662486266 ], [ 37.567135565, 55.662877441 ], [ 37.567285769, 55.662918378 ] ], [ [ 37.567334048, 55.662932023 ], [ 37.567816846, 55.663068479 ], [ 37.568382792, 55.663224643 ] ], [ [ 37.56842868, 55.66324137 ], [ 37.569241389, 55.663485471 ], [ 37.569458648, 55.663553698 ], [ 37.57015334, 55.663846313 ], [ 37.570970489, 55.664188105 ], [ 37.571211887, 55.664292717 ], [ 37.571426464, 55.664382168 ], [ 37.571593678, 55.664459286 ], [ 37.571786797, 55.664562382 ], [ 37.571990645, 55.664715509 ], [ 37.572184664, 55.664920015 ], [ 37.571967405, 55.665026142 ] ], [ [ 37.572181982, 55.664918499 ], [ 37.572243673, 55.664997336 ], [ 37.572283906, 55.665039786 ], [ 37.572265131, 55.665070108 ], [ 37.572228594, 55.665082156 ] ] ] } },
{ "type": "Feature", "properties": { "datasetId": 897, "rowId": null, "releaseNumber": 193, "versionNumber": 6, "ID": 10001, "Name": "Велосипедная дорожка в сквере по адресу ул. Героев Панфиловцев, д. 22, корп. 1", "PortionName": "", "Type": "Велосипедная дорожка двухстороннего движения", "Width": 0.8, "Location": "ул. Героев Панфиловцев, д. 22, корп. 1", "OperOrgName": "ГБУ Жилищник района Северное Тушино", "DepartmentalAffiliation": "ПРЕФЕКТУРА СЕВЕРО-ЗАПАДНОГО АДМИНИСТРАТИВНОГО ОКРУГА ГОРОДА МОСКВЫ", "ObjectOperOrgPhone": "(495) 496-46-92", "global_id": 860073043 }, "geometry": { "type": "MultiLineString", "coordinates": [ [ [ 37.409967461, 55.857380042 ], [ 37.410933057, 55.857558056 ], [ 37.410874048, 55.857832619 ], [ 37.410648742, 55.857908048 ], [ 37.412596026, 55.858152437 ], [ 37.413337833, 55.858278301 ] ] ] } },
{ "type": "Feature", "properties": { "datasetId": 897, "rowId": null, "releaseNumber": 193, "versionNumber": 6, "ID": 10002, "Name": "Велосипедная дорожка на территории Березовой рощи (между ул. 3-я Хорошевская д. 5-9 и Новохорошевским проездом д. 8-10)", "PortionName": "", "Type": "Велосипедная дорожка одностороннего движения", "Width": 1.1, "Location": "территория Березовой рощи (между ул. 3-я Хорошевская д. 5-9 и Новохорошевским проездом д. 8-10)", "OperOrgName": "ГБУ Жилищник района Хорошево-Мневники", "DepartmentalAffiliation": "ПРЕФЕКТУРА СЕВЕРО-ЗАПАДНОГО АДМИНИСТРАТИВНОГО ОКРУГА ГОРОДА МОСКВЫ", "ObjectOperOrgPhone": "(499) 191-40-86", "global_id": 860139341 }, "geometry": { "type": "MultiLineString", "coordinates": [ [ [ 37.496792555, 55.779313335 ], [ 37.49768137, 55.779704419 ], [ 37.498150757, 55.779931162 ], [ 37.499218276, 55.780070231 ], [ 37.499609878, 55.780194183 ], [ 37.499663523, 55.780309065 ], [ 37.499652794, 55.780393714 ], [ 37.499765447, 55.780520689 ], [ 37.49973326, 55.780871377 ], [ 37.499518683, 55.780943933 ], [ 37.499352386, 55.780940909 ], [ 37.498107841, 55.780877423 ], [ 37.496723822, 55.78075045 ], [ 37.49655216, 55.780659755 ], [ 37.496530702, 55.78055092 ], [ 37.496536067, 55.780303018 ], [ 37.49660044, 55.780185113 ], [ 37.496739915, 55.780094417 ], [ 37.496809652, 55.780006743 ], [ 37.497319272, 55.779952325 ], [ 37.497866443, 55.779897907 ], [ 37.498131981, 55.779920581 ], [ 37.499727896, 55.780859549 ] ], [ [ 37.497684004, 55.779702694 ], [ 37.500106038, 55.779725369 ], [ 37.49951327, 55.779796415 ], [ 37.49923432, 55.780074553 ], [ 37.49910021, 55.779714787 ] ], [ [ 37.500117948, 55.779719289 ], [ 37.500246694, 55.779654289 ], [ 37.499981155, 55.7791751 ] ], [ [ 37.500254741, 55.779648243 ], [ 37.500686576, 55.779344404 ], [ 37.501035263, 55.779167542 ] ] ] } },
{ "type": "Feature", "properties": { "datasetId": 897, "rowId": null, "releaseNumber": 193, "versionNumber": 6, "ID": 33, "Name": "Крымская набережная, Музеон", "PortionName": "", "Type": "Велосипедная дорожка двухстороннего движения", "Width": 1.5, "Location": "Крымская набережная, владение 2", "OperOrgName": "Государственное автономное учреждение культуры города Москвы «Центральный парк культуры и отдыха имени М. Горького»", "DepartmentalAffiliation": "ДЕПАРТАМЕНТ КУЛЬТУРЫ ГОРОДА МОСКВЫ", "ObjectOperOrgPhone": "(495) 995-00-20", "global_id": 860145498 }, "geometry": { "type": "MultiLineString", "coordinates": [ [ [ 37.600431126, 55.733684205 ], [ 37.600557908, 55.733785991 ], [ 37.601045966, 55.734058274 ], [ 37.601133138, 55.734111885 ], [ 37.601311215, 55.73419302 ], [ 37.601451357, 55.734225539 ], [ 37.601887566, 55.734409125 ], [ 37.602272463, 55.73464597 ], [ 37.602722347, 55.73491831 ], [ 37.602843046, 55.734993817 ], [ 37.602947652, 55.735055733 ], [ 37.603121996, 55.735136526 ], [ 37.603437155, 55.735273193 ], [ 37.603508234, 55.73530113 ], [ 37.603834849, 55.735410977 ], [ 37.604095638, 55.735532179 ], [ 37.604338378, 55.735660539 ], [ 37.604594529, 55.735797204 ], [ 37.604645491, 55.735823631 ], [ 37.604784669, 55.735901004 ], [ 37.604876161, 55.735943685 ], [ 37.605203805, 55.736080663 ], [ 37.605609848, 55.736226734 ], [ 37.605859605, 55.736383327 ], [ 37.606307846, 55.736668551 ], [ 37.606863063, 55.73708622 ], [ 37.606984377, 55.737239333 ], [ 37.607139945, 55.737363157 ], [ 37.607432306, 55.737580603 ], [ 37.607636154, 55.737710467 ], [ 37.607818544, 55.737819189 ], [ 37.608236969, 55.738003413 ], [ 37.608383149, 55.738069099 ], [ 37.608579677, 55.738137939 ], [ 37.608847171, 55.738241996 ], [ 37.608957142, 55.738280501 ], [ 37.609037608, 55.738306926 ], [ 37.609252185, 55.738369592 ], [ 37.609800649, 55.738568786 ], [ 37.610373348, 55.738814665 ], [ 37.610679185, 55.738969086 ], [ 37.610743493, 55.738978876 ], [ 37.610782385, 55.738956226 ], [ 37.610786408, 55.738870157 ], [ 37.61078909, 55.738777293 ], [ 37.610754222, 55.738718403 ], [ 37.610731423, 55.738691223 ], [ 37.610697895, 55.738651208 ], [ 37.610648274, 55.738610438 ], [ 37.610554397, 55.738559098 ], [ 37.610403579, 55.738482958 ], [ 37.610275447, 55.738424707 ], [ 37.610131949, 55.738364307 ], [ 37.609831542, 55.738219346 ], [ 37.609615624, 55.738124214 ], [ 37.609431893, 55.738035878 ], [ 37.609340698, 55.737993597 ], [ 37.609155625, 55.737894691 ], [ 37.608974576, 55.737799559 ], [ 37.608847171, 55.737735382 ], [ 37.608658075, 55.737639495 ], [ 37.608459592, 55.737533037 ], [ 37.608316094, 55.73746131 ], [ 37.60825038, 55.737432619 ], [ 37.608099562, 55.737358611 ], [ 37.608029824, 55.737320779 ], [ 37.607772332, 55.737186097 ], [ 37.607453149, 55.737019635 ], [ 37.605961408, 55.736223044 ], [ 37.605266715, 55.735850765 ], [ 37.604354764, 55.735351362 ], [ 37.603855873, 55.735088038 ], [ 37.603485729, 55.7348913 ], [ 37.602960016, 55.734612839 ], [ 37.602525498, 55.734370697 ], [ 37.60229751, 55.734243572 ], [ 37.602037336, 55.734107366 ], [ 37.60170206, 55.733930297 ], [ 37.601407017, 55.733769876 ], [ 37.601297046, 55.733706312 ], [ 37.601221944, 55.733692691 ], [ 37.601109291, 55.733679071 ], [ 37.601042236, 55.733673017 ], [ 37.600991274, 55.733656369 ], [ 37.60093763, 55.733623074 ], [ 37.600854482, 55.733548916 ] ] ] } },
{ "type": "Feature", "properties": { "datasetId": 897, "rowId": null, "releaseNumber": 193, "versionNumber": 6, "ID": 35, "Name": "Андреевская набережная, Природный заказник «Воробьёвы горы»", "PortionName": "", "Type": "Велосипедная дорожка двухстороннего движения", "Width": 1.5, "Location": "улица Крымский Вал, дом 9", "OperOrgName": "Государственное автономное учреждение культуры города Москвы «Центральный парк культуры и отдыха имени М. Горького»", "DepartmentalAffiliation": "ДЕПАРТАМЕНТ КУЛЬТУРЫ ГОРОДА МОСКВЫ", "ObjectOperOrgPhone": "(495) 995-00-20", "global_id": 860145501 }, "geometry": { "type": "MultiLineString", "coordinates": [ [ [ 37.558521948, 55.709525418 ], [ 37.559278331, 55.709536019 ], [ 37.560031638, 55.709542668 ], [ 37.560885251, 55.709556268 ], [ 37.561250031, 55.709560801 ], [ 37.561684549, 55.709560801 ], [ 37.562068105, 55.709560801 ], [ 37.56274268, 55.709559668 ], [ 37.563040754, 55.709566673 ], [ 37.563406862, 55.709597824 ], [ 37.564542443, 55.709736847 ], [ 37.564881742, 55.709782936 ], [ 37.565518767, 55.709872092 ], [ 37.566319406, 55.710014136 ], [ 37.566706985, 55.710092713 ], [ 37.56691888, 55.710133513 ], [ 37.567716837, 55.710327689 ], [ 37.568227798, 55.710456888 ], [ 37.568913102, 55.71062613 ], [ 37.569603771, 55.710794615 ], [ 37.57062301, 55.711053764 ], [ 37.570763826, 55.711091541 ], [ 37.572177351, 55.711466283 ], [ 37.572377175, 55.711519925 ], [ 37.573046386, 55.711702762 ], [ 37.573837638, 55.711909019 ], [ 37.574380785, 55.712060122 ], [ 37.574754283, 55.712176848 ], [ 37.574902475, 55.712224823 ], [ 37.575489602, 55.712410165 ], [ 37.575550899, 55.712432966 ], [ 37.575679645, 55.712485096 ], [ 37.575910315, 55.712583312 ], [ 37.576043755, 55.712639219 ], [ 37.576075774, 55.712658533 ], [ 37.576505765, 55.71284887 ], [ 37.576837689, 55.712996948 ], [ 37.577149495, 55.713133693 ], [ 37.577721477, 55.713379983 ] ] ] } },
{ "type": "Feature", "properties": { "datasetId": 897, "rowId": null, "releaseNumber": 193, "versionNumber": 6, "ID": 10003, "Name": "Велодорожка на территории между мкр.15 и мкр.4 Парк Дубрава", "PortionName": "Велодорожка на территории между мкр.15 и мкр.4 Парк Дубрава", "Type": "Велопешеходная зона", "Width": 1.5, "Location": "г. Москва, район Куркино, территория между мкр.15 и мкр.4.", "OperOrgName": "ГБУ Жилищник района Куркино", "DepartmentalAffiliation": "ПРЕФЕКТУРА СЕВЕРО-ЗАПАДНОГО АДМИНИСТРАТИВНОГО ОКРУГА ГОРОДА МОСКВЫ", "ObjectOperOrgPhone": "(499) 744-88-11", "global_id": 860147180 }, "geometry": { "type": "MultiLineString", "coordinates": [ [ [ 37.392896386, 55.894057175 ], [ 37.392869564, 55.894470137 ], [ 37.392638894, 55.894789652 ], [ 37.392370673, 55.895193563 ], [ 37.392553063, 55.895543214 ], [ 37.392821284, 55.895844635 ], [ 37.392756911, 55.896218394 ], [ 37.392713996, 55.896453498 ], [ 37.39295003, 55.896718742 ], [ 37.3925395, 55.896901345 ], [ 37.392181425, 55.897081438 ], [ 37.392127781, 55.897082945 ] ] ] } },
{ "type": "Feature", "properties": { "datasetId": 897, "rowId": null, "releaseNumber": 193, "versionNumber": 6, "ID": 10004, "Name": "Велосипедная дорожка на бульварной зоне по Пятницкому шоссе", "PortionName": "", "Type": [ "Велопешеходная зона", "Велосипедная дорожка двухстороннего движения" ], "Width": 3.5, "Location": "Пятницкое шоссе от д.7 до д.23", "OperOrgName": "ГБУ Жилищник Митино", "DepartmentalAffiliation": "ПРЕФЕКТУРА СЕВЕРО-ЗАПАДНОГО АДМИНИСТРАТИВНОГО ОКРУГА ГОРОДА МОСКВЫ", "ObjectOperOrgPhone": "(495) 753-12-22", "global_id": 860147958 }, "geometry": { "type": "MultiLineString", "coordinates": [ [ [ 37.386954042, 55.837465713 ], [ 37.386902278, 55.837729727 ], [ 37.386813451, 55.83801665 ], [ 37.386750085, 55.838200452 ], [ 37.38668383, 55.838342515 ], [ 37.386587271, 55.838550803 ], [ 37.386438411, 55.838866164 ], [ 37.386327211, 55.83910369 ], [ 37.386327211, 55.839155007 ], [ 37.386356716, 55.839224435 ], [ 37.386393672, 55.839306512 ], [ 37.386353438, 55.839345754 ], [ 37.386154073, 55.839439699 ], [ 37.386093579, 55.839480776 ], [ 37.386050664, 55.839512471 ], [ 37.385870956, 55.839767541 ], [ 37.385659065, 55.840025483 ], [ 37.385287599, 55.840393131 ], [ 37.384852178, 55.840843888 ], [ 37.384675014, 55.840988766 ], [ 37.384420376, 55.841186195 ], [ 37.384189308, 55.841334706 ], [ 37.383869273, 55.84156682 ], [ 37.383559968, 55.841787908 ], [ 37.383192505, 55.842053527 ] ], [ [ 37.382625591, 55.842255328 ], [ 37.382703376, 55.842317204 ], [ 37.382687282, 55.842348897 ], [ 37.382209841, 55.842597256 ], [ 37.381337639, 55.843021222 ], [ 37.380450183, 55.843453871 ], [ 37.37976482, 55.843805821 ], [ 37.378984222, 55.844189426 ], [ 37.378541657, 55.844408246 ], [ 37.377979152, 55.844685786 ], [ 37.37787991, 55.844614858 ] ], [ [ 37.377385736, 55.844866629 ], [ 37.377490342, 55.844926992 ], [ 37.376082552, 55.845620029 ], [ 37.374546395, 55.846365394 ], [ 37.372977877, 55.847152269 ], [ 37.371272919, 55.847978232 ], [ 37.370548888, 55.848329399 ] ], [ [ 37.370275303, 55.848468223 ], [ 37.369661008, 55.848755804 ], [ 37.369592937, 55.848906232 ], [ 37.369206699, 55.849081267 ], [ 37.369036483, 55.849089439 ], [ 37.367819804, 55.849648552 ], [ 37.367691058, 55.849610829 ] ] ] } },
{ "type": "Feature", "properties": { "datasetId": 897, "rowId": null, "releaseNumber": 193, "versionNumber": 6, "ID": 10005, "Name": "Велосипедная дорожка на территории набережной-сквера вдоль левого берега реки Сходня", "PortionName": "", "Type": [ "Велопешеходная зона", "Велосипедная дорожка одностороннего движения" ], "Width": 1.1, "Location": "Левый берег реки Сходня", "OperOrgName": "ГБУ Жилищник Покровское-Стрешнево", "DepartmentalAffiliation": "ПРЕФЕКТУРА СЕВЕРО-ЗАПАДНОГО АДМИНИСТРАТИВНОГО ОКРУГА ГОРОДА МОСКВЫ", "ObjectOperOrgPhone": "(499) 492-29-36", "global_id": 860148013 }, "geometry": { "type": "MultiLineString", "coordinates": [ [ [ 37.429342995, 55.829123218 ], [ 37.429187426, 55.829144354 ], [ 37.428479323, 55.828990364 ], [ 37.427374253, 55.829117179 ], [ 37.427020202, 55.829153412 ], [ 37.426773438, 55.829237955 ], [ 37.426365743, 55.829316459 ], [ 37.425823936, 55.828902801 ], [ 37.425616968, 55.828752033 ], [ 37.425246823, 55.828601061 ], [ 37.424780119, 55.828450089 ], [ 37.424031894, 55.828207781 ], [ 37.422952766, 55.827871197 ], [ 37.422313075, 55.827657786 ], [ 37.422018032, 55.827627591 ], [ 37.421739083, 55.827533986 ] ] ] } },
{ "type": "Feature", "properties": { "datasetId": 897, "rowId": null, "releaseNumber": 193, "versionNumber": 6, "ID": 1, "Name": "Велодорожка в парке имени Святослава Федорова", "PortionName": "Велодорожка в парке имени Святослава Федорова", "Type": "Велосипедная дорожка двухстороннего движения", "Width": 1.5, "Location": "парк имени Святослава Федорова", "OperOrgName": "Государственное бюджетное учреждение Жилищник Бескудниковского района", "DepartmentalAffiliation": "ПРЕФЕКТУРА СЕВЕРНОГО АДМИНИСТРАТИВНОГО ОКРУГА ГОРОДА МОСКВЫ", "ObjectOperOrgPhone": "(499) 487-04-90", "global_id": 860363093 }, "geometry": { "type": "MultiLineString", "coordinates": [ [ [ 37.552042007, 55.866149093 ], [ 37.549450994, 55.865524487 ], [ 37.548624873, 55.865422141 ], [ 37.548522949, 55.865647904 ], [ 37.548125982, 55.866280034 ], [ 37.547927499, 55.867074696 ], [ 37.547691464, 55.867700782 ], [ 37.547471523, 55.86820947 ], [ 37.548598051, 55.86819141 ], [ 37.549236417, 55.868119171 ], [ 37.549670935, 55.868007802 ], [ 37.550089359, 55.867863322 ], [ 37.550180554, 55.867691752 ], [ 37.550754547, 55.867508141 ], [ 37.551033497, 55.86730948 ], [ 37.551848888, 55.866304115 ], [ 37.552369237, 55.865629843 ], [ 37.552535534, 55.865383009 ], [ 37.552594543, 55.865160255 ], [ 37.552814484, 55.864994693 ], [ 37.553243637, 55.86433545 ], [ 37.553468943, 55.864022381 ], [ 37.554010749, 55.863405267 ], [ 37.554348707, 55.862968765 ], [ 37.554402351, 55.862463019 ], [ 37.554236054, 55.862011455 ], [ 37.553463578, 55.861418393 ], [ 37.551752329, 55.862339592 ], [ 37.551666498, 55.862490113 ], [ 37.551087141, 55.86277008 ], [ 37.551054955, 55.863158418 ], [ 37.551612854, 55.863474505 ], [ 37.552170753, 55.863625021 ], [ 37.552508712, 55.863673186 ], [ 37.552878857, 55.863655124 ], [ 37.553522587, 55.863576856 ], [ 37.55376935, 55.863646093 ] ] ] } },
{ "type": "Feature", "properties": { "datasetId": 897, "rowId": null, "releaseNumber": 193, "versionNumber": 6, "ID": 2, "Name": "Велодорожка вдоль Бескудниковского бульвара", "PortionName": "Велодорожка вдоль Бескудниковского бульвара", "Type": "Велосипедная дорожка двухстороннего движения", "Width": 2.5, "Location": "Бескудниковский бульвар", "OperOrgName": "ГБУ Жилищник Бескудниковского района", "DepartmentalAffiliation": "ПРЕФЕКТУРА СЕВЕРНОГО АДМИНИСТРАТИВНОГО ОКРУГА ГОРОДА МОСКВЫ", "ObjectOperOrgPhone": "(499) 487-04-90", "global_id": 860372830 }, "geometry": { "type": "MultiLineString", "coordinates": [ [ [ 37.533974648, 55.875271713 ], [ 37.533845901, 55.875049016 ], [ 37.533835173, 55.874844373 ], [ 37.534221411, 55.874477219 ], [ 37.534661293, 55.874152193 ], [ 37.534929514, 55.874055889 ], [ 37.535610795, 55.873779765 ], [ 37.536788285, 55.873347895 ], [ 37.537040412, 55.873356923 ], [ 37.537520528, 55.873257608 ], [ 37.537815571, 55.873137224 ], [ 37.5378263, 55.873263627 ], [ 37.538169622, 55.873034898 ], [ 37.538735569, 55.873013831 ], [ 37.539942563, 55.873107128 ], [ 37.539945245, 55.873194406 ], [ 37.540586293, 55.873275665 ], [ 37.541028857, 55.873116157 ], [ 37.541264892, 55.873169577 ], [ 37.542268038, 55.873235788 ], [ 37.54280448, 55.873269646 ], [ 37.543161213, 55.873508906 ], [ 37.543263137, 55.873463763 ], [ 37.543568909, 55.873486335 ], [ 37.543826401, 55.87334338 ], [ 37.543965876, 55.873340371 ], [ 37.545942664, 55.873480315 ], [ 37.546237707, 55.873632298 ], [ 37.547543943, 55.873725594 ], [ 37.548198402, 55.873769232 ], [ 37.548418343, 55.873633803 ], [ 37.549035251, 55.873566088 ], [ 37.549874783, 55.873433667 ], [ 37.550808191, 55.873279427 ], [ 37.551419735, 55.873339618 ], [ 37.551752329, 55.873261369 ], [ 37.552771568, 55.872882161 ], [ 37.553147078, 55.872623334 ], [ 37.553372383, 55.872460814 ], [ 37.553640604, 55.872262178 ], [ 37.55400002, 55.872068055 ], [ 37.554064393, 55.872043977 ], [ 37.554198503, 55.871959707 ], [ 37.55423069, 55.871852863 ], [ 37.554123402, 55.871750534 ], [ 37.554788589, 55.871016162 ], [ 37.555035353, 55.87037809 ], [ 37.555528879, 55.869902539 ], [ 37.555818558, 55.869529318 ], [ 37.556054592, 55.869023657 ], [ 37.556762695, 55.8689454 ], [ 37.556869984, 55.868800924 ], [ 37.556612492, 55.868397592 ], [ 37.557835579, 55.866766164 ], [ 37.558039427, 55.866380872 ], [ 37.558876276, 55.865435687 ], [ 37.559477091, 55.864695175 ], [ 37.559766769, 55.86462293 ], [ 37.560056448, 55.864345986 ], [ 37.560367584, 55.864159349 ], [ 37.560099363, 55.863599433 ], [ 37.560356855, 55.863274317 ], [ 37.560818195, 55.863135841 ], [ 37.561708689, 55.861714925 ], [ 37.561944723, 55.86113089 ], [ 37.562191486, 55.86051674 ], [ 37.562288046, 55.859414858 ], [ 37.562223673, 55.858878959 ], [ 37.562459707, 55.85866821 ] ] ] } },
{ "type": "Feature", "properties": { "datasetId": 897, "rowId": null, "releaseNumber": 193, "versionNumber": 6, "ID": 3, "Name": "Парк Усадьба Михалково", "PortionName": "Велодорожка в парке у Головинских прудов", "Type": "Велопешеходная дорожка с совмещенным движением", "Width": 2.0, "Location": "Парк Усадьба Михалково", "OperOrgName": "ГБУ Жилищник Головинского района", "DepartmentalAffiliation": "ПРЕФЕКТУРА СЕВЕРНОГО АДМИНИСТРАТИВНОГО ОКРУГА ГОРОДА МОСКВЫ", "ObjectOperOrgPhone": "(499) 153-00-12", "global_id": 860394937 }, "geometry": { "type": "MultiLineString", "coordinates": [ [ [ 37.5111866, 55.844301479 ], [ 37.50998497, 55.845241155 ], [ 37.511014938, 55.846469928 ], [ 37.513589859, 55.846903603 ], [ 37.515907288, 55.845819406 ], [ 37.516465187, 55.844446046 ], [ 37.517151833, 55.843675016 ], [ 37.51680851, 55.842638919 ], [ 37.51625061, 55.842157005 ], [ 37.514834404, 55.841072675 ], [ 37.512130737, 55.840301578 ], [ 37.510671616, 55.839747342 ], [ 37.509298325, 55.838855729 ], [ 37.509727478, 55.83806049 ], [ 37.508740425, 55.837819505 ], [ 37.507238388, 55.837843603 ], [ 37.505307198, 55.837506222 ], [ 37.504577637, 55.838397866 ], [ 37.504963875, 55.83938588 ], [ 37.507624626, 55.839795537 ], [ 37.508482933, 55.83948227 ], [ 37.510113716, 55.840494354 ], [ 37.51054287, 55.841385929 ], [ 37.511401176, 55.842108813 ], [ 37.51367569, 55.842807588 ], [ 37.511315346, 55.84425329 ] ] ] } },
{ "type": "Feature", "properties": { "datasetId": 897, "rowId": null, "releaseNumber": 193, "versionNumber": 6, "ID": 4, "Name": "Кронштадтский сквер", "PortionName": "Велодорожка в сквере вдоль Кронштадтского бульвара", "Type": "Велопешеходная дорожка с совмещенным движением", "Width": 1.5, "Location": "Кронштадтский бульвар", "OperOrgName": "ГБУ Автомобильные дороги САО", "DepartmentalAffiliation": "ПРЕФЕКТУРА СЕВЕРНОГО АДМИНИСТРАТИВНОГО ОКРУГА ГОРОДА МОСКВЫ", "ObjectOperOrgPhone": "(499) 152-23-29", "global_id": 860398459 }, "geometry": { "type": "MultiLineString", "coordinates": [ [ [ 37.50464201, 55.844563506 ], [ 37.505307198, 55.844605671 ], [ 37.505714893, 55.844726143 ], [ 37.506165504, 55.844997203 ], [ 37.506562471, 55.845003226 ], [ 37.507345676, 55.845177908 ], [ 37.508064508, 55.845304402 ], [ 37.508654594, 55.845551364 ], [ 37.508665323, 55.845834464 ], [ 37.507925034, 55.845973002 ], [ 37.507367134, 55.846045283 ], [ 37.506937981, 55.846370543 ], [ 37.50685215, 55.846593405 ], [ 37.50685215, 55.846828313 ], [ 37.506691217, 55.846984917 ], [ 37.506659031, 55.847255961 ], [ 37.506659031, 55.847490864 ], [ 37.506712675, 55.847635419 ], [ 37.507023811, 55.848020897 ], [ 37.507249117, 55.848442509 ], [ 37.507410049, 55.848689451 ], [ 37.507967949, 55.849153216 ], [ 37.508332729, 55.849641067 ], [ 37.508558035, 55.849894024 ], [ 37.508633137, 55.850044593 ], [ 37.508686781, 55.850110843 ], [ 37.508703545, 55.850082423 ], [ 37.508763224, 55.850060214 ], [ 37.50883095, 55.850060214 ], [ 37.508882582, 55.850070001 ], [ 37.508911416, 55.850101244 ], [ 37.508975118, 55.850127782 ], [ 37.509105206, 55.85016693 ], [ 37.508921474, 55.850104444 ], [ 37.508913428, 55.850145097 ], [ 37.508861125, 55.850174458 ], [ 37.508818209, 55.850187256 ], [ 37.508993894, 55.850254259 ], [ 37.508816868, 55.850185751 ], [ 37.508769929, 55.850187256 ], [ 37.508688122, 55.850157896 ], [ 37.508684099, 55.850114984 ] ], [ [ 37.506675124, 55.847031597 ], [ 37.506353259, 55.846835842 ], [ 37.505806088, 55.846266641 ], [ 37.505553961, 55.845926321 ], [ 37.505269647, 55.84557094 ], [ 37.505065799, 55.845323978 ], [ 37.504953146, 55.845209532 ], [ 37.504953146, 55.84505292 ], [ 37.504883409, 55.844878238 ], [ 37.504625916, 55.844697531 ], [ 37.50454545, 55.844610189 ], [ 37.504663467, 55.844562 ] ] ] } },
{ "type": "Feature", "properties": { "datasetId": 897, "rowId": null, "releaseNumber": 193, "versionNumber": 6, "ID": 5, "Name": "Велодорожка в Долине реки Лихоборки", "PortionName": "Велодорожка около Кронштадтского бульвара", "Type": "Велопешеходная дорожка с совмещенным движением", "Width": 2.0, "Location": "Велодорожка между Кронштадтским бульваром и Лихаборской набережной", "OperOrgName": "ГБУ Жилищник Головинского района", "DepartmentalAffiliation": "ПРЕФЕКТУРА СЕВЕРНОГО АДМИНИСТРАТИВНОГО ОКРУГА ГОРОДА МОСКВЫ", "ObjectOperOrgPhone": "(499) 153-00-12", "global_id": 860416691 }, "geometry": { "type": "MultiLineString", "coordinates": [ [ [ 37.513729334, 55.852026026 ], [ 37.514051199, 55.85193569 ], [ 37.515124083, 55.85193569 ], [ 37.518085241, 55.85289927 ] ], [ [ 37.518305182, 55.852955729 ], [ 37.518669963, 55.853091231 ], [ 37.519426346, 55.853024986 ], [ 37.520131767, 55.853143926 ], [ 37.521443367, 55.853256843 ], [ 37.522438467, 55.853550427 ], [ 37.522714734, 55.85354591 ], [ 37.523103654, 55.853643771 ], [ 37.523953915, 55.853703993 ], [ 37.524104118, 55.853746148 ], [ 37.524890006, 55.853755181 ], [ 37.525485456, 55.853755181 ], [ 37.526236475, 55.853803358 ], [ 37.527086735, 55.853807122 ], [ 37.527810931, 55.853852289 ], [ 37.52814889, 55.853942621 ], [ 37.528163642, 55.853961816 ] ] ] } },
{ "type": "Feature", "properties": { "datasetId": 897, "rowId": null, "releaseNumber": 193, "versionNumber": 6, "ID": 8, "Name": "Велодорожка в сквере у Академии хорового искусства имени В.С.Попова", "PortionName": "Велодорожка в сквере у Академии хорового искусства имени В.С.Попова", "Type": "Велосипедная дорожка одностороннего движения", "Width": 1.0, "Location": "ул.Фестивальная, д.4", "OperOrgName": "ГБУ Жилищник района Левобережный", "DepartmentalAffiliation": "ПРЕФЕКТУРА СЕВЕРНОГО АДМИНИСТРАТИВНОГО ОКРУГА ГОРОДА МОСКВЫ", "ObjectOperOrgPhone": "(499) 458-12-78", "global_id": 860429699 }, "geometry": { "type": "MultiLineString", "coordinates": [ [ [ 37.484697104, 55.857198958 ], [ 37.484900951, 55.857108634 ], [ 37.485233545, 55.857084547 ], [ 37.486145496, 55.857084547 ], [ 37.48611331, 55.857379607 ], [ 37.48601675, 55.857487996 ], [ 37.485759258, 55.857590363 ], [ 37.48546958, 55.857668643 ], [ 37.485136986, 55.857668643 ], [ 37.484922409, 55.85757832 ], [ 37.484793663, 55.857445845 ], [ 37.484740019, 55.857295304 ], [ 37.484675646, 55.857229067 ] ] ] } },
{ "type": "Feature", "properties": { "datasetId": 897, "rowId": null, "releaseNumber": 193, "versionNumber": 6, "ID": 9, "Name": "Велодорожка на территории сквера по улице Большая Академическая", "PortionName": "Велодорожка на территории сквера по улице Большая Академическая", "Type": "Велосипедная дорожка двухстороннего движения", "Width": 4.0, "Location": "Велодорожка на территории сквера по улице Большая Академическая", "OperOrgName": "ГБУ Жилищник Тимирязевского района", "DepartmentalAffiliation": "ПРЕФЕКТУРА СЕВЕРНОГО АДМИНИСТРАТИВНОГО ОКРУГА ГОРОДА МОСКВЫ", "ObjectOperOrgPhone": "(499) 976-71-94", "global_id": 860433201 }, "geometry": { "type": "MultiLineString", "coordinates": [ [ [ 37.539553642, 55.836367539 ], [ 37.54961729, 55.84007868 ] ] ] } },
{ "type": "Feature", "properties": { "datasetId": 897, "rowId": null, "releaseNumber": 193, "versionNumber": 6, "ID": 10, "Name": "Велодорожка в парке Грачевка", "PortionName": "Велодорожка в парке Грачевка", "Type": [ "Велопешеходная дорожка с совмещенным движением", "Велосипедная дорожка одностороннего движения" ], "Width": 1.5, "Location": "Велодорожка в парке Грачевка", "OperOrgName": "ГБУ Жилищник района Ховрино", "DepartmentalAffiliation": "ПРЕФЕКТУРА СЕВЕРНОГО АДМИНИСТРАТИВНОГО ОКРУГА ГОРОДА МОСКВЫ", "ObjectOperOrgPhone": "(499) 767-17-93", "global_id": 860441232 }, "geometry": { "type": "MultiLineString", "coordinates": [ [ [ 37.506422997, 55.869273478 ], [ 37.506229877, 55.869201241 ], [ 37.505671978, 55.868815973 ], [ 37.505156994, 55.868406622 ], [ 37.504491806, 55.868009307 ], [ 37.504427433, 55.867768507 ], [ 37.504255772, 55.867467506 ], [ 37.50399828, 55.867214663 ], [ 37.503762245, 55.866841416 ], [ 37.503697872, 55.866588569 ], [ 37.503612041, 55.866335721 ], [ 37.50344038, 55.866191235 ] ] ] } },
{ "type": "Feature", "properties": { "datasetId": 897, "rowId": null, "releaseNumber": 193, "versionNumber": 6, "ID": 11, "Name": "Велодорожка вдоль улицы Авиаконструктора Микояна", "PortionName": "Велодорожка вдоль улицы Авиаконструктора Микояна", "Type": [ "Велопешеходная дорожка с совмещенным движением", "Велосипедная дорожка одностороннего движения" ], "Width": 1.5, "Location": "Велодорожка вдоль улицы Авиаконструктора Микояна", "OperOrgName": "ГБУ Автомобильные дороги САО", "DepartmentalAffiliation": "ПРЕФЕКТУРА СЕВЕРНОГО АДМИНИСТРАТИВНОГО ОКРУГА ГОРОДА МОСКВЫ", "ObjectOperOrgPhone": "(499) 152-23-29", "global_id": 860448372 }, "geometry": { "type": "MultiLineString", "coordinates": [ [ [ 37.544435263, 55.78730173 ], [ 37.544161677, 55.787322844 ], [ 37.536994815, 55.790462614 ], [ 37.536104321, 55.79077326 ], [ 37.535127997, 55.791023584 ], [ 37.533824444, 55.791264859 ], [ 37.530519962, 55.791548355 ], [ 37.529093027, 55.791675023 ], [ 37.528422475, 55.791747404 ], [ 37.526904345, 55.791928357 ], [ 37.52662003, 55.791843913 ], [ 37.526453733, 55.79190423 ], [ 37.526282072, 55.792000738 ], [ 37.525091171, 55.792118357 ], [ 37.523851991, 55.792362641 ] ] ] } },
{ "type": "Feature", "properties": { "datasetId": 897, "rowId": null, "releaseNumber": 193, "versionNumber": 6, "ID": 13, "Name": "Велодорожка от улицы Космонавта Волкова до улицы Прянишникова", "PortionName": "Велодорожка от улицы Космонавта Волкова до улицы Прянишникова", "Type": "Велосипедная дорожка двухстороннего движения", "Width": 1.5, "Location": "Велодорожка от улицы Космонавта Волкова до улицы Прянишникова", "OperOrgName": "ГБУ Автомобильные дороги САО", "DepartmentalAffiliation": "ПРЕФЕКТУРА СЕВЕРНОГО АДМИНИСТРАТИВНОГО ОКРУГА ГОРОДА МОСКВЫ", "ObjectOperOrgPhone": "(499) 152-23-29", "global_id": 860469158 }, "geometry": { "type": "MultiLineString", "coordinates": [ [ [ 37.521319985, 55.816283733 ], [ 37.521708906, 55.816660479 ], [ 37.522449195, 55.817401907 ], [ 37.522650361, 55.817457664 ], [ 37.522704005, 55.817518695 ], [ 37.522628903, 55.817551848 ], [ 37.522698641, 55.817681445 ], [ 37.522988319, 55.81797379 ], [ 37.523178756, 55.818093591 ], [ 37.523503304, 55.818422099 ], [ 37.524122894, 55.819020339 ], [ 37.524168491, 55.819137876 ], [ 37.524479628, 55.819469389 ], [ 37.524619102, 55.819517609 ], [ 37.525182366, 55.820065352 ], [ 37.525227964, 55.820121859 ], [ 37.525187731, 55.820275556 ], [ 37.525203824, 55.820362953 ], [ 37.525528371, 55.820689935 ], [ 37.526405454, 55.821572924 ], [ 37.527185977, 55.822362474 ], [ 37.527438104, 55.822617115 ], [ 37.527612448, 55.82270752 ], [ 37.527789474, 55.82290189 ], [ 37.529827952, 55.824932167 ], [ 37.530015707, 55.82531787 ], [ 37.53017664, 55.82549264 ], [ 37.530450225, 55.825592078 ], [ 37.530305386, 55.826007907 ], [ 37.530182004, 55.826074198 ], [ 37.530139089, 55.826164595 ], [ 37.530836463, 55.828933649 ], [ 37.531083226, 55.829635674 ], [ 37.531174421, 55.8296417 ], [ 37.531222701, 55.829768244 ], [ 37.531179786, 55.829807412 ], [ 37.531104684, 55.829828502 ], [ 37.531034946, 55.829831515 ], [ 37.530916929, 55.829831515 ], [ 37.530831099, 55.829858632 ], [ 37.530702353, 55.829867671 ], [ 37.530595064, 55.829665803 ], [ 37.530477047, 55.829686894 ], [ 37.530632615, 55.830286467 ], [ 37.530654073, 55.830500382 ], [ 37.5305897, 55.830524485 ], [ 37.530670166, 55.830596794 ], [ 37.530734539, 55.830578717 ], [ 37.531067133, 55.830943274 ], [ 37.531110048, 55.831018595 ], [ 37.531260252, 55.831205392 ], [ 37.532300949, 55.832473774 ], [ 37.532445788, 55.832759982 ], [ 37.533057332, 55.833374571 ], [ 37.53307879, 55.833473989 ], [ 37.533658147, 55.834052415 ], [ 37.533980012, 55.834233171 ], [ 37.535144091, 55.834841711 ], [ 37.536216974, 55.835456267 ], [ 37.537794113, 55.836366033 ], [ 37.538115978, 55.836489542 ], [ 37.538260818, 55.836426281 ], [ 37.538561225, 55.836390132 ], [ 37.538904548, 55.836296747 ], [ 37.539333701, 55.836200348 ] ] ] } },
{ "type": "Feature", "properties": { "datasetId": 897, "rowId": null, "releaseNumber": 193, "versionNumber": 6, "ID": 14, "Name": "Велодорожка от улицы Лихоборские бугры до д.77 по улице Большая Академическая", "PortionName": "Велодорожка от улицы Лихоборские бугры до д.77 по улице Большая Академическая", "Type": "Велосипедная дорожка двухстороннего движения", "Width": 1.5, "Location": "Велодорожка от улицы Лихоборские бугры до д.77 по улице Большая Академическая", "OperOrgName": "ГБУ Жилищник Коптево", "DepartmentalAffiliation": "ПРЕФЕКТУРА СЕВЕРНОГО АДМИНИСТРАТИВНОГО ОКРУГА ГОРОДА МОСКВЫ", "ObjectOperOrgPhone": "(499) 152-23-29", "global_id": 860475195 }, "geometry": { "type": "MultiLineString", "coordinates": [ [ [ 37.550861835, 55.841331712 ], [ 37.552401423, 55.841963484 ], [ 37.553495765, 55.842434859 ], [ 37.554670572, 55.842882133 ], [ 37.554844916, 55.842942372 ], [ 37.555027306, 55.842945384 ], [ 37.556113601, 55.843379098 ], [ 37.556363046, 55.843427289 ], [ 37.556727827, 55.843603484 ], [ 37.556963861, 55.843642638 ], [ 37.558927238, 55.844342891 ] ] ] } },
{ "type": "Feature", "properties": { "datasetId": 897, "rowId": null, "releaseNumber": 193, "versionNumber": 6, "ID": 1, "Name": "Велодорожка вдоль улицы Улофа Пальме", "PortionName": "", "Type": "Двустороняя велополоса", "Width": 2.0, "Location": "от улицы Улофе Пальме 3 до улицы Мосфильмовская", "OperOrgName": "Жилищник района Раменки города Москвы", "DepartmentalAffiliation": "ПРЕФЕКТУРА ЗАПАДНОГО АДМИНИСТРАТИВНОГО ОКРУГА ГОРОДА МОСКВЫ", "ObjectOperOrgPhone": "(495) 539-53-53", "global_id": 860575385 }, "geometry": { "type": "MultiLineString", "coordinates": [ [ [ 37.510314882, 55.718964155 ], [ 37.510839254, 55.719271216 ], [ 37.512477055, 55.718411125 ], [ 37.51668781, 55.716724765 ], [ 37.516842037, 55.716649978 ], [ 37.517059296, 55.716518534 ] ] ] } },
{ "type": "Feature", "properties": { "datasetId": 897, "rowId": null, "releaseNumber": 193, "versionNumber": 6, "ID": 2, "Name": "Велосипедная дорожка в Народном парке Крылатское", "PortionName": "", "Type": "Велопешеходная зона", "Width": 2.0, "Location": "от ул. Осенняя до Пр-д от ул. Крылатские холмы до ул. Крылатская", "OperOrgName": "Жилищник района Крылатское города Москвы", "DepartmentalAffiliation": "ПРЕФЕКТУРА ЗАПАДНОГО АДМИНИСТРАТИВНОГО ОКРУГА ГОРОДА МОСКВЫ", "ObjectOperOrgPhone": "(495) 413-26-14", "global_id": 860864145 }, "geometry": { "type": "MultiLineString", "coordinates": [ [ [ 37.405479401, 55.768851964 ], [ 37.40581736, 55.76887007 ], [ 37.406317592, 55.768996057 ], [ 37.407369018, 55.769064332 ], [ 37.409058809, 55.769163914 ], [ 37.409359217, 55.769209178 ], [ 37.409981489, 55.76892552 ] ], [ [ 37.41024971, 55.769133737 ], [ 37.411295772, 55.769266513 ], [ 37.411547899, 55.769341954 ], [ 37.41163373, 55.769414377 ] ], [ [ 37.411740997, 55.769429768 ], [ 37.411955574, 55.769414648 ], [ 37.412824609, 55.769490249 ], [ 37.414295533, 55.769741196 ], [ 37.414896348, 55.769810748 ], [ 37.415430632, 55.769967802 ], [ 37.414860507, 55.770190136 ], [ 37.414375293, 55.770213009 ], [ 37.413946139, 55.770264417 ], [ 37.413323867, 55.770240225 ], [ 37.412154423, 55.769946897 ], [ 37.411998855, 55.769940849 ], [ 37.412084686, 55.769435836 ] ] ] } },
{ "type": "Feature", "properties": { "datasetId": 897, "rowId": null, "releaseNumber": 193, "versionNumber": 6, "ID": 3, "Name": "Велосипедная дорожка вдоль улицы Мосфильмовская", "PortionName": "", "Type": "Велопешеходная зона", "Width": 2.0, "Location": "улица Мосфильмовская от дома 2 до дома 17/25", "OperOrgName": "ГБУ Автомобильные дороги ЗАО", "DepartmentalAffiliation": "ПРЕФЕКТУРА ЗАПАДНОГО АДМИНИСТРАТИВНОГО ОКРУГА ГОРОДА МОСКВЫ", "ObjectOperOrgPhone": "(499) 792-65-06", "global_id": 860953616 }, "geometry": { "type": "MultiLineString", "coordinates": [ [ [ 37.533402602, 55.725830448 ], [ 37.533745925, 55.725642746 ], [ 37.533509891, 55.725509537 ], [ 37.529614652, 55.723324891 ], [ 37.527683461, 55.722210702 ], [ 37.524681078, 55.720537555 ], [ 37.522417294, 55.719247665 ], [ 37.520604121, 55.718175752 ], [ 37.519295203, 55.717461127 ], [ 37.517685877, 55.716528461 ], [ 37.517471301, 55.716322545 ], [ 37.517170893, 55.716316488 ], [ 37.516881215, 55.716492123 ] ], [ [ 37.493212892, 55.702821572 ], [ 37.491984441, 55.702391418 ], [ 37.491909339, 55.702415652 ] ], [ [ 37.491555287, 55.702133929 ], [ 37.490573599, 55.701588652 ], [ 37.490364386, 55.701458391 ], [ 37.4903322, 55.701355393 ], [ 37.490316107, 55.70127663 ] ], [ [ 37.489908411, 55.701264512 ], [ 37.489835991, 55.701247851 ], [ 37.489272727, 55.700914619 ], [ 37.487652673, 55.700011851 ], [ 37.486257924, 55.699239332 ], [ 37.485592737, 55.698884877 ], [ 37.485091164, 55.698615246 ], [ 37.484793438, 55.698463767 ], [ 37.484570815, 55.698366821 ], [ 37.484409882, 55.698307744 ], [ 37.484138979, 55.698207767 ], [ 37.483573033, 55.698056287 ], [ 37.483159973, 55.697985091 ], [ 37.482771053, 55.697942676 ], [ 37.482333853, 55.697901777 ], [ 37.481877877, 55.697869965 ], [ 37.481558694, 55.697863906 ], [ 37.481451406, 55.697859362 ] ] ] } },
{ "type": "Feature", "properties": { "datasetId": 897, "rowId": null, "releaseNumber": 193, "versionNumber": 6, "ID": 4, "Name": "Велодорожка вдоль дублера Рублевского шоссе", "PortionName": "", "Type": "Велопешеходная зона", "Width": 2.0, "Location": "Рублевское шоссе от дома 16 корпус 1 до дома 52 а", "OperOrgName": "ГБУ Автомобильные дороги ЗАО", "DepartmentalAffiliation": "ПРЕФЕКТУРА ЗАПАДНОГО АДМИНИСТРАТИВНОГО ОКРУГА ГОРОДА МОСКВЫ", "ObjectOperOrgPhone": "(499) 792-65-06", "global_id": 860953617 }, "geometry": { "type": "MultiLineString", "coordinates": [ [ [ 37.433351869, 55.740078428 ], [ 37.432375545, 55.740532376 ], [ 37.431570883, 55.740934872 ], [ 37.430830593, 55.741291971 ], [ 37.429838176, 55.741782219 ], [ 37.428545351, 55.742405613 ], [ 37.427644129, 55.742889795 ], [ 37.426663886, 55.743424598 ], [ 37.425725113, 55.743920872 ], [ 37.424743425, 55.744380827 ], [ 37.424249898, 55.744498841 ], [ 37.424110423, 55.744568439 ] ], [ [ 37.42137164, 55.745994124 ], [ 37.421098055, 55.746081875 ], [ 37.420947851, 55.746184754 ], [ 37.420668902, 55.746336047 ], [ 37.420153917, 55.746569037 ], [ 37.419284882, 55.746904903 ], [ 37.418313922, 55.747376926 ], [ 37.417509259, 55.747743042 ], [ 37.416752876, 55.748115207 ], [ 37.415991129, 55.748469214 ], [ 37.415025534, 55.748962397 ], [ 37.414285244, 55.749313371 ], [ 37.413440193, 55.749710967 ], [ 37.412211741, 55.750307003 ], [ 37.411326612, 55.750745704 ], [ 37.409813847, 55.751459717 ], [ 37.408601488, 55.752025473 ], [ 37.406643476, 55.752969389 ], [ 37.405318464, 55.753616805 ], [ 37.404728378, 55.753861852 ], [ 37.404267038, 55.75407362 ], [ 37.401976432, 55.75518387 ], [ 37.401080574, 55.755610416 ], [ 37.400855268, 55.755764697 ], [ 37.400340284, 55.756018806 ] ] ] } },
{ "type": "Feature", "properties": { "datasetId": 897, "rowId": null, "releaseNumber": 193, "versionNumber": 6, "ID": 5, "Name": "Велопешеходная зона вокруг Удальцовских прудов", "PortionName": "", "Type": "Велопешеходная зона", "Width": 2.0, "Location": "улица Кравченко дом 7", "OperOrgName": "ГБУ «Жилищник района Проспект Вернадского»", "DepartmentalAffiliation": "ПРЕФЕКТУРА ЗАПАДНОГО АДМИНИСТРАТИВНОГО ОКРУГА ГОРОДА МОСКВЫ", "ObjectOperOrgPhone": "(499) 431-19-20", "global_id": 860953618 }, "geometry": { "type": "MultiLineString", "coordinates": [ [ [ 37.51071966, 55.67776182 ], [ 37.512938776, 55.676507119 ], [ 37.513041124, 55.676467983 ], [ 37.513194057, 55.676433489 ], [ 37.513610505, 55.676408946 ], [ 37.513721087, 55.676391699 ], [ 37.513810009, 55.676356453 ], [ 37.514544573, 55.675788721 ], [ 37.514986373, 55.675381985 ], [ 37.515115777, 55.675297075 ], [ 37.515654572, 55.675015812 ], [ 37.515990377, 55.674873955 ], [ 37.516560405, 55.674721279 ], [ 37.517000382, 55.674688111 ], [ 37.51723331, 55.674645655 ], [ 37.517350951, 55.674646982 ], [ 37.517468592, 55.674685457 ], [ 37.517863218, 55.67491243 ], [ 37.51788557, 55.674963509 ], [ 37.517864395, 55.675039796 ], [ 37.517567411, 55.67544434 ], [ 37.517470945, 55.675531902 ], [ 37.517294484, 55.675603544 ], [ 37.516806804, 55.675738307 ], [ 37.516650342, 55.675798672 ], [ 37.516243305, 55.676035486 ], [ 37.5162186, 55.676047426 ], [ 37.516075079, 55.676095186 ], [ 37.515491581, 55.676379759 ], [ 37.514710255, 55.676755283 ], [ 37.514499869, 55.676842765 ], [ 37.514281057, 55.676917058 ], [ 37.513721352, 55.677088579 ], [ 37.513596065, 55.677138992 ], [ 37.512325868, 55.677819837 ], [ 37.512229403, 55.677919997 ], [ 37.512165877, 55.677961122 ], [ 37.511622641, 55.678269943 ], [ 37.510720337, 55.67776218 ] ], [ [ 37.515491557, 55.676379259 ], [ 37.514798171, 55.675909796 ], [ 37.514545137, 55.675788719 ] ] ] } },
{ "type": "Feature", "properties": { "datasetId": 897, "rowId": null, "releaseNumber": 193, "versionNumber": 6, "ID": 6, "Name": "Велодорожка вдоль улицы Минская", "PortionName": "", "Type": "Велопешеходная зона", "Width": 2.0, "Location": "улица Минская от дома 1 до железнодорожного моста", "OperOrgName": "ГБУ Автомобильные дороги ЗАО", "DepartmentalAffiliation": "ПРЕФЕКТУРА ЗАПАДНОГО АДМИНИСТРАТИВНОГО ОКРУГА ГОРОДА МОСКВЫ", "ObjectOperOrgPhone": "(499) 792-65-06", "global_id": 860953624 }, "geometry": { "type": "MultiLineString", "coordinates": [ [ [ 37.500822544, 55.720347232 ], [ 37.50058651, 55.720757387 ], [ 37.500369251, 55.721104845 ] ], [ [ 37.499915624, 55.721547365 ], [ 37.499459649, 55.722092362 ], [ 37.499239708, 55.722355774 ], [ 37.499019767, 55.722567714 ] ] ] } },
{ "type": "Feature", "properties": { "datasetId": 897, "rowId": null, "releaseNumber": 193, "versionNumber": 6, "ID": 7, "Name": "Велодорожка в сквере Дмитрия Михайлика", "PortionName": "", "Type": "Велопешеходная зона", "Width": 2.0, "Location": "от улицы Славянский бульвар дом 15 до улицы Кременчугская дом 22", "OperOrgName": "ГБУ Автомобильные дороги ЗАО", "DepartmentalAffiliation": "ПРЕФЕКТУРА ЗАПАДНОГО АДМИНИСТРАТИВНОГО ОКРУГА ГОРОДА МОСКВЫ", "ObjectOperOrgPhone": "(499) 792-65-06", "global_id": 860953881 }, "geometry": { "type": "MultiLineString", "coordinates": [ [ [ 37.461080565, 55.72537042 ], [ 37.461217358, 55.724702854 ], [ 37.461311235, 55.72428051 ], [ 37.461330011, 55.724121563 ], [ 37.461407795, 55.723811234 ], [ 37.461582042, 55.723062572 ], [ 37.461616911, 55.722871829 ], [ 37.461678601, 55.722644753 ], [ 37.461820348, 55.722147157 ], [ 37.461948147, 55.72155785 ], [ 37.461956193, 55.72150335 ], [ 37.461945465, 55.721114277 ], [ 37.461965087, 55.720961371 ], [ 37.462112608, 55.720183211 ], [ 37.462048235, 55.720039386 ], [ 37.462002638, 55.720012135 ], [ 37.46154398, 55.719857712 ] ], [ [ 37.46175051, 55.719494361 ], [ 37.461817565, 55.719411092 ], [ 37.461922171, 55.718899366 ], [ 37.462028857, 55.71840929 ], [ 37.462106641, 55.718109515 ], [ 37.462233037, 55.717543674 ], [ 37.462168409, 55.717389598 ], [ 37.462168409, 55.717303297 ] ], [ [ 37.462168409, 55.717280586 ], [ 37.462227417, 55.717054991 ], [ 37.462411323, 55.71618795 ] ] ] } },
{ "type": "Feature", "properties": { "datasetId": 897, "rowId": null, "releaseNumber": 193, "versionNumber": 6, "ID": 1006, "Name": "Соймоновский пр-д", "PortionName": "Соймоновский пр-д", "Type": "Велосипедная полоса попутного движения", "Width": 1.0, "Location": "Соймоновский пр-д", "OperOrgName": "ГБУ Автомобильные дороги ЦАО", "DepartmentalAffiliation": "ПРЕФЕКТУРА ЦЕНТРАЛЬНОГО АДМИНИСТРАТИВНОГО ОКРУГА ГОРОДА МОСКВЫ", "ObjectOperOrgPhone": "(495) 670-02-60", "global_id": 861364696 }, "geometry": { "type": "MultiLineString", "coordinates": [ [ [ 37.606780841, 55.742762451 ], [ 37.606721833, 55.742747321 ], [ 37.606598451, 55.742748834 ], [ 37.606458976, 55.742797252 ], [ 37.604489563, 55.743530803 ], [ 37.604384957, 55.74357922 ], [ 37.604272304, 55.743633689 ], [ 37.604148923, 55.743715393 ], [ 37.603002398, 55.744549568 ] ], [ [ 37.602409998, 55.744197164 ], [ 37.603965679, 55.743594982 ], [ 37.60651646, 55.742638734 ], [ 37.606631795, 55.74260696 ], [ 37.606739083, 55.742591829 ] ] ] } },
{ "type": "Feature", "properties": { "datasetId": 897, "rowId": null, "releaseNumber": 193, "versionNumber": 6, "ID": 991, "Name": "Пречистенских ворот пл-дь", "PortionName": "Пречистенских ворот пл-дь", "Type": "Двустороняя велополоса", "Width": 2.5, "Location": "Пречистенских ворот пл-дь", "OperOrgName": "ГБУ Автомобильные дороги ЦАО", "DepartmentalAffiliation": "ПРЕФЕКТУРА ЦЕНТРАЛЬНОГО АДМИНИСТРАТИВНОГО ОКРУГА ГОРОДА МОСКВЫ", "ObjectOperOrgPhone": "(495) 670-02-60", "global_id": 861364945 }, "geometry": { "type": "MultiLineString", "coordinates": [ [ [ 37.602985553, 55.744552095 ], [ 37.602561764, 55.744891004 ], [ 37.602486662, 55.744921264 ], [ 37.602175525, 55.744772991 ], [ 37.601923398, 55.744715498 ], [ 37.602100424, 55.744464341 ], [ 37.601891211, 55.744322119 ], [ 37.602095059, 55.744240416 ], [ 37.602223805, 55.744225286 ], [ 37.602878264, 55.744636822 ] ], [ [ 37.602492026, 55.744918238 ], [ 37.602127246, 55.745096769 ] ], [ [ 37.60190194, 55.744316067 ], [ 37.601376227, 55.744594458 ], [ 37.601553253, 55.744712472 ] ], [ [ 37.601923398, 55.744715498 ], [ 37.601789287, 55.744782069 ] ], [ [ 37.602426981, 55.744218791 ], [ 37.602300917, 55.744277798 ] ] ] } },
{ "type": "Feature", "properties": { "datasetId": 897, "rowId": null, "releaseNumber": 193, "versionNumber": 6, "ID": 984, "Name": "Гоголевский б-р", "PortionName": "Гоголевский б-р", "Type": "Велосипедная полоса попутного движения", "Width": 1.0, "Location": "Гоголевский б-р", "OperOrgName": "ГБУ Автомобильные дороги ЦАО", "DepartmentalAffiliation": "ПРЕФЕКТУРА ЦЕНТРАЛЬНОГО АДМИНИСТРАТИВНОГО ОКРУГА ГОРОДА МОСКВЫ", "ObjectOperOrgPhone": "(495) 670-02-60", "global_id": 861365262 }, "geometry": { "type": "MultiLineString", "coordinates": [ [ [ 37.602121844, 55.745092501 ], [ 37.600702956, 55.745681044 ], [ 37.600024735, 55.746692683 ], [ 37.600885091, 55.750961237 ] ], [ [ 37.600080693, 55.750937022 ], [ 37.59919218, 55.746667569 ], [ 37.599978067, 55.745398215 ], [ 37.601377273, 55.744685887 ] ] ] } },
{ "type": "Feature", "properties": { "datasetId": 897, "rowId": null, "releaseNumber": 193, "versionNumber": 6, "ID": 988, "Name": "Никитский б-р", "PortionName": "Никитский б-р", "Type": "Велосипедная полоса попутного движения", "Width": 1.0, "Location": "Никитский б-р", "OperOrgName": "ГБУ Автомобильные дороги ЦАО", "DepartmentalAffiliation": "ПРЕФЕКТУРА ЦЕНТРАЛЬНОГО АДМИНИСТРАТИВНОГО ОКРУГА ГОРОДА МОСКВЫ", "ObjectOperOrgPhone": "(495) 670-02-60", "global_id": 861365740 }, "geometry": { "type": "MultiLineString", "coordinates": [ [ [ 37.601122133, 55.753172651 ], [ 37.601067322, 55.754590287 ], [ 37.598792151, 55.75734263 ] ], [ [ 37.598032233, 55.75722314 ], [ 37.600134765, 55.754487266 ], [ 37.600263511, 55.754115163 ], [ 37.600317155, 55.7531743 ] ] ] } },
{ "type": "Feature", "properties": { "datasetId": 897, "rowId": null, "releaseNumber": 193, "versionNumber": 6, "ID": 989, "Name": "Никитских ворот пл-дь", "PortionName": "Никитских ворот пл-дь", "Type": "Велосипедная полоса попутного движения", "Width": 2.5, "Location": "Никитских ворот пл-дь", "OperOrgName": "ГБУ Автомобильные дороги ЦАО", "DepartmentalAffiliation": "ПРЕФЕКТУРА ЦЕНТРАЛЬНОГО АДМИНИСТРАТИВНОГО ОКРУГА ГОРОДА МОСКВЫ", "ObjectOperOrgPhone": "(495) 670-02-60", "global_id": 861365810 }, "geometry": { "type": "MultiLineString", "coordinates": [ [ [ 37.598793165, 55.757421426 ], [ 37.598844127, 55.757619562 ], [ 37.598420338, 55.757686111 ], [ 37.598393515, 55.757397226 ], [ 37.597940222, 55.757320088 ], [ 37.59779288, 55.757385526 ], [ 37.597696321, 55.757544337 ], [ 37.59776874, 55.757630549 ], [ 37.597674863, 55.757724323 ], [ 37.59779288, 55.757816584 ], [ 37.598420517, 55.757688023 ] ], [ [ 37.598393695, 55.757400651 ], [ 37.598793344, 55.757421825 ] ] ] } },
{ "type": "Feature", "properties": { "datasetId": 897, "rowId": null, "releaseNumber": 193, "versionNumber": 6, "ID": 992, "Name": "Тверской б-р", "PortionName": "Тверской б-р", "Type": "Велосипедная полоса попутного движения", "Width": 1.0, "Location": "Тверской б-р", "OperOrgName": "ГБУ Автомобильные дороги ЦАО", "DepartmentalAffiliation": "ПРЕФЕКТУРА ЦЕНТРАЛЬНОГО АДМИНИСТРАТИВНОГО ОКРУГА ГОРОДА МОСКВЫ", "ObjectOperOrgPhone": "(495) 670-02-60", "global_id": 861365877 }, "geometry": { "type": "MultiLineString", "coordinates": [ [ [ 37.598876371, 55.757652694 ], [ 37.605555072, 55.764470378 ] ], [ [ 37.604766502, 55.76466999 ], [ 37.602600653, 55.762806366 ], [ 37.600331504, 55.760471329 ], [ 37.598575206, 55.758672103 ], [ 37.597883196, 55.757840249 ] ] ] } },
{ "type": "Feature", "properties": { "datasetId": 897, "rowId": null, "releaseNumber": 193, "versionNumber": 6, "ID": 939, "Name": "Путинковский Б. пер.", "PortionName": "Путинковский Б. пер.", "Type": "Велосипедная полоса попутного движения", "Width": 1.0, "Location": "Путинковский Б. пер.", "OperOrgName": "ГБУ Автомобильные дороги ЦАО", "DepartmentalAffiliation": "ПРЕФЕКТУРА ЦЕНТРАЛЬНОГО АДМИНИСТРАТИВНОГО ОКРУГА ГОРОДА МОСКВЫ", "ObjectOperOrgPhone": "(495) 670-02-60", "global_id": 861365908 }, "geometry": { "type": "MultiLineString", "coordinates": [ [ [ 37.606694698, 55.766440401 ], [ 37.608733177, 55.767249176 ], [ 37.609419823, 55.766645614 ] ] ] } },
{ "type": "Feature", "properties": { "datasetId": 897, "rowId": null, "releaseNumber": 193, "versionNumber": 6, "ID": 942, "Name": "Страстной б-р", "PortionName": "Страстной б-р", "Type": "Велосипедная полоса попутного движения", "Width": 1.0, "Location": "Страстной б-р", "OperOrgName": "ГБУ Автомобильные дороги ЦАО", "DepartmentalAffiliation": "ПРЕФЕКТУРА ЦЕНТРАЛЬНОГО АДМИНИСТРАТИВНОГО ОКРУГА ГОРОДА МОСКВЫ", "ObjectOperOrgPhone": "(495) 670-02-60", "global_id": 861366109 }, "geometry": { "type": "MultiLineString", "coordinates": [ [ [ 37.605801835, 55.764709308 ], [ 37.609373495, 55.766248643 ], [ 37.609842882, 55.766390784 ], [ 37.613434359, 55.76791802 ] ], [ [ 37.61307274, 55.768369404 ], [ 37.612367319, 55.768379988 ], [ 37.60903365, 55.767292886 ], [ 37.60870277, 55.767189858 ], [ 37.60857231, 55.767149236 ] ], [ [ 37.607327697, 55.76569085 ], [ 37.60561913, 55.764969537 ] ] ] } },
{ "type": "Feature", "properties": { "datasetId": 897, "rowId": null, "releaseNumber": 193, "versionNumber": 6, "ID": 937, "Name": "Петровский б-р", "PortionName": "Петровский б-р", "Type": "Велосипедная полоса попутного движения", "Width": 1.0, "Location": "Петровский б-р", "OperOrgName": "ГБУ Автомобильные дороги ЦАО", "DepartmentalAffiliation": "ПРЕФЕКТУРА ЦЕНТРАЛЬНОГО АДМИНИСТРАТИВНОГО ОКРУГА ГОРОДА МОСКВЫ", "ObjectOperOrgPhone": "(495) 670-02-60", "global_id": 861366161 }, "geometry": { "type": "MultiLineString", "coordinates": [ [ [ 37.61381906, 55.768001019 ], [ 37.615144071, 55.767899709 ], [ 37.616552231, 55.767700113 ], [ 37.620731113, 55.767089223 ] ], [ [ 37.620823243, 55.767458329 ], [ 37.616960862, 55.768040484 ], [ 37.615206697, 55.768252175 ], [ 37.613487401, 55.768345923 ] ] ] } },
{ "type": "Feature", "properties": { "datasetId": 897, "rowId": null, "releaseNumber": 193, "versionNumber": 6, "ID": 944, "Name": "Трубная площадь", "PortionName": "Трубная площадь", "Type": "Велосипедная полоса попутного движения", "Width": 1.0, "Location": "Трубная площадь", "OperOrgName": "ГБУ Автомобильные дороги ЦАО", "DepartmentalAffiliation": "ПРЕФЕКТУРА ЦЕНТРАЛЬНОГО АДМИНИСТРАТИВНОГО ОКРУГА ГОРОДА МОСКВЫ", "ObjectOperOrgPhone": "(495) 670-02-60", "global_id": 861394277 }, "geometry": { "type": "MultiLineString", "coordinates": [ [ [ 37.623678514, 55.767037803 ], [ 37.620848783, 55.76745817 ], [ 37.621066042, 55.76720716 ], [ 37.621052631, 55.767037803 ], [ 37.623437115, 55.766569043 ] ], [ [ 37.621873387, 55.766877518 ], [ 37.622195252, 55.767260084 ] ], [ [ 37.621047267, 55.767039315 ], [ 37.620677122, 55.767101312 ] ] ] } },
{ "type": "Feature", "properties": { "datasetId": 897, "rowId": null, "releaseNumber": 193, "versionNumber": 6, "ID": 44833, "Name": "Рождественский б-р", "PortionName": "Рождественский б-р", "Type": "Велосипедная полоса попутного движения", "Width": 1.0, "Location": "Рождественский б-р", "OperOrgName": "ГБУ Автомобильные дороги ЦАО", "DepartmentalAffiliation": "ПРЕФЕКТУРА ЦЕНТРАЛЬНОГО АДМИНИСТРАТИВНОГО ОКРУГА ГОРОДА МОСКВЫ", "ObjectOperOrgPhone": "(495) 670-02-60", "global_id": 861394369 }, "geometry": { "type": "MultiLineString", "coordinates": [ [ [ 37.623467189, 55.76655673 ], [ 37.623789054, 55.766508342 ], [ 37.626924556, 55.766320836 ], [ 37.629379976, 55.766322001 ], [ 37.629554319, 55.766347707 ], [ 37.631147551, 55.766359804 ] ], [ [ 37.631238746, 55.766864858 ], [ 37.629704523, 55.766719693 ], [ 37.628398287, 55.766668281 ], [ 37.627269077, 55.766651647 ], [ 37.626668262, 55.766677354 ], [ 37.626064765, 55.766733302 ], [ 37.624851066, 55.766868638 ], [ 37.623701739, 55.767025143 ] ] ] } },
{ "type": "Feature", "properties": { "datasetId": 897, "rowId": null, "releaseNumber": 193, "versionNumber": 6, "ID": 941, "Name": "Сретенский б-р", "PortionName": "Сретенский б-р", "Type": "Велосипедная полоса попутного движения", "Width": 1.0, "Location": "Сретенский б-р", "OperOrgName": "ГБУ Автомобильные дороги ЦАО", "DepartmentalAffiliation": "ПРЕФЕКТУРА ЦЕНТРАЛЬНОГО АДМИНИСТРАТИВНОГО ОКРУГА ГОРОДА МОСКВЫ", "ObjectOperOrgPhone": "(495) 670-02-60", "global_id": 861394536 }, "geometry": { "type": "MultiLineString", "coordinates": [ [ [ 37.63151122, 55.766319259 ], [ 37.633901069, 55.766208872 ], [ 37.635150978, 55.766041023 ], [ 37.635867128, 55.765790004 ] ], [ [ 37.635813484, 55.765812686 ], [ 37.636492082, 55.766152922 ], [ 37.635667303, 55.766407719 ], [ 37.634847888, 55.766629248 ], [ 37.631695575, 55.766936615 ] ] ] } },
{ "type": "Feature", "properties": { "datasetId": 897, "rowId": null, "releaseNumber": 193, "versionNumber": 6, "ID": 945, "Name": "Тургеневская площадь", "PortionName": "Тургеневская площадь", "Type": "Велосипедная полоса попутного движения", "Width": 1.0, "Location": "Тургеневская площадь", "OperOrgName": "ГБУ Автомобильные дороги ЦАО", "DepartmentalAffiliation": "ПРЕФЕКТУРА ЦЕНТРАЛЬНОГО АДМИНИСТРАТИВНОГО ОКРУГА ГОРОДА МОСКВЫ", "ObjectOperOrgPhone": "(495) 670-02-60", "global_id": 861394587 }, "geometry": { "type": "MultiLineString", "coordinates": [ [ [ 37.635867344, 55.765773742 ], [ 37.636768566, 55.765430478 ], [ 37.637111889, 55.765239943 ] ], [ [ 37.637990304, 55.765441422 ], [ 37.636485585, 55.766132483 ] ] ] } },
{ "type": "Feature", "properties": { "datasetId": 897, "rowId": null, "releaseNumber": 193, "versionNumber": 6, "ID": 946, "Name": "Чистопрудный б-р", "PortionName": "Чистопрудный б-р", "Type": "Велосипедная полоса попутного движения", "Width": 1.0, "Location": "Чистопрудный б-р", "OperOrgName": "ГБУ Автомобильные дороги ЦАО", "DepartmentalAffiliation": "ПРЕФЕКТУРА ЦЕНТРАЛЬНОГО АДМИНИСТРАТИВНОГО ОКРУГА ГОРОДА МОСКВЫ", "ObjectOperOrgPhone": "(495) 670-02-60", "global_id": 861394631 }, "geometry": { "type": "MultiLineString", "coordinates": [ [ [ 37.637381579, 55.765103383 ], [ 37.640271969, 55.763593841 ], [ 37.64141459, 55.762910551 ], [ 37.642294355, 55.762387299 ], [ 37.643099018, 55.761805059 ], [ 37.644705983, 55.759931812 ], [ 37.645137818, 55.759379783 ] ], [ [ 37.645991556, 55.760459226 ], [ 37.64598351, 55.760834293 ], [ 37.64420717, 55.76239456 ], [ 37.642205352, 55.763470697 ], [ 37.640677369, 55.764220399 ], [ 37.638228512, 55.765345482 ] ] ] } },
{ "type": "Feature", "properties": { "datasetId": 897, "rowId": null, "releaseNumber": 193, "versionNumber": 6, "ID": 45058, "Name": "Покровский б-р", "PortionName": "Покровский б-р", "Type": "Велосипедная полоса попутного движения", "Width": 1.0, "Location": "Покровский б-р", "OperOrgName": "ГБУ Автомобильные дороги ЦАО", "DepartmentalAffiliation": "ПРЕФЕКТУРА ЦЕНТРАЛЬНОГО АДМИНИСТРАТИВНОГО ОКРУГА ГОРОДА МОСКВЫ", "ObjectOperOrgPhone": "(495) 670-02-60", "global_id": 861394734 }, "geometry": { "type": "MultiLineString", "coordinates": [ [ [ 37.645920953, 55.758258543 ], [ 37.646226725, 55.757816902 ], [ 37.64727815, 55.756821678 ], [ 37.648104271, 55.755684248 ], [ 37.647792802, 55.754809415 ], [ 37.647454843, 55.754165044 ], [ 37.646827207, 55.753148549 ] ], [ [ 37.647663128, 55.75314761 ], [ 37.648682368, 55.755023264 ], [ 37.64881496, 55.755560323 ], [ 37.648782774, 55.75600199 ], [ 37.647105294, 55.757877305 ], [ 37.646799523, 55.758715208 ], [ 37.64640792, 55.75933833 ] ] ] } },
{ "type": "Feature", "properties": { "datasetId": 897, "rowId": null, "releaseNumber": 193, "versionNumber": 6, "ID": 947, "Name": "Яузский бульвар", "PortionName": "Яузский бульвар", "Type": "Велосипедная полоса попутного движения", "Width": 1.0, "Location": "Яузский бульвар", "OperOrgName": "ГБУ Автомобильные дороги ЦАО", "DepartmentalAffiliation": "ПРЕФЕКТУРА ЦЕНТРАЛЬНОГО АДМИНИСТРАТИВНОГО ОКРУГА ГОРОДА МОСКВЫ", "ObjectOperOrgPhone": "(495) 670-02-60", "global_id": 861394812 }, "geometry": { "type": "MultiLineString", "coordinates": [ [ [ 37.642529424, 55.75059555 ], [ 37.644181664, 55.750938945 ], [ 37.644819324, 55.751050133 ], [ 37.645055359, 55.75112577 ], [ 37.645328944, 55.751245276 ], [ 37.645583754, 55.751395036 ], [ 37.645739322, 55.751559923 ], [ 37.646796932, 55.753089283 ], [ 37.647639145, 55.753124074 ], [ 37.647542586, 55.752948605 ], [ 37.647204627, 55.752550771 ], [ 37.646670844, 55.751948261 ], [ 37.646284606, 55.751511086 ], [ 37.64601102, 55.751199464 ], [ 37.645906414, 55.751131391 ], [ 37.645268048, 55.750857584 ], [ 37.644702102, 55.750725975 ], [ 37.64442047, 55.750725975 ], [ 37.644034232, 55.750771357 ], [ 37.643398549, 55.750653362 ], [ 37.642921116, 55.750518727 ] ] ] } },
{ "type": "Feature", "properties": { "datasetId": 897, "rowId": null, "releaseNumber": 193, "versionNumber": 6, "ID": 605, "Name": "Неглинная ул.", "PortionName": "Неглинная ул.", "Type": [ "Велопешеходная дорожка с совмещенным движением", "Велосипедная дорожка двухстороннего движения" ], "Width": 2.0, "Location": "Неглинная ул.", "OperOrgName": "ГБУ Автомобильные дороги ЦАО", "DepartmentalAffiliation": "ПРЕФЕКТУРА ЦЕНТРАЛЬНОГО АДМИНИСТРАТИВНОГО ОКРУГА ГОРОДА МОСКВЫ", "ObjectOperOrgPhone": "(495) 670-02-60", "global_id": 861394916 }, "geometry": { "type": "MultiLineString", "coordinates": [ [ [ 37.621029918, 55.760242992 ], [ 37.620982847, 55.760309308 ], [ 37.620214219, 55.761683684 ], [ 37.620060469, 55.764806456 ], [ 37.620398428, 55.765279773 ], [ 37.621860232, 55.766853929 ], [ 37.621310379, 55.766955241 ], [ 37.620230062, 55.765717189 ], [ 37.619570239, 55.765003437 ], [ 37.620087905, 55.764877925 ], [ 37.620034261, 55.764803827 ], [ 37.62019177, 55.761680582 ], [ 37.620964429, 55.760301604 ], [ 37.621012709, 55.760235059 ] ], [ [ 37.619550586, 55.76498956 ], [ 37.619816124, 55.764924535 ], [ 37.62006557, 55.764856486 ] ], [ [ 37.621337058, 55.759618935 ], [ 37.621487262, 55.759317964 ], [ 37.621468487, 55.759266542 ], [ 37.621374609, 55.759248393 ], [ 37.621366563, 55.759268054 ], [ 37.621438982, 55.759284691 ], [ 37.621457758, 55.759327039 ], [ 37.621310236, 55.759617422 ] ] ] } },
{ "type": "Feature", "properties": { "datasetId": 897, "rowId": null, "releaseNumber": 193, "versionNumber": 6, "ID": 1064, "Name": "Бронная М. ул.", "PortionName": "Бронная М. ул.", "Type": "Велосипедная полоса попутного движения", "Width": 1.0, "Location": "Бронная М. ул.", "OperOrgName": "ГБУ Автомобильные дороги ЦАО", "DepartmentalAffiliation": "ПРЕФЕКТУРА ЦЕНТРАЛЬНОГО АДМИНИСТРАТИВНОГО ОКРУГА ГОРОДА МОСКВЫ", "ObjectOperOrgPhone": "(495) 670-02-60", "global_id": 861394970 }, "geometry": { "type": "MultiLineString", "coordinates": [ [ [ 37.598575964, 55.758676633 ], [ 37.598055615, 55.758915599 ], [ 37.597639873, 55.759207498 ], [ 37.597355559, 55.759443435 ], [ 37.597016632, 55.759793936 ], [ 37.59682083, 55.760075242 ], [ 37.596678673, 55.760371669 ], [ 37.596230744, 55.76117171 ], [ 37.595525323, 55.762180432 ], [ 37.595215433, 55.762556655 ], [ 37.593895786, 55.763687834 ], [ 37.591792463, 55.765191693 ], [ 37.590956771, 55.765678307 ] ] ] } },
{ "type": "Feature", "properties": { "datasetId": 897, "rowId": null, "releaseNumber": 193, "versionNumber": 6, "ID": 1125, "Name": "Никитская М. ул.", "PortionName": "Никитская М. ул.", "Type": "Велосипедная дорожка одностороннего движения", "Width": 1.2, "Location": "Никитская М. ул.", "OperOrgName": "ГБУ Автомобильные дороги ЦАО", "DepartmentalAffiliation": "ПРЕФЕКТУРА ЦЕНТРАЛЬНОГО АДМИНИСТРАТИВНОГО ОКРУГА ГОРОДА МОСКВЫ", "ObjectOperOrgPhone": "(495) 670-02-60", "global_id": 861395055 }, "geometry": { "type": "MultiLineString", "coordinates": [ [ [ 37.597784712, 55.75780848 ], [ 37.589732721, 55.758777967 ], [ 37.585430458, 55.759482758 ] ] ] } },
{ "type": "Feature", "properties": { "datasetId": 897, "rowId": null, "releaseNumber": 193, "versionNumber": 6, "ID": 45431, "Name": "Никитская Б. ул.", "PortionName": "Никитская Б. ул.", "Type": "Велосипедная дорожка двухстороннего движения", "Width": 2.5, "Location": "Никитская Б. ул.", "OperOrgName": "ГБУ Автомобильные дороги ЦАО", "DepartmentalAffiliation": "ПРЕФЕКТУРА ЦЕНТРАЛЬНОГО АДМИНИСТРАТИВНОГО ОКРУГА ГОРОДА МОСКВЫ", "ObjectOperOrgPhone": "(495) 670-02-60", "global_id": 861398837 }, "geometry": { "type": "MultiLineString", "coordinates": [ [ [ 37.585642352, 55.758626722 ], [ 37.589508538, 55.757793529 ], [ 37.594934647, 55.75734432 ], [ 37.595465724, 55.757262645 ], [ 37.596266176, 55.757078406 ], [ 37.596692648, 55.757105631 ], [ 37.597703841, 55.757396031 ], [ 37.597781625, 55.757386956 ] ], [ [ 37.598985936, 55.757597192 ], [ 37.600171473, 55.757380906 ], [ 37.602295782, 55.757057231 ], [ 37.604817059, 55.756729015 ], [ 37.606107983, 55.756491538 ], [ 37.60701457, 55.756288858 ], [ 37.607985529, 55.755981812 ], [ 37.610337094, 55.755218494 ], [ 37.611683563, 55.75480102 ], [ 37.611919597, 55.754728415 ], [ 37.611895457, 55.754708751 ], [ 37.610329679, 55.755204836 ], [ 37.607963971, 55.755968681 ], [ 37.606990329, 55.756278753 ], [ 37.606083743, 55.756481432 ], [ 37.604804329, 55.756714361 ], [ 37.602283052, 55.75704409 ], [ 37.600156061, 55.757366253 ], [ 37.598973206, 55.757578001 ] ] ] } },
{ "type": "Feature", "properties": { "datasetId": 897, "rowId": null, "releaseNumber": 193, "versionNumber": 6, "ID": 1004, "Name": "Пятницкая ул.", "PortionName": "Пятницкая ул.", "Type": "Двустороняя велополоса", "Width": 2.5, "Location": "От Климентовского пер. до дома №82", "OperOrgName": "ГБУ Автомобильные дороги ЦАО", "DepartmentalAffiliation": "ПРЕФЕКТУРА ЦЕНТРАЛЬНОГО АДМИНИСТРАТИВНОГО ОКРУГА ГОРОДА МОСКВЫ", "ObjectOperOrgPhone": "(495) 670-02-60", "global_id": 861398946 }, "geometry": { "type": "MultiLineString", "coordinates": [ [ [ 37.625642135, 55.730600047 ], [ 37.626159801, 55.731674476 ], [ 37.627081623, 55.732512775 ], [ 37.627427113, 55.73321829 ], [ 37.627639007, 55.734366971 ], [ 37.62771595, 55.735623513 ], [ 37.627954667, 55.736681325 ], [ 37.627963839, 55.736911463 ], [ 37.628075476, 55.737541614 ], [ 37.628123756, 55.738201394 ], [ 37.62843221, 55.740460599 ], [ 37.628445621, 55.740728426 ] ] ] } },
{ "type": "Feature", "properties": { "datasetId": 897, "rowId": null, "releaseNumber": 193, "versionNumber": 6, "ID": 1469, "Name": "Новодевичья наб.", "PortionName": "Новодевичья наб.", "Type": "Велосипедная дорожка двухстороннего движения", "Width": 2.5, "Location": "Новодевичья наб.", "OperOrgName": "ГБУ Автомобильные дороги ЦАО", "DepartmentalAffiliation": "ПРЕФЕКТУРА ЦЕНТРАЛЬНОГО АДМИНИСТРАТИВНОГО ОКРУГА ГОРОДА МОСКВЫ", "ObjectOperOrgPhone": "(495) 670-02-60", "global_id": 861401329 }, "geometry": { "type": "MultiLineString", "coordinates": [ [ [ 37.548908754, 55.727599452 ], [ 37.549799248, 55.727756871 ], [ 37.550866767, 55.727980891 ], [ 37.552181049, 55.728377463 ], [ 37.552933634, 55.728621742 ], [ 37.554027975, 55.729054634 ], [ 37.555213511, 55.729581362 ], [ 37.555921614, 55.729968837 ], [ 37.556297124, 55.730189816 ], [ 37.556618989, 55.73005965 ] ] ] } },
{ "type": "Feature", "properties": { "datasetId": 897, "rowId": null, "releaseNumber": 193, "versionNumber": 6, "ID": 1386, "Name": "Новодевичий пр-д", "PortionName": "Новодевичий пр-д", "Type": "Велосипедная дорожка двухстороннего движения", "Width": 2.5, "Location": "От Новодевичьей наб. до Погодинской ул.", "OperOrgName": "ГБУ Автомобильные дороги ЦАО", "DepartmentalAffiliation": "ПРЕФЕКТУРА ЦЕНТРАЛЬНОГО АДМИНИСТРАТИВНОГО ОКРУГА ГОРОДА МОСКВЫ", "ObjectOperOrgPhone": "(495) 670-02-60", "global_id": 861401404 }, "geometry": { "type": "MultiLineString", "coordinates": [ [ [ 37.55664499, 55.730049115 ], [ 37.556851521, 55.729946193 ], [ 37.55897583, 55.728347836 ] ] ] } },
{ "type": "Feature", "properties": { "datasetId": 897, "rowId": null, "releaseNumber": 193, "versionNumber": 6, "ID": 1061, "Name": "Фрунзенская наб.", "PortionName": "Фрунзенская наб.", "Type": "Велопешеходная дорожка с совмещенным движением", "Width": 2.5, "Location": "Фрунзенская наб.", "OperOrgName": "ГБУ Автомобильные дороги ЦАО", "DepartmentalAffiliation": "ПРЕФЕКТУРА ЦЕНТРАЛЬНОГО АДМИНИСТРАТИВНОГО ОКРУГА ГОРОДА МОСКВЫ", "ObjectOperOrgPhone": "(495) 670-02-60", "global_id": 861402159 }, "geometry": { "type": "MultiLineString", "coordinates": [ [ [ 37.597298031, 55.733921228 ], [ 37.596257334, 55.73289815 ], [ 37.595586781, 55.732238281 ], [ 37.594438796, 55.730891265 ], [ 37.59426177, 55.730797426 ], [ 37.594138389, 55.730588559 ], [ 37.594170575, 55.730515909 ], [ 37.592894261, 55.728680981 ] ], [ [ 37.592644433, 55.728315354 ], [ 37.591539363, 55.726732068 ], [ 37.591415981, 55.726662438 ], [ 37.591383795, 55.726568589 ], [ 37.590380648, 55.725563483 ], [ 37.590241174, 55.725496878 ], [ 37.589892486, 55.725142662 ], [ 37.589852598, 55.725035895 ], [ 37.588162999, 55.723421371 ], [ 37.58455811, 55.720033299 ], [ 37.583281378, 55.71895838 ], [ 37.582111935, 55.718077227 ], [ 37.581339459, 55.717556399 ], [ 37.580052552, 55.716710106 ], [ 37.57809454, 55.715559389 ], [ 37.577481021, 55.715204478 ] ] ] } },
{ "type": "Feature", "properties": { "datasetId": 897, "rowId": null, "releaseNumber": 193, "versionNumber": 6, "ID": 1476, "Name": "Новолужнецкий проезд", "PortionName": "Новолужнецкий проезд", "Type": "Велосипедная дорожка двухстороннего движения", "Width": 2.2, "Location": "Новолужнецкий проезд", "OperOrgName": "ГБУ Автомобильные дороги ЦАО", "DepartmentalAffiliation": "ПРЕФЕКТУРА ЦЕНТРАЛЬНОГО АДМИНИСТРАТИВНОГО ОКРУГА ГОРОДА МОСКВЫ", "ObjectOperOrgPhone": "(495) 670-02-60", "global_id": 861412263 }, "geometry": { "type": "MultiLineString", "coordinates": [ [ [ 37.569208145, 55.712631286 ], [ 37.549037933, 55.724222005 ], [ 37.547621727, 55.725768786 ] ] ] } },
{ "type": "Feature", "properties": { "datasetId": 897, "rowId": null, "releaseNumber": 193, "versionNumber": 6, "ID": 1480, "Name": "Лужнецкая наб.", "PortionName": "Лужнецкая наб.", "Type": "Велопешеходная дорожка с раздельным движением", "Width": 2.5, "Location": "Лужнецкая наб.", "OperOrgName": "ГБУ Автомобильные дороги ЦАО", "DepartmentalAffiliation": "ПРЕФЕКТУРА ЦЕНТРАЛЬНОГО АДМИНИСТРАТИВНОГО ОКРУГА ГОРОДА МОСКВЫ", "ObjectOperOrgPhone": "(495) 670-02-60", "global_id": 861412336 }, "geometry": { "type": "MultiLineString", "coordinates": [ [ [ 37.54542531, 55.725998618 ], [ 37.544524088, 55.725259917 ], [ 37.543826714, 55.724430375 ], [ 37.543172255, 55.723370715 ], [ 37.542732372, 55.722244417 ], [ 37.542614355, 55.721360311 ], [ 37.54265727, 55.720409571 ], [ 37.54289024, 55.719484761 ], [ 37.543308665, 55.718521864 ], [ 37.543770004, 55.717728515 ], [ 37.544424463, 55.716947263 ], [ 37.54518475, 55.716249396 ], [ 37.546267989, 55.715418606 ], [ 37.54772711, 55.714449551 ], [ 37.549475911, 55.71342596 ], [ 37.551213982, 55.71268702 ], [ 37.553391869, 55.711999327 ], [ 37.556020433, 55.71147236 ], [ 37.558391506, 55.711236131 ], [ 37.560429985, 55.711193731 ], [ 37.562865431, 55.711278531 ], [ 37.564496214, 55.711478417 ], [ 37.567570025, 55.711978127 ], [ 37.567875797, 55.711978127 ], [ 37.569442207, 55.712326406 ], [ 37.569892818, 55.712368805 ], [ 37.570380981, 55.712483888 ], [ 37.571255381, 55.712753422 ], [ 37.572607214, 55.713153178 ], [ 37.573728377, 55.713510532 ], [ 37.575198228, 55.714058669 ], [ 37.576018984, 55.714403901 ], [ 37.577499563, 55.715191261 ] ], [ [ 37.569802391, 55.712367001 ], [ 37.569622683, 55.712582024 ] ] ] } },
{ "type": "Feature", "properties": { "datasetId": 897, "rowId": null, "releaseNumber": 193, "versionNumber": 6, "ID": 99980, "Name": "Парк Фестивальный", "PortionName": "Парк Фестивальный", "Type": [ "Велопешеходная дорожка с совмещенным движением", "Велопешеходная зона", "Велосипедная дорожка двухстороннего движения" ], "Width": 2.5, "Location": "ул. Сущевский вал, 56 (Парк Фестивальный)", "OperOrgName": "ГБУ Автомобильные дороги ЦАО", "DepartmentalAffiliation": "ПРЕФЕКТУРА ЦЕНТРАЛЬНОГО АДМИНИСТРАТИВНОГО ОКРУГА ГОРОДА МОСКВЫ", "ObjectOperOrgPhone": "(495) 670-02-60", "global_id": 861412524 }, "geometry": { "type": "MultiLineString", "coordinates": [ [ [ 37.621350288, 55.790856199 ], [ 37.622144222, 55.790856199 ], [ 37.622079849, 55.791634308 ], [ 37.621318102, 55.791694626 ], [ 37.620231807, 55.791681809 ], [ 37.620166093, 55.79163789 ], [ 37.620095015, 55.791527244 ], [ 37.619912624, 55.791665975 ], [ 37.619880438, 55.791973595 ], [ 37.619590759, 55.792231452 ], [ 37.616975605, 55.792332105 ], [ 37.617412806, 55.792314764 ], [ 37.617412806, 55.791730817 ], [ 37.616972923, 55.791411131 ], [ 37.61709094, 55.789649797 ], [ 37.618324757, 55.789764407 ], [ 37.618627846, 55.789834907 ], [ 37.619183064, 55.789794567 ], [ 37.619404346, 55.789783634 ], [ 37.619695365, 55.789836415 ], [ 37.61976108, 55.789882409 ], [ 37.619795948, 55.7899465 ], [ 37.619762421, 55.790120298 ], [ 37.619880438, 55.790305783 ], [ 37.619985044, 55.790368365 ], [ 37.619976997, 55.790643573 ], [ 37.620025277, 55.790806436 ], [ 37.62013793, 55.79091501 ], [ 37.620116472, 55.791385496 ], [ 37.620096356, 55.791528375 ], [ 37.620164752, 55.791638455 ], [ 37.620231807, 55.791682186 ], [ 37.619913965, 55.791678416 ] ] ] } },
{ "type": "Feature", "properties": { "datasetId": 897, "rowId": null, "releaseNumber": 193, "versionNumber": 6, "ID": 456, "Name": "Площадь Арбатские ворота", "PortionName": "Площадь Арбатские ворота", "Type": "Велосипедная полоса попутного движения", "Width": 1.2, "Location": "Площадь Арбатские ворота", "OperOrgName": "ГБУ Автомобильные дороги", "DepartmentalAffiliation": "ДЕПАРТАМЕНТ ЖИЛИЩНО-КОММУНАЛЬНОГО ХОЗЯЙСТВА ГОРОДА МОСКВЫ", "ObjectOperOrgPhone": "(495) 940-06-94", "global_id": 861509182 }, "geometry": { "type": "MultiLineString", "coordinates": [ [ [ 37.601326166, 55.753057639 ], [ 37.601202785, 55.753078816 ], [ 37.601138412, 55.753142348 ], [ 37.601127683, 55.753208905 ] ] ] } },
{ "type": "Feature", "properties": { "datasetId": 897, "rowId": null, "releaseNumber": 193, "versionNumber": 6, "ID": 1421, "Name": "Боровское шоссе", "PortionName": "Боровское шоссе", "Type": "Велопешеходная дорожка с совмещенным движением", "Width": 1.2, "Location": "Боровское шоссе", "OperOrgName": "ГБУ Автомобильные дороги", "DepartmentalAffiliation": "ДЕПАРТАМЕНТ ЖИЛИЩНО-КОММУНАЛЬНОГО ХОЗЯЙСТВА ГОРОДА МОСКВЫ", "ObjectOperOrgPhone": "(495) 940-06-94", "global_id": 861509421 }, "geometry": { "type": "MultiLineString", "coordinates": [ [ [ 37.426839485, 55.661478956 ], [ 37.424564972, 55.661333397 ], [ 37.422655239, 55.661163579 ], [ 37.420359268, 55.661005889 ], [ 37.418192043, 55.660872459 ], [ 37.415359631, 55.660654118 ], [ 37.413235321, 55.660544948 ] ] ] } },
{ "type": "Feature", "properties": { "datasetId": 897, "rowId": null, "releaseNumber": 193, "versionNumber": 6, "ID": 1, "Name": "Велодорожка по Битцевскому проезду", "PortionName": "", "Type": "Велопешеходная дорожка с совмещенным движением", "Width": 1.6, "Location": "Битцевский проезд", "OperOrgName": "ГБУ Жилищник района Чертаново Северное", "DepartmentalAffiliation": "ПРЕФЕКТУРА ЮЖНОГО АДМИНИСТРАТИВНОГО ОКРУГА ГОРОДА МОСКВЫ", "ObjectOperOrgPhone": "(495) 981-85-15", "global_id": 861562239 }, "geometry": { "type": "MultiLineString", "coordinates": [ [ [ 37.588034312, 55.633381664 ], [ 37.589156692, 55.636222649 ], [ 37.590150325, 55.638978469 ], [ 37.590987174, 55.639597442 ], [ 37.593626468, 55.640483407 ], [ 37.594549148, 55.640616906 ], [ 37.59545037, 55.64060477 ], [ 37.596480338, 55.640544088 ], [ 37.598475902, 55.640398452 ], [ 37.599194734, 55.640252815 ], [ 37.599849193, 55.640095041 ], [ 37.601748197, 55.639476076 ], [ 37.601962774, 55.639330435 ], [ 37.602230995, 55.639027016 ] ] ] } },
{ "type": "Feature", "properties": { "datasetId": 897, "rowId": null, "releaseNumber": 193, "versionNumber": 6, "ID": 13, "Name": "Пойма реки Яуза вдоль Северодвинской улицы", "PortionName": "От МКАД до ул. Енисейская", "Type": "Двустороняя велополоса", "Width": 3.0, "Location": "от улицы Енисейская, через пойму реки Яуза, вдоль улицы Северодвинская к 91-му километру МКАД", "OperOrgName": "Государственное автономное учреждение г. Москвы Парк Яуза", "DepartmentalAffiliation": "ПРЕФЕКТУРА СЕВЕРО-ВОСТОЧНОГО АДМИНИСТРАТИВНОГО ОКРУГА ГОРОДА МОСКВЫ", "ObjectOperOrgPhone": "(499) 476-22-59", "global_id": 880845420 }, "geometry": { "type": "MultiLineString", "coordinates": [ [ [ 37.679479122, 55.887322565 ], [ 37.680122852, 55.887503074 ], [ 37.680680752, 55.887442904 ], [ 37.680916786, 55.88764748 ], [ 37.682161331, 55.887719683 ], [ 37.682547569, 55.888008493 ], [ 37.682719231, 55.8882251 ] ], [ [ 37.682740688, 55.8882251 ], [ 37.68291235, 55.888369504 ], [ 37.683513165, 55.888297302 ], [ 37.683877945, 55.888369504 ] ], [ [ 37.684886456, 55.894590384 ], [ 37.684950829, 55.893050297 ], [ 37.684800625, 55.892436652 ], [ 37.684779167, 55.892015517 ], [ 37.684714794, 55.891642509 ], [ 37.684500217, 55.891293562 ], [ 37.683663368, 55.891401856 ], [ 37.682955265, 55.891425921 ], [ 37.682461739, 55.891546248 ], [ 37.682011127, 55.891546248 ], [ 37.681624889, 55.891389823 ], [ 37.681496143, 55.891173234 ], [ 37.681388855, 55.890920546 ], [ 37.681195736, 55.890691922 ], [ 37.68078804, 55.890306867 ], [ 37.680594921, 55.889885709 ], [ 37.680380344, 55.888682376 ], [ 37.680251598, 55.888020527 ], [ 37.680122852, 55.88764748 ] ], [ [ 37.680133581, 55.887659514 ], [ 37.680122852, 55.887539175 ] ], [ [ 37.679650784, 55.887039766 ], [ 37.679554224, 55.886805102 ], [ 37.679457664, 55.886612556 ], [ 37.679425478, 55.886383906 ], [ 37.679457664, 55.886233478 ], [ 37.67931819, 55.886052964 ], [ 37.679167986, 55.885902534 ], [ 37.678974867, 55.885818294 ], [ 37.678910494, 55.885661846 ], [ 37.678277493, 55.885264707 ], [ 37.678041458, 55.885066136 ], [ 37.677569389, 55.884837477 ], [ 37.676979303, 55.884584747 ], [ 37.676678896, 55.884536608 ], [ 37.676314116, 55.884476434 ], [ 37.676142454, 55.884338033 ], [ 37.675927877, 55.884241754 ], [ 37.675520182, 55.884151493 ], [ 37.675251961, 55.884121405 ] ], [ [ 37.675026655, 55.884091318 ], [ 37.674844265, 55.88413344 ], [ 37.674372196, 55.884247772 ], [ 37.673985958, 55.884277859 ], [ 37.673556805, 55.884265824 ], [ 37.673127651, 55.884223702 ], [ 37.672741413, 55.88410937 ], [ 37.67267704, 55.883946898 ], [ 37.672526836, 55.883736286 ], [ 37.672441006, 55.883555759 ], [ 37.672322989, 55.883272933 ], [ 37.6722157, 55.883050282 ], [ 37.672076225, 55.882803558 ], [ 37.672011852, 55.882647098 ], [ 37.671926022, 55.882454531 ], [ 37.67185092, 55.882286035 ], [ 37.671711445, 55.882201786 ], [ 37.671486139, 55.88216568 ], [ 37.671314478, 55.882147626 ], [ 37.671175003, 55.882129573 ] ] ] } },
{ "type": "Feature", "properties": { "datasetId": 897, "rowId": null, "releaseNumber": 193, "versionNumber": 6, "ID": 4, "Name": "Велосипедная дорожка в парке на набережной Москвы-Реки в Капотни", "PortionName": "", "Type": "Велопешеходная дорожка с совмещенным движением", "Width": 1.5, "Location": "в парке на набережной Москвы-Реки в Капотни", "OperOrgName": "ГБУ «Жилищник района Капотня»", "DepartmentalAffiliation": "ПРЕФЕКТУРА ЮГО-ВОСТОЧНОГО АДМИНИСТРАТИВНОГО ОКРУГА ГОРОДА МОСКВЫ", "ObjectOperOrgPhone": "(495) 355-75-92", "global_id": 901676687 }, "geometry": { "type": "MultiLineString", "coordinates": [ [ [ 37.791131423, 55.631922267 ], [ 37.791047604, 55.631836155 ], [ 37.791049616, 55.631652931 ], [ 37.790924893, 55.631474637 ], [ 37.790777372, 55.631283445 ], [ 37.790611075, 55.631127152 ], [ 37.790533291, 55.631023968 ], [ 37.790509151, 55.630969341 ], [ 37.790487693, 55.63086464 ], [ 37.790506464, 55.630665 ], [ 37.790608388, 55.630504153 ], [ 37.790704948, 55.630411589 ], [ 37.790750545, 55.630243153 ], [ 37.790734452, 55.630115688 ], [ 37.790680808, 55.630023123 ], [ 37.79063521, 55.629974565 ], [ 37.790608388, 55.629901727 ], [ 37.790557426, 55.629836476 ], [ 37.790415269, 55.629648311 ], [ 37.790344316, 55.629612425 ], [ 37.790242392, 55.629572971 ], [ 37.790121693, 55.629527446 ], [ 37.790065366, 55.629466748 ], [ 37.790009982, 55.629353215 ], [ 37.789969749, 55.629236369 ], [ 37.789964384, 55.629004194 ], [ 37.78998316, 55.628908592 ], [ 37.790001643, 55.628808305 ], [ 37.790041876, 55.628727877 ], [ 37.790267182, 55.628557916 ], [ 37.79035033, 55.628497216 ], [ 37.790487123, 55.628430445 ], [ 37.790597093, 55.62839099 ], [ 37.790988696, 55.628283246 ], [ 37.791270328, 55.628224063 ], [ 37.791361523, 55.628224063 ], [ 37.791560006, 55.628217993 ], [ 37.791747761, 55.628193713 ], [ 37.791938198, 55.628155774 ], [ 37.79206158, 55.628139082 ], [ 37.792217148, 55.628137564 ], [ 37.792410267, 55.628143634 ], [ 37.792573881, 55.628125424 ], [ 37.792667759, 55.628104179 ], [ 37.792844785, 55.628011609 ], [ 37.79301656, 55.627890474 ], [ 37.793056794, 55.62783736 ], [ 37.793102391, 55.627776659 ], [ 37.793123849, 55.627696229 ], [ 37.793126531, 55.627550545 ], [ 37.793123849, 55.627230341 ], [ 37.793123849, 55.627148392 ], [ 37.793156035, 55.627081619 ], [ 37.793201633, 55.627002706 ], [ 37.793346472, 55.626905581 ], [ 37.793427711, 55.626868635 ], [ 37.793768352, 55.626773027 ], [ 37.794138497, 55.626712324 ], [ 37.794425493, 55.62667742 ], [ 37.794468408, 55.626653138 ], [ 37.794481819, 55.626619752 ], [ 37.794436222, 55.626590917 ], [ 37.794283336, 55.626554495 ], [ 37.794169085, 55.626510905 ], [ 37.794093983, 55.626445649 ], [ 37.794064479, 55.626345487 ], [ 37.794067161, 55.626287819 ], [ 37.794016199, 55.626243808 ], [ 37.793933051, 55.626219527 ], [ 37.793863313, 55.626208904 ], [ 37.793887453, 55.626157305 ], [ 37.793906229, 55.626076872 ], [ 37.793906577, 55.626012738 ], [ 37.793858297, 55.625944446 ], [ 37.793823429, 55.625882224 ], [ 37.793820746, 55.625824554 ], [ 37.79383684, 55.625774473 ], [ 37.793909259, 55.625730462 ], [ 37.79399509, 55.625694039 ], [ 37.794126518, 55.625663687 ], [ 37.794282086, 55.625662169 ], [ 37.794402786, 55.625660652 ], [ 37.794472523, 55.625637887 ], [ 37.794496663, 55.625583253 ], [ 37.794499345, 55.625524065 ], [ 37.79445643, 55.625464878 ], [ 37.794357188, 55.625384444 ], [ 37.794276722, 55.625361679 ], [ 37.794062145, 55.625349538 ], [ 37.793962903, 55.625355609 ], [ 37.793826111, 55.625426937 ], [ 37.793700047, 55.625513442 ], [ 37.793632992, 55.625587806 ], [ 37.793619581, 55.625687969 ], [ 37.793579348, 55.625783579 ], [ 37.793514975, 55.625856424 ], [ 37.793045588, 55.626088619 ], [ 37.792973168, 55.626147805 ], [ 37.792750022, 55.626768151 ], [ 37.79270231, 55.626838842 ], [ 37.792637937, 55.626907133 ], [ 37.792501145, 55.626998188 ], [ 37.792399221, 55.627090759 ], [ 37.792329483, 55.627166637 ], [ 37.792133682, 55.627281972 ], [ 37.792071991, 55.627386683 ], [ 37.791751953, 55.627729511 ], [ 37.791574927, 55.627937413 ], [ 37.791454558, 55.628122039 ], [ 37.791423713, 55.628177429 ], [ 37.791360681, 55.628226748 ] ], [ [ 37.793049224, 55.626153275 ], [ 37.793451555, 55.62620032 ], [ 37.793711729, 55.626209426 ], [ 37.793864615, 55.626210943 ] ], [ [ 37.790723301, 55.630410793 ], [ 37.790945924, 55.630422932 ], [ 37.791141725, 55.630429002 ], [ 37.791200734, 55.630422932 ], [ 37.791340209, 55.630356165 ], [ 37.791522599, 55.630292432 ], [ 37.791721082, 55.630240839 ], [ 37.791809595, 55.630218078 ], [ 37.791868604, 55.630171037 ], [ 37.791986621, 55.629954042 ], [ 37.792083181, 55.629796226 ], [ 37.792209244, 55.62931367 ], [ 37.792311168, 55.62912095 ], [ 37.792477465, 55.628944921 ], [ 37.792875789, 55.628315027 ], [ 37.792993806, 55.628123819 ], [ 37.793015264, 55.627890119 ] ], [ [ 37.792848967, 55.628013039 ], [ 37.792926751, 55.628010004 ], [ 37.792977713, 55.62803125 ], [ 37.792993806, 55.628108644 ] ], [ [ 37.790699135, 55.630410365 ], [ 37.790322296, 55.630471239 ], [ 37.789666507, 55.630714205 ], [ 37.789616898, 55.630872194 ], [ 37.789667195, 55.630999745 ], [ 37.789653119, 55.6310666 ], [ 37.789403696, 55.631579835 ], [ 37.789075136, 55.632446433 ], [ 37.788682204, 55.633306942 ], [ 37.787886906, 55.635429121 ], [ 37.787762544, 55.6355316 ], [ 37.787665004, 55.635573389 ], [ 37.787512839, 55.635593243 ] ], [ [ 37.789307237, 55.63578138 ], [ 37.789503038, 55.635760138 ], [ 37.790476207, 55.63488945 ], [ 37.790917078, 55.6343204 ], [ 37.791038447, 55.634262363 ], [ 37.791122267, 55.634192189 ], [ 37.791326785, 55.633953594 ], [ 37.791493752, 55.633842452 ], [ 37.791768679, 55.633529127 ], [ 37.792032876, 55.633349325 ], [ 37.792504945, 55.633906179 ], [ 37.792848268, 55.633959284 ] ], [ [ 37.790912816, 55.63431751 ], [ 37.791116537, 55.633985996 ], [ 37.791341715, 55.633642341 ], [ 37.791871738, 55.632995022 ], [ 37.791911212, 55.63272797 ], [ 37.791853165, 55.63241236 ], [ 37.791789273, 55.632145304 ], [ 37.791752203, 55.632087644 ], [ 37.791545293, 55.632013293 ], [ 37.791402756, 55.631878246 ], [ 37.791273631, 55.631917698 ], [ 37.791128412, 55.631920733 ] ], [ [ 37.787180028, 55.636510706 ], [ 37.786704254, 55.637373983 ], [ 37.786724915, 55.637484546 ], [ 37.786809949, 55.637613315 ], [ 37.786867365, 55.637952777 ], [ 37.786715568, 55.638243688 ], [ 37.786595958, 55.638358611 ], [ 37.786441561, 55.638457224 ], [ 37.786308621, 55.638592248 ], [ 37.785720906, 55.640795042 ] ] ] } },
{ "type": "Feature", "properties": { "datasetId": 897, "rowId": null, "releaseNumber": 193, "versionNumber": 6, "ID": 37, "Name": "Парк «50-летия Октября»", "PortionName": "", "Type": "Велосипедная дорожка двухстороннего движения", "Width": 2.4, "Location": "улица Удальцова, дом 22", "OperOrgName": "Государственное автономное учреждение культуры города Москвы «Парк культуры и отдыха «Фили»", "DepartmentalAffiliation": "ДЕПАРТАМЕНТ КУЛЬТУРЫ ГОРОДА МОСКВЫ", "ObjectOperOrgPhone": "(499) 145-00-00", "global_id": 918057359 }, "geometry": { "type": "MultiLineString", "coordinates": [ [ [ 37.507469058, 55.67859579 ], [ 37.507400662, 55.678476694 ], [ 37.507375181, 55.678448716 ], [ 37.507333271, 55.678447393 ], [ 37.507237047, 55.678456278 ], [ 37.507132553, 55.67846802 ], [ 37.506919205, 55.678496354 ], [ 37.506834697, 55.678502329 ], [ 37.506699935, 55.678511856 ], [ 37.506378853, 55.678554408 ], [ 37.505973839, 55.678607452 ], [ 37.505641245, 55.678643826 ], [ 37.505308651, 55.678752946 ], [ 37.504895591, 55.678910564 ], [ 37.504664921, 55.679025745 ], [ 37.504064106, 55.679316729 ], [ 37.503541001, 55.679476639 ], [ 37.503229864, 55.67956757 ], [ 37.502950915, 55.679634253 ], [ 37.502462753, 55.679752464 ], [ 37.502296456, 55.679835817 ], [ 37.502124794, 55.679940388 ], [ 37.502020188, 55.680038896 ], [ 37.501996048, 55.680140434 ], [ 37.501947769, 55.680261674 ], [ 37.501867302, 55.680385945 ], [ 37.501481064, 55.680798157 ], [ 37.501191386, 55.680864838 ], [ 37.500984855, 55.680923941 ], [ 37.50084404, 55.680967132 ], [ 37.500485965, 55.680966374 ], [ 37.500236519, 55.680986076 ], [ 37.499917336, 55.681040632 ], [ 37.499646433, 55.681101251 ], [ 37.499875054, 55.681249447 ], [ 37.49959141, 55.681264947 ], [ 37.499406338, 55.681343961 ], [ 37.499363872, 55.681389499 ], [ 37.499313802, 55.681435828 ], [ 37.499299049, 55.681488755 ], [ 37.499299049, 55.681523725 ], [ 37.499326877, 55.681550567 ], [ 37.49943316, 55.681604061 ], [ 37.49949351, 55.681657744 ], [ 37.499535084, 55.681706135 ], [ 37.499503903, 55.681824843 ], [ 37.499455959, 55.681873989 ], [ 37.499422431, 55.681897428 ], [ 37.499390244, 55.681917087 ], [ 37.499351352, 55.681922379 ], [ 37.499231994, 55.681937501 ], [ 37.498991936, 55.681957916 ], [ 37.498641908, 55.681966989 ], [ 37.498435378, 55.681963965 ], [ 37.498301268, 55.68197833 ], [ 37.498198003, 55.682021428 ], [ 37.498124242, 55.682106866 ], [ 37.498092055, 55.682208939 ], [ 37.498092605, 55.682281376 ], [ 37.49807328, 55.682391913 ], [ 37.498054504, 55.682515911 ], [ 37.497984767, 55.682600592 ], [ 37.497941852, 55.682659567 ], [ 37.497861385, 55.683013412 ], [ 37.49781847, 55.683321889 ], [ 37.497772182, 55.683470292 ], [ 37.497887517, 55.683606675 ], [ 37.498082668, 55.683885157 ], [ 37.498134971, 55.683971348 ], [ 37.498342842, 55.684321401 ], [ 37.498527914, 55.68463138 ], [ 37.498778701, 55.685057787 ], [ 37.499046922, 55.685496286 ], [ 37.499396279, 55.686090897 ], [ 37.499596775, 55.686273474 ], [ 37.499823421, 55.68639746 ], [ 37.500056773, 55.68649423 ], [ 37.500265986, 55.686563026 ], [ 37.500511408, 55.686617459 ], [ 37.500788841, 55.686677598 ], [ 37.501658052, 55.686875256 ], [ 37.501854388, 55.686898107 ], [ 37.502549887, 55.686900204 ], [ 37.503581196, 55.686906252 ], [ 37.503831983, 55.686885084 ], [ 37.504045218, 55.686830652 ], [ 37.504136413, 55.686796632 ], [ 37.504660785, 55.686568318 ], [ 37.505063117, 55.686394436 ], [ 37.505240142, 55.686261378 ], [ 37.505329326, 55.686170657 ], [ 37.505515069, 55.68594612 ], [ 37.505596876, 55.685768833 ], [ 37.505704165, 55.685493262 ], [ 37.505942881, 55.684868778 ], [ 37.506127954, 55.684430272 ], [ 37.506197691, 55.684251844 ], [ 37.50626942, 55.684127958 ], [ 37.506327778, 55.684095341 ], [ 37.506455183, 55.684032589 ], [ 37.506748885, 55.683904059 ], [ 37.506870925, 55.683847354 ], [ 37.507060021, 55.683693118 ], [ 37.507411391, 55.683376326 ], [ 37.507773489, 55.683049703 ], [ 37.507977337, 55.68287883 ], [ 37.508002818, 55.682818344 ], [ 37.50801757, 55.682774491 ], [ 37.507959902, 55.682723078 ], [ 37.507895529, 55.68269359 ], [ 37.507679611, 55.682596056 ], [ 37.507430166, 55.682472058 ], [ 37.507387251, 55.682424424 ], [ 37.507381886, 55.682342011 ], [ 37.50752002, 55.682052428 ], [ 37.507609874, 55.681793843 ], [ 37.5076293, 55.681673018 ], [ 37.50771448, 55.681351522 ], [ 37.507768124, 55.681134518 ], [ 37.507777512, 55.681089908 ], [ 37.507809699, 55.680973466 ], [ 37.507844567, 55.680816194 ], [ 37.507892847, 55.680632457 ], [ 37.507942468, 55.680437377 ], [ 37.507964649, 55.680361314 ], [ 37.508111447, 55.680088045 ], [ 37.508267666, 55.679827165 ], [ 37.508349454, 55.679699179 ], [ 37.508397734, 55.679574907 ], [ 37.508390397, 55.679481622 ], [ 37.50835821, 55.67939769 ], [ 37.508281767, 55.679283512 ], [ 37.508233488, 55.679223776 ], [ 37.508126199, 55.679124721 ], [ 37.507997453, 55.679030202 ], [ 37.507841885, 55.678928877 ], [ 37.507721186, 55.678851749 ], [ 37.507668212, 55.678819991 ], [ 37.507607192, 55.678770084 ], [ 37.507538795, 55.678709592 ], [ 37.507498562, 55.6786508 ], [ 37.50747107, 55.678599381 ], [ 37.507469058, 55.67859579 ] ], [ [ 37.507737279, 55.687206383 ], [ 37.50681594, 55.686817044 ], [ 37.506593317, 55.686690035 ], [ 37.506353259, 55.686536566 ], [ 37.505980432, 55.686263646 ], [ 37.505363232, 55.685712478 ], [ 37.504612214, 55.684997256 ], [ 37.503995597, 55.684413639 ], [ 37.50344038, 55.683931277 ], [ 37.502947653, 55.683509693 ], [ 37.502163649, 55.682834977 ], [ 37.50136435, 55.682267914 ], [ 37.500428259, 55.681625232 ], [ 37.499934733, 55.681266838 ], [ 37.499208989, 55.680787991 ] ] ] } },
{ "type": "Feature", "properties": { "datasetId": 897, "rowId": null, "releaseNumber": 193, "versionNumber": 6, "ID": 38, "Name": "Улица Лобачевского/Мичуринский проспект", "PortionName": "", "Type": "Велосипедная дорожка двухстороннего движения", "Width": 2.5, "Location": "улица Лобачевского/Мичуринский проспект", "OperOrgName": "Государственное автономное учреждение культуры города Москвы «Парк культуры и отдыха «Фили»", "DepartmentalAffiliation": "ДЕПАРТАМЕНТ КУЛЬТУРЫ ГОРОДА МОСКВЫ", "ObjectOperOrgPhone": "(499) 145-00-00", "global_id": 918057360 }, "geometry": { "type": "MultiLineString", "coordinates": [ [ [ 37.478467673, 55.676771508 ], [ 37.478235662, 55.676696645 ], [ 37.478086799, 55.676824442 ], [ 37.478066683, 55.676843347 ], [ 37.47801505, 55.676896281 ], [ 37.47797884, 55.67694203 ], [ 37.477884293, 55.677066046 ], [ 37.477748841, 55.677272107 ], [ 37.477708608, 55.677334114 ], [ 37.477648258, 55.677415782 ], [ 37.477581203, 55.67749745 ], [ 37.477510795, 55.67756475 ], [ 37.47747995, 55.677590839 ], [ 37.477390766, 55.677654736 ], [ 37.477292195, 55.677717121 ], [ 37.477211058, 55.677770053 ], [ 37.477175519, 55.677788201 ], [ 37.477101758, 55.677823363 ], [ 37.476974353, 55.677884992 ], [ 37.476882488, 55.67791902 ], [ 37.476771176, 55.677955316 ], [ 37.476684004, 55.67797422 ], [ 37.476660535, 55.677979892 ], [ 37.476464733, 55.67802564 ], [ 37.476225346, 55.678085378 ], [ 37.476041615, 55.678130748 ], [ 37.475824356, 55.678183302 ], [ 37.475691587, 55.678236612 ], [ 37.47556217, 55.678293702 ], [ 37.475418001, 55.678356842 ], [ 37.475332841, 55.67839276 ], [ 37.475202084, 55.678429812 ], [ 37.475125641, 55.678442667 ], [ 37.475021705, 55.678445691 ], [ 37.47494258, 55.678443423 ], [ 37.47489363, 55.678436996 ], [ 37.474795729, 55.678420738 ], [ 37.47473605, 55.678411286 ], [ 37.474646866, 55.678405237 ], [ 37.474585176, 55.67840259 ], [ 37.474434301, 55.678402212 ], [ 37.47431159, 55.678405237 ], [ 37.47421436, 55.678410908 ], [ 37.474020571, 55.67842225 ], [ 37.473881096, 55.678428678 ], [ 37.473741621, 55.678437374 ], [ 37.473632991, 55.678472535 ], [ 37.473503575, 55.678515258 ], [ 37.473385468, 55.678571637 ], [ 37.473288998, 55.67867065 ], [ 37.473251447, 55.678742107 ], [ 37.473242059, 55.678760254 ], [ 37.473237365, 55.678809405 ], [ 37.473235468, 55.678848148 ], [ 37.473244071, 55.678976515 ], [ 37.473289669, 55.679080108 ], [ 37.473312467, 55.679191262 ], [ 37.473312803, 55.679496556 ], [ 37.473308444, 55.679721319 ], [ 37.473307773, 55.679880108 ], [ 37.47330308, 55.680167061 ], [ 37.473358065, 55.680429438 ], [ 37.473421097, 55.680560625 ], [ 37.473480105, 55.68064153 ], [ 37.473508269, 55.680687654 ], [ 37.473557889, 55.680753436 ], [ 37.473687977, 55.680932636 ], [ 37.473882437, 55.681199544 ], [ 37.47392267, 55.681269862 ], [ 37.4740104, 55.681555192 ], [ 37.474270389, 55.68193209 ], [ 37.474385724, 55.682100303 ], [ 37.47465374, 55.682296096 ], [ 37.474806831, 55.682407933 ], [ 37.474896312, 55.682472814 ], [ 37.475127652, 55.682548422 ], [ 37.475356981, 55.682613824 ], [ 37.475456893, 55.682627433 ], [ 37.475562505, 55.682616848 ], [ 37.475780473, 55.682464003 ], [ 37.475908846, 55.682382083 ], [ 37.475956455, 55.682352974 ], [ 37.475983277, 55.682310633 ], [ 37.475998701, 55.682310759 ], [ 37.476492897, 55.682314791 ], [ 37.476780564, 55.682315548 ], [ 37.477033362, 55.682320462 ], [ 37.477207705, 55.682336718 ], [ 37.47748062, 55.682337474 ], [ 37.47789368, 55.682333694 ], [ 37.477875094, 55.680610073 ], [ 37.477862835, 55.680351178 ], [ 37.478603795, 55.680272541 ], [ 37.478722483, 55.680259687 ], [ 37.478916273, 55.680240028 ], [ 37.479709536, 55.680159878 ], [ 37.479936182, 55.680140218 ], [ 37.480105497, 55.680126986 ], [ 37.480145395, 55.680123583 ], [ 37.480357289, 55.680107705 ], [ 37.480990291, 55.680060068 ], [ 37.481647432, 55.68001092 ] ], [ [ 37.47909499, 55.676981991 ], [ 37.479121126, 55.676954697 ], [ 37.479194552, 55.676928041 ], [ 37.479260266, 55.67693409 ], [ 37.479285747, 55.676943732 ], [ 37.479321957, 55.676970955 ], [ 37.48004081, 55.676786035 ], [ 37.480858192, 55.676572628 ], [ 37.481202185, 55.676486421 ], [ 37.481410056, 55.676417229 ], [ 37.481428832, 55.676411179 ], [ 37.481452972, 55.676403617 ], [ 37.48239778, 55.676082229 ], [ 37.483374774, 55.675751386 ] ], [ [ 37.478766739, 55.676872839 ], [ 37.47909499, 55.676981991 ], [ 37.479091287, 55.677010466 ], [ 37.479134202, 55.677045251 ], [ 37.47887738, 55.677227114 ], [ 37.478501201, 55.677514842 ], [ 37.478265166, 55.677712962 ], [ 37.477768958, 55.677994259 ], [ 37.477570474, 55.67807895 ], [ 37.477465868, 55.678110709 ], [ 37.477109134, 55.678181789 ], [ 37.47698307, 55.678219598 ], [ 37.476682663, 55.678352683 ], [ 37.47633934, 55.678602217 ], [ 37.476049662, 55.678711104 ], [ 37.475816309, 55.678761011 ], [ 37.475491762, 55.678800331 ], [ 37.475218177, 55.678807892 ], [ 37.474901676, 55.678798818 ], [ 37.474649549, 55.678794281 ], [ 37.474515438, 55.678795794 ], [ 37.474426925, 55.678809405 ], [ 37.474330366, 55.678839651 ], [ 37.474233806, 55.678888045 ], [ 37.47415334, 55.678947025 ], [ 37.474086285, 55.678999956 ], [ 37.474062145, 55.679075571 ], [ 37.474078238, 55.679207141 ], [ 37.474101037, 55.679298635 ], [ 37.474148914, 55.679389946 ], [ 37.474245145, 55.679573478 ], [ 37.474244535, 55.679639278 ], [ 37.47421436, 55.679763663 ], [ 37.474209666, 55.67983663 ], [ 37.474211678, 55.679946648 ], [ 37.474237829, 55.680040787 ], [ 37.474292144, 55.680109973 ], [ 37.474392056, 55.680215075 ], [ 37.474578651, 55.680417089 ], [ 37.474654242, 55.680542856 ], [ 37.474734038, 55.680751546 ], [ 37.474756166, 55.680838877 ], [ 37.474759519, 55.68091827 ], [ 37.474738732, 55.681010516 ], [ 37.474715263, 55.68110692 ], [ 37.474697158, 55.68117308 ], [ 37.474696487, 55.681209751 ], [ 37.474709228, 55.681258142 ], [ 37.474841997, 55.681359839 ], [ 37.475163862, 55.681617671 ], [ 37.475190684, 55.68165283 ], [ 37.475232929, 55.681749233 ], [ 37.475273833, 55.681824843 ], [ 37.475308701, 55.681864916 ], [ 37.475330159, 55.681887221 ], [ 37.475399226, 55.681939769 ], [ 37.475650012, 55.682051672 ], [ 37.475871965, 55.68215261 ], [ 37.47595109, 55.682192305 ], [ 37.475980595, 55.682248634 ], [ 37.475989312, 55.682295511 ], [ 37.475998701, 55.682310759 ] ] ] } },
{ "type": "Feature", "properties": { "datasetId": 897, "rowId": null, "releaseNumber": 193, "versionNumber": 6, "ID": 10006, "Name": "Велосипедная дорожка на бульварной зоне №3 по Пятницкому шоссе", "PortionName": "", "Type": [ "Велопешеходная зона", "Велосипедная дорожка двухстороннего движения" ], "Width": 2.5, "Location": "от дома №29 до дома №39 по Пятницкому шоссе", "OperOrgName": "ГБУ Жилищник района Митино", "DepartmentalAffiliation": "ПРЕФЕКТУРА СЕВЕРО-ЗАПАДНОГО АДМИНИСТРАТИВНОГО ОКРУГА ГОРОДА МОСКВЫ", "ObjectOperOrgPhone": "(495) 753-12-22", "global_id": 918378199 }, "geometry": { "type": "MultiLineString", "coordinates": [ [ [ 37.366920772, 55.850000252 ], [ 37.366995874, 55.850066642 ], [ 37.366218033, 55.850477057 ], [ 37.366121474, 55.850534394 ], [ 37.365155878, 55.850984033 ], [ 37.365027132, 55.851041369 ], [ 37.364860835, 55.851107758 ], [ 37.361379328, 55.852782538 ], [ 37.359952393, 55.853479587 ], [ 37.358959975, 55.853977472 ], [ 37.357672515, 55.854629238 ], [ 37.355848613, 55.85551333 ], [ 37.355306807, 55.855676266 ], [ 37.355273122, 55.855732448 ] ] ] } },
{ "type": "Feature", "properties": { "datasetId": 897, "rowId": null, "releaseNumber": 193, "versionNumber": 6, "ID": 10007, "Name": "Велосипедная дорожка на бульварной зоне №4 по Пятницкому шоссе", "PortionName": "", "Type": [ "Велопешеходная зона", "Велосипедная дорожка двухстороннего движения" ], "Width": 2.0, "Location": "от дома №41 до дома №47 по Пятницкому шоссе", "OperOrgName": "ГБУ Жилищник района митино", "DepartmentalAffiliation": "ПРЕФЕКТУРА СЕВЕРО-ЗАПАДНОГО АДМИНИСТРАТИВНОГО ОКРУГА ГОРОДА МОСКВЫ", "ObjectOperOrgPhone": "(495) 753-12-22", "global_id": 918378204 }, "geometry": { "type": "MultiLineString", "coordinates": [ [ [ 37.35475345, 55.855985725 ], [ 37.35475345, 55.856046071 ], [ 37.354683712, 55.856088313 ], [ 37.353353337, 55.856730992 ], [ 37.35323532, 55.856758147 ], [ 37.35299987, 55.856885702 ], [ 37.352833573, 55.856976219 ], [ 37.352089507, 55.857347556 ], [ 37.351896388, 55.857498416 ], [ 37.35183738, 55.857531605 ], [ 37.35160671, 55.857585914 ], [ 37.348597287, 55.859049082 ], [ 37.348506092, 55.859094338 ], [ 37.348329066, 55.85913356 ] ] ] } },
{ "type": "Feature", "properties": { "datasetId": 897, "rowId": null, "releaseNumber": 193, "versionNumber": 6, "ID": 1256, "Name": "Сквер по ул. Костромская", "PortionName": "", "Type": "Велопешеходная зона", "Width": 3.0, "Location": "Парк света по улице Костромская", "OperOrgName": "Государственное бюджетное учреждение города Москвы «Жилищник района Бибирево»", "DepartmentalAffiliation": "ПРЕФЕКТУРА СЕВЕРО-ВОСТОЧНОГО АДМИНИСТРАТИВНОГО ОКРУГА ГОРОДА МОСКВЫ", "ObjectOperOrgPhone": "(495) 533-00-22", "global_id": 918406761 }, "geometry": { "type": "MultiLineString", "coordinates": [ [ [ 37.591720571, 55.889508106 ], [ 37.592348208, 55.889251856 ], [ 37.593168964, 55.889037811 ], [ 37.593303074, 55.889046855 ], [ 37.594515433, 55.888193678 ], [ 37.595861902, 55.887364601 ], [ 37.597240557, 55.886577715 ], [ 37.598125686, 55.886170698 ], [ 37.599504342, 55.885453133 ], [ 37.600126614, 55.885091331 ] ] ] } },
{ "type": "Feature", "properties": { "datasetId": 897, "rowId": null, "releaseNumber": 193, "versionNumber": 6, "ID": 14, "Name": "Сад будущего", "PortionName": "Парк Сад Будущего", "Type": "Двустороняя велополоса", "Width": 3.0, "Location": "Парк Сад Будущего", "OperOrgName": "Государственное автономное учреждение г. Москвы Парк Яуза", "DepartmentalAffiliation": "ПРЕФЕКТУРА СЕВЕРО-ВОСТОЧНОГО АДМИНИСТРАТИВНОГО ОКРУГА ГОРОДА МОСКВЫ", "ObjectOperOrgPhone": "(499) 476-22-59", "global_id": 918407379 }, "geometry": { "type": "MultiLineString", "coordinates": [ [ [ 37.638431517, 55.844474378 ], [ 37.638463704, 55.844401941 ], [ 37.638458339, 55.844356667 ], [ 37.638458339, 55.84430234 ], [ 37.638452975, 55.844244993 ], [ 37.638506619, 55.844175574 ], [ 37.638554899, 55.844106155 ], [ 37.638570992, 55.844036736 ], [ 37.638603179, 55.843976371 ], [ 37.638603179, 55.843909969 ], [ 37.638608543, 55.843855641 ], [ 37.638587085, 55.843795276 ], [ 37.638538806, 55.843713783 ], [ 37.638485161, 55.843662472 ], [ 37.638426153, 55.843605125 ], [ 37.638367144, 55.843550796 ], [ 37.638292042, 55.843505522 ], [ 37.638222305, 55.843469303 ], [ 37.638136474, 55.843433083 ], [ 37.638029186, 55.8434029 ], [ 37.637884347, 55.843372718 ], [ 37.637777058, 55.843357626 ], [ 37.63766977, 55.843354608 ], [ 37.637626854, 55.843309333 ], [ 37.637621124, 55.843233115 ], [ 37.637615759, 55.843175767 ], [ 37.637626488, 55.843088236 ], [ 37.637637217, 55.843024852 ], [ 37.637637217, 55.842988632 ], [ 37.637631853, 55.842943357 ], [ 37.637637217, 55.842879972 ], [ 37.637641217, 55.842805647 ], [ 37.637635852, 55.842748299 ], [ 37.637601093, 55.842654446 ], [ 37.637580249, 55.842571475 ], [ 37.637567574, 55.842503709 ], [ 37.637551481, 55.842449378 ], [ 37.637535388, 55.842373919 ], [ 37.637508566, 55.842310533 ], [ 37.637487108, 55.842232056 ], [ 37.637460286, 55.842150559 ], [ 37.637415228, 55.842086631 ], [ 37.637399134, 55.842035319 ], [ 37.637361584, 55.841971932 ], [ 37.63733702, 55.841900351 ], [ 37.637310198, 55.841836964 ], [ 37.637272647, 55.84178867 ], [ 37.637258012, 55.841731136 ], [ 37.637236554, 55.84168586 ], [ 37.637209732, 55.841637565 ], [ 37.63717154, 55.84156434 ], [ 37.637144718, 55.841510008 ], [ 37.637101803, 55.841458695 ], [ 37.637074981, 55.841407381 ], [ 37.637052638, 55.841331274 ], [ 37.637025816, 55.841264868 ], [ 37.636998994, 55.841204499 ], [ 37.636950714, 55.841132056 ], [ 37.636912393, 55.841069567 ], [ 37.636901664, 55.841009197 ], [ 37.636740776, 55.840639488 ], [ 37.637215267, 55.840615843 ], [ 37.637912642, 55.840576602 ], [ 37.638459812, 55.840555473 ], [ 37.638789117, 55.840540004 ], [ 37.639356898, 55.840504249 ], [ 37.639657305, 55.840486138 ], [ 37.640185634, 55.840436944 ], [ 37.640378754, 55.840418833 ], [ 37.64092056, 55.840346389 ], [ 37.64133362, 55.840316203 ], [ 37.64174668, 55.840292055 ], [ 37.641939799, 55.840352426 ], [ 37.642249676, 55.840358995 ], [ 37.642609092, 55.840355977 ], [ 37.643011424, 55.840358995 ], [ 37.64337084, 55.840374088 ], [ 37.643472763, 55.840374088 ] ] ] } },
{ "type": "Feature", "properties": { "datasetId": 897, "rowId": null, "releaseNumber": 193, "versionNumber": 6, "ID": 8, "Name": "Велодорожка в Парке Школьников", "PortionName": "", "Type": "Велопешеходная зона", "Width": 2.0, "Location": "Парк школьников", "OperOrgName": "ГБУ Автомобильные дороги ЗАО", "DepartmentalAffiliation": "ПРЕФЕКТУРА ЗАПАДНОГО АДМИНИСТРАТИВНОГО ОКРУГА ГОРОДА МОСКВЫ", "ObjectOperOrgPhone": "(499) 792-65-06", "global_id": 918424685 }, "geometry": { "type": "MultiLineString", "coordinates": [ [ [ 37.466355482, 55.670858458 ], [ 37.466559329, 55.670694745 ], [ 37.466548601, 55.670567411 ], [ 37.466409126, 55.670446141 ], [ 37.465979972, 55.670324871 ], [ 37.465894142, 55.6702036 ], [ 37.465786853, 55.669942866 ], [ 37.465668836, 55.669833721 ], [ 37.465379158, 55.669754894 ], [ 37.464971462, 55.669536603 ], [ 37.464166799, 55.669051507 ], [ 37.463533798, 55.668778638 ], [ 37.463276306, 55.668627043 ], [ 37.462890068, 55.668578533 ], [ 37.462804237, 55.668499703 ], [ 37.462739864, 55.668323852 ], [ 37.462525287, 55.668148 ], [ 37.462192693, 55.667941828 ], [ 37.462096134, 55.667808421 ], [ 37.462235609, 55.66746884 ], [ 37.46240727, 55.667177768 ], [ 37.462514558, 55.666953398 ], [ 37.462557474, 55.666795732 ], [ 37.462428728, 55.666729027 ], [ 37.462267795, 55.666795732 ], [ 37.462063947, 55.666898821 ], [ 37.461881557, 55.666838181 ], [ 37.461881557, 55.666747219 ], [ 37.462053218, 55.66664413 ], [ 37.46222488, 55.66654104 ], [ 37.462289253, 55.666456142 ], [ 37.462192693, 55.666213575 ], [ 37.462021032, 55.666116548 ], [ 37.461913743, 55.666225704 ], [ 37.461870828, 55.666359115 ], [ 37.461624065, 55.666407629 ], [ 37.461398759, 55.66636518 ], [ 37.461216369, 55.666419757 ], [ 37.461227098, 55.666601681 ], [ 37.461033979, 55.666917014 ], [ 37.460915962, 55.666953398 ], [ 37.460830131, 55.666856373 ], [ 37.460830131, 55.666741155 ], [ 37.460755029, 55.66667445 ], [ 37.460615554, 55.666668386 ], [ 37.460454622, 55.666850309 ], [ 37.460637012, 55.666868501 ], [ 37.460701385, 55.667007975 ], [ 37.460776487, 55.667299048 ], [ 37.4607443, 55.667644695 ], [ 37.460411706, 55.667832677 ], [ 37.46010057, 55.668026722 ], [ 37.460025468, 55.668154064 ], [ 37.460164943, 55.668263213 ], [ 37.460368791, 55.668269277 ], [ 37.46056191, 55.668220766 ], [ 37.460776487, 55.66803885 ], [ 37.461033979, 55.667778102 ], [ 37.461141267, 55.667687143 ], [ 37.461130538, 55.667602247 ], [ 37.461237827, 55.667565863 ], [ 37.461398759, 55.667577991 ], [ 37.461398759, 55.667693207 ], [ 37.461184183, 55.66779023 ], [ 37.461076894, 55.667978211 ], [ 37.46102325, 55.668190447 ], [ 37.461012521, 55.668329916 ], [ 37.46120564, 55.668372363 ], [ 37.461420217, 55.668323852 ], [ 37.461720624, 55.668329916 ], [ 37.461881557, 55.668426937 ], [ 37.462299982, 55.668536086 ], [ 37.462729135, 55.668651298 ], [ 37.462793508, 55.668772574 ], [ 37.462761322, 55.669184909 ] ], [ [ 37.458823839, 55.667675015 ], [ 37.458491245, 55.667844805 ], [ 37.45816938, 55.668087361 ], [ 37.457976261, 55.668160128 ], [ 37.457718769, 55.667990339 ], [ 37.457944074, 55.668105553 ], [ 37.457815328, 55.66822683 ], [ 37.457375446, 55.668718 ], [ 37.4572467, 55.668869595 ], [ 37.456914106, 55.669021188 ], [ 37.456420579, 55.669136399 ], [ 37.456206003, 55.669178845 ], [ 37.456055799, 55.669300119 ], [ 37.455927053, 55.669439584 ], [ 37.455390611, 55.669579048 ], [ 37.454929271, 55.669688194 ], [ 37.45466105, 55.66988223 ], [ 37.454639593, 55.670088392 ], [ 37.454725423, 55.670173282 ], [ 37.454703966, 55.670312744 ], [ 37.45447866, 55.670470395 ], [ 37.454682508, 55.670579538 ], [ 37.454875627, 55.670670491 ], [ 37.454972187, 55.670743252 ], [ 37.454982915, 55.671301088 ], [ 37.454736152, 55.671555749 ] ], [ [ 37.454403558, 55.670476459 ], [ 37.454038778, 55.67040976 ], [ 37.453706184, 55.670464332 ], [ 37.45337359, 55.670597729 ], [ 37.453148284, 55.67077357 ], [ 37.453201929, 55.670900902 ], [ 37.453470149, 55.6709676 ], [ 37.453716913, 55.671034298 ], [ 37.454049507, 55.671355658 ], [ 37.454382101, 55.671476926 ], [ 37.454671779, 55.671537559 ], [ 37.455154577, 55.671731586 ], [ 37.455379882, 55.671901358 ], [ 37.455562273, 55.672083257 ] ] ] } },
{ "type": "Feature", "properties": { "datasetId": 897, "rowId": null, "releaseNumber": 193, "versionNumber": 6, "ID": 9, "Name": "Велосипедная дорожка в Парке 60 лет Октября", "PortionName": "", "Type": "Велопешеходная зона", "Width": 1.0, "Location": "Парк 60 лет Октября", "OperOrgName": "ГБУ Жилищник района Солнцево", "DepartmentalAffiliation": "ПРЕФЕКТУРА ЗАПАДНОГО АДМИНИСТРАТИВНОГО ОКРУГА ГОРОДА МОСКВЫ", "ObjectOperOrgPhone": "(499) 792-45-37", "global_id": 918588026 }, "geometry": { "type": "MultiLineString", "coordinates": [ [ [ 37.396803868, 55.656571185 ], [ 37.397876751, 55.656692499 ], [ 37.39890672, 55.656922993 ], [ 37.399250042, 55.657153486 ], [ 37.401503098, 55.657711516 ], [ 37.402339947, 55.657772171 ], [ 37.40397073, 55.658136099 ], [ 37.404314053, 55.658390846 ], [ 37.404786122, 55.658318061 ], [ 37.405065072, 55.657808564 ], [ 37.404979241, 55.657396109 ], [ 37.403005135, 55.656862337 ], [ 37.40268327, 55.657311191 ], [ 37.400687706, 55.65680168 ], [ 37.400601876, 55.656280032 ], [ 37.398048413, 55.655831166 ], [ 37.397511971, 55.656280032 ], [ 37.398262989, 55.656498397 ] ] ] } },
{ "type": "Feature", "properties": { "datasetId": 897, "rowId": null, "releaseNumber": 193, "versionNumber": 6, "ID": 40, "Name": "Парк «Ходынское поле»", "PortionName": "", "Type": "Велосипедная дорожка двухстороннего движения", "Width": 2.5, "Location": "Москва, Ходынский бульвар, з/у 1", "OperOrgName": "Государственное автономное учреждение культуры города Москвы «Парк культуры и отдыха «Ходынское поле»", "DepartmentalAffiliation": "ДЕПАРТАМЕНТ КУЛЬТУРЫ ГОРОДА МОСКВЫ", "ObjectOperOrgPhone": "(903) 597-53-19", "global_id": 1031025086 }, "geometry": { "type": "MultiLineString", "coordinates": [ [ [ 37.538148165, 55.787143377 ], [ 37.537602398, 55.786809135 ], [ 37.537005544, 55.786443602 ], [ 37.53685534, 55.786353113 ], [ 37.536195517, 55.786036399 ], [ 37.536002398, 55.785951942 ], [ 37.535063624, 55.785596013 ], [ 37.534060478, 55.785297391 ], [ 37.533218265, 55.785104342 ], [ 37.532016635, 55.784923357 ], [ 37.530981302, 55.784829848 ], [ 37.530004978, 55.784826832 ], [ 37.52933979, 55.784863029 ], [ 37.528492212, 55.784950505 ], [ 37.527709007, 55.785110375 ], [ 37.526400089, 55.785445194 ], [ 37.525445223, 55.78581319 ], [ 37.524662018, 55.786190232 ], [ 37.523809075, 55.786748247 ], [ 37.522902489, 55.787589779 ], [ 37.522714734, 55.787888383 ], [ 37.522462606, 55.788340808 ], [ 37.522242665, 55.788811326 ], [ 37.522210479, 55.789200403 ], [ 37.522569895, 55.789212467 ], [ 37.529849075, 55.788358434 ] ] ] } },
{ "type": "Feature", "properties": { "datasetId": 897, "rowId": null, "releaseNumber": 193, "versionNumber": 6, "ID": 41, "Name": "Ландшафтный парк Митино", "PortionName": "", "Type": "Велосипедная дорожка двухстороннего движения", "Width": 3.0, "Location": "Между ул. Митинская и ул. Пенягинская", "OperOrgName": "Государственное автономное учреждение культуры города Москвы «Парк культуры и отдыха «Бабушкинский»", "DepartmentalAffiliation": "ДЕПАРТАМЕНТ КУЛЬТУРЫ ГОРОДА МОСКВЫ", "ObjectOperOrgPhone": "(499) 184-34-22", "global_id": 1032951459 }, "geometry": { "type": "MultiLineString", "coordinates": [ [ [ 37.361095548, 55.835798185 ], [ 37.361036539, 55.83598797 ], [ 37.360618114, 55.836635644 ], [ 37.361031175, 55.836840488 ], [ 37.361154556, 55.836924835 ], [ 37.361775488, 55.836829568 ], [ 37.362104058, 55.836773462 ], [ 37.36256873, 55.836701482 ], [ 37.362722266, 55.836685985 ], [ 37.362889254, 55.83669621 ], [ 37.362928146, 55.836700729 ], [ 37.363530993, 55.836802833 ], [ 37.364198864, 55.836902242 ], [ 37.364665568, 55.836866093 ], [ 37.364990115, 55.836796808 ], [ 37.365368307, 55.836659744 ], [ 37.365802824, 55.836459418 ], [ 37.366351336, 55.836125037 ], [ 37.366497517, 55.836028639 ], [ 37.366528362, 55.83594429 ], [ 37.366449004, 55.835835663 ], [ 37.366384981, 55.835748027 ], [ 37.366218567, 55.835618942 ], [ 37.366025448, 55.835552667 ], [ 37.365835011, 55.835478861 ], [ 37.365604341, 55.835365892 ], [ 37.365470231, 55.835284554 ], [ 37.365387082, 55.835195685 ], [ 37.36532405, 55.835049577 ], [ 37.365266383, 55.834895184 ], [ 37.36521408, 55.834775435 ], [ 37.365128249, 55.834677527 ], [ 37.364969999, 55.834533677 ], [ 37.364805043, 55.83437401 ], [ 37.364709824, 55.834285138 ], [ 37.364642769, 55.83420907 ], [ 37.36459583, 55.834065972 ], [ 37.364614606, 55.833913834 ], [ 37.364786267, 55.833564368 ], [ 37.364861369, 55.833364027 ], [ 37.3648265, 55.833273647 ], [ 37.364493906, 55.832858649 ], [ 37.364283353, 55.832589764 ], [ 37.364138514, 55.832329915 ], [ 37.36401245, 55.832069312 ], [ 37.363831401, 55.831721336 ], [ 37.363754958, 55.831566177 ], [ 37.36369729, 55.831459222 ], [ 37.363634259, 55.831357539 ], [ 37.36355111, 55.831261882 ], [ 37.363454551, 55.831160199 ], [ 37.363378108, 55.831090904 ], [ 37.363315076, 55.83103366 ], [ 37.363213152, 55.830987714 ], [ 37.363069654, 55.830944781 ], [ 37.36216709, 55.830965871 ], [ 37.361500561, 55.831029894 ], [ 37.361307442, 55.831077346 ], [ 37.360805869, 55.831595552 ], [ 37.360465229, 55.831678404 ], [ 37.360049486, 55.831762762 ], [ 37.359306514, 55.831592539 ], [ 37.358700335, 55.831612122 ], [ 37.358670831, 55.832017342 ], [ 37.359062433, 55.832122788 ], [ 37.359370887, 55.832249324 ], [ 37.359722257, 55.832393936 ], [ 37.36015141, 55.832660563 ], [ 37.360677123, 55.833216406 ], [ 37.360886335, 55.833654748 ], [ 37.361031175, 55.834041871 ], [ 37.36112237, 55.834418446 ], [ 37.361218929, 55.834795017 ], [ 37.361272573, 55.835029995 ], [ 37.361253798, 55.835215266 ], [ 37.361194789, 55.835385473 ] ], [ [ 37.362911403, 55.836750116 ], [ 37.36291945, 55.837018219 ], [ 37.363068073, 55.83711075 ], [ 37.363183647, 55.837216283 ], [ 37.363245338, 55.837291592 ], [ 37.363222539, 55.837343555 ], [ 37.363179624, 55.837394765 ], [ 37.363037467, 55.837456518 ], [ 37.362739742, 55.837602617 ], [ 37.362635136, 55.837702024 ], [ 37.362560034, 55.837810468 ], [ 37.362527847, 55.837884269 ], [ 37.362551987, 55.837944516 ], [ 37.362715602, 55.838042416 ], [ 37.362940907, 55.838159895 ], [ 37.363152117, 55.838217978 ], [ 37.363362014, 55.838211104 ], [ 37.363606095, 55.838171945 ], [ 37.363844812, 55.838143328 ], [ 37.364142537, 55.838150859 ], [ 37.364456356, 55.838217129 ], [ 37.364727259, 55.83833009 ], [ 37.364971194, 55.838492123 ], [ 37.365228832, 55.838775905 ], [ 37.365424633, 55.838962664 ], [ 37.365577519, 55.839179544 ], [ 37.366226614, 55.839354252 ], [ 37.366690636, 55.839468715 ], [ 37.36722976, 55.839513898 ], [ 37.36752212, 55.839527453 ], [ 37.367742062, 55.839486788 ], [ 37.368047833, 55.839363288 ], [ 37.368399203, 55.839244306 ], [ 37.36872375, 55.839122312 ], [ 37.369144857, 55.838830125 ], [ 37.369547188, 55.838530406 ], [ 37.36997366, 55.838188512 ], [ 37.370349169, 55.83781348 ], [ 37.370890975, 55.837179381 ], [ 37.371073365, 55.837099553 ], [ 37.371387184, 55.837036293 ], [ 37.372036278, 55.836900736 ], [ 37.372521758, 55.836778734 ], [ 37.372913361, 55.836638657 ], [ 37.373236567, 55.836421763 ], [ 37.373164147, 55.836334402 ], [ 37.373145372, 55.836313315 ], [ 37.373004556, 55.836109975 ], [ 37.372763157, 55.835772579 ], [ 37.37252444, 55.835423883 ], [ 37.372364849, 55.835221291 ], [ 37.372222692, 55.835156522 ], [ 37.371981293, 55.835100037 ], [ 37.371687591, 55.835063133 ], [ 37.371423393, 55.835054096 ], [ 37.371110916, 55.835072924 ], [ 37.370667011, 55.835111334 ], [ 37.370337099, 55.835114346 ], [ 37.370021939, 55.835079702 ], [ 37.369683981, 55.835033008 ], [ 37.369430512, 55.834970498 ], [ 37.369045615, 55.834856774 ], [ 37.368753254, 55.834777695 ], [ 37.368556112, 55.834752088 ], [ 37.368257046, 55.834739284 ], [ 37.367783636, 55.834738531 ], [ 37.367174774, 55.834784473 ], [ 37.366940395, 55.834766949 ], [ 37.366721481, 55.834750582 ], [ 37.366427779, 55.834703887 ], [ 37.365784049, 55.834609744 ], [ 37.365499735, 55.834595434 ], [ 37.36528784, 55.834621041 ], [ 37.365120202, 55.834617276 ] ], [ [ 37.373267412, 55.836451887 ], [ 37.373514175, 55.836620582 ], [ 37.373793125, 55.83678024 ], [ 37.374186069, 55.836890193 ], [ 37.374604493, 55.8370137 ], [ 37.375020236, 55.837131183 ], [ 37.375476211, 55.837210258 ], [ 37.375858426, 55.837268246 ], [ 37.376122624, 55.83733753 ], [ 37.376386821, 55.837437691 ], [ 37.37659201, 55.837573247 ], [ 37.376826704, 55.837732147 ], [ 37.377003729, 55.837875986 ], [ 37.377152592, 55.837943763 ], [ 37.377321571, 55.83799196 ], [ 37.377479821, 55.838010787 ], [ 37.377643436, 55.837997984 ], [ 37.377794981, 55.837974639 ], [ 37.37791568, 55.837946022 ], [ 37.378127575, 55.837878998 ], [ 37.378323376, 55.837785616 ], [ 37.378410498, 55.837711525 ], [ 37.378458828, 55.837567222 ], [ 37.378493696, 55.837391 ], [ 37.37853393, 55.837311925 ], [ 37.378658652, 55.837180887 ], [ 37.378845066, 55.837064911 ], [ 37.379071712, 55.836971527 ], [ 37.379361391, 55.836869859 ], [ 37.379559875, 55.836774215 ], [ 37.379994392, 55.836364526 ] ], [ [ 37.372950912, 55.836653719 ], [ 37.373589277, 55.836694386 ] ] ] } },
{ "type": "Feature", "properties": { "datasetId": 897, "rowId": null, "releaseNumber": 193, "versionNumber": 6, "ID": 3, "Name": "Велодорожка по Коломенской набережной", "PortionName": "", "Type": "Велосипедная дорожка двухстороннего движения", "Width": 2.4, "Location": "Коломенская набережная", "OperOrgName": "ГБУ Жилищник района Нагатинский затон", "DepartmentalAffiliation": "ПРЕФЕКТУРА ЮЖНОГО АДМИНИСТРАТИВНОГО ОКРУГА ГОРОДА МОСКВЫ", "ObjectOperOrgPhone": "(499) 617-21-11", "global_id": 1033135531 }, "geometry": { "type": "MultiLineString", "coordinates": [ [ [ 37.709065716, 55.685598525 ], [ 37.709285657, 55.68521667 ], [ 37.709441225, 55.6845469 ], [ 37.70950948, 55.684175911 ], [ 37.709498751, 55.683621291 ], [ 37.709460917, 55.683400093 ], [ 37.709326806, 55.682936386 ], [ 37.709139051, 55.682581782 ], [ 37.708533282, 55.681601296 ], [ 37.707841272, 55.680737483 ], [ 37.707353366, 55.680207416 ], [ 37.707288993, 55.680237726 ], [ 37.70667745, 55.679716391 ], [ 37.704690143, 55.678478493 ], [ 37.704293176, 55.678293593 ], [ 37.703408047, 55.677911667 ], [ 37.70254974, 55.67756308 ], [ 37.701686069, 55.677259958 ], [ 37.699958726, 55.676765865 ], [ 37.698113366, 55.676256608 ], [ 37.697770043, 55.676147481 ], [ 37.694796839, 55.675393541 ], [ 37.691733895, 55.674561443 ], [ 37.689534484, 55.673936962 ], [ 37.689287721, 55.673921804 ], [ 37.689046322, 55.674000623 ], [ 37.687345802, 55.673561056 ], [ 37.686830817, 55.673433732 ], [ 37.686417757, 55.673385227 ], [ 37.685859858, 55.673230619 ], [ 37.685157119, 55.672988095 ], [ 37.684754788, 55.672730411 ], [ 37.684513389, 55.672551547 ], [ 37.684288083, 55.672457568 ], [ 37.684035956, 55.672439378 ], [ 37.68394476, 55.672421189 ] ] ] } },
{ "type": "Feature", "properties": { "datasetId": 897, "rowId": null, "releaseNumber": 193, "versionNumber": 6, "ID": 5, "Name": "г.о. Троицк, Октябрьский проспект", "PortionName": "", "Type": "Велосипедная дорожка двухстороннего движения", "Width": 1.2, "Location": "г. Москва, г. Троицк, ул. Октябрьский проспект", "OperOrgName": "Муниципальное бюджетное учреждение Дорожное хозяйство и благоустройство", "DepartmentalAffiliation": "ПРЕФЕКТУРА ТРОИЦКОГО И НОВОМОСКОВСКОГО АДМИНИСТРАТИВНЫХ ОКРУГОВ ГОРОДА МОСКВЫ", "ObjectOperOrgPhone": "(926) 095-83-50", "global_id": 1034689856 }, "geometry": { "type": "MultiLineString", "coordinates": [ [ [ 37.299130183, 55.477930242 ], [ 37.299666625, 55.478009456 ], [ 37.300514203, 55.478795501 ], [ 37.301858005, 55.480656579 ] ] ] } },
{ "type": "Feature", "properties": { "datasetId": 897, "rowId": null, "releaseNumber": 193, "versionNumber": 6, "ID": 6, "Name": "Спортивный парк", "PortionName": "", "Type": [ "Велопешеходная дорожка с совмещенным движением", "Велосипедная дорожка двухстороннего движения" ], "Width": 1.2, "Location": "г. Москва, п. Десеновское, ул. 1-я Ватутинская, д. 6, к. 2", "OperOrgName": "ООО Инфанта", "DepartmentalAffiliation": "ПРЕФЕКТУРА ТРОИЦКОГО И НОВОМОСКОВСКОГО АДМИНИСТРАТИВНЫХ ОКРУГОВ ГОРОДА МОСКВЫ", "ObjectOperOrgPhone": "(495) 902-57-52", "global_id": 1034697613 }, "geometry": { "type": "MultiLineString", "coordinates": [ [ [ 37.327800526, 55.504654863 ], [ 37.327103151, 55.50467922 ], [ 37.326598896, 55.50459397 ], [ 37.326244844, 55.504070286 ], [ 37.326196565, 55.504021571 ], [ 37.325790916, 55.504086093 ], [ 37.32584456, 55.504177433 ], [ 37.325790916, 55.504287042 ], [ 37.325608526, 55.504341846 ], [ 37.325490509, 55.504335756 ], [ 37.325275932, 55.504323578 ], [ 37.325093542, 55.504414918 ], [ 37.325072084, 55.504585419 ], [ 37.325029169, 55.504676758 ], [ 37.32492188, 55.504762008 ], [ 37.324696575, 55.504780276 ], [ 37.324417625, 55.50474374 ], [ 37.324321065, 55.504810723 ], [ 37.324203048, 55.504956865 ], [ 37.324138675, 55.505133453 ], [ 37.323988472, 55.505249148 ], [ 37.323730979, 55.50523088 ], [ 37.323602233, 55.505188256 ], [ 37.323387657, 55.505194345 ], [ 37.323215995, 55.505261326 ], [ 37.322958503, 55.50531004 ], [ 37.322851215, 55.505431823 ], [ 37.322701011, 55.505498804 ], [ 37.322518621, 55.50545618 ], [ 37.32188562, 55.505571874 ], [ 37.32132772, 55.505571874 ], [ 37.32074121, 55.505498804 ], [ 37.320312057, 55.505389199 ], [ 37.319925819, 55.505316129 ], [ 37.319410835, 55.505644944 ], [ 37.319539581, 55.505912865 ], [ 37.319861446, 55.506119894 ], [ 37.320440803, 55.506290388 ], [ 37.320719753, 55.506412168 ], [ 37.321234737, 55.506375634 ], [ 37.321277652, 55.506241675 ], [ 37.321706806, 55.506290388 ], [ 37.322093044, 55.505973756 ], [ 37.32250074, 55.506046825 ], [ 37.32286552, 55.506107716 ], [ 37.323401962, 55.505888509 ], [ 37.323595081, 55.505778905 ], [ 37.323981319, 55.505778905 ], [ 37.324260269, 55.505644944 ], [ 37.324539218, 55.505498804 ], [ 37.325011287, 55.505523161 ], [ 37.325376068, 55.505486626 ], [ 37.325612102, 55.505413556 ], [ 37.325751577, 55.505291772 ], [ 37.325869594, 55.505182166 ], [ 37.325923238, 55.505109096 ], [ 37.326019798, 55.504981222 ], [ 37.325955425, 55.504871615 ], [ 37.325805221, 55.504804633 ], [ 37.325826679, 55.504707205 ], [ 37.32581595, 55.504597597 ], [ 37.325912509, 55.504548883 ], [ 37.326009069, 55.504439275 ], [ 37.326202188, 55.504414918 ], [ 37.326320205, 55.504463633 ], [ 37.326470409, 55.50448799 ] ] ] } },
{ "type": "Feature", "properties": { "datasetId": 897, "rowId": null, "releaseNumber": 193, "versionNumber": 6, "ID": 7, "Name": "парк Филатов Луг", "PortionName": "", "Type": [ "Велопешеходная дорожка с совмещенным движением", "Велосипедная дорожка двухстороннего движения" ], "Width": 1.2, "Location": "г. Москва, от ст. Филатов луг до мкр. Первый Московский, ул. Радужная д.1", "OperOrgName": "Государственное бюджетное учреждение Дирекция по обслуживанию территорий зеленого фонда Троицкого и Новомосковского административных округов города Москвы", "DepartmentalAffiliation": "ПРЕФЕКТУРА ТРОИЦКОГО И НОВОМОСКОВСКОГО АДМИНИСТРАТИВНЫХ ОКРУГОВ ГОРОДА МОСКВЫ", "ObjectOperOrgPhone": "(495) 620-20-00", "global_id": 1034701737 }, "geometry": { "type": "MultiLineString", "coordinates": [ [ [ 37.371289212, 55.592019103 ], [ 37.368628461, 55.59350155 ], [ 37.37103172, 55.594983941 ], [ 37.372490842, 55.596490576 ], [ 37.372759063, 55.596824701 ], [ 37.373370606, 55.597110223 ], [ 37.379915196, 55.599600864 ], [ 37.384101405, 55.601125121 ], [ 37.384938254, 55.601647508 ], [ 37.387749209, 55.602425 ], [ 37.389208331, 55.60255863 ], [ 37.391053691, 55.602437148 ], [ 37.392480626, 55.602109146 ], [ 37.3937359, 55.601659656 ], [ 37.396697059, 55.599910242 ], [ 37.398520961, 55.599205594 ], [ 37.399829879, 55.598914012 ], [ 37.401095881, 55.598914012 ], [ 37.401932731, 55.599169147 ], [ 37.402619376, 55.599387832 ], [ 37.403069987, 55.599630814 ], [ 37.404987767, 55.600569318 ] ], [ [ 37.375609698, 55.597956124 ], [ 37.373506846, 55.599013124 ] ], [ [ 37.38832786, 55.602972513 ], [ 37.388478064, 55.602486589 ] ] ] } },
{ "type": "Feature", "properties": { "datasetId": 897, "rowId": null, "releaseNumber": 193, "versionNumber": 6, "ID": 4, "Name": "Велодорожка на территории парка Фруктовый", "PortionName": "", "Type": "Велопешеходная дорожка с совмещенным движением", "Width": 2.4, "Location": "парк Фруктовый по Востряковскому проезду", "OperOrgName": "ГБУ Жилищник района Бирюлево Западное", "DepartmentalAffiliation": "ПРЕФЕКТУРА ЮЖНОГО АДМИНИСТРАТИВНОГО ОКРУГА ГОРОДА МОСКВЫ", "ObjectOperOrgPhone": "(495) 384-05-00", "global_id": 1034739416 }, "geometry": { "type": "MultiLineString", "coordinates": [ [ [ 37.648633829, 55.574440022 ], [ 37.648690156, 55.574277423 ], [ 37.648810855, 55.573988694 ], [ 37.648904732, 55.573804819 ], [ 37.648869864, 55.573701483 ], [ 37.648706249, 55.57362854 ], [ 37.648566774, 55.573590549 ], [ 37.648038379, 55.573607265 ], [ 37.647984735, 55.573631579 ], [ 37.647968641, 55.573827613 ], [ 37.647857443, 55.573938887 ], [ 37.647876218, 55.574139478 ], [ 37.647787705, 55.574285362 ], [ 37.647715286, 55.574355264 ], [ 37.647728586, 55.574459932 ], [ 37.647642012, 55.574546211 ], [ 37.647890347, 55.574527726 ], [ 37.648138682, 55.574500123 ], [ 37.648635353, 55.574438839 ], [ 37.647632669, 55.57455231 ], [ 37.647568758, 55.574611075 ], [ 37.646852397, 55.574648598 ], [ 37.64599409, 55.574695706 ], [ 37.645591758, 55.574738255 ], [ 37.645098232, 55.574855264 ], [ 37.64468249, 55.575025458 ], [ 37.644551061, 55.57509384 ], [ 37.644205237, 55.575338635 ], [ 37.643954089, 55.575562929 ], [ 37.643924867, 55.57565137 ], [ 37.643777909, 55.576029264 ], [ 37.643649485, 55.576377516 ], [ 37.643472459, 55.576827297 ], [ 37.642485406, 55.576696618 ], [ 37.641796078, 55.576608485 ], [ 37.641793396, 55.576649512 ], [ 37.641678061, 55.576669266 ], [ 37.64159223, 55.576647993 ], [ 37.641560044, 55.57662368 ], [ 37.64155468, 55.576581134 ], [ 37.641600277, 55.576512755 ], [ 37.641935553, 55.576377516 ], [ 37.641868498, 55.576547704 ], [ 37.641812172, 55.576600888 ], [ 37.641873862, 55.576523391 ], [ 37.641950215, 55.576326141 ], [ 37.642070914, 55.576066299 ], [ 37.642189771, 55.575823379 ], [ 37.642321199, 55.575382704 ], [ 37.642350386, 55.575243082 ], [ 37.642377209, 55.575203573 ], [ 37.642460357, 55.575136711 ], [ 37.642459566, 55.575057431 ], [ 37.642580265, 55.574788463 ], [ 37.642679558, 55.574582297 ], [ 37.642843173, 55.574328522 ], [ 37.643020199, 55.574193276 ], [ 37.64324014, 55.574143128 ], [ 37.643615649, 55.574126412 ], [ 37.643857048, 55.574020038 ], [ 37.644212983, 55.573970649 ], [ 37.644593857, 55.573900746 ], [ 37.645293913, 55.573797411 ], [ 37.645696245, 55.573735106 ], [ 37.647157771, 55.573667271 ], [ 37.647964938, 55.573626094 ] ] ] } },
{ "type": "Feature", "properties": { "datasetId": 897, "rowId": null, "releaseNumber": 193, "versionNumber": 6, "ID": 56789, "Name": "Велодорожка на территории Ландшафтного парка в районе Южное Бутово", "PortionName": "Досуговый центр в пойме реки Чуры", "Type": "Велопешеходная дорожка с совмещенным движением", "Width": 3.0, "Location": "Досуговый центр в пойме реки Чуры", "OperOrgName": "Государственное бюджетное учреждение «Автомобильные дороги ЮЗАО»", "DepartmentalAffiliation": "ПРЕФЕКТУРА ЮГО-ЗАПАДНОГО АДМИНИСТРАТИВНОГО ОКРУГА ГОРОДА МОСКВЫ", "ObjectOperOrgPhone": "(499) 128-17-63", "global_id": 1048424424 }, "geometry": { "type": "MultiLineString", "coordinates": [ [ [ 37.515347887, 55.537631139 ], [ 37.515519549, 55.537618971 ], [ 37.517869164, 55.538099617 ], [ 37.522085596, 55.539054809 ], [ 37.523662735, 55.539529355 ], [ 37.525272061, 55.539845715 ], [ 37.527331997, 55.540302 ], [ 37.530110766, 55.541214553 ], [ 37.530218054, 55.541348392 ], [ 37.531515427, 55.541738413 ], [ 37.53204114, 55.541641076 ], [ 37.532084056, 55.54156199 ], [ 37.531375952, 55.540752868 ], [ 37.531150647, 55.540588608 ], [ 37.530785866, 55.540473017 ], [ 37.530099221, 55.540333091 ], [ 37.528683015, 55.539359678 ], [ 37.528328963, 55.539225832 ], [ 37.527942725, 55.539128489 ], [ 37.527298995, 55.538909467 ], [ 37.526118823, 55.538635687 ], [ 37.524294921, 55.538355821 ], [ 37.523833581, 55.538240224 ], [ 37.523275681, 55.538136795 ], [ 37.523018189, 55.538063786 ], [ 37.522492476, 55.537796084 ], [ 37.521151372, 55.537285012 ], [ 37.519863911, 55.536871283 ], [ 37.518876858, 55.536828693 ], [ 37.517718144, 55.536652248 ], [ 37.517439194, 55.536621826 ], [ 37.517235346, 55.537710906 ], [ 37.517192431, 55.537948187 ] ], [ [ 37.502227584, 55.536781548 ], [ 37.502646009, 55.536240041 ], [ 37.503343383, 55.535455147 ], [ 37.503633062, 55.535041398 ], [ 37.503976385, 55.534207803 ], [ 37.504791776, 55.532406689 ], [ 37.504877607, 55.532175459 ], [ 37.504577199, 55.53080022 ], [ 37.50455804, 55.530750239 ], [ 37.505083753, 55.530409464 ], [ 37.505330517, 55.530223862 ], [ 37.505529, 55.529916552 ], [ 37.505555822, 55.529840484 ] ], [ [ 37.503766243, 55.534809864 ], [ 37.50554723, 55.535101924 ], [ 37.509388153, 55.535941585 ], [ 37.51089019, 55.536428337 ], [ 37.514001553, 55.537292307 ], [ 37.514666741, 55.536330987 ], [ 37.513078873, 55.5356617 ], [ 37.512821381, 55.535357475 ], [ 37.513035958, 55.534797695 ], [ 37.512885754, 55.534688172 ], [ 37.511641209, 55.534237907 ], [ 37.510976021, 55.533556414 ], [ 37.51080436, 55.533118306 ], [ 37.510933106, 55.532826231 ], [ 37.510546868, 55.532558493 ], [ 37.510470756, 55.532020722 ], [ 37.510535129, 55.531546086 ], [ 37.510964282, 55.531375702 ], [ 37.510835536, 55.53129051 ], [ 37.510427841, 55.531253999 ], [ 37.510213264, 55.531193147 ], [ 37.510127433, 55.531034932 ], [ 37.510127433, 55.530730671 ], [ 37.510181077, 55.530526815 ], [ 37.510170348, 55.530395981 ], [ 37.510052331, 55.530146483 ], [ 37.50992895, 55.52994871 ], [ 37.509848483, 55.529857429 ], [ 37.509725102, 55.52961097 ], [ 37.509746559, 55.529501433 ], [ 37.509816297, 55.529425365 ], [ 37.509869941, 55.529334083 ], [ 37.509945043, 55.529245843 ], [ 37.510138162, 55.529130219 ], [ 37.510320552, 55.529072407 ], [ 37.510899909, 55.528962868 ], [ 37.510567315, 55.528445595 ], [ 37.505567678, 55.529811789 ] ], [ [ 37.515847728, 55.538230638 ], [ 37.516062305, 55.538267142 ], [ 37.51786475, 55.538759949 ], [ 37.522767828, 55.539964562 ], [ 37.52599854, 55.540751528 ], [ 37.528380341, 55.541244304 ], [ 37.52875585, 55.541347725 ], [ 37.529421038, 55.541469397 ], [ 37.530665583, 55.541901328 ], [ 37.529936022, 55.542242003 ], [ 37.529581971, 55.542418423 ], [ 37.529024071, 55.543026761 ], [ 37.527951188, 55.543683756 ], [ 37.527704425, 55.544127829 ], [ 37.527522034, 55.54422516 ], [ 37.527339644, 55.54422516 ], [ 37.527114339, 55.544352906 ], [ 37.526610083, 55.544413737 ], [ 37.526234574, 55.544584064 ], [ 37.525977082, 55.544730058 ], [ 37.525655217, 55.544736141 ] ], [ [ 37.515731778, 55.538245664 ], [ 37.515629854, 55.538273043 ], [ 37.51552793, 55.53834301 ], [ 37.515340176, 55.538464691 ], [ 37.514927116, 55.53960239 ], [ 37.514894929, 55.539763612 ], [ 37.514953938, 55.539870079 ], [ 37.514948573, 55.540238149 ], [ 37.514868107, 55.54054842 ], [ 37.514891812, 55.540636336 ], [ 37.514929363, 55.54107436 ], [ 37.514875719, 55.54142721 ], [ 37.51476843, 55.541676636 ], [ 37.514296362, 55.541582341 ], [ 37.514317819, 55.541235576 ], [ 37.514280268, 55.541199075 ], [ 37.514285633, 55.541153448 ], [ 37.514317819, 55.541132155 ], [ 37.514274904, 55.54094052 ], [ 37.514258811, 55.540733675 ], [ 37.51426954, 55.54051162 ], [ 37.514328548, 55.540423406 ], [ 37.514414379, 55.540459908 ], [ 37.514870354, 55.540469034 ] ], [ [ 37.533121193, 55.542374582 ], [ 37.536951388, 55.543603417 ], [ 37.536844099, 55.543858912 ], [ 37.536854828, 55.544053574 ], [ 37.537015761, 55.544175237 ], [ 37.537187422, 55.544442895 ], [ 37.53729471, 55.545045119 ], [ 37.537262524, 55.545306688 ], [ 37.53711232, 55.545470928 ], [ 37.536876286, 55.545586504 ], [ 37.536618794, 55.545659499 ], [ 37.536221827, 55.545647333 ], [ 37.535964335, 55.545592587 ], [ 37.5357283, 55.545464845 ], [ 37.535384978, 55.54520936 ], [ 37.53508457, 55.544868711 ], [ 37.534912909, 55.544637554 ], [ 37.534473027, 55.544290817 ], [ 37.533421601, 55.543597333 ], [ 37.532981718, 55.543354003 ], [ 37.532788599, 55.543116754 ], [ 37.532756413, 55.542916004 ], [ 37.532885159, 55.542757836 ], [ 37.533271397, 55.542611835 ], [ 37.53333577, 55.542453666 ] ] ] } },
{ "type": "Feature", "properties": { "datasetId": 897, "rowId": null, "releaseNumber": 193, "versionNumber": 6, "ID": 4832, "Name": "Лесная ул.", "PortionName": "Лесная ул.", "Type": "Велосипедная полоса попутного движения", "Width": 1.0, "Location": "на всем протяжении", "OperOrgName": "ГБУ Автомобильные дороги ЦАО", "DepartmentalAffiliation": "ПРЕФЕКТУРА ЦЕНТРАЛЬНОГО АДМИНИСТРАТИВНОГО ОКРУГА ГОРОДА МОСКВЫ", "ObjectOperOrgPhone": "(495) 670-02-60", "global_id": 1069234317 }, "geometry": { "type": "MultiLineString", "coordinates": [ [ [ 37.585607171, 55.776495329 ], [ 37.586572766, 55.777124383 ], [ 37.587404251, 55.77767046 ], [ 37.588080168, 55.778113954 ], [ 37.589230835, 55.778866674 ], [ 37.591250539, 55.780188802 ], [ 37.593543828, 55.781694148 ], [ 37.595424056, 55.782970178 ], [ 37.596555948, 55.783751461 ], [ 37.596462071, 55.783790676 ], [ 37.595217526, 55.782933979 ], [ 37.593994439, 55.78208933 ], [ 37.592666745, 55.781176786 ], [ 37.591124475, 55.780175227 ], [ 37.589517832, 55.779114812 ], [ 37.587975562, 55.778099623 ], [ 37.586170435, 55.776922997 ], [ 37.585730553, 55.776627326 ], [ 37.585540116, 55.776533797 ] ] ] } },
{ "type": "Feature", "properties": { "datasetId": 897, "rowId": null, "releaseNumber": 193, "versionNumber": 6, "ID": 11, "Name": "Велопешеходная зона на территории бульвара «Никулина Роща»", "PortionName": "", "Type": "Велопешеходная зона", "Width": 2.0, "Location": "от ул. Удальцова, д.85 к.1 до ул. Лобачевского, д.92 к.1", "OperOrgName": "ГБУ «Жилищник района Проспект Вернадского»", "DepartmentalAffiliation": "ПРЕФЕКТУРА ЗАПАДНОГО АДМИНИСТРАТИВНОГО ОКРУГА ГОРОДА МОСКВЫ", "ObjectOperOrgPhone": "(499) 431-19-20", "global_id": 1069350508 }, "geometry": { "type": "MultiLineString", "coordinates": [ [ [ 37.490721792, 55.682134343 ], [ 37.490375281, 55.68212715 ], [ 37.490158822, 55.682099294 ], [ 37.489560031, 55.68198986 ], [ 37.489217373, 55.681905348 ], [ 37.488838893, 55.681765683 ], [ 37.488520086, 55.681622422 ], [ 37.4883733, 55.681524644 ], [ 37.488303304, 55.681446712 ], [ 37.488273041, 55.681221818 ], [ 37.488310157, 55.68092325 ], [ 37.488427797, 55.681140798 ], [ 37.488564261, 55.681264164 ], [ 37.488679549, 55.681367631 ], [ 37.48883954, 55.681453854 ], [ 37.489100702, 55.681549362 ], [ 37.489288928, 55.681605075 ], [ 37.489481858, 55.681684664 ], [ 37.489616498, 55.681768336 ], [ 37.489818517, 55.681927566 ], [ 37.490192938, 55.682087356 ], [ 37.490376457, 55.68212715 ] ], [ [ 37.48831012, 55.680923359 ], [ 37.488279188, 55.680817945 ], [ 37.488196839, 55.680691262 ], [ 37.487961293, 55.680524068 ], [ 37.487794243, 55.680449782 ], [ 37.487770715, 55.680440496 ], [ 37.487482495, 55.680416619 ], [ 37.487324856, 55.680361567 ], [ 37.487130749, 55.680317792 ], [ 37.486867234, 55.680293251 ], [ 37.486748417, 55.680290597 ], [ 37.486621365, 55.680276006 ], [ 37.486534311, 55.680252128 ], [ 37.486497842, 55.680232893 ], [ 37.486428434, 55.680181821 ], [ 37.486376672, 55.680115494 ], [ 37.486290794, 55.679885337 ], [ 37.486282236, 55.679792198 ], [ 37.486316352, 55.67981276 ], [ 37.486553398, 55.679977584 ], [ 37.486661363, 55.680055136 ], [ 37.486887233, 55.680166566 ], [ 37.487063694, 55.680230903 ], [ 37.487354267, 55.680297893 ], [ 37.487693337, 55.6804044 ], [ 37.487771031, 55.68044042 ] ], [ [ 37.486282287, 55.679792154 ], [ 37.486001663, 55.67965921 ], [ 37.485983428, 55.679650919 ], [ 37.485684033, 55.679561708 ], [ 37.48566521, 55.679554412 ], [ 37.48508583, 55.679316292 ], [ 37.484713232, 55.679244606 ], [ 37.48484499, 55.679226034 ], [ 37.484968512, 55.679193533 ], [ 37.485097917, 55.679141796 ], [ 37.485254379, 55.679042302 ], [ 37.485258556, 55.679003729 ], [ 37.485256997, 55.678778363 ], [ 37.485261114, 55.678717671 ], [ 37.485276408, 55.678631442 ], [ 37.485371108, 55.678474572 ], [ 37.485466397, 55.678361147 ], [ 37.485644417, 55.678238282 ], [ 37.485825584, 55.678153379 ] ], [ [ 37.484713287, 55.679244619 ], [ 37.482999853, 55.678909541 ] ] ] } },
{ "type": "Feature", "properties": { "datasetId": 897, "rowId": null, "releaseNumber": 193, "versionNumber": 6, "ID": 99981, "Name": "Щемиловский 2-ой переулок (Детский парк № 2)", "PortionName": "Щемиловский 2-ой переулок (Детский парк № 2)", "Type": [ "Велопешеходная дорожка с совмещенным движением", "Велопешеходная зона", "Велосипедная дорожка одностороннего движения" ], "Width": 1.2, "Location": "ул.Делегатская, д.7", "OperOrgName": "ГБУ Автомобильные дороги ЦАО", "DepartmentalAffiliation": "ПРЕФЕКТУРА ЦЕНТРАЛЬНОГО АДМИНИСТРАТИВНОГО ОКРУГА ГОРОДА МОСКВЫ", "ObjectOperOrgPhone": "(495) 670-02-60", "global_id": 1069359608 }, "geometry": { "type": "MultiLineString", "coordinates": [ [ [ 37.608674169, 55.777030101 ], [ 37.609006763, 55.776963727 ], [ 37.60925889, 55.776948641 ], [ 37.609274983, 55.776942607 ], [ 37.609747052, 55.776915454 ], [ 37.612477541, 55.776517203 ], [ 37.61248827, 55.776378418 ], [ 37.612633109, 55.776052572 ], [ 37.612633109, 55.775542678 ], [ 37.612600923, 55.775301305 ], [ 37.612745762, 55.775213808 ] ], [ [ 37.609279677, 55.776940533 ], [ 37.609741688, 55.776016366 ], [ 37.610267401, 55.775557763 ], [ 37.610487342, 55.775431043 ], [ 37.61097014, 55.775322426 ], [ 37.611109614, 55.775319408 ], [ 37.611345649, 55.775358631 ], [ 37.611570954, 55.775418975 ], [ 37.611705065, 55.775512506 ], [ 37.611075416, 55.776721137 ] ] ] } },
{ "type": "Feature", "properties": { "datasetId": 897, "rowId": null, "releaseNumber": 193, "versionNumber": 6, "ID": 99982, "Name": "Новослободский парк", "PortionName": "Новослободский парк", "Type": [ "Велопешеходная дорожка с совмещенным движением", "Велопешеходная зона", "Велосипедная дорожка одностороннего движения" ], "Width": 1.2, "Location": "ул. Новослободская, д.58", "OperOrgName": "ГБУ Автомобильные дороги ЦАО", "DepartmentalAffiliation": "ПРЕФЕКТУРА ЦЕНТРАЛЬНОГО АДМИНИСТРАТИВНОГО ОКРУГА ГОРОДА МОСКВЫ", "ObjectOperOrgPhone": "(495) 670-02-60", "global_id": 1069360053 }, "geometry": { "type": "MultiLineString", "coordinates": [ [ [ 37.592763305, 55.789754605 ], [ 37.592500448, 55.789801353 ], [ 37.592626512, 55.789891834 ], [ 37.59262383, 55.789892588 ], [ 37.592800856, 55.790266575 ], [ 37.593691349, 55.790628493 ], [ 37.595665455, 55.791132158 ] ], [ [ 37.595665455, 55.791132535 ], [ 37.595723122, 55.791031501 ], [ 37.59562254, 55.790959118 ], [ 37.595129013, 55.790590417 ], [ 37.595087439, 55.790508231 ], [ 37.593975663, 55.790217941 ], [ 37.593260854, 55.789908045 ], [ 37.592892051, 55.789795321 ], [ 37.592763305, 55.789754605 ] ], [ [ 37.596738338, 55.791668237 ], [ 37.596805394, 55.791431489 ], [ 37.596306503, 55.791316884 ], [ 37.595869303, 55.791956254 ], [ 37.596309185, 55.791310852 ], [ 37.596598864, 55.791078625 ], [ 37.596657872, 55.790974575 ], [ 37.596260905, 55.790858461 ], [ 37.595933676, 55.790722743 ], [ 37.595090121, 55.790509174 ] ] ] } },
{ "type": "Feature", "properties": { "datasetId": 897, "rowId": null, "releaseNumber": 193, "versionNumber": 6, "ID": 99983, "Name": "Грохольский сквер", "PortionName": "Грохольский сквер", "Type": [ "Велопешеходная дорожка с совмещенным движением", "Велопешеходная зона", "Велосипедная дорожка двухстороннего движения" ], "Width": 1.8, "Location": "Живарев пер., д.15", "OperOrgName": "ГБУ Автомобильные дороги ЦАО", "DepartmentalAffiliation": "ПРЕФЕКТУРА ЦЕНТРАЛЬНОГО АДМИНИСТРАТИВНОГО ОКРУГА ГОРОДА МОСКВЫ", "ObjectOperOrgPhone": "(495) 670-02-60", "global_id": 1069360178 }, "geometry": { "type": "MultiLineString", "coordinates": [ [ [ 37.640892863, 55.777045186 ], [ 37.640914321, 55.776891318 ], [ 37.641053796, 55.776728397 ], [ 37.641252279, 55.776595647 ], [ 37.641461492, 55.776640903 ], [ 37.642797232, 55.776915454 ] ], [ [ 37.642801255, 55.776918094 ], [ 37.642821372, 55.776934688 ], [ 37.642803937, 55.776946001 ], [ 37.642731518, 55.77695807 ], [ 37.642207146, 55.777057254 ], [ 37.642094493, 55.777075357 ], [ 37.64156878, 55.777087425 ], [ 37.640914321, 55.777061403 ], [ 37.640891522, 55.77704858 ] ], [ [ 37.642258108, 55.777045941 ], [ 37.642105222, 55.776987109 ], [ 37.641944289, 55.776959955 ], [ 37.641788721, 55.776911683 ], [ 37.641651928, 55.776851342 ], [ 37.641531229, 55.776798544 ], [ 37.641418576, 55.776727643 ], [ 37.641348839, 55.776670319 ], [ 37.641257644, 55.776600926 ] ] ] } },
{ "type": "Feature", "properties": { "datasetId": 897, "rowId": null, "releaseNumber": 193, "versionNumber": 6, "ID": 22222, "Name": "Полярная улица", "PortionName": "", "Type": "Велосипедная полоса попутного движения", "Width": 1.0, "Location": "от проезда Дежнева до улицы Широкая", "OperOrgName": "ГБУ Автомобильные дороги СВАО", "DepartmentalAffiliation": "ПРЕФЕКТУРА СЕВЕРО-ВОСТОЧНОГО АДМИНИСТРАТИВНОГО ОКРУГА ГОРОДА МОСКВЫ", "ObjectOperOrgPhone": "(499) 903-16-28", "global_id": 1069799558 }, "geometry": { "type": "MultiLineString", "coordinates": [ [ [ 37.638409138, 55.871115483 ], [ 37.637443542, 55.874281602 ], [ 37.636370659, 55.877832644 ], [ 37.636649609, 55.878542814 ], [ 37.636692524, 55.878915948 ], [ 37.640640736, 55.882984088 ], [ 37.645361423, 55.888026544 ] ] ] } },
{ "type": "Feature", "properties": { "datasetId": 897, "rowId": null, "releaseNumber": 193, "versionNumber": 6, "ID": 5, "Name": "Велодорожка в сквере «Родная Гавань»", "PortionName": "", "Type": "Двустороняя велополоса", "Width": 1.0, "Location": "Сквер Родная гавань по улице Кировоградская д.17 корп.2 - д.19 корп.1", "OperOrgName": "ГБУ Жилищник района Чертаново Центральное", "DepartmentalAffiliation": "ПРЕФЕКТУРА ЮЖНОГО АДМИНИСТРАТИВНОГО ОКРУГА ГОРОДА МОСКВЫ", "ObjectOperOrgPhone": "(495) 316-73-66", "global_id": 1069898400 }, "geometry": { "type": "MultiLineString", "coordinates": [ [ [ 37.602429986, 55.607199401 ], [ 37.602054477, 55.60667821 ], [ 37.601898909, 55.606166102 ], [ 37.601952553, 55.606099437 ], [ 37.602553368, 55.606096407 ], [ 37.603234649, 55.605969136 ], [ 37.604956627, 55.605699442 ], [ 37.605745196, 55.605487322 ], [ 37.606297731, 55.606541851 ], [ 37.606120706, 55.606572153 ], [ 37.605777383, 55.606596394 ], [ 37.605117559, 55.606708512 ], [ 37.604591846, 55.606750935 ], [ 37.602912784, 55.607023652 ], [ 37.602655292, 55.607063044 ], [ 37.602494359, 55.607014561 ], [ 37.602440715, 55.607214552 ], [ 37.602499723, 55.60700244 ], [ 37.602537274, 55.606917595 ], [ 37.602671385, 55.606917595 ], [ 37.60266602, 55.607060014 ], [ 37.602660656, 55.606926686 ], [ 37.602365613, 55.606290342 ], [ 37.602424622, 55.606229737 ], [ 37.602891326, 55.606032771 ] ] ] } },
{ "type": "Feature", "properties": { "datasetId": 897, "rowId": null, "releaseNumber": 193, "versionNumber": 6, "ID": 17243, "Name": "Парк в пойме реки Битца, территория межу улицами Куликовская, Знаменские садки и бульвар Дмитрия Донского", "PortionName": "Парк в пойме реки Битца, территория межу улицами Куликовская, Знаменские садки и бульвар Дмитрия Донского", "Type": "Велопешеходная дорожка с совмещенным движением", "Width": 2.3, "Location": "Парк в пойме реки Битца, территория межу улицами Куликовская, Знаменские садки и бульвар Дмитрия Донского", "OperOrgName": "ГБУ «Автомобильные дороги ЮЗАО»", "DepartmentalAffiliation": "ПРЕФЕКТУРА ЮГО-ЗАПАДНОГО АДМИНИСТРАТИВНОГО ОКРУГА ГОРОДА МОСКВЫ", "ObjectOperOrgPhone": "(499) 128-17-63", "global_id": 1071983445 }, "geometry": { "type": "MultiLineString", "coordinates": [ [ [ 37.56888628, 55.57562149 ], [ 37.569100857, 55.575572968 ], [ 37.569369078, 55.575451664 ], [ 37.569733858, 55.575318228 ], [ 37.570248842, 55.57523938 ], [ 37.570978403, 55.57513627 ], [ 37.571815252, 55.574954312 ], [ 37.572448254, 55.574802679 ], [ 37.573059797, 55.574560065 ], [ 37.57358551, 55.574523672 ], [ 37.574132681, 55.574444823 ], [ 37.574872971, 55.574244664 ], [ 37.575581074, 55.573995981 ], [ 37.575838566, 55.573880738 ], [ 37.576106787, 55.573929261 ], [ 37.576450109, 55.573880738 ], [ 37.577083111, 55.573759428 ], [ 37.577812672, 55.573704838 ], [ 37.578939199, 55.573650249 ], [ 37.578821182, 55.57348648 ], [ 37.578595877, 55.573201399 ], [ 37.578392029, 55.572904184 ], [ 37.578188181, 55.572740412 ], [ 37.577930689, 55.572588771 ], [ 37.57773757, 55.572515982 ], [ 37.577565908, 55.572485654 ], [ 37.577426434, 55.572497785 ], [ 37.576911449, 55.572643362 ], [ 37.5760746, 55.57286779 ], [ 37.575516701, 55.573080087 ], [ 37.575291395, 55.573146808 ], [ 37.574980259, 55.57321353 ], [ 37.574808598, 55.573231727 ], [ 37.574304342, 55.573395497 ], [ 37.573810816, 55.573559266 ], [ 37.573467493, 55.573632052 ], [ 37.573231459, 55.573638118 ], [ 37.57303834, 55.573644183 ], [ 37.572834492, 55.573632052 ], [ 37.57280767, 55.573595659 ], [ 37.572855949, 55.573474349 ], [ 37.572904229, 55.573353038 ], [ 37.572920322, 55.573259022 ], [ 37.572920322, 55.573171071 ], [ 37.572877407, 55.573070989 ], [ 37.572834492, 55.573010333 ] ], [ [ 37.572809681, 55.573020947 ], [ 37.57280767, 55.573021706 ], [ 37.572888136, 55.573150599 ], [ 37.572894841, 55.573269636 ], [ 37.572882771, 55.573346972 ], [ 37.572791576, 55.573576705 ], [ 37.572778836, 55.573619921 ], [ 37.57271044, 55.573677544 ], [ 37.572585717, 55.573774592 ], [ 37.572465688, 55.573862541 ], [ 37.572217584, 55.573999772 ], [ 37.571945339, 55.574135487 ], [ 37.571725398, 55.574211304 ], [ 37.571159452, 55.574344744 ], [ 37.571015954, 55.574353842 ], [ 37.570699453, 55.574387201 ], [ 37.570286393, 55.574490313 ], [ 37.569744587, 55.574708666 ], [ 37.568264008, 55.575327326 ], [ 37.56824255, 55.575337182 ], [ 37.568526864, 55.57556387 ], [ 37.568652928, 55.575612392 ] ], [ [ 37.568879575, 55.57562149 ], [ 37.568817884, 55.575628313 ], [ 37.56865561, 55.575611634 ] ] ] } },
{ "type": "Feature", "properties": { "datasetId": 897, "rowId": null, "releaseNumber": 193, "versionNumber": 6, "ID": 12, "Name": "велодорожка по ул. Барвихинская", "PortionName": "", "Type": "Двустороняя велополоса", "Width": 1.8, "Location": "ул. Барвихинская, д. 16 к.3 до пересечения с ул. Толбухина", "OperOrgName": "ГБУ Автомобильные дороги ЗАО", "DepartmentalAffiliation": "ПРЕФЕКТУРА ЗАПАДНОГО АДМИНИСТРАТИВНОГО ОКРУГА ГОРОДА МОСКВЫ", "ObjectOperOrgPhone": "(499) 792-65-06", "global_id": 1072019952 }, "geometry": { "type": "MultiLineString", "coordinates": [ [ [ 37.387676239, 55.720022429 ], [ 37.399177551, 55.723986358 ] ] ] } },
{ "type": "Feature", "properties": { "datasetId": 897, "rowId": null, "releaseNumber": 193, "versionNumber": 6, "ID": 13, "Name": "Велодорожка по ул. Говорова", "PortionName": "", "Type": "Двустороняя велополоса", "Width": 1.8, "Location": "ул. Говорова", "OperOrgName": "ГБУ Жилищник Можайского района", "DepartmentalAffiliation": "ПРЕФЕКТУРА ЗАПАДНОГО АДМИНИСТРАТИВНОГО ОКРУГА ГОРОДА МОСКВЫ", "ObjectOperOrgPhone": "(495) 446-36-59", "global_id": 1072020065 }, "geometry": { "type": "MultiLineString", "coordinates": [ [ [ 37.39292264, 55.721010427 ], [ 37.398705482, 55.715994641 ] ] ] } },
{ "type": "Feature", "properties": { "datasetId": 897, "rowId": null, "releaseNumber": 193, "versionNumber": 6, "ID": 14, "Name": "Велодорожка по ул. Горбунова", "PortionName": "", "Type": "Двустороняя велополоса", "Width": 1.8, "Location": "ул. Горбунова, д. 9 к. 1 до д. 2 по ул. Горбунова", "OperOrgName": "ГБУ Жилищник Можайского района", "DepartmentalAffiliation": "ПРЕФЕКТУРА ЗАПАДНОГО АДМИНИСТРАТИВНОГО ОКРУГА ГОРОДА МОСКВЫ", "ObjectOperOrgPhone": "(495) 446-36-59", "global_id": 1072020126 }, "geometry": { "type": "MultiLineString", "coordinates": [ [ [ 37.383974791, 55.723379105 ], [ 37.390787601, 55.722466698 ], [ 37.391066551, 55.722527123 ], [ 37.394381762, 55.723735603 ], [ 37.395089865, 55.724134393 ], [ 37.398394346, 55.725282403 ] ] ] } },
{ "type": "Feature", "properties": { "datasetId": 897, "rowId": null, "releaseNumber": 193, "versionNumber": 6, "ID": 15, "Name": "Велодорожка по ул. Гришина", "PortionName": "", "Type": "Двустороняя велополоса", "Width": 1.8, "Location": "ул. Гришина", "OperOrgName": "ГБУ Жилищник Можайского района", "DepartmentalAffiliation": "ПРЕФЕКТУРА ЗАПАДНОГО АДМИНИСТРАТИВНОГО ОКРУГА ГОРОДА МОСКВЫ", "ObjectOperOrgPhone": "(495) 446-36-59", "global_id": 1072020159 }, "geometry": { "type": "MultiLineString", "coordinates": [ [ [ 37.414219379, 55.726052758 ], [ 37.414391041, 55.725726492 ], [ 37.417931557, 55.722584526 ], [ 37.420828342, 55.720215801 ] ] ] } },
{ "type": "Feature", "properties": { "datasetId": 897, "rowId": null, "releaseNumber": 193, "versionNumber": 6, "ID": 16, "Name": "Велодорожка ул. Маршала Неделина", "PortionName": "", "Type": "Двустороняя велополоса", "Width": 1.8, "Location": "Ул. Маршала Неделина от д. 12 до д. 30 к.2", "OperOrgName": "ГБУ Жилищник Можайского района", "DepartmentalAffiliation": "ПРЕФЕКТУРА ЗАПАДНОГО АДМИНИСТРАТИВНОГО ОКРУГА ГОРОДА МОСКВЫ", "ObjectOperOrgPhone": "(495) 446-36-59", "global_id": 1072020207 }, "geometry": { "type": "MultiLineString", "coordinates": [ [ [ 37.407422662, 55.725532993 ], [ 37.414069176, 55.725989157 ], [ 37.418489456, 55.726185681 ] ] ] } },
{ "type": "Feature", "properties": { "datasetId": 897, "rowId": null, "releaseNumber": 193, "versionNumber": 6, "ID": 17, "Name": "Велодорожка вдоль связки Мичуринского проспекта с проспектом Вернадского", "PortionName": "От ул. Светланова до проспекта Вернадского", "Type": "Велопешеходная зона", "Width": 1.5, "Location": "Связка Мичуринского проспекта с проспектом Вернадского", "OperOrgName": "ГБУ Жилищник района Раменки", "DepartmentalAffiliation": "ПРЕФЕКТУРА ЗАПАДНОГО АДМИНИСТРАТИВНОГО ОКРУГА ГОРОДА МОСКВЫ", "ObjectOperOrgPhone": "(499) 739-16-52", "global_id": 1072020768 }, "geometry": { "type": "MultiLineString", "coordinates": [ [ [ 37.50851512, 55.694295459 ], [ 37.509673834, 55.694005208 ], [ 37.51044631, 55.693968927 ], [ 37.511025667, 55.693968927 ], [ 37.511497736, 55.693896364 ], [ 37.512334585, 55.693460983 ], [ 37.513686419, 55.692699055 ], [ 37.514287233, 55.692239472 ], [ 37.514930964, 55.691259816 ], [ 37.515317202, 55.690933259 ], [ 37.516046762, 55.690461561 ], [ 37.517417371, 55.689692015 ], [ 37.518559992, 55.689041895 ], [ 37.520700395, 55.687768839 ], [ 37.521091998, 55.687457372 ], [ 37.521569431, 55.687018896 ], [ 37.521708906, 55.686852576 ], [ 37.522148788, 55.686498766 ], [ 37.522433102, 55.686308251 ], [ 37.522626221, 55.686163096 ] ] ] } },
{ "type": "Feature", "properties": { "datasetId": 897, "rowId": null, "releaseNumber": 193, "versionNumber": 6, "ID": 777, "Name": "Парк Никулино", "PortionName": "Парк Никулино", "Type": "Двустороняя велополоса", "Width": 2.0, "Location": "Парк Никулино", "OperOrgName": "Жилищник района Тропарёво-Никулино", "DepartmentalAffiliation": "ПРЕФЕКТУРА ЗАПАДНОГО АДМИНИСТРАТИВНОГО ОКРУГА ГОРОДА МОСКВЫ", "ObjectOperOrgPhone": "(499) 792-00-63", "global_id": 1072024023 }, "geometry": { "type": "MultiLineString", "coordinates": [ [ [ 37.478832999, 55.65513957 ], [ 37.478625575, 55.655123429 ], [ 37.478532592, 55.655119393 ], [ 37.478453914, 55.655123429 ], [ 37.478368083, 55.655123429 ], [ 37.4782751, 55.655103252 ], [ 37.478185469, 55.655065169 ], [ 37.478128249, 55.655011702 ], [ 37.478078181, 55.654942093 ], [ 37.478062088, 55.654864413 ], [ 37.478056723, 55.654779672 ], [ 37.478010232, 55.65467778 ], [ 37.477965528, 55.654587153 ], [ 37.477883274, 55.654505438 ], [ 37.477792079, 55.65440758 ], [ 37.477699095, 55.654334944 ], [ 37.477650816, 55.654253228 ], [ 37.477631146, 55.654167476 ], [ 37.477688367, 55.654084751 ], [ 37.477757806, 55.653984875 ], [ 37.477795059, 55.653873733 ], [ 37.477793271, 55.653799078 ], [ 37.477761084, 55.653707272 ], [ 37.477705652, 55.653610422 ], [ 37.477503592, 55.653296666 ], [ 37.477439517, 55.653250089 ], [ 37.477351898, 55.653175433 ], [ 37.477328653, 55.653078582 ], [ 37.477357263, 55.652962561 ], [ 37.477414483, 55.652861673 ], [ 37.477502773, 55.652678141 ], [ 37.477542112, 55.65255304 ], [ 37.477545725, 55.652471194 ], [ 37.477512645, 55.6523698 ], [ 37.477465259, 55.652303213 ], [ 37.477430837, 55.652243184 ], [ 37.477424579, 55.652182146 ], [ 37.477445142, 55.652108497 ], [ 37.477485227, 55.651998443 ], [ 37.477504002, 55.651890994 ], [ 37.477510708, 55.651829367 ], [ 37.477501767, 55.651796073 ], [ 37.477479415, 55.651759753 ], [ 37.47744544, 55.651743106 ], [ 37.477339046, 55.651733017 ], [ 37.477229076, 55.651711325 ], [ 37.477164255, 55.651676182 ], [ 37.477140116, 55.651625736 ], [ 37.477130281, 55.651573273 ], [ 37.477158891, 55.651531907 ], [ 37.477200018, 55.651484993 ], [ 37.477287637, 55.651443627 ], [ 37.477408038, 55.651373003 ], [ 37.477438437, 55.651308433 ], [ 37.477445589, 55.65122217 ], [ 37.47744965, 55.651125187 ], [ 37.477465743, 55.65106667 ], [ 37.477510447, 55.650997054 ], [ 37.477605218, 55.650896161 ], [ 37.47766065, 55.650833608 ], [ 37.477671379, 55.650794259 ], [ 37.477642173, 55.650695888 ], [ 37.477557832, 55.650559346 ], [ 37.477479154, 55.650454416 ], [ 37.477336103, 55.650222359 ], [ 37.477287227, 55.650136767 ], [ 37.477269346, 55.650073203 ], [ 37.477292592, 55.650000559 ], [ 37.477319414, 55.649901681 ], [ 37.477303321, 55.649827019 ], [ 37.477283651, 55.649717042 ], [ 37.477269346, 55.649643388 ], [ 37.477289015, 55.649578815 ], [ 37.477355177, 55.649540474 ], [ 37.477569455, 55.649489017 ], [ 37.478003973, 55.649445631 ], [ 37.478533262, 55.649393165 ], [ 37.478687042, 55.64937803 ], [ 37.478812808, 55.649437391 ], [ 37.479025597, 55.649533243 ], [ 37.479113216, 55.649587727 ], [ 37.479172224, 55.649790528 ], [ 37.479255671, 55.650135085 ], [ 37.479268188, 55.650234971 ], [ 37.479239577, 55.650286427 ], [ 37.479130501, 55.650354363 ], [ 37.478683466, 55.650628794 ], [ 37.478532368, 55.650686808 ], [ 37.478326732, 55.650724139 ], [ 37.478090698, 55.65074129 ], [ 37.477690155, 55.650767523 ] ] ] } },
{ "type": "Feature", "properties": { "datasetId": 897, "rowId": null, "releaseNumber": 193, "versionNumber": 6, "ID": 29578, "Name": "Новомещерский проезд (Проектируемый проезд 5167)", "PortionName": "Велодорожка на Новомещерском проезде", "Type": "Двустороняя велополоса", "Width": 2.0, "Location": "ж/д станция Солнечная - Новомещерский проезд", "OperOrgName": "ГБУ Автомобильные дороги ЗАО", "DepartmentalAffiliation": "ПРЕФЕКТУРА ЗАПАДНОГО АДМИНИСТРАТИВНОГО ОКРУГА ГОРОДА МОСКВЫ", "ObjectOperOrgPhone": "(499) 792-65-06", "global_id": 1072027209 }, "geometry": { "type": "MultiLineString", "coordinates": [ [ [ 37.389435768, 55.661640874 ], [ 37.389113903, 55.660999366 ], [ 37.389285564, 55.660587827 ], [ 37.389070988, 55.660406265 ], [ 37.388942242, 55.660200493 ], [ 37.387526035, 55.659982615 ], [ 37.386646271, 55.659752632 ], [ 37.382204533, 55.658590592 ] ] ] } },
{ "type": "Feature", "properties": { "datasetId": 897, "rowId": null, "releaseNumber": 193, "versionNumber": 6, "ID": 6, "Name": "Велодорожка в Покровском парке", "PortionName": "", "Type": "Велопешеходная дорожка с совмещенным движением", "Width": 1.2, "Location": "ул. Дорожная, д.5, корп.1", "OperOrgName": "ГБУ «Автомобильные дороги ЮАО»", "DepartmentalAffiliation": "ПРЕФЕКТУРА ЮЖНОГО АДМИНИСТРАТИВНОГО ОКРУГА ГОРОДА МОСКВЫ", "ObjectOperOrgPhone": "(495) 120-12-56", "global_id": 1073994654 }, "geometry": { "type": "MultiLineString", "coordinates": [ [ [ 37.626616806, 55.605642246 ], [ 37.626699954, 55.605673306 ], [ 37.626771033, 55.605661942 ], [ 37.627409399, 55.605461943 ], [ 37.62758106, 55.605334671 ], [ 37.627723217, 55.605206261 ], [ 37.627740651, 55.605118761 ], [ 37.627720535, 55.605080124 ], [ 37.627594471, 55.605021033 ], [ 37.627358437, 55.605008911 ], [ 37.627295405, 55.604980881 ], [ 37.62708351, 55.604792999 ], [ 37.627012432, 55.604677088 ], [ 37.626921237, 55.604535419 ], [ 37.626744211, 55.604489963 ], [ 37.626430392, 55.604461175 ], [ 37.626254708, 55.604388446 ], [ 37.626151443, 55.604311929 ], [ 37.626088411, 55.60405283 ], [ 37.626079023, 55.603932371 ], [ 37.625997216, 55.603655087 ], [ 37.625938207, 55.603545233 ], [ 37.625896633, 55.603448259 ], [ 37.625889927, 55.603346739 ], [ 37.6258564, 55.603268326 ], [ 37.625869811, 55.603210747 ], [ 37.626258731, 55.602695563 ], [ 37.626545727, 55.602583434 ], [ 37.626537681, 55.602513732 ], [ 37.626559138, 55.602466759 ], [ 37.626940012, 55.602131884 ], [ 37.627012432, 55.602000055 ], [ 37.627084851, 55.601877317 ], [ 37.627215609, 55.601762344 ], [ 37.627456337, 55.601625968 ], [ 37.627709135, 55.601533913 ], [ 37.62782447, 55.601477468 ], [ 37.627927735, 55.601385413 ], [ 37.627774179, 55.601342795 ], [ 37.627571672, 55.601311732 ], [ 37.627495229, 55.601293548 ], [ 37.627088875, 55.601004123 ], [ 37.626882344, 55.600854863 ], [ 37.626722753, 55.601009426 ], [ 37.626333833, 55.601301503 ], [ 37.626162171, 55.601442427 ], [ 37.626036108, 55.601646992 ], [ 37.62601465, 55.601730334 ], [ 37.626049519, 55.601816705 ], [ 37.626009285, 55.601939822 ], [ 37.625936866, 55.602036043 ], [ 37.625793368, 55.602176206 ], [ 37.625707537, 55.602237574 ], [ 37.625467479, 55.602392132 ], [ 37.625354826, 55.602439863 ], [ 37.625109404, 55.602495928 ], [ 37.624857277, 55.602580025 ], [ 37.624745965, 55.602639877 ], [ 37.624578327, 55.602767917 ], [ 37.624499202, 55.602858074 ], [ 37.624530047, 55.602981567 ], [ 37.624697685, 55.603077027 ], [ 37.624291331, 55.6034225 ], [ 37.624131739, 55.603264916 ], [ 37.623871565, 55.603283099 ], [ 37.623435706, 55.603486897 ], [ 37.623372674, 55.603454699 ], [ 37.62313664, 55.603672891 ], [ 37.623353899, 55.604157757 ], [ 37.623565793, 55.604601708 ], [ 37.623758912, 55.604970653 ], [ 37.623968124, 55.605022169 ], [ 37.624440193, 55.605025199 ], [ 37.624810338, 55.605070654 ], [ 37.625132203, 55.60503429 ], [ 37.625189871, 55.605039215 ], [ 37.625612319, 55.605215352 ], [ 37.626620829, 55.605642624 ] ] ] } },
{ "type": "Feature", "properties": { "datasetId": 897, "rowId": null, "releaseNumber": 193, "versionNumber": 6, "ID": 829, "Name": "Велосипедная дорожка в парке Осенний бульвар", "PortionName": "", "Type": "Двустороняя велополоса", "Width": 2.0, "Location": "От улицы Осенний бульвар дом 2, до улицы Осенний бульвар дом 18 корп 1", "OperOrgName": "Жилищник района Крылатское города Москвы", "DepartmentalAffiliation": "ПРЕФЕКТУРА ЗАПАДНОГО АДМИНИСТРАТИВНОГО ОКРУГА ГОРОДА МОСКВЫ", "ObjectOperOrgPhone": "(495) 413-26-14", "global_id": 1110723714 }, "geometry": { "type": "MultiLineString", "coordinates": [ [ [ 37.408179045, 55.752278839 ], [ 37.408415079, 55.752426767 ], [ 37.407803535, 55.752776962 ], [ 37.40765065, 55.753060738 ], [ 37.407610416, 55.753181493 ], [ 37.407698929, 55.753250927 ], [ 37.408267558, 55.7534547 ], [ 37.408286333, 55.753625265 ], [ 37.408635691, 55.753640925 ], [ 37.408484817, 55.755204841 ], [ 37.408635691, 55.753640916 ], [ 37.408739626, 55.753644887 ], [ 37.408774495, 55.753395832 ], [ 37.408860326, 55.753211682 ], [ 37.408798635, 55.752976209 ], [ 37.408637702, 55.752645639 ], [ 37.40864709, 55.752591676 ], [ 37.408702997, 55.752510377 ], [ 37.408533096, 55.752478089 ], [ 37.408415063, 55.752426765 ], [ 37.408530414, 55.752478089 ], [ 37.408703417, 55.752510448 ], [ 37.409001142, 55.752551864 ], [ 37.409136593, 55.752561109 ], [ 37.409001697, 55.752551908 ], [ 37.408952862, 55.752569034 ], [ 37.408637702, 55.752645568 ] ], [ [ 37.407985926, 55.760046564 ], [ 37.407669425, 55.760357453 ], [ 37.40766339, 55.760414612 ], [ 37.407594323, 55.760519876 ], [ 37.407579571, 55.760570055 ], [ 37.407631874, 55.760623818 ], [ 37.407693565, 55.76077926 ], [ 37.407698929, 55.760978467 ], [ 37.407685518, 55.761087124 ], [ 37.407588959, 55.76125011 ], [ 37.407559454, 55.761390459 ], [ 37.407570183, 55.76149006 ], [ 37.407607734, 55.761606262 ], [ 37.407658696, 55.761713409 ], [ 37.407661378, 55.761784337 ], [ 37.407631874, 55.761886956 ], [ 37.407508492, 55.762052957 ], [ 37.407468259, 55.762151048 ], [ 37.407521904, 55.76226272 ], [ 37.407607734, 55.762374392 ], [ 37.407680154, 55.762433246 ], [ 37.407752573, 55.762475501 ] ] ] } },
{ "type": "Feature", "properties": { "datasetId": 897, "rowId": null, "releaseNumber": 193, "versionNumber": 6, "ID": 703, "Name": "Сыромятническая В. ул.", "PortionName": "Сыромятническая В. ул.", "Type": "Велосипедная полоса попутного движения", "Width": 1.0, "Location": "Сыромятническая В. ул. (на всем протяжении)", "OperOrgName": "ГБУ Автомобильные дороги ЦАО", "DepartmentalAffiliation": "ПРЕФЕКТУРА ЦЕНТРАЛЬНОГО АДМИНИСТРАТИВНОГО ОКРУГА ГОРОДА МОСКВЫ", "ObjectOperOrgPhone": "(495) 670-02-60", "global_id": 1146054232 }, "geometry": { "type": "MultiLineString", "coordinates": [ [ [ 37.657812238, 55.754750521 ], [ 37.658246756, 55.754723353 ], [ 37.65896827, 55.754649393 ], [ 37.660100162, 55.754512039 ], [ 37.66115427, 55.754379213 ], [ 37.661610246, 55.754310536 ], [ 37.662221789, 55.754216199 ], [ 37.662613392, 55.754133182 ], [ 37.662747502, 55.754081862 ] ], [ [ 37.662579864, 55.754271291 ], [ 37.662241906, 55.754342233 ], [ 37.661745697, 55.754419212 ], [ 37.661169022, 55.754507511 ], [ 37.660961151, 55.754536189 ] ], [ [ 37.660786808, 55.754555811 ], [ 37.66037643, 55.75460713 ], [ 37.659743428, 55.754687128 ], [ 37.658989727, 55.754768634 ], [ 37.658584714, 55.754813915 ], [ 37.657707632, 55.754912024 ] ] ] } },
{ "type": "Feature", "properties": { "datasetId": 897, "rowId": null, "releaseNumber": 193, "versionNumber": 6, "ID": 704, "Name": "Сыромятнический 3-й переулок", "PortionName": "Сыромятнический 3-й переулок", "Type": "Велосипедная полоса попутного движения", "Width": 1.0, "Location": "Сыромятнический 3-й переулок (на всем протяжении)", "OperOrgName": "ГБУ Автомобильные дороги ЦАО", "DepartmentalAffiliation": "ПРЕФЕКТУРА ЦЕНТРАЛЬНОГО АДМИНИСТРАТИВНОГО ОКРУГА ГОРОДА МОСКВЫ", "ObjectOperOrgPhone": "(495) 670-02-60", "global_id": 1146054276 }, "geometry": { "type": "MultiLineString", "coordinates": [ [ [ 37.662750185, 55.754082617 ], [ 37.66286552, 55.754029787 ], [ 37.662980184, 55.753973185 ], [ 37.663156539, 55.753843376 ], [ 37.663245052, 55.753762622 ], [ 37.663327195, 55.75367451 ], [ 37.663530707, 55.753432813 ], [ 37.66405642, 55.752707527 ] ], [ [ 37.66426295, 55.752757339 ], [ 37.663697004, 55.753539983 ], [ 37.66338855, 55.753878092 ], [ 37.663156539, 55.754054315 ], [ 37.662931234, 55.754164879 ], [ 37.662837356, 55.754200727 ] ] ] } },
{ "type": "Feature", "properties": { "datasetId": 897, "rowId": null, "releaseNumber": 193, "versionNumber": 6, "ID": 699, "Name": "Костомаровский пер.", "PortionName": "Костомаровский пер.", "Type": "Велосипедная полоса попутного движения", "Width": 1.0, "Location": "Костомаровский пер. (на всем протяжении)", "OperOrgName": "ГБУ Автомобильные дороги ЦАО", "DepartmentalAffiliation": "ПРЕФЕКТУРА ЦЕНТРАЛЬНОГО АДМИНИСТРАТИВНОГО ОКРУГА ГОРОДА МОСКВЫ", "ObjectOperOrgPhone": "(495) 670-02-60", "global_id": 1146054279 }, "geometry": { "type": "MultiLineString", "coordinates": [ [ [ 37.664144933, 55.752583751 ], [ 37.664885223, 55.751566362 ], [ 37.665676475, 55.750482526 ] ], [ [ 37.665803879, 55.750638763 ], [ 37.664360851, 55.752622997 ] ] ] } },
{ "type": "Feature", "properties": { "datasetId": 897, "rowId": null, "releaseNumber": 193, "versionNumber": 6, "ID": 1013, "Name": "Вознесенский пер.", "PortionName": "Вознесенский пер.", "Type": "Велосипедная полоса попутного движения", "Width": 1.0, "Location": "Вознесенский пер. (От Б. Никитской ул. до Елисеевского пер.)", "OperOrgName": "ГБУ Автомооильные дороги ЦАО", "DepartmentalAffiliation": "ПРЕФЕКТУРА ЦЕНТРАЛЬНОГО АДМИНИСТРАТИВНОГО ОКРУГА ГОРОДА МОСКВЫ", "ObjectOperOrgPhone": "(495) 670-02-60", "global_id": 1266332516 }, "geometry": { "type": "MultiLineString", "coordinates": [ [ [ 37.605439425, 55.759384032 ], [ 37.605316043, 55.7590671 ], [ 37.604978085, 55.758753183 ], [ 37.604650855, 55.758300414 ], [ 37.604221702, 55.757757084 ], [ 37.603653073, 55.757071874 ], [ 37.603572607, 55.756969242 ], [ 37.603524327, 55.75690887 ] ] ] } },
{ "type": "Feature", "properties": { "datasetId": 897, "rowId": null, "releaseNumber": 193, "versionNumber": 6, "ID": 811, "Name": "Космодамианская наб.", "PortionName": "Космодамианская наб.", "Type": "Велосипедная дорожка двухстороннего движения", "Width": 2.5, "Location": "Космодамианская наб.", "OperOrgName": "ГБУ Автомобильные дороги ЦАО", "DepartmentalAffiliation": "ПРЕФЕКТУРА ЦЕНТРАЛЬНОГО АДМИНИСТРАТИВНОГО ОКРУГА ГОРОДА МОСКВЫ", "ObjectOperOrgPhone": "(495) 670-02-60", "global_id": 1266333336 }, "geometry": { "type": "MultiLineString", "coordinates": [ [ [ 37.640458345, 55.744636387 ], [ 37.640699744, 55.744399353 ], [ 37.641531229, 55.743579535 ], [ 37.642083764, 55.742993725 ], [ 37.642684579, 55.742290137 ], [ 37.643247843, 55.741665051 ], [ 37.643854022, 55.740644356 ], [ 37.644315362, 55.739768591 ], [ 37.645071745, 55.738394507 ], [ 37.64567256, 55.736872388 ], [ 37.645747662, 55.736657957 ] ], [ [ 37.646262646, 55.735664314 ], [ 37.646884918, 55.734652524 ], [ 37.647244334, 55.734077151 ], [ 37.647440135, 55.73373736 ], [ 37.648054361, 55.732819154 ] ] ] } },
{ "type": "Feature", "properties": { "datasetId": 897, "rowId": null, "releaseNumber": 193, "versionNumber": 6, "ID": 7, "Name": "Велодорожка в парке «Братеевская пойма»", "PortionName": "", "Type": "Велосипедная дорожка двухстороннего движения", "Width": 2.4, "Location": "ул.Бртаеевская, вл.24, кор.1", "OperOrgName": "ГБУ« Автомобильные дороги ЮАО»", "DepartmentalAffiliation": "ПРЕФЕКТУРА ЮЖНОГО АДМИНИСТРАТИВНОГО ОКРУГА ГОРОДА МОСКВЫ", "ObjectOperOrgPhone": "(495) 276-12-17", "global_id": 2365351985 }, "geometry": { "type": "MultiLineString", "coordinates": [ [ [ 37.77610302, 55.643044988 ], [ 37.776274681, 55.643008659 ], [ 37.775866985, 55.643384054 ], [ 37.77490139, 55.643819992 ], [ 37.773656845, 55.644134834 ], [ 37.773098946, 55.644171162 ], [ 37.77333498, 55.644534437 ], [ 37.773292065, 55.645139887 ], [ 37.773742676, 55.64499458 ], [ 37.774300575, 55.644958253 ], [ 37.77554512, 55.645200432 ], [ 37.776446342, 55.645454718 ], [ 37.776961327, 55.645575806 ], [ 37.777884006, 55.645769546 ] ], [ [ 37.777893104, 55.645750432 ], [ 37.778084715, 55.645703126 ], [ 37.778815231, 55.64568961 ], [ 37.779605626, 55.645716642 ], [ 37.780060702, 55.645743674 ], [ 37.780527754, 55.645763947 ], [ 37.780827146, 55.645743674 ], [ 37.780515778, 55.645176 ], [ 37.780264289, 55.644398814 ], [ 37.780467875, 55.6442231 ], [ 37.780934927, 55.644060902 ], [ 37.780958878, 55.643851395 ], [ 37.780946902, 55.643452654 ], [ 37.780851097, 55.642925497 ], [ 37.78117444, 55.642310473 ], [ 37.781521735, 55.641546748 ], [ 37.78170137, 55.64110743 ], [ 37.781809151, 55.640688384 ], [ 37.781773224, 55.639688062 ], [ 37.781881005, 55.639262241 ], [ 37.782168422, 55.639005395 ], [ 37.782132495, 55.63880938 ], [ 37.781964835, 55.638349753 ], [ 37.782000762, 55.638086142 ], [ 37.782108543, 55.63770762 ], [ 37.782108543, 55.637430485 ], [ 37.78214447, 55.63725474 ], [ 37.781892981, 55.637051956 ], [ 37.781581613, 55.636943804 ], [ 37.781413954, 55.636774817 ], [ 37.781366051, 55.63625433 ], [ 37.781401978, 55.636004224 ], [ 37.781689395, 55.63587579 ] ], [ [ 37.78172493, 55.635857297 ], [ 37.781896591, 55.635663508 ], [ 37.781896591, 55.635300151 ], [ 37.781596184, 55.635033687 ], [ 37.781360149, 55.634954958 ], [ 37.780544758, 55.634991294 ], [ 37.780845165, 55.634785389 ], [ 37.780995369, 55.634591594 ], [ 37.780930996, 55.63419189 ], [ 37.780930996, 55.633925418 ], [ 37.780995369, 55.633658945 ], [ 37.78116703, 55.63353782 ], [ 37.781317234, 55.633404582 ], [ 37.781274319, 55.632883739 ], [ 37.781209946, 55.632302324 ], [ 37.781360149, 55.631430186 ], [ 37.781252861, 55.630594369 ], [ 37.78200388, 55.629916012 ], [ 37.782948017, 55.629189187 ], [ 37.783999443, 55.628341208 ], [ 37.784514427, 55.627783955 ], [ 37.784900665, 55.627820298 ], [ 37.785029411, 55.628123153 ], [ 37.785093784, 55.628341208 ], [ 37.784900665, 55.628922681 ], [ 37.78421402, 55.630206738 ], [ 37.783784866, 55.63084875 ], [ 37.783269882, 55.631091016 ], [ 37.782411575, 55.631139469 ], [ 37.781746387, 55.63092143 ], [ 37.781467438, 55.630485348 ], [ 37.780909538, 55.631078903 ], [ 37.77987957, 55.632096405 ], [ 37.779128551, 55.63279895 ], [ 37.778012753, 55.633949643 ], [ 37.776596546, 55.635281983 ] ], [ [ 37.776553631, 55.635330431 ], [ 37.776017189, 55.635681676 ], [ 37.774751186, 55.635948136 ], [ 37.77397871, 55.636069253 ], [ 37.773420811, 55.636287264 ], [ 37.772884369, 55.636396268 ] ] ] } },
{ "type": "Feature", "properties": { "datasetId": 897, "rowId": null, "releaseNumber": 193, "versionNumber": 6, "ID": 8, "Name": "Велосипедная дорожка в парке «Южный кластер»", "PortionName": "", "Type": "Велосипедная дорожка двухстороннего движения", "Width": 2.0, "Location": "улица Борисовские Пруды, 6", "OperOrgName": "ГБУ «Автомобильные дороги ЮАО»", "DepartmentalAffiliation": "ПРЕФЕКТУРА ЮЖНОГО АДМИНИСТРАТИВНОГО ОКРУГА ГОРОДА МОСКВЫ", "ObjectOperOrgPhone": "(495) 276-12-17", "global_id": 2365352011 }, "geometry": { "type": "MultiLineString", "coordinates": [ [ [ 37.752971649, 55.640411067 ], [ 37.759366035, 55.642227583 ], [ 37.763271332, 55.643269014 ], [ 37.768249512, 55.644625255 ], [ 37.768743038, 55.644825054 ], [ 37.770502567, 55.644970362 ], [ 37.772476673, 55.645043016 ], [ 37.773227692, 55.645103561 ], [ 37.77333498, 55.644425454 ], [ 37.773163319, 55.644207489 ] ], [ [ 37.773120403, 55.644207489 ], [ 37.772476673, 55.644268035 ], [ 37.770824432, 55.644219598 ], [ 37.769815922, 55.644110615 ], [ 37.769386768, 55.644897708 ] ] ] } },
{ "type": "Feature", "properties": { "datasetId": 897, "rowId": null, "releaseNumber": 193, "versionNumber": 6, "ID": 9, "Name": "Велодорожка в парке «Пойма реки Городни»", "PortionName": "", "Type": "Велосипедная дорожка двухстороннего движения", "Width": 2.0, "Location": "Наташинская улица", "OperOrgName": "ГБУ«Автомобильные дороги ЮАО»", "DepartmentalAffiliation": "ПРЕФЕКТУРА ЮЖНОГО АДМИНИСТРАТИВНОГО ОКРУГА ГОРОДА МОСКВЫ", "ObjectOperOrgPhone": "(495) 276-12-17", "global_id": 2365352335 }, "geometry": { "type": "MultiLineString", "coordinates": [ [ [ 37.740515471, 55.632434052 ], [ 37.740526199, 55.632273556 ], [ 37.740338445, 55.632100947 ], [ 37.740209699, 55.632007071 ], [ 37.740070224, 55.631882913 ], [ 37.739903927, 55.631764811 ], [ 37.73978591, 55.631752698 ], [ 37.739753723, 55.631834461 ], [ 37.739528418, 55.632019184 ], [ 37.739378214, 55.632161512 ], [ 37.739249468, 55.632258415 ], [ 37.739088535, 55.632309895 ], [ 37.738932967, 55.632279613 ], [ 37.738884687, 55.63221602 ], [ 37.738761306, 55.632134258 ], [ 37.738621831, 55.632058552 ], [ 37.738047838, 55.63195862 ], [ 37.737463117, 55.631846574 ], [ 37.737243176, 55.631798122 ], [ 37.736915946, 55.631879885 ], [ 37.736733556, 55.631952563 ], [ 37.736411691, 55.632016156 ], [ 37.73619175, 55.632091862 ], [ 37.73609519, 55.632110032 ], [ 37.735805511, 55.632085806 ], [ 37.735226154, 55.631982845 ], [ 37.734845281, 55.631904111 ], [ 37.734646797, 55.6318708 ], [ 37.734550238, 55.631813263 ], [ 37.734453678, 55.631807207 ], [ 37.734324932, 55.631846574 ], [ 37.734271288, 55.632085806 ], [ 37.734223008, 55.632609688 ], [ 37.733927965, 55.633012436 ], [ 37.733509541, 55.633368244 ], [ 37.732951641, 55.633864856 ], [ 37.732114792, 55.634712716 ], [ 37.731599808, 55.635136639 ], [ 37.727399468, 55.635171461 ] ], [ [ 37.727394104, 55.635174489 ], [ 37.727361917, 55.635080621 ], [ 37.727372646, 55.63486866 ], [ 37.727517486, 55.634696062 ], [ 37.728230953, 55.634060169 ], [ 37.728440166, 55.633730106 ], [ 37.728654742, 55.633548418 ], [ 37.728998065, 55.633409124 ], [ 37.729486227, 55.633145675 ], [ 37.729856372, 55.633033633 ], [ 37.730103135, 55.632951873 ], [ 37.730274796, 55.632818633 ], [ 37.730446458, 55.632655111 ], [ 37.73065567, 55.632340177 ], [ 37.73083806, 55.632100947 ], [ 37.730821967, 55.631979817 ], [ 37.733434439, 55.631106158 ], [ 37.733316422, 55.630815439 ], [ 37.733252048, 55.630712475 ], [ 37.73324132, 55.630621624 ], [ 37.733198404, 55.630548187 ], [ 37.733187675, 55.630511846 ], [ 37.733166218, 55.630470206 ], [ 37.733150125, 55.630446737 ], [ 37.733142078, 55.630437652 ], [ 37.733150125, 55.630442194 ], [ 37.733136714, 55.630427052 ], [ 37.733107209, 55.630413425 ], [ 37.733125985, 55.630410396 ], [ 37.733136714, 55.630402825 ], [ 37.733195722, 55.630401311 ] ], [ [ 37.733184993, 55.630401311 ], [ 37.733273506, 55.630391469 ], [ 37.733402252, 55.630396769 ], [ 37.733665109, 55.630374813 ] ], [ [ 37.733675838, 55.630377841 ], [ 37.733809948, 55.630408125 ], [ 37.733944058, 55.630462636 ], [ 37.734153271, 55.630508061 ], [ 37.734308839, 55.630477777 ], [ 37.734609246, 55.630462636 ], [ 37.734823823, 55.630514118 ], [ 37.73512423, 55.630604968 ], [ 37.735290527, 55.63065645 ], [ 37.735456824, 55.630662507 ], [ 37.735644579, 55.630629195 ], [ 37.735751867, 55.630607997 ], [ 37.735784054, 55.630550458 ], [ 37.735800147, 55.630477777 ], [ 37.735859156, 55.630402068 ], [ 37.73596108, 55.630347557 ], [ 37.736266851, 55.630308189 ], [ 37.736856937, 55.63032333 ], [ 37.737221718, 55.630344529 ], [ 37.737323642, 55.63039904 ], [ 37.737355828, 55.630619353 ], [ 37.737481892, 55.630793483 ], [ 37.737747431, 55.630875248 ], [ 37.737838626, 55.630885847 ], [ 37.737878859, 55.630907046 ], [ 37.738313377, 55.630941871 ], [ 37.738678157, 55.630972155 ], [ 37.739029527, 55.631075118 ], [ 37.739421129, 55.63119625 ], [ 37.739828825, 55.63125833 ], [ 37.740255296, 55.631303755 ] ], [ [ 37.740249932, 55.631303755 ], [ 37.74030894, 55.63131284 ], [ 37.740480602, 55.631285585 ], [ 37.74074614, 55.631240161 ], [ 37.740901709, 55.631221991 ], [ 37.741019726, 55.63114704 ] ], [ [ 37.741019726, 55.631154611 ], [ 37.741212845, 55.631094045 ], [ 37.741405964, 55.630948685 ], [ 37.741599083, 55.630888119 ], [ 37.741781473, 55.630888119 ], [ 37.74199605, 55.630888119 ], [ 37.742221355, 55.630960798 ], [ 37.742371559, 55.630978968 ], [ 37.742607594, 55.630906289 ], [ 37.742714882, 55.630851779 ], [ 37.742800713, 55.630682191 ], [ 37.742875814, 55.630555001 ], [ 37.74328351, 55.63053683 ], [ 37.744055986, 55.630573171 ], [ 37.744624615, 55.630603454 ], [ 37.745139599, 55.630688248 ], [ 37.745461464, 55.630694305 ], [ 37.745611668, 55.630639795 ], [ 37.745890617, 55.630639795 ], [ 37.746158838, 55.630633738 ], [ 37.74679184, 55.630633738 ], [ 37.7475214, 55.630627681 ], [ 37.748175859, 55.630639795 ], [ 37.748916149, 55.630651908 ], [ 37.749452591, 55.630688248 ], [ 37.749710083, 55.630718532 ], [ 37.749881744, 55.630827552 ], [ 37.749913931, 55.631094045 ], [ 37.749881744, 55.631439271 ], [ 37.749785185, 55.631596742 ], [ 37.749731541, 55.631760269 ] ], [ [ 37.749731541, 55.631742099 ], [ 37.749431133, 55.63184506 ] ], [ [ 37.749447227, 55.631840518 ], [ 37.749323845, 55.631843546 ], [ 37.749162912, 55.631891998 ], [ 37.748969793, 55.63188897 ], [ 37.748744488, 55.631843546 ], [ 37.748583555, 55.63180115 ], [ 37.748326063, 55.631828405 ], [ 37.747929096, 55.631949535 ], [ 37.747478485, 55.63195862 ], [ 37.747043967, 55.631934394 ], [ 37.746856213, 55.631952563 ], [ 37.746550441, 55.631982845 ], [ 37.746255398, 55.632025241 ], [ 37.746073008, 55.632052495 ], [ 37.746008635, 55.632064608 ], [ 37.745987177, 55.632191794 ], [ 37.746019363, 55.632315951 ] ], [ [ 37.753347158, 55.630585284 ], [ 37.752864361, 55.630215823 ], [ 37.753325701, 55.630082574 ], [ 37.753905058, 55.629961438 ], [ 37.754055262, 55.62990087 ], [ 37.754334211, 55.629791847 ], [ 37.754570246, 55.629779733 ], [ 37.755031586, 55.629931154 ], [ 37.755525112, 55.630252164 ], [ 37.755932808, 55.630409639 ] ], [ [ 37.755986452, 55.630397526 ], [ 37.75637269, 55.630330901 ], [ 37.756855488, 55.630306674 ], [ 37.757155895, 55.630300618 ], [ 37.757445574, 55.630100744 ], [ 37.758432627, 55.629531402 ], [ 37.759526968, 55.628853026 ], [ 37.759870291, 55.628283666 ], [ 37.759934664, 55.628144353 ], [ 37.760192156, 55.628138296 ], [ 37.760900259, 55.628392693 ], [ 37.76162982, 55.628816684 ], [ 37.761790752, 55.628913596 ], [ 37.762134075, 55.628992337 ], [ 37.76263833, 55.62914376 ], [ 37.763003111, 55.629331525 ], [ 37.763625383, 55.629446606 ], [ 37.764322758, 55.629664653 ], [ 37.764698267, 55.629779733 ], [ 37.765256166, 55.630118915 ], [ 37.765578032, 55.630173426 ], [ 37.765771151, 55.630173426 ], [ 37.765996456, 55.630185539 ], [ 37.766586542, 55.630294561 ], [ 37.767176628, 55.630155255 ], [ 37.767509222, 55.630112858 ], [ 37.76799202, 55.630276391 ], [ 37.768819382, 55.630517301 ], [ 37.769011259, 55.630573171 ], [ 37.769622803, 55.630609511 ], [ 37.769783735, 55.630591341 ], [ 37.770212889, 55.630688248 ], [ 37.77094245, 55.630894175 ], [ 37.771317959, 55.630894175 ], [ 37.771704197, 55.630803325 ], [ 37.772058249, 55.630706418 ], [ 37.772272825, 55.630785155 ], [ 37.772433758, 55.630815439 ], [ 37.772626877, 55.630785155 ] ], [ [ 37.768807411, 55.630555001 ], [ 37.768979073, 55.630736702 ], [ 37.769161463, 55.631003195 ], [ 37.769161463, 55.631197007 ], [ 37.76918292, 55.631421101 ], [ 37.769129276, 55.631505894 ] ] ] } },
{ "type": "Feature", "properties": { "datasetId": 897, "rowId": null, "releaseNumber": 193, "versionNumber": 6, "ID": 10, "Name": "Велосипедная дорожка на территории Школьного парка", "PortionName": "", "Type": "Велосипедная дорожка двухстороннего движения", "Width": 2.0, "Location": "ул.Кировоградская, 6-8", "OperOrgName": "ГБУ Жилищник района Чертаново Северное", "DepartmentalAffiliation": "ПРЕФЕКТУРА ЮЖНОГО АДМИНИСТРАТИВНОГО ОКРУГА ГОРОДА МОСКВЫ", "ObjectOperOrgPhone": "(495) 981-85-15", "global_id": 2365352756 }, "geometry": { "type": "MultiLineString", "coordinates": [ [ [ 37.602746487, 55.629591575 ], [ 37.603917677, 55.629401552 ], [ 37.604589103, 55.629297435 ], [ 37.605169334, 55.62921001 ], [ 37.605282922, 55.62919552 ], [ 37.605401874, 55.629228071 ], [ 37.607455089, 55.628927721 ], [ 37.607470669, 55.628934244 ], [ 37.608386543, 55.628786294 ], [ 37.609966438, 55.628532179 ], [ 37.611308098, 55.628336275 ] ] ] } },
{ "type": "Feature", "properties": { "datasetId": 897, "rowId": null, "releaseNumber": 193, "versionNumber": 6, "ID": 44, "Name": "Велосипедные трассы ПКиО Сокольники", "PortionName": "", "Type": [ "Велопешеходная дорожка с совмещенным движением", "Велосипедная дорожка двухстороннего движения" ], "Width": 2.4, "Location": "улица Сокольнический Вал дом 1 строение 1", "OperOrgName": "Государственное бюджетное учреждение культуры города Москвы «Парк культуры и отдыха «Сокольники»", "DepartmentalAffiliation": "ДЕПАРТАМЕНТ КУЛЬТУРЫ ГОРОДА МОСКВЫ", "ObjectOperOrgPhone": "(499) 268-54-30", "global_id": 2582973583 }, "geometry": { "type": "MultiLineString", "coordinates": [ [ [ 37.665510428, 55.796220115 ], [ 37.667498838, 55.795950725 ], [ 37.66733433, 55.795665251 ], [ 37.664995443, 55.791700559 ], [ 37.664802324, 55.791740771 ], [ 37.664695036, 55.791813152 ], [ 37.664630663, 55.791837279 ], [ 37.662168987, 55.792319817 ], [ 37.661782749, 55.792392197 ], [ 37.661425121, 55.792480662 ], [ 37.66128207, 55.792504788 ], [ 37.660945899, 55.792528915 ], [ 37.660624034, 55.792585211 ], [ 37.659229286, 55.792886792 ], [ 37.659179218, 55.792914939 ], [ 37.658370979, 55.794724377 ], [ 37.658399589, 55.794937483 ], [ 37.658299454, 55.795150587 ], [ 37.658113487, 55.795524523 ], [ 37.657991893, 55.795617002 ], [ 37.657805927, 55.796059286 ], [ 37.657805927, 55.796183928 ], [ 37.6578703, 55.796292488 ], [ 37.657891758, 55.796352798 ], [ 37.657684334, 55.796791053 ], [ 37.657569893, 55.797008169 ], [ 37.65747691, 55.797112705 ], [ 37.657462604, 55.797253427 ], [ 37.657469757, 55.797366004 ], [ 37.657662876, 55.797454458 ], [ 37.657641419, 55.797518787 ], [ 37.65753413, 55.797699713 ], [ 37.657519825, 55.797900741 ], [ 37.657491215, 55.798101768 ], [ 37.657426842, 55.798230425 ], [ 37.657698639, 55.799031564 ], [ 37.657791622, 55.799373299 ], [ 37.657906063, 55.799618543 ], [ 37.657984741, 55.800068822 ], [ 37.65817786, 55.80058342 ], [ 37.658242233, 55.80072011 ], [ 37.65845681, 55.801029668 ], [ 37.65904332, 55.801407568 ], [ 37.659508236, 55.801737222 ], [ 37.659763485, 55.801947334 ], [ 37.659963757, 55.802027736 ], [ 37.660185486, 55.802188541 ], [ 37.660664708, 55.802554369 ], [ 37.660836369, 55.802674971 ], [ 37.661151081, 55.802791552 ], [ 37.661272675, 55.802835773 ], [ 37.66195932, 55.803217675 ], [ 37.662517219, 55.803559374 ], [ 37.662738948, 55.803704092 ], [ 37.662881999, 55.80386891 ], [ 37.663075118, 55.804246782 ], [ 37.663182407, 55.804447776 ], [ 37.663225322, 55.804479935 ], [ 37.663461356, 55.804540233 ], [ 37.663561492, 55.804572392 ], [ 37.664705901, 55.80509497 ], [ 37.66766706, 55.806445602 ], [ 37.667781501, 55.80647776 ], [ 37.668081909, 55.806449622 ], [ 37.668418079, 55.806409425 ], [ 37.668496757, 55.80635717 ], [ 37.669390826, 55.805002515 ], [ 37.670249133, 55.803683992 ], [ 37.670377879, 55.803671933 ], [ 37.67054954, 55.803692032 ], [ 37.670985847, 55.803615653 ], [ 37.671186118, 55.803575454 ], [ 37.671486526, 55.803543294 ], [ 37.671922831, 55.803583493 ], [ 37.672380596, 55.803671933 ], [ 37.673417716, 55.803921169 ], [ 37.673517853, 55.803977448 ], [ 37.673718124, 55.804238742 ], [ 37.674025683, 55.804688968 ], [ 37.674225955, 55.804825642 ], [ 37.674433379, 55.80488192 ], [ 37.675055651, 55.804954277 ], [ 37.674919753, 55.806300894 ], [ 37.674805312, 55.807153058 ], [ 37.678367286, 55.807096783 ], [ 37.679440169, 55.807020411 ], [ 37.681009663, 55.806799683 ], [ 37.681188476, 55.806590662 ], [ 37.679943932, 55.803515505 ], [ 37.678685082, 55.800287335 ], [ 37.678649319, 55.800198888 ], [ 37.678863895, 55.800174766 ], [ 37.683191192, 55.800078278 ], [ 37.684843433, 55.799893343 ], [ 37.685108078, 55.799845099 ], [ 37.685258282, 55.799764692 ] ], [ [ 37.662882547, 55.796682639 ], [ 37.665510428, 55.796220115 ] ] ] } },
{ "type": "Feature", "properties": { "datasetId": 897, "rowId": null, "releaseNumber": 193, "versionNumber": 6, "ID": 15, "Name": "Певческое поле, вдоль ул. Заповедная", "PortionName": "от проезда Дежнева до улицы Полярная вдоль улицы Заповедная", "Type": "Двустороняя велополоса", "Width": 3.0, "Location": "от проезда Дежнева до улицы Полярная вдоль улицы Заповедная", "OperOrgName": "Государственное автономное учреждение г. Москвы Парк Яуза", "DepartmentalAffiliation": "ПРЕФЕКТУРА СЕВЕРО-ВОСТОЧНОГО АДМИНИСТРАТИВНОГО ОКРУГА ГОРОДА МОСКВЫ", "ObjectOperOrgPhone": "(499) 476-22-59", "global_id": 2583020733 }, "geometry": { "type": "MultiLineString", "coordinates": [ [ [ 37.636241913, 55.864580786 ], [ 37.634884715, 55.863262275 ], [ 37.634814978, 55.863286358 ], [ 37.63446629, 55.86366265 ], [ 37.634342909, 55.863701784 ], [ 37.634128332, 55.863734897 ], [ 37.633098364, 55.863141861 ], [ 37.63313055, 55.863018436 ], [ 37.633243203, 55.862925115 ], [ 37.633259296, 55.862771585 ], [ 37.63317883, 55.862657191 ], [ 37.632781863, 55.862521722 ], [ 37.63281405, 55.862365181 ], [ 37.632953525, 55.862205628 ], [ 37.632974982, 55.862040054 ], [ 37.633109093, 55.86131152 ], [ 37.632958889, 55.861124869 ], [ 37.63289988, 55.8609623 ], [ 37.632910609, 55.860856932 ], [ 37.63322711, 55.860592004 ] ], [ [ 37.632830143, 55.862314004 ], [ 37.632733583, 55.861925657 ], [ 37.63276577, 55.861772124 ], [ 37.63266921, 55.86143495 ], [ 37.632626295, 55.861383772 ], [ 37.632143497, 55.861266362 ], [ 37.632063031, 55.861176047 ], [ 37.632084489, 55.861031542 ], [ 37.631805539, 55.860375243 ], [ 37.631886005, 55.860155471 ], [ 37.631864548, 55.860068163 ], [ 37.631698251, 55.860047089 ], [ 37.631263733, 55.860191598 ] ], [ [ 37.639063597, 55.866242407 ], [ 37.639197707, 55.86630261 ], [ 37.639895082, 55.866471176 ], [ 37.640774846, 55.866781215 ] ], [ [ 37.641370296, 55.866781215 ], [ 37.643580437, 55.866961819 ], [ 37.644824982, 55.867232724 ], [ 37.646166086, 55.867864827 ], [ 37.646691799, 55.868424682 ], [ 37.647120953, 55.868978509 ], [ 37.648751736, 55.86968884 ], [ 37.648859024, 55.869917588 ], [ 37.650479078, 55.87021857 ], [ 37.650940418, 55.870501491 ], [ 37.651605606, 55.871368301 ] ] ] } },
{ "type": "Feature", "properties": { "datasetId": 897, "rowId": null, "releaseNumber": 193, "versionNumber": 6, "ID": 16, "Name": "Сквер, прилегающий к Лазоревому проезду", "PortionName": "парковая территория Сквер, прилегающий к Лазоревому проезду", "Type": "Велопешеходная дорожка с совмещенным движением", "Width": 2.5, "Location": "От ул. Седова д 12А до Лазоревый проезд д 12", "OperOrgName": "Государственное автономное учреждение г. Москвы Парк Яуза", "DepartmentalAffiliation": "ПРЕФЕКТУРА СЕВЕРО-ВОСТОЧНОГО АДМИНИСТРАТИВНОГО ОКРУГА ГОРОДА МОСКВЫ", "ObjectOperOrgPhone": "(499) 476-22-59", "global_id": 2583020975 }, "geometry": { "type": "MultiLineString", "coordinates": [ [ [ 37.637432814, 55.854064569 ], [ 37.636660337, 55.854154901 ], [ 37.636241913, 55.854154901 ], [ 37.635973692, 55.853974237 ], [ 37.635662556, 55.853859816 ], [ 37.635587454, 55.853775506 ], [ 37.635512352, 55.853715284 ], [ 37.635340691, 55.85364904 ], [ 37.634965181, 55.85359484 ], [ 37.63469696, 55.853534618 ], [ 37.634471655, 55.853504507 ], [ 37.634042501, 55.853600863 ], [ 37.633473873, 55.853769484 ], [ 37.633184195, 55.853853794 ], [ 37.632937431, 55.853968215 ], [ 37.632465363, 55.854076613 ], [ 37.632046938, 55.854136834 ], [ 37.631607056, 55.854227166 ], [ 37.631113529, 55.854191033 ], [ 37.630727291, 55.854058547 ], [ 37.630416155, 55.853938104 ], [ 37.630223036, 55.853643018 ], [ 37.630040646, 55.853414174 ], [ 37.629954815, 55.853239529 ], [ 37.630008459, 55.853076928 ], [ 37.630029917, 55.852896259 ], [ 37.629933357, 55.852667411 ], [ 37.629793882, 55.852426517 ], [ 37.629761696, 55.852336181 ] ], [ [ 37.630748749, 55.852221755 ], [ 37.630684376, 55.851902566 ], [ 37.630652189, 55.851619509 ], [ 37.630566359, 55.851306338 ], [ 37.630448341, 55.851216 ], [ 37.630212307, 55.850999187 ], [ 37.630212307, 55.850734191 ], [ 37.630201578, 55.850487262 ], [ 37.630298138, 55.850336695 ], [ 37.630394697, 55.850168059 ], [ 37.630383968, 55.849939195 ], [ 37.630426884, 55.849463393 ] ] ] } },
{ "type": "Feature", "properties": { "datasetId": 897, "rowId": null, "releaseNumber": 193, "versionNumber": 6, "ID": 17, "Name": "Парк Спорта", "PortionName": "от пр. Мира до ул. Докукина 11 стр 2", "Type": "Велопешеходная дорожка с совмещенным движением", "Width": 2.0, "Location": "от пр. Мира до ул. Докукина 11 стр 2", "OperOrgName": "Государственное автономное учреждение г. Москвы Парк Яуза", "DepartmentalAffiliation": "ПРЕФЕКТУРА СЕВЕРО-ВОСТОЧНОГО АДМИНИСТРАТИВНОГО ОКРУГА ГОРОДА МОСКВЫ", "ObjectOperOrgPhone": "(499) 476-22-59", "global_id": 2583021098 }, "geometry": { "type": "MultiLineString", "coordinates": [ [ [ 37.653955221, 55.833963543 ], [ 37.653740644, 55.834331081 ], [ 37.653515339, 55.834560037 ], [ 37.653193474, 55.834879368 ], [ 37.652839422, 55.835132422 ], [ 37.652635574, 55.835270998 ], [ 37.652206421, 55.835391498 ], [ 37.651627064, 55.835560198 ], [ 37.651401758, 55.835722873 ], [ 37.651176453, 55.835951821 ], [ 37.650918961, 55.836162693 ], [ 37.650929689, 55.836247041 ], [ 37.651058435, 55.836313315 ], [ 37.650854588, 55.836488036 ], [ 37.651208639, 55.836632632 ], [ 37.650929689, 55.836861575 ], [ 37.650629282, 55.837156788 ], [ 37.650468349, 55.837397777 ], [ 37.650393248, 55.837596592 ], [ 37.650382519, 55.837819505 ], [ 37.650307417, 55.837988194 ] ] ] } },
{ "type": "Feature", "properties": { "datasetId": 897, "rowId": null, "releaseNumber": 193, "versionNumber": 6, "ID": 10008, "Name": "Велосипедная дорожка вдоль мкр. 9 и мкр. 9б (со стороны Куркинского шоссе)", "PortionName": "Велосипедная дорожка вдоль мкр. 9 и мкр. 9б (со стороны Куркинского шоссе)", "Type": "Велопешеходная зона", "Width": 1.1, "Location": "г. Москва, район Куркино, территория вдоль мкр. 9 и мкр. 9б (со стороны Куркинского шоссе)", "OperOrgName": "ГБУ Жилищник района Куркино", "DepartmentalAffiliation": "ПРЕФЕКТУРА СЕВЕРО-ЗАПАДНОГО АДМИНИСТРАТИВНОГО ОКРУГА ГОРОДА МОСКВЫ", "ObjectOperOrgPhone": "(499) 744-88-11", "global_id": 2583453879 }, "geometry": { "type": "MultiLineString", "coordinates": [ [ [ 37.409646213, 55.884409866 ], [ 37.39402771, 55.885831832 ], [ 37.393920422, 55.885825815 ], [ 37.393780947, 55.885765643 ], [ 37.393421531, 55.885720514 ] ] ] } },
{ "type": "Feature", "properties": { "datasetId": 897, "rowId": null, "releaseNumber": 193, "versionNumber": 6, "ID": 608, "Name": "Петровка ул.", "PortionName": "Петровка ул.", "Type": "Велосипедная полоса попутного движения", "Width": 1.0, "Location": "Петровка ул. ( на всем протяжении)", "OperOrgName": "ГБУ Автомобильные дороги ЦАО", "DepartmentalAffiliation": "ПРЕФЕКТУРА ЦЕНТРАЛЬНОГО АДМИНИСТРАТИВНОГО ОКРУГА ГОРОДА МОСКВЫ", "ObjectOperOrgPhone": "(495) 670-02-60", "global_id": 2583464255 }, "geometry": { "type": "MultiLineString", "coordinates": [ [ [ 37.613652349, 55.767947787 ], [ 37.614655495, 55.766939851 ], [ 37.615583539, 55.766028462 ], [ 37.616629601, 55.764730752 ], [ 37.617364526, 55.763623137 ], [ 37.617825866, 55.762560763 ], [ 37.618018985, 55.762216693 ], [ 37.618238926, 55.761836401 ], [ 37.618496418, 55.761486288 ], [ 37.618528605, 55.761431959 ], [ 37.619483471, 55.759850372 ] ] ] } },
{ "type": "Feature", "properties": { "datasetId": 897, "rowId": null, "releaseNumber": 193, "versionNumber": 6, "ID": 602, "Name": "Каретный ряд ул.", "PortionName": "Каретный ряд ул.", "Type": "Велосипедная полоса попутного движения", "Width": 1.0, "Location": "Каретный ряд ул. (на всем протяжении)", "OperOrgName": "ГБУ Автомобильные дороги ЦАО", "DepartmentalAffiliation": "ПРЕФЕКТУРА ЦЕНТРАЛЬНОГО АДМИНИСТРАТИВНОГО ОКРУГА ГОРОДА МОСКВЫ", "ObjectOperOrgPhone": "(495) 670-02-60", "global_id": 2583465149 }, "geometry": { "type": "MultiLineString", "coordinates": [ [ [ 37.609022856, 55.773008194 ], [ 37.610063553, 55.771897797 ], [ 37.610219121, 55.771722786 ], [ 37.610916495, 55.770944279 ], [ 37.61193037, 55.769882105 ], [ 37.611962557, 55.769845894 ], [ 37.612005472, 55.769809683 ], [ 37.613013983, 55.768670527 ] ] ] } },
{ "type": "Feature", "properties": { "datasetId": 897, "rowId": null, "releaseNumber": 193, "versionNumber": 6, "ID": 1100, "Name": "Газетный переулок", "PortionName": "Газетный переулок", "Type": "Велосипедная полоса попутного движения", "Width": 1.2, "Location": "Газетный переулок (на всем протяжении)", "OperOrgName": "ГБУ Автомобильные дороги ЦАО", "DepartmentalAffiliation": "ПРЕФЕКТУРА ЦЕНТРАЛЬНОГО АДМИНИСТРАТИВНОГО ОКРУГА ГОРОДА МОСКВЫ", "ObjectOperOrgPhone": "(495) 670-02-60", "global_id": 2583465647 }, "geometry": { "type": "MultiLineString", "coordinates": [ [ [ 37.611522675, 55.759136523 ], [ 37.609527111, 55.758134397 ], [ 37.607209682, 55.756347409 ] ] ] } },
{ "type": "Feature", "properties": { "datasetId": 897, "rowId": null, "releaseNumber": 193, "versionNumber": 6, "ID": 1358, "Name": "Устьинский Б. мост со съездами", "PortionName": "Устьинский Б. мост со съездами", "Type": "Велосипедная полоса попутного движения", "Width": 1.0, "Location": "Устьинский Б. мост со съездами( на все протяжении)", "OperOrgName": "ГБУ Автомобильные дороги ЦАО", "DepartmentalAffiliation": "ПРЕФЕКТУРА ЦЕНТРАЛЬНОГО АДМИНИСТРАТИВНОГО ОКРУГА ГОРОДА МОСКВЫ", "ObjectOperOrgPhone": "(495) 670-02-60", "global_id": 2583466788 }, "geometry": { "type": "MultiLineString", "coordinates": [ [ [ 37.636354566, 55.745513552 ], [ 37.637883425, 55.746442405 ] ], [ [ 37.637691647, 55.746546574 ], [ 37.636249959, 55.745579226 ] ] ] } },
{ "type": "Feature", "properties": { "datasetId": 897, "rowId": null, "releaseNumber": 193, "versionNumber": 6, "ID": 150, "Name": "Пушкинская площадь", "PortionName": "по Пушкинской площади между Большим Путинковским переулком и Страстным бульваром", "Type": "Велопешеходная дорожка с совмещенным движением", "Width": 1.8, "Location": "Пушкинская площадь", "OperOrgName": "ГБУ АВТОМОБИЛЬНЫЕ ДОРОГИ", "DepartmentalAffiliation": "ДЕПАРТАМЕНТ ЖИЛИЩНО-КОММУНАЛЬНОГО ХОЗЯЙСТВА ГОРОДА МОСКВЫ", "ObjectOperOrgPhone": "(495) 940-82-63", "global_id": 2591835348 }, "geometry": { "type": "MultiLineString", "coordinates": [ [ [ 37.606686652, 55.766365709 ], [ 37.606724203, 55.766323082 ], [ 37.60674566, 55.76629743 ], [ 37.606765777, 55.766277059 ], [ 37.606800646, 55.766251407 ], [ 37.6068905, 55.766185769 ], [ 37.607005835, 55.766100514 ], [ 37.607236505, 55.765933022 ], [ 37.607331723, 55.76586361 ], [ 37.607424259, 55.765795707 ], [ 37.607508749, 55.765735349 ], [ 37.607524842, 55.765721014 ] ] ] } },
{ "type": "Feature", "properties": { "datasetId": 897, "rowId": null, "releaseNumber": 193, "versionNumber": 6, "ID": 20, "Name": "Велосипедная дорожка вдоль ул. Зои и Александра Космодемьянских", "PortionName": "Велосипедная дорожка вдоль ул. Зои и Александра Космодемьянских от Клары Цеткин", "Type": "Велосипедная дорожка одностороннего движения", "Width": 1.2, "Location": "район Коптево", "OperOrgName": "ГБУ Автомобильные дороги САО", "DepartmentalAffiliation": "ПРЕФЕКТУРА СЕВЕРНОГО АДМИНИСТРАТИВНОГО ОКРУГА ГОРОДА МОСКВЫ", "ObjectOperOrgPhone": "(499) 152-23-29", "global_id": 2597530333 }, "geometry": { "type": "MultiLineString", "coordinates": [ [ [ 37.519992292, 55.823283093 ], [ 37.520134449, 55.823322117 ], [ 37.522160053, 55.823818729 ] ], [ [ 37.522183657, 55.823817223 ], [ 37.523803711, 55.824251151 ], [ 37.523677647, 55.824363399 ], [ 37.524999976, 55.824694867 ], [ 37.525351346, 55.824795814 ], [ 37.526536882, 55.825092626 ], [ 37.528932095, 55.825696789 ], [ 37.529307604, 55.825797733 ] ] ] } },
{ "type": "Feature", "properties": { "datasetId": 897, "rowId": null, "releaseNumber": 193, "versionNumber": 6, "ID": 51, "Name": "Велодорожка в Строгинской пойме", "PortionName": "Вдоль Строгинского шоссе и береговой линии Большого Строгинского затона", "Type": [ "Двустороняя велополоса", "Велопешеходная дорожка с раздельным движением" ], "Width": 1.5, "Location": "Вдоль Строгинского шоссе и береговой линии Большого Строгинского затона", "OperOrgName": "Государственное бюджетное учреждение города Москвы «Московское городское управление природными территориями»", "DepartmentalAffiliation": "ДЕПАРТАМЕНТ КУЛЬТУРЫ ГОРОДА МОСКВЫ", "ObjectOperOrgPhone": "(499) 739-27-05", "global_id": 2644223060 }, "geometry": { "type": "MultiLineString", "coordinates": [ [ [ 37.409039342, 55.79233607 ], [ 37.409193137, 55.793042173 ], [ 37.40982113, 55.79390677 ], [ 37.410090271, 55.794281423 ], [ 37.40982113, 55.794605639 ], [ 37.410654183, 55.795873658 ], [ 37.411018931, 55.796320866 ], [ 37.412097179, 55.797234562 ], [ 37.412354671, 55.797415489 ] ] ] } },
{ "type": "Feature", "properties": { "datasetId": 897, "rowId": null, "releaseNumber": 193, "versionNumber": 6, "ID": 12121, "Name": "от Долгопрудненского шоссе дом 3 до улицы Академика имени Флерова", "PortionName": "Фаунистический заказник Долгие пруды", "Type": "Велопешеходная зона", "Width": 3.0, "Location": "от Долгопрудненского шоссе дом 3 до улицы Академика имени Флерова", "OperOrgName": "Государственное автономное учреждение г. Москвы Парк Яуза", "DepartmentalAffiliation": "ПРЕФЕКТУРА СЕВЕРО-ВОСТОЧНОГО АДМИНИСТРАТИВНОГО ОКРУГА ГОРОДА МОСКВЫ", "ObjectOperOrgPhone": "(499) 476-22-59", "global_id": 2644228179 }, "geometry": { "type": "MultiLineString", "coordinates": [ [ [ 37.533298731, 55.920338666 ], [ 37.53293395, 55.920284559 ], [ 37.532547712, 55.920182357 ], [ 37.532182932, 55.919863727 ], [ 37.53220439, 55.919430866 ], [ 37.532365322, 55.919214433 ], [ 37.532633543, 55.918583166 ], [ 37.533288002, 55.918042071 ], [ 37.533609867, 55.917921827 ], [ 37.534296513, 55.91784968 ], [ 37.534983158, 55.917657288 ], [ 37.535068989, 55.917549067 ], [ 37.534049749, 55.91614818 ], [ 37.533781528, 55.915794944 ], [ 37.533636689, 55.915614567 ], [ 37.533695698, 55.915437195 ], [ 37.533824444, 55.915325962 ], [ 37.534124851, 55.915277861 ], [ 37.534452081, 55.915362037 ], [ 37.534977794, 55.915635611 ], [ 37.535546422, 55.915930226 ], [ 37.536050677, 55.916188764 ], [ 37.536474466, 55.916306008 ], [ 37.53713429, 55.916549512 ], [ 37.53759563, 55.916856145 ], [ 37.537783384, 55.91709664 ], [ 37.538164258, 55.917812103 ], [ 37.538647056, 55.918112714 ], [ 37.538904548, 55.918737978 ], [ 37.539011836, 55.919393291 ], [ 37.538942099, 55.91955862 ], [ 37.538448572, 55.9196488 ], [ 37.537955046, 55.91966383 ], [ 37.537783384, 55.919705913 ], [ 37.5378263, 55.919958414 ], [ 37.537686825, 55.920030557 ], [ 37.537348866, 55.920219931 ], [ 37.537161112, 55.92044237 ], [ 37.537053823, 55.920694866 ], [ 37.53703773, 55.920938343 ], [ 37.537112832, 55.921082625 ], [ 37.537370324, 55.921214883 ], [ 37.537574172, 55.921278006 ] ] ] } },
{ "type": "Feature", "properties": { "datasetId": 897, "rowId": null, "releaseNumber": 193, "versionNumber": 6, "ID": 31124, "Name": "парк Битцевский лес", "PortionName": "МКАД, 36 км, внешняя сторона", "Type": "Велосипедная полоса попутного движения", "Width": 1.5, "Location": "МКАД, 36 км, внешняя сторона", "OperOrgName": "ГБУ АВТОМОБИЛЬНЫЕ ДОРОГИ", "DepartmentalAffiliation": "ДЕПАРТАМЕНТ ЖИЛИЩНО-КОММУНАЛЬНОГО ХОЗЯЙСТВА ГОРОДА МОСКВЫ", "ObjectOperOrgPhone": "(495) 940-82-63", "global_id": 2644257425 }, "geometry": { "type": "MultiLineString", "coordinates": [ [ [ 37.549031228, 55.584261939 ], [ 37.549275309, 55.5842013 ], [ 37.549481839, 55.584125502 ], [ 37.549688369, 55.584008772 ], [ 37.550101429, 55.583760151 ], [ 37.550232857, 55.583729831 ], [ 37.550364286, 55.583726799 ], [ 37.550501078, 55.583738927 ], [ 37.550710291, 55.583764699 ], [ 37.551665157, 55.583649483 ], [ 37.552566379, 55.583623712 ], [ 37.552670985, 55.583672223 ], [ 37.55306527, 55.583669191 ], [ 37.553373724, 55.583714671 ], [ 37.553639263, 55.583845046 ], [ 37.554304451, 55.58401332 ], [ 37.554355413, 55.584110342 ], [ 37.555245906, 55.584609094 ], [ 37.555259317, 55.584687924 ], [ 37.555135936, 55.584677312 ], [ 37.554304451, 55.584319546 ], [ 37.553998679, 55.584339253 ], [ 37.553585619, 55.584442339 ], [ 37.553282529, 55.584495397 ], [ 37.553261071, 55.584466594 ], [ 37.552818507, 55.584580291 ], [ 37.552185506, 55.584989597 ], [ 37.552059442, 55.585144222 ], [ 37.551869005, 55.585195764 ], [ 37.551193088, 55.58527156 ], [ 37.550506443, 55.585526236 ], [ 37.550286502, 55.585370096 ], [ 37.549986094, 55.585285204 ], [ 37.549302131, 55.584683376 ], [ 37.549157292, 55.584372604 ], [ 37.54903391, 55.584266487 ], [ 37.549044639, 55.584272551 ] ] ] } },
{ "type": "Feature", "properties": { "datasetId": 897, "rowId": null, "releaseNumber": 193, "versionNumber": 6, "ID": 30124, "Name": "парк Битцевский лес", "PortionName": "На улице Миклухо Маклая до микрорайона Северное Чертаново", "Type": "Велосипедная полоса попутного движения", "Width": 1.5, "Location": "от улицы Миклухо Маклая до микрорайона Северное Чертаново", "OperOrgName": "ГБУ АВТОМОБИЛЬНЫЕ ДОРОГИ", "DepartmentalAffiliation": "ДЕПАРТАМЕНТ ЖИЛИЩНО-КОММУНАЛЬНОГО ХОЗЯЙСТВА ГОРОДА МОСКВЫ", "ObjectOperOrgPhone": "(495) 940-82-63", "global_id": 2644257441 }, "geometry": { "type": "MultiLineString", "coordinates": [ [ [ 37.55925715, 55.597712329 ], [ 37.561478019, 55.597578969 ], [ 37.561773062, 55.597554722 ], [ 37.562658191, 55.597445609 ], [ 37.563114166, 55.597239506 ], [ 37.563253641, 55.597200104 ], [ 37.563377023, 55.597203135 ], [ 37.563564777, 55.597230414 ], [ 37.563875914, 55.597288001 ], [ 37.566424012, 55.597003093 ], [ 37.567749023, 55.596875793 ], [ 37.569143772, 55.596745461 ], [ 37.569594383, 55.59670909 ], [ 37.569900155, 55.59664847 ], [ 37.570592165, 55.596496921 ], [ 37.57109642, 55.596396898 ], [ 37.571407557, 55.596351433 ], [ 37.571568489, 55.596354464 ], [ 37.571745515, 55.596381743 ], [ 37.571895719, 55.596412053 ], [ 37.572099566, 55.596412053 ], [ 37.572244406, 55.596393867 ], [ 37.572496533, 55.596330216 ], [ 37.573000789, 55.596305968 ], [ 37.57404685, 55.596257472 ], [ 37.575178742, 55.596130169 ], [ 37.576085329, 55.596030146 ], [ 37.576557398, 55.595975587 ], [ 37.577512264, 55.59586647 ], [ 37.578177452, 55.595851315 ], [ 37.578638792, 55.595802818 ], [ 37.579116225, 55.595757352 ], [ 37.579362988, 55.595793725 ], [ 37.580494881, 55.595745228 ], [ 37.580902576, 55.595814942 ], [ 37.581186891, 55.595811911 ], [ 37.581369281, 55.595784632 ], [ 37.581492662, 55.595727042 ], [ 37.581621408, 55.595711887 ], [ 37.581954002, 55.595702794 ], [ 37.582275867, 55.595702794 ] ] ] } },
{ "type": "Feature", "properties": { "datasetId": 897, "rowId": null, "releaseNumber": 193, "versionNumber": 6, "ID": 3605, "Name": "От улицы Улофа Пальме до улицы Минская (Мосфильмовский пруд)", "PortionName": "От улицы Улофа Пальме до улицы Минская (Мосфильмовский пруд)", "Type": "Велосипедная дорожка двухстороннего движения", "Width": 1.0, "Location": "От улицы Улофа Пальме до улицы Минская", "OperOrgName": "ГБУ Автомобильные дороги ЗАО", "DepartmentalAffiliation": "ПРЕФЕКТУРА ЗАПАДНОГО АДМИНИСТРАТИВНОГО ОКРУГА ГОРОДА МОСКВЫ", "ObjectOperOrgPhone": "(499) 792-65-06", "global_id": 2644261146 }, "geometry": { "type": "MultiLineString", "coordinates": [ [ [ 37.510175407, 55.719060963 ], [ 37.509923279, 55.719071341 ], [ 37.509866953, 55.719120983 ], [ 37.509872317, 55.719261464 ], [ 37.50991255, 55.719394561 ], [ 37.50977844, 55.719687922 ], [ 37.509429753, 55.719613871 ], [ 37.50890404, 55.719530706 ], [ 37.508972436, 55.719190894 ], [ 37.508574799, 55.7191739 ], [ 37.508531213, 55.719488466 ], [ 37.508485615, 55.719589699 ], [ 37.508429289, 55.719680362 ], [ 37.508343458, 55.719781627 ], [ 37.508257627, 55.719851117 ], [ 37.508147657, 55.71991612 ], [ 37.507941127, 55.720006712 ], [ 37.507659495, 55.720085279 ], [ 37.507469058, 55.720136643 ], [ 37.507391274, 55.720157777 ], [ 37.507120371, 55.72031339 ], [ 37.506624162, 55.720387418 ], [ 37.506138682, 55.720438759 ], [ 37.505851686, 55.720452352 ], [ 37.505682707, 55.720449318 ], [ 37.505607605, 55.720428107 ], [ 37.505524457, 55.720415947 ], [ 37.505484223, 55.720455248 ], [ 37.505457401, 55.72048093 ], [ 37.50535816, 55.720588122 ], [ 37.505328655, 55.720665145 ], [ 37.505226731, 55.720777026 ], [ 37.50507921, 55.720824429 ], [ 37.504729182, 55.72089809 ], [ 37.504588366, 55.720953583 ], [ 37.5043872, 55.720852328 ], [ 37.504164577, 55.720732945 ], [ 37.503907084, 55.72072248 ], [ 37.503700554, 55.720727025 ], [ 37.503534257, 55.720710459 ], [ 37.503303587, 55.7206183 ], [ 37.50305146, 55.720571514 ], [ 37.502804697, 55.720445977 ], [ 37.502657175, 55.720376614 ], [ 37.502337992, 55.72031022 ], [ 37.501797527, 55.720290503 ], [ 37.501725778, 55.720262478 ], [ 37.501351107, 55.72021838 ], [ 37.501346581, 55.720198505 ], [ 37.50117844, 55.720176359 ], [ 37.501058578, 55.720161783 ] ], [ [ 37.501762658, 55.720277524 ], [ 37.501654029, 55.720157922 ], [ 37.501625866, 55.720062544 ], [ 37.501684874, 55.719868758 ], [ 37.501840442, 55.719681027 ], [ 37.50195846, 55.719423652 ], [ 37.502097934, 55.719251059 ], [ 37.502494901, 55.719008821 ], [ 37.503374666, 55.718590958 ], [ 37.503637522, 55.718491033 ], [ 37.50375554, 55.718412305 ], [ 37.503921837, 55.718351744 ], [ 37.504157871, 55.718363856 ], [ 37.504490465, 55.718276043 ], [ 37.504635304, 55.718127669 ], [ 37.50499472, 55.717936902 ], [ 37.505450696, 55.717761274 ], [ 37.505810112, 55.717655291 ], [ 37.506094426, 55.717631066 ], [ 37.506341189, 55.717697684 ], [ 37.507247776, 55.718082249 ], [ 37.508116812, 55.718551594 ], [ 37.508444041, 55.718796862 ], [ 37.508572787, 55.719105716 ], [ 37.508578151, 55.719181416 ] ] ] } },
{ "type": "Feature", "properties": { "datasetId": 897, "rowId": null, "releaseNumber": 193, "versionNumber": 6, "ID": 3606, "Name": "От улицы Улофа Пальме до Воробьевского шоссе", "PortionName": "От улицы Улофа Пальме до Воробьевского шоссе", "Type": "Велосипедная дорожка одностороннего движения", "Width": 1.5, "Location": "От улицы Улофа Пальме до Воробьевского шоссе", "OperOrgName": "ГБУ Автомобильные дороги ЗАО", "DepartmentalAffiliation": "ПРЕФЕКТУРА ЗАПАДНОГО АДМИНИСТРАТИВНОГО ОКРУГА ГОРОДА МОСКВЫ", "ObjectOperOrgPhone": "(499) 792-65-06", "global_id": 2644261276 }, "geometry": { "type": "MultiLineString", "coordinates": [ [ [ 37.516178191, 55.723411583 ], [ 37.51671195, 55.723592853 ], [ 37.517167926, 55.723833035 ], [ 37.517760694, 55.724168381 ], [ 37.518098652, 55.724355689 ], [ 37.518911362, 55.724812629 ], [ 37.519034743, 55.724963682 ], [ 37.519072294, 55.725172135 ], [ 37.519024014, 55.725380586 ], [ 37.518889904, 55.726369959 ], [ 37.518707514, 55.727451444 ], [ 37.51883626, 55.727866811 ], [ 37.518299818, 55.727866811 ], [ 37.51832664, 55.727966499 ], [ 37.518466115, 55.728108477 ], [ 37.518707514, 55.728277642 ], [ 37.519024014, 55.728477015 ], [ 37.519335151, 55.728618992 ], [ 37.519726753, 55.728845549 ], [ 37.520021796, 55.729017732 ], [ 37.521035671, 55.729337929 ], [ 37.521314621, 55.729395323 ], [ 37.521829605, 55.729476882 ], [ 37.523728609, 55.729929986 ], [ 37.524050474, 55.730008523 ], [ 37.524329424, 55.730047792 ], [ 37.524522543, 55.730147474 ], [ 37.524774671, 55.729830304 ], [ 37.52515018, 55.729963213 ], [ 37.525885105, 55.730132371 ], [ 37.526797056, 55.730371002 ], [ 37.528610229, 55.730760663 ], [ 37.529087663, 55.730860343 ], [ 37.529280782, 55.730884507 ], [ 37.529425621, 55.730884507 ], [ 37.529581189, 55.73084826 ], [ 37.529736757, 55.730763683 ], [ 37.529935241, 55.730633797 ], [ 37.530004978, 55.730558281 ], [ 37.530021071, 55.7304586 ], [ 37.530004978, 55.73036194 ], [ 37.529747486, 55.730138412 ], [ 37.529479265, 55.729996441 ], [ 37.529270053, 55.729878635 ], [ 37.529178858, 55.729772911 ], [ 37.529135942, 55.729615835 ], [ 37.529189587, 55.729501048 ], [ 37.529256642, 55.729468198 ], [ 37.529098392, 55.729439879 ], [ 37.52890259, 55.729370402 ], [ 37.528789937, 55.729350767 ], [ 37.528736293, 55.729350767 ], [ 37.528607547, 55.729394568 ], [ 37.52848953, 55.72940363 ], [ 37.528312504, 55.729371913 ], [ 37.528215945, 55.729358319 ], [ 37.528063059, 55.729358319 ], [ 37.528001368, 55.729370402 ], [ 37.527810931, 55.729356809 ], [ 37.527636588, 55.729316029 ] ], [ [ 37.529257312, 55.729468387 ], [ 37.529515475, 55.729509732 ], [ 37.529626787, 55.729491231 ], [ 37.529712617, 55.729464044 ], [ 37.52977699, 55.729409671 ], [ 37.530058622, 55.729147624 ], [ 37.53012836, 55.729069084 ], [ 37.53017664, 55.729032836 ], [ 37.53026247, 55.72900867 ], [ 37.530412674, 55.728993566 ], [ 37.530750632, 55.729002628 ], [ 37.532016635, 55.729023773 ], [ 37.532188296, 55.729026794 ], [ 37.532499433, 55.729072105 ], [ 37.532633543, 55.729108354 ], [ 37.532880306, 55.729253349 ], [ 37.533202171, 55.729398344 ], [ 37.533427477, 55.729504069 ], [ 37.533593774, 55.729558441 ], [ 37.533743978, 55.729558441 ], [ 37.533910275, 55.729531255 ], [ 37.534167767, 55.729458758 ], [ 37.534977794, 55.729208038 ], [ 37.535149455, 55.729186138 ] ], [ [ 37.535154819, 55.729187648 ], [ 37.535184324, 55.729187648 ], [ 37.535211146, 55.728995831 ], [ 37.535203099, 55.728965624 ], [ 37.535168231, 55.728941458 ], [ 37.535055578, 55.728902188 ], [ 37.535278201, 55.728842528 ], [ 37.535562515, 55.72873076 ], [ 37.535734177, 55.728631075 ], [ 37.535825372, 55.72853441 ], [ 37.535841465, 55.72849816 ], [ 37.535782456, 55.728404516 ], [ 37.535691261, 55.728365246 ], [ 37.535149455, 55.728126602 ] ] ] } },
{ "type": "Feature", "properties": { "datasetId": 897, "rowId": null, "releaseNumber": 193, "versionNumber": 6, "ID": 14777, "Name": "Особо охраняемая природная территория Ландшафтный заказник Теплый Стан", "PortionName": "от улицы Островитянова до зоны отдыха Тропарево", "Type": "Велопешеходная дорожка с совмещенным движением", "Width": 3.0, "Location": "от улицы Островитянова до зоны отдыха Тропарево", "OperOrgName": "ГБУ Автомобильные дороги ЮЗАО", "DepartmentalAffiliation": "ПРЕФЕКТУРА ЮГО-ЗАПАДНОГО АДМИНИСТРАТИВНОГО ОКРУГА ГОРОДА МОСКВЫ", "ObjectOperOrgPhone": "(499) 128-17-63", "global_id": 2663489259 }, "geometry": { "type": "MultiLineString", "coordinates": [ [ [ 37.490060727, 55.643234658 ], [ 37.490048807, 55.643079925 ], [ 37.48997728, 55.642857916 ], [ 37.490036885, 55.642696454 ], [ 37.489142816, 55.640758857 ], [ 37.488499085, 55.639668916 ], [ 37.488010327, 55.639816935 ], [ 37.485459249, 55.640388819 ], [ 37.485335717, 55.640381029 ], [ 37.48499001, 55.640296929 ], [ 37.484885702, 55.640285155 ], [ 37.484718809, 55.640296929 ], [ 37.484057198, 55.640412987 ], [ 37.484057198, 55.640318795 ], [ 37.48408104, 55.640217875 ], [ 37.484325419, 55.639452555 ], [ 37.484542975, 55.639173335 ], [ 37.484769473, 55.638875611 ], [ 37.485529432, 55.638290248 ], [ 37.485678444, 55.638165773 ], [ 37.487207303, 55.637831035 ], [ 37.487451682, 55.637931961 ], [ 37.487317572, 55.63806653 ], [ 37.487344394, 55.638266699 ], [ 37.487505327, 55.638544243 ], [ 37.487859974, 55.638830195 ], [ 37.487976203, 55.638912616 ], [ 37.488256345, 55.639042135 ], [ 37.488479863, 55.639659445 ] ], [ [ 37.487473886, 55.637919566 ], [ 37.489405076, 55.63676899 ], [ 37.489379893, 55.636492054 ], [ 37.489455553, 55.636321468 ] ], [ [ 37.489427576, 55.636766246 ], [ 37.489683876, 55.636611487 ], [ 37.490107069, 55.636347387 ], [ 37.490342508, 55.636199356 ] ], [ [ 37.489454063, 55.636323151 ], [ 37.489703658, 55.636077132 ] ], [ [ 37.487214114, 55.63782507 ], [ 37.48719835, 55.637781795 ], [ 37.487050506, 55.637437995 ], [ 37.486745367, 55.636725874 ], [ 37.486685763, 55.636584573 ], [ 37.486667881, 55.6364971 ], [ 37.486673842, 55.636424767 ], [ 37.486745367, 55.636248139 ], [ 37.486986766, 55.635620682 ] ], [ [ 37.486995707, 55.635612271 ], [ 37.487052331, 55.635534889 ] ], [ [ 37.492014865, 55.642459158 ], [ 37.49233077, 55.64222369 ], [ 37.492926816, 55.641813299 ], [ 37.493129472, 55.641722474 ], [ 37.493367891, 55.64167538 ], [ 37.4937434, 55.64165856 ], [ 37.493904333, 55.641624922 ], [ 37.494071225, 55.64155428 ], [ 37.494339446, 55.641349081 ], [ 37.495096425, 55.640662837 ], [ 37.496497135, 55.639327316 ], [ 37.496896486, 55.638930351 ], [ 37.497307758, 55.638358446 ], [ 37.497665386, 55.637672149 ], [ 37.4978442, 55.637645235 ], [ 37.49899457, 55.637443381 ], [ 37.499471406, 55.63737946 ], [ 37.499882679, 55.637352546 ], [ 37.500818471, 55.637191061 ], [ 37.501360874, 55.637066583 ], [ 37.501748304, 55.636871454 ], [ 37.501861553, 55.636834446 ], [ 37.503065567, 55.636578759 ], [ 37.506725292, 55.635828507 ], [ 37.507523994, 55.635677109 ], [ 37.508036594, 55.635596363 ], [ 37.508602839, 55.635529075 ] ], [ [ 37.490959863, 55.64290318 ], [ 37.491543989, 55.64268117 ], [ 37.491991023, 55.642479341 ] ] ] } },
{ "type": "Feature", "properties": { "datasetId": 897, "rowId": null, "releaseNumber": 193, "versionNumber": 6, "ID": 23, "Name": "Велодорожка ул. Козлова", "PortionName": "ул. Козлова (парковая территория)", "Type": "Двустороняя велополоса", "Width": 1.8, "Location": "улица Козлова (Козловский лес)", "OperOrgName": "ГБУ Жилищник Можайского района", "DepartmentalAffiliation": "ПРЕФЕКТУРА ЗАПАДНОГО АДМИНИСТРАТИВНОГО ОКРУГА ГОРОДА МОСКВЫ", "ObjectOperOrgPhone": "(495) 446-36-59", "global_id": 2666180420 }, "geometry": { "type": "MultiLineString", "coordinates": [ [ [ 37.448160052, 55.72264773 ], [ 37.448130548, 55.722560256 ], [ 37.448068857, 55.722510506 ], [ 37.44808495, 55.722398668 ], [ 37.44810909, 55.722242915 ], [ 37.448146641, 55.722044934 ], [ 37.448176146, 55.721881862 ], [ 37.448202968, 55.721774531 ], [ 37.448243201, 55.72167792 ], [ 37.448264658, 55.721573785 ], [ 37.448294163, 55.721478649 ], [ 37.448334396, 55.721377431 ], [ 37.448441684, 55.721273276 ], [ 37.448624074, 55.721104009 ], [ 37.448747456, 55.72094092 ], [ 37.448833287, 55.720818461 ], [ 37.448894978, 55.720702166 ], [ 37.449098825, 55.720510531 ], [ 37.449136376, 55.720350234 ], [ 37.449149787, 55.720203666 ], [ 37.449153811, 55.720077533 ], [ 37.449190021, 55.719924148 ], [ 37.449224889, 55.719798761 ], [ 37.449299991, 55.719640118 ], [ 37.449396551, 55.719520741 ], [ 37.449530661, 55.719401499 ], [ 37.44961381, 55.719331985 ], [ 37.449694276, 55.719158161 ], [ 37.449683547, 55.719002531 ], [ 37.449624538, 55.718898253 ], [ 37.449527979, 55.718806235 ], [ 37.449514568, 55.718762452 ], [ 37.449527979, 55.718712612 ], [ 37.449538708, 55.718674834 ], [ 37.449597716, 55.718646139 ], [ 37.449868619, 55.718534393 ], [ 37.450008094, 55.718451348 ], [ 37.450053692, 55.718318257 ] ], [ [ 37.450053692, 55.71826609 ], [ 37.450163662, 55.718111431 ], [ 37.450228035, 55.717951357 ], [ 37.450270951, 55.717704893 ], [ 37.450300455, 55.717519066 ], [ 37.450383604, 55.717377 ], [ 37.450466752, 55.71728944 ], [ 37.450627685, 55.717068859 ], [ 37.450729609, 55.71696169 ] ] ] } },
{ "type": "Feature", "properties": { "datasetId": 897, "rowId": null, "releaseNumber": 193, "versionNumber": 6, "ID": 7, "Name": "Велосипедная дорожка", "PortionName": "ул. Металлургов", "Type": "Велопешеходная дорожка с совмещенным движением", "Width": 1.5, "Location": "район Перово", "OperOrgName": "Государственное бюджетное учреждение города Москвы Жилищник района Перово", "DepartmentalAffiliation": "ПРЕФЕКТУРА ВОСТОЧНОГО АДМИНИСТРАТИВНОГО ОКРУГА ГОРОДА МОСКВЫ", "ObjectOperOrgPhone": "(495) 299-03-75", "global_id": 2753051456 }, "geometry": { "type": "MultiLineString", "coordinates": [ [ [ 37.776001096, 55.75652098 ], [ 37.77983129, 55.757191862 ], [ 37.779788375, 55.757267326 ], [ 37.781800032, 55.757604648 ], [ 37.781821489, 55.757535222 ], [ 37.785839438, 55.75826872 ], [ 37.787582874, 55.758591696 ], [ 37.791262865, 55.759228585 ], [ 37.794368863, 55.759793023 ], [ 37.800473571, 55.760918856 ] ] ] } },
{ "type": "Feature", "properties": { "datasetId": 897, "rowId": null, "releaseNumber": 193, "versionNumber": 6, "ID": 57, "Name": "Парк имени Шкулёва", "PortionName": "Парк имени Шкулёва", "Type": "Велопешеходная дорожка с раздельным движением", "Width": 1.5, "Location": "город Москва, улица Шкулёва, дом 2А, строение 1", "OperOrgName": "Государственное автономное учреждение культуры города Москвы «Государственный историко-архитектурный и природно-ландшафтный музей-заповедник «Кузьминки-Люблино»", "DepartmentalAffiliation": "ДЕПАРТАМЕНТ КУЛЬТУРЫ ГОРОДА МОСКВЫ", "ObjectOperOrgPhone": "(499) 175-33-69", "global_id": 2755586004 }, "geometry": { "type": "MultiLineString", "coordinates": [ [ [ 37.744723617, 55.690557103 ], [ 37.745929512, 55.690565392 ], [ 37.746517754, 55.690544669 ], [ 37.746723638, 55.690565392 ], [ 37.747613354, 55.690710453 ], [ 37.748789836, 55.690453487 ], [ 37.749106016, 55.690354016 ], [ 37.749267783, 55.690295991 ], [ 37.749466315, 55.690275268 ], [ 37.750326618, 55.690117771 ], [ 37.750767799, 55.690026588 ], [ 37.75103986, 55.689989286 ], [ 37.751245745, 55.689976852 ], [ 37.751363393, 55.689985141 ], [ 37.751532512, 55.689918826 ], [ 37.751686926, 55.689893958 ], [ 37.751944281, 55.689856656 ], [ 37.752186931, 55.689844222 ], [ 37.752385462, 55.689848367 ], [ 37.752561935, 55.689844222 ], [ 37.752694289, 55.68979863 ], [ 37.752753114, 55.689715736 ], [ 37.752826643, 55.689661855 ], [ 37.752892821, 55.689649421 ], [ 37.753003117, 55.689678434 ], [ 37.753135471, 55.689757183 ], [ 37.753120764, 55.689835932 ], [ 37.753098705, 55.689889813 ], [ 37.752973704, 55.689947839 ], [ 37.752745761, 55.690039022 ], [ 37.752583995, 55.690163362 ], [ 37.752473699, 55.690291846 ], [ 37.75226001, 55.69039955 ], [ 37.752009671, 55.690460025 ], [ 37.751673501, 55.690480183 ], [ 37.751473229, 55.690439867 ], [ 37.751272957, 55.690363266 ], [ 37.751151364, 55.690210063 ], [ 37.751258652, 55.690081049 ], [ 37.751351636, 55.689988321 ] ], [ [ 37.745543759, 55.69094785 ], [ 37.745622437, 55.690786586 ], [ 37.745772641, 55.690661606 ], [ 37.745929512, 55.690565392 ] ] ] } },
{ "type": "Feature", "properties": { "datasetId": 897, "rowId": null, "releaseNumber": 193, "versionNumber": 6, "ID": 56, "Name": "Парк Измайлово", "PortionName": "В границах природно-исторического парка Измайлово.", "Type": "Велосипедная полоса попутного движения", "Width": 1.5, "Location": "В границах природно-исторического парка Измайлово", "OperOrgName": "Государственное автономное учреждение культуры города Москвы «Измайловский Парк культуры и отдыха»", "DepartmentalAffiliation": "ДЕПАРТАМЕНТ КУЛЬТУРЫ ГОРОДА МОСКВЫ", "ObjectOperOrgPhone": "(499) 530-16-67", "global_id": 2755586442 }, "geometry": { "type": "MultiLineString", "coordinates": [ [ [ 37.81255424, 55.781309521 ], [ 37.812661529, 55.780914332 ], [ 37.812829944, 55.78062793 ], [ 37.812923822, 55.777660089 ], [ 37.813071343, 55.775072943 ], [ 37.813943061, 55.775129515 ], [ 37.81424481, 55.775121972 ], [ 37.814546558, 55.775057857 ], [ 37.815029356, 55.775035228 ], [ 37.815525564, 55.775095572 ], [ 37.816095534, 55.775039 ], [ 37.816343638, 55.775016371 ], [ 37.819032553, 55.774484589 ], [ 37.818965497, 55.776679559 ], [ 37.818938675, 55.777316906 ], [ 37.818791154, 55.778421869 ], [ 37.818610105, 55.779986866 ], [ 37.818489405, 55.781495236 ], [ 37.81912643, 55.781540487 ], [ 37.818838092, 55.783795389 ], [ 37.818623516, 55.785390333 ], [ 37.818180951, 55.788817546 ] ], [ [ 37.818328473, 55.787682716 ], [ 37.817765209, 55.787505514 ], [ 37.817530516, 55.78746404 ], [ 37.817416522, 55.7874565 ], [ 37.816752675, 55.787479122 ], [ 37.816303405, 55.787392405 ], [ 37.81559262, 55.787298148 ], [ 37.814915362, 55.787136025 ], [ 37.814345392, 55.786947509 ], [ 37.813855889, 55.786706208 ], [ 37.813171926, 55.786412119 ], [ 37.812930527, 55.7863254 ], [ 37.812219742, 55.786200978 ], [ 37.811911288, 55.786091636 ], [ 37.810811582, 55.785484595 ], [ 37.810154441, 55.785160334 ] ], [ [ 37.810536656, 55.781333089 ], [ 37.812527418, 55.781324605 ], [ 37.818462583, 55.781491465 ] ], [ [ 37.806017133, 55.78845184 ], [ 37.807747158, 55.786642112 ], [ 37.808176312, 55.786084095 ] ], [ [ 37.794289175, 55.787912701 ], [ 37.794369641, 55.784843611 ] ], [ [ 37.788294438, 55.787339621 ], [ 37.788415137, 55.783637022 ] ], [ [ 37.805185649, 55.774137606 ], [ 37.806982729, 55.774363899 ], [ 37.807318005, 55.772289495 ], [ 37.807398471, 55.770011295 ], [ 37.807398471, 55.769717081 ], [ 37.807492348, 55.769475672 ] ], [ [ 37.800987992, 55.774099891 ], [ 37.801215979, 55.768230887 ] ], [ [ 37.783070836, 55.77360204 ], [ 37.783245179, 55.772885426 ], [ 37.783557696, 55.766493407 ], [ 37.783516064, 55.766142099 ], [ 37.784072749, 55.765240036 ] ], [ [ 37.769306302, 55.763247386 ], [ 37.769404981, 55.763409797 ], [ 37.769526243, 55.763522032 ], [ 37.769659791, 55.763583337 ], [ 37.769914601, 55.763726695 ], [ 37.770191431, 55.76395965 ], [ 37.770770788, 55.764602488 ], [ 37.771232128, 55.765085363 ], [ 37.771371603, 55.765359996 ], [ 37.771468163, 55.765640663 ], [ 37.771470282, 55.765884547 ], [ 37.771416638, 55.766224058 ], [ 37.771336171, 55.769083381 ], [ 37.771148417, 55.773503978 ], [ 37.771021012, 55.775774431 ], [ 37.770974073, 55.776370309 ], [ 37.770893607, 55.777690259 ], [ 37.770846668, 55.778595342 ], [ 37.770772908, 55.780605305 ], [ 37.770638797, 55.783207166 ], [ 37.770558331, 55.78373883 ], [ 37.770692441, 55.784643772 ], [ 37.770658914, 55.784870004 ], [ 37.770457748, 55.785047219 ], [ 37.769485447, 55.785680659 ], [ 37.769351337, 55.785790002 ], [ 37.769230637, 55.785929508 ], [ 37.769190404, 55.786072784 ], [ 37.769056294, 55.786208518 ], [ 37.768774662, 55.786314089 ], [ 37.768016938, 55.786351793 ], [ 37.767500613, 55.786510149 ], [ 37.76638079, 55.787252904 ], [ 37.766119275, 55.787482892 ] ], [ [ 37.765663299, 55.776340138 ], [ 37.766642306, 55.776332596 ], [ 37.767218981, 55.776302425 ], [ 37.768197987, 55.776196827 ], [ 37.769592736, 55.776008258 ], [ 37.769914601, 55.775970544 ], [ 37.770316932, 55.775864945 ], [ 37.770967368, 55.775793288 ] ], [ [ 37.767493907, 55.78651769 ], [ 37.767674956, 55.786529001 ], [ 37.768151048, 55.786679815 ], [ 37.769130055, 55.786826859 ], [ 37.769847545, 55.786887184 ], [ 37.770538214, 55.786932428 ], [ 37.771557454, 55.78706816 ], [ 37.771812264, 55.78707947 ], [ 37.772046957, 55.787053078 ], [ 37.772335294, 55.786947509 ], [ 37.772569988, 55.786800466 ], [ 37.772938791, 55.786513919 ], [ 37.773870859, 55.785986064 ], [ 37.774447534, 55.785673118 ], [ 37.774802927, 55.785401645 ], [ 37.775118086, 55.785152793 ], [ 37.775332663, 55.784885086 ], [ 37.775480184, 55.784624919 ], [ 37.775500301, 55.784425079 ], [ 37.775728289, 55.784063103 ], [ 37.776003215, 55.783618169 ], [ 37.776164148, 55.783463572 ], [ 37.777022455, 55.782890427 ], [ 37.77716327, 55.782826325 ], [ 37.777658701, 55.782365351 ], [ 37.777974639, 55.78215513 ], [ 37.777639363, 55.781849695 ], [ 37.777270559, 55.781280297 ], [ 37.776962105, 55.780650556 ], [ 37.776653651, 55.780299857 ], [ 37.776539657, 55.780133934 ], [ 37.776284847, 55.779085586 ], [ 37.776184264, 55.77899508 ], [ 37.776050154, 55.778919658 ], [ 37.775922749, 55.778851778 ], [ 37.775855694, 55.778802754 ], [ 37.775768522, 55.778493521 ], [ 37.775165025, 55.777384789 ], [ 37.774856571, 55.776804012 ], [ 37.774809632, 55.7767135 ], [ 37.774695638, 55.776622989 ], [ 37.774574939, 55.776506077 ], [ 37.774521295, 55.776419337 ], [ 37.774440828, 55.776208141 ], [ 37.774407301, 55.776083686 ], [ 37.774407301, 55.775963001 ], [ 37.774481061, 55.775781974 ], [ 37.774554822, 55.775570775 ], [ 37.774165902, 55.775563232 ], [ 37.773897681, 55.775574546 ], [ 37.771067951, 55.775785746 ] ], [ [ 37.774608466, 55.775567003 ], [ 37.77503762, 55.775484032 ], [ 37.775674644, 55.77526906 ], [ 37.776465896, 55.775008828 ], [ 37.777123037, 55.774718423 ], [ 37.778142277, 55.774367671 ], [ 37.778893295, 55.774164007 ], [ 37.780630026, 55.773779306 ], [ 37.781334105, 55.77357941 ], [ 37.781508449, 55.773556781 ], [ 37.783010486, 55.773620898 ] ], [ [ 37.778008166, 55.782173984 ], [ 37.779087755, 55.782796159 ], [ 37.779711369, 55.783094045 ], [ 37.780046645, 55.783312745 ], [ 37.780448976, 55.783440948 ], [ 37.782909903, 55.78404425 ], [ 37.782648388, 55.784523114 ], [ 37.782400283, 55.784820987 ], [ 37.782440517, 55.785507218 ], [ 37.782822731, 55.785348858 ], [ 37.783090952, 55.785179186 ], [ 37.783137891, 55.785039678 ], [ 37.783265296, 55.784915251 ], [ 37.784251008, 55.784270486 ], [ 37.7847271, 55.784127203 ], [ 37.785525057, 55.78398015 ], [ 37.786081615, 55.783953755 ], [ 37.787060622, 55.783851949 ], [ 37.787778112, 55.783659646 ], [ 37.788421843, 55.783610628 ], [ 37.788891229, 55.783610628 ], [ 37.789689186, 55.783716206 ], [ 37.790031168, 55.783810472 ], [ 37.790366444, 55.783976379 ], [ 37.790527377, 55.784176221 ], [ 37.790768776, 55.784398685 ], [ 37.79089618, 55.784451473 ], [ 37.791378978, 55.784523114 ], [ 37.791707549, 55.784545738 ], [ 37.793176058, 55.784281798 ], [ 37.793633938, 55.784151147 ], [ 37.794106007, 55.784081768 ], [ 37.794427872, 55.784117965 ], [ 37.794342819, 55.784621149 ], [ 37.794368863, 55.784832865 ], [ 37.795082331, 55.785113391 ], [ 37.796186838, 55.785488366 ], [ 37.796481881, 55.78552607 ], [ 37.797387126, 55.785518529 ], [ 37.797753811, 55.785535685 ], [ 37.798533771, 55.78560525 ], [ 37.798799872, 55.785644274 ], [ 37.803075314, 55.785680471 ], [ 37.806342244, 55.785704602 ], [ 37.807812095, 55.786069579 ], [ 37.8080374, 55.786090693 ], [ 37.808241248, 55.786051481 ], [ 37.808418274, 55.786012269 ], [ 37.808643579, 55.785852403 ], [ 37.81029582, 55.785068145 ], [ 37.811006042, 55.784368521 ], [ 37.811287674, 55.783999003 ], [ 37.811455312, 55.783165689 ], [ 37.811475429, 55.78264533 ], [ 37.811207208, 55.781868549 ], [ 37.810516539, 55.781351944 ], [ 37.808524999, 55.780182957 ], [ 37.807688713, 55.779777009 ], [ 37.806406054, 55.779259056 ], [ 37.803442213, 55.778286108 ], [ 37.803214225, 55.778082464 ], [ 37.803495857, 55.777577122 ], [ 37.803938422, 55.777041604 ], [ 37.804595563, 55.77662676 ], [ 37.805038127, 55.775993172 ], [ 37.805049419, 55.775667889 ], [ 37.804796728, 55.77514083 ], [ 37.80507836, 55.77412252 ], [ 37.801058292, 55.774098948 ], [ 37.794964314, 55.774017482 ], [ 37.789105806, 55.773858509 ], [ 37.783077541, 55.77362467 ] ], [ [ 37.777974639, 55.78215513 ], [ 37.778182654, 55.782126194 ], [ 37.778514742, 55.782126194 ], [ 37.779511006, 55.781853644 ], [ 37.780173106, 55.781538814 ], [ 37.780905919, 55.781394579 ], [ 37.781247899, 55.781332764 ], [ 37.781443315, 55.781250344 ], [ 37.781724228, 55.781009951 ], [ 37.78221277, 55.780584108 ], [ 37.782750168, 55.78011705 ], [ 37.782957798, 55.779849176 ], [ 37.783141002, 55.779718672 ], [ 37.783079934, 55.779581299 ], [ 37.782970012, 55.77942332 ], [ 37.782884517, 55.779299684 ], [ 37.782982225, 55.776455941 ], [ 37.783031079, 55.774752344 ], [ 37.783116574, 55.774649301 ], [ 37.783311991, 55.774498172 ], [ 37.783641758, 55.774436346 ], [ 37.783886029, 55.774319563 ], [ 37.784020379, 55.774216519 ], [ 37.783947097, 55.774099736 ], [ 37.78375168, 55.773852429 ], [ 37.783608617, 55.773645271 ] ], [ [ 37.782440517, 55.785507218 ], [ 37.782407071, 55.787674153 ], [ 37.782538236, 55.787660744 ], [ 37.783265611, 55.787318813 ], [ 37.78377835, 55.787030516 ], [ 37.783885668, 55.786849491 ], [ 37.784028758, 55.786621533 ], [ 37.784267241, 55.786420392 ], [ 37.784732283, 55.786192431 ], [ 37.785006539, 55.785904126 ], [ 37.785256947, 55.78554877 ], [ 37.785626596, 55.785253754 ], [ 37.785805459, 55.785012377 ], [ 37.785912776, 55.784817932 ], [ 37.786544757, 55.784549732 ], [ 37.786985951, 55.784194363 ], [ 37.787060622, 55.783851949 ] ], [ [ 37.794964314, 55.774017482 ], [ 37.795376008, 55.767334571 ], [ 37.795410607, 55.767018287 ] ] ] } },
{ "type": "Feature", "properties": { "datasetId": 897, "rowId": null, "releaseNumber": 193, "versionNumber": 6, "ID": 54, "Name": "Парк Кусково", "PortionName": "Объект природного комплекса № 80", "Type": [ "Велосипедная дорожка двухстороннего движения", "Велопешеходная дорожка с раздельным движением" ], "Width": 2.5, "Location": "на территории лесопарка Кусково", "OperOrgName": "Государственное бюджетное учреждение культуры города Москвы «Государственный дворцово-парковый музей-заповедник «Останкино и Кусково»", "DepartmentalAffiliation": "ДЕПАРТАМЕНТ КУЛЬТУРЫ ГОРОДА МОСКВЫ", "ObjectOperOrgPhone": "(495) 370-01-50", "global_id": 2755586844 }, "geometry": { "type": "MultiLineString", "coordinates": [ [ [ 37.799814218, 55.726169359 ], [ 37.798940033, 55.726310853 ], [ 37.79767087, 55.72696799 ], [ 37.797126838, 55.727164377 ], [ 37.796359615, 55.727172232 ], [ 37.795634239, 55.727211509 ], [ 37.790737957, 55.72864903 ] ], [ [ 37.790737957, 55.72864903 ], [ 37.782709678, 55.731228409 ], [ 37.782607754, 55.731246533 ], [ 37.780435165, 55.730887083 ], [ 37.780510267, 55.730911248 ], [ 37.780445894, 55.730890103 ] ], [ [ 37.780445894, 55.730890103 ], [ 37.77822287, 55.730520989 ], [ 37.776686897, 55.731257736 ], [ 37.774340271, 55.733355787 ], [ 37.774510935, 55.733796203 ], [ 37.776160684, 55.73418857 ], [ 37.77699978, 55.734500859 ], [ 37.782660126, 55.735597854 ] ], [ [ 37.782660126, 55.735597854 ], [ 37.795346128, 55.738047966 ], [ 37.79543146, 55.737959892 ], [ 37.80104914, 55.739088816 ] ], [ [ 37.802848329, 55.728047296 ], [ 37.802714132, 55.728217538 ], [ 37.802843552, 55.729711525 ], [ 37.802778842, 55.729878098 ], [ 37.801965346, 55.730242475 ], [ 37.80184517, 55.730383019 ], [ 37.802011567, 55.730981629 ] ], [ [ 37.782607754, 55.731246533 ], [ 37.794418833, 55.733210726 ] ], [ [ 37.794418833, 55.733210726 ], [ 37.798677255, 55.73391969 ], [ 37.798988391, 55.734043525 ], [ 37.800088096, 55.734922439 ] ], [ [ 37.794616228, 55.739162504 ], [ 37.796810834, 55.735579809 ], [ 37.796943384, 55.735405678 ], [ 37.797550905, 55.73508229 ], [ 37.798075583, 55.734640737 ], [ 37.798751509, 55.733949245 ] ], [ [ 37.799814218, 55.726169359 ], [ 37.800452657, 55.726591193 ], [ 37.800306277, 55.726877282 ], [ 37.800332109, 55.727037298 ], [ 37.80163231, 55.727750086 ], [ 37.802848329, 55.728047296 ] ], [ [ 37.798751509, 55.733949245 ], [ 37.799253694, 55.733494909 ], [ 37.800183879, 55.733002284 ], [ 37.800929869, 55.732198516 ], [ 37.801712698, 55.731721432 ], [ 37.802011567, 55.730981629 ] ], [ [ 37.802848329, 55.728047296 ], [ 37.803445309, 55.728346151 ], [ 37.804274099, 55.728587938 ], [ 37.804839551, 55.729170535 ], [ 37.80632013, 55.729430317 ] ], [ [ 37.80632013, 55.729430317 ], [ 37.806834822, 55.729621867 ], [ 37.809939764, 55.731740718 ] ], [ [ 37.809939764, 55.731740718 ], [ 37.810251579, 55.731808104 ], [ 37.812064752, 55.733587155 ] ], [ [ 37.812064752, 55.733587155 ], [ 37.815379165, 55.737386923 ] ], [ [ 37.815379165, 55.737386923 ], [ 37.808239627, 55.739616204 ] ], [ [ 37.811045175, 55.738740203 ], [ 37.81462619, 55.742620605 ] ], [ [ 37.80104914, 55.739088816 ], [ 37.805599725, 55.74038496 ], [ 37.808239627, 55.739616204 ] ], [ [ 37.808239627, 55.739616204 ], [ 37.803869488, 55.736322102 ], [ 37.803699154, 55.736261534 ], [ 37.801888232, 55.736599702 ], [ 37.800848297, 55.73630696 ], [ 37.79598645, 55.736925655 ] ], [ [ 37.802719068, 55.739564467 ], [ 37.806006524, 55.738998573 ], [ 37.807045887, 55.739963831 ] ], [ [ 37.800088096, 55.734922439 ], [ 37.8016702, 55.736538326 ] ], [ [ 37.79598645, 55.736925655 ], [ 37.788541647, 55.737927112 ] ], [ [ 37.805599725, 55.74038496 ], [ 37.80331962, 55.740897192 ] ], [ [ 37.780445894, 55.730890103 ], [ 37.780992189, 55.730649515 ], [ 37.78189658, 55.730691952 ], [ 37.78224111, 55.730704077 ], [ 37.782198044, 55.730479765 ], [ 37.784189859, 55.729831071 ], [ 37.784006827, 55.729412749 ] ] ] } },
{ "type": "Feature", "properties": { "datasetId": 897, "rowId": null, "releaseNumber": 193, "versionNumber": 6, "ID": 53, "Name": "Природно-исторический парк Кузьминки-Люблино", "PortionName": "", "Type": "Велопешеходная дорожка с раздельным движением", "Width": 1.0, "Location": "улица Кузьминкская", "OperOrgName": "Государственное автономное учреждение культуры города Москвы «Государственный историко-архитектурный и природно-ландшафтный музей-заповедник «Кузьминки-Люблино»", "DepartmentalAffiliation": "ДЕПАРТАМЕНТ КУЛЬТУРЫ ГОРОДА МОСКВЫ", "ObjectOperOrgPhone": "(499) 175-33-69", "global_id": 2755587555 }, "geometry": { "type": "MultiLineString", "coordinates": [ [ [ 37.790921705, 55.696572417 ], [ 37.790572933, 55.69524016 ], [ 37.789390985, 55.691363253 ] ], [ [ 37.791415753, 55.696483526 ], [ 37.79004875, 55.691715189 ] ] ] } },
{ "type": "Feature", "properties": { "datasetId": 897, "rowId": null, "releaseNumber": 193, "versionNumber": 6, "ID": 6, "Name": "Велосипедная дорожка на ул. Краснодарская", "PortionName": "", "Type": "Велопешеходная дорожка с совмещенным движением", "Width": 1.0, "Location": "ул. Краснодарская", "OperOrgName": "ГБУ «Жилищник района Люблино»", "DepartmentalAffiliation": "ПРЕФЕКТУРА ЮГО-ВОСТОЧНОГО АДМИНИСТРАТИВНОГО ОКРУГА ГОРОДА МОСКВЫ", "ObjectOperOrgPhone": "(495) 350-01-45", "global_id": 2755713411 }, "geometry": { "type": "MultiLineString", "coordinates": [ [ [ 37.739260197, 55.676873595 ], [ 37.751984596, 55.677608609 ], [ 37.753819227, 55.677777993 ], [ 37.754044533, 55.677805215 ], [ 37.754130363, 55.677816004 ], [ 37.759189643, 55.677179752 ], [ 37.762246402, 55.676794412 ], [ 37.767348063, 55.676116323 ], [ 37.770192914, 55.675751882 ], [ 37.771151793, 55.675605508 ], [ 37.772084184, 55.675396401 ], [ 37.772396747, 55.675321719 ], [ 37.773594022, 55.674924411 ], [ 37.774197957, 55.674658541 ], [ 37.775072073, 55.674255252 ], [ 37.775389933, 55.674073023 ], [ 37.776099822, 55.673580106 ], [ 37.777371264, 55.672447867 ], [ 37.785415649, 55.665193184 ] ] ] } },
{ "type": "Feature", "properties": { "datasetId": 897, "rowId": null, "releaseNumber": 193, "versionNumber": 6, "ID": 7, "Name": "Велосипедная дорожка на ул. Белореченская", "PortionName": "", "Type": "Велопешеходная дорожка с совмещенным движением", "Width": 1.0, "Location": "ул. Белореченская", "OperOrgName": "ГБУ «Жилищник района Люблино»", "DepartmentalAffiliation": "ПРЕФЕКТУРА ЮГО-ВОСТОЧНОГО АДМИНИСТРАТИВНОГО ОКРУГА ГОРОДА МОСКВЫ", "ObjectOperOrgPhone": "(495) 350-01-45", "global_id": 2755713443 }, "geometry": { "type": "MultiLineString", "coordinates": [ [ [ 37.767477036, 55.67607202 ], [ 37.764172554, 55.669229235 ], [ 37.764164507, 55.669050737 ] ] ] } },
{ "type": "Feature", "properties": { "datasetId": 897, "rowId": null, "releaseNumber": 193, "versionNumber": 6, "ID": 8, "Name": "Велосипедная дорожка на ул. Верхние поля от улицы Марьинский парк до улицы Перерва", "PortionName": "", "Type": "Велопешеходная дорожка с совмещенным движением", "Width": 1.5, "Location": "ул. Верхние поля от улицы Марьинский парк до улицы Перерва", "OperOrgName": "ГБУ «Автомобильные дороги ЮВАО»", "DepartmentalAffiliation": "ПРЕФЕКТУРА ЮГО-ВОСТОЧНОГО АДМИНИСТРАТИВНОГО ОКРУГА ГОРОДА МОСКВЫ", "ObjectOperOrgPhone": "(495) 351-19-91", "global_id": 2755713478 }, "geometry": { "type": "MultiLineString", "coordinates": [ [ [ 37.776148617, 55.652937258 ], [ 37.762777805, 55.664097873 ] ] ] } },
{ "type": "Feature", "properties": { "datasetId": 897, "rowId": null, "releaseNumber": 193, "versionNumber": 6, "ID": 9, "Name": "Велосипедная дорожка на ул. Нижние поля, от улицы Люблинской до улицы Иловайской", "PortionName": "", "Type": "Велопешеходная дорожка с совмещенным движением", "Width": 1.0, "Location": "ул. Нижние поля, от улицы Люблинской до улицы Иловайской", "OperOrgName": "ГБУ «Автомобильные дороги ЮВАО»", "DepartmentalAffiliation": "ПРЕФЕКТУРА ЮГО-ВОСТОЧНОГО АДМИНИСТРАТИВНОГО ОКРУГА ГОРОДА МОСКВЫ", "ObjectOperOrgPhone": "(495) 351-19-91", "global_id": 2755713580 }, "geometry": { "type": "MultiLineString", "coordinates": [ [ [ 37.741035819, 55.662097791 ], [ 37.740531564, 55.66193439 ], [ 37.740043402, 55.66174073 ], [ 37.738165855, 55.660500072 ], [ 37.737790346, 55.660291274 ], [ 37.737302184, 55.660115763 ], [ 37.736771107, 55.659991693 ], [ 37.73549974, 55.659640666 ], [ 37.735247612, 55.659568039 ], [ 37.734904289, 55.659468178 ], [ 37.733970881, 55.659183721 ], [ 37.733337879, 55.658935576 ], [ 37.732710242, 55.658708613 ], [ 37.727335095, 55.656532728 ] ] ] } },
{ "type": "Feature", "properties": { "datasetId": 897, "rowId": null, "releaseNumber": 193, "versionNumber": 6, "ID": 11, "Name": "Велосипедная дорожка на ул. Хлобыстова", "PortionName": "", "Type": "Велопешеходная дорожка с совмещенным движением", "Width": 1.5, "Location": "ул. Хлобыстова", "OperOrgName": "ГБУ «Автомобильные дороги ЮВАО»", "DepartmentalAffiliation": "ПРЕФЕКТУРА ЮГО-ВОСТОЧНОГО АДМИНИСТРАТИВНОГО ОКРУГА ГОРОДА МОСКВЫ", "ObjectOperOrgPhone": "(495) 351-19-91", "global_id": 2755713698 }, "geometry": { "type": "MultiLineString", "coordinates": [ [ [ 37.796638012, 55.722536186 ], [ 37.800425291, 55.721255157 ], [ 37.801010013, 55.720919786 ], [ 37.801420391, 55.720472621 ], [ 37.800693512, 55.720693183 ], [ 37.800202668, 55.720743036 ], [ 37.799765468, 55.720656926 ], [ 37.799604535, 55.720638798 ], [ 37.79877305, 55.720433343 ], [ 37.798778415, 55.720434853 ], [ 37.7996099, 55.720637287 ], [ 37.799781561, 55.720656926 ], [ 37.800202668, 55.720744547 ], [ 37.800395787, 55.720830656 ], [ 37.800559402, 55.720895615 ], [ 37.800629139, 55.720956043 ], [ 37.800672054, 55.721022513 ], [ 37.800669372, 55.721108622 ], [ 37.801004648, 55.720922808 ], [ 37.801420391, 55.720474132 ], [ 37.803139687, 55.719883442 ], [ 37.814050913, 55.716209185 ] ] ] } },
{ "type": "Feature", "properties": { "datasetId": 897, "rowId": null, "releaseNumber": 193, "versionNumber": 6, "ID": 12, "Name": "Велосипедная дорожка на ул. Вострухина", "PortionName": "", "Type": "Велопешеходная дорожка с совмещенным движением", "Width": 1.5, "Location": "ул. Вострухина", "OperOrgName": "ГБУ «Автомобильные дороги ЮВАО»", "DepartmentalAffiliation": "ПРЕФЕКТУРА ЮГО-ВОСТОЧНОГО АДМИНИСТРАТИВНОГО ОКРУГА ГОРОДА МОСКВЫ", "ObjectOperOrgPhone": "(495) 351-19-91", "global_id": 2755713749 }, "geometry": { "type": "MultiLineString", "coordinates": [ [ [ 37.79871136, 55.720431832 ], [ 37.798338532, 55.720285293 ], [ 37.798290253, 55.720128179 ], [ 37.797464132, 55.717426925 ], [ 37.797421217, 55.717281886 ], [ 37.797193229, 55.717136847 ], [ 37.796455622, 55.716919286 ], [ 37.796305418, 55.716949503 ], [ 37.796219587, 55.716886048 ], [ 37.796096206, 55.716662443 ], [ 37.796045244, 55.716636758 ], [ 37.795970142, 55.716417684 ] ] ] } },
{ "type": "Feature", "properties": { "datasetId": 897, "rowId": null, "releaseNumber": 193, "versionNumber": 6, "ID": 13, "Name": "Велосипедная дорожка на ул. Академика Скрябина", "PortionName": "", "Type": "Велосипедная дорожка двухстороннего движения", "Width": 3.5, "Location": "ул. Академика Скрябина", "OperOrgName": "ГБУ «Автомобильные дороги ЮВАО»", "DepartmentalAffiliation": "ПРЕФЕКТУРА ЮГО-ВОСТОЧНОГО АДМИНИСТРАТИВНОГО ОКРУГА ГОРОДА МОСКВЫ", "ObjectOperOrgPhone": "(495) 351-19-91", "global_id": 2755713761 }, "geometry": { "type": "MultiLineString", "coordinates": [ [ [ 37.796112299, 55.716398043 ], [ 37.796554863, 55.71634063 ], [ 37.796925008, 55.716036946 ], [ 37.791101933, 55.696974126 ] ] ] } },
{ "type": "Feature", "properties": { "datasetId": 897, "rowId": null, "releaseNumber": 193, "versionNumber": 6, "ID": 15, "Name": "Велосипедная дорожка на ул. Рождественская", "PortionName": "", "Type": "Велосипедная дорожка двухстороннего движения", "Width": 3.0, "Location": "ул. Рождественская", "OperOrgName": "ГБУ «Автомобильные дороги ЮВАО»", "DepartmentalAffiliation": "ПРЕФЕКТУРА ЮГО-ВОСТОЧНОГО АДМИНИСТРАТИВНОГО ОКРУГА ГОРОДА МОСКВЫ", "ObjectOperOrgPhone": "(495) 351-19-91", "global_id": 2755713778 }, "geometry": { "type": "MultiLineString", "coordinates": [ [ [ 37.913635969, 55.700899585 ], [ 37.91351527, 55.700914699 ], [ 37.913555503, 55.701038639 ], [ 37.913619876, 55.701158043 ], [ 37.913646698, 55.70121699 ], [ 37.913775444, 55.701413478 ], [ 37.914078534, 55.701741459 ], [ 37.914282382, 55.701906204 ], [ 37.914604247, 55.702129893 ], [ 37.914845645, 55.702264409 ], [ 37.91508168, 55.702376253 ], [ 37.915497422, 55.702553087 ], [ 37.9159078, 55.702713294 ], [ 37.916248441, 55.70285083 ], [ 37.917071879, 55.703175777 ], [ 37.917530537, 55.703360164 ], [ 37.918093801, 55.703605004 ], [ 37.918630242, 55.70386949 ], [ 37.919300795, 55.704241279 ], [ 37.920210063, 55.70480349 ], [ 37.919308841, 55.704244302 ], [ 37.918756306, 55.703935989 ], [ 37.91826278, 55.703688128 ], [ 37.918547094, 55.70350072 ], [ 37.919107676, 55.703784855 ], [ 37.919957936, 55.704279063 ], [ 37.921103239, 55.704984847 ], [ 37.92180866, 55.705430679 ], [ 37.922240496, 55.705408009 ] ] ] } },
{ "type": "Feature", "properties": { "datasetId": 897, "rowId": null, "releaseNumber": 193, "versionNumber": 6, "ID": 16, "Name": "Велосипедная дорожка на ул. Льва Яшина", "PortionName": "", "Type": "Велосипедная дорожка двухстороннего движения", "Width": 3.0, "Location": "ул. Льва Яшина", "OperOrgName": "ГБУ «Автомобильные дороги ЮВАО»", "DepartmentalAffiliation": "ПРЕФЕКТУРА ЮГО-ВОСТОЧНОГО АДМИНИСТРАТИВНОГО ОКРУГА ГОРОДА МОСКВЫ", "ObjectOperOrgPhone": "(495) 351-19-91", "global_id": 2755713838 }, "geometry": { "type": "MultiLineString", "coordinates": [ [ [ 37.919569016, 55.699440999 ], [ 37.923141718, 55.697602952 ] ] ] } },
{ "type": "Feature", "properties": { "datasetId": 897, "rowId": null, "releaseNumber": 193, "versionNumber": 6, "ID": 17, "Name": "Велосипедная дорожка на ул. Сочинская", "PortionName": "", "Type": "Велосипедная дорожка двухстороннего движения", "Width": 3.0, "Location": "ул. Сочинская", "OperOrgName": "ГБУ «Автомобильные дороги ЮВАО»", "DepartmentalAffiliation": "ПРЕФЕКТУРА ЮГО-ВОСТОЧНОГО АДМИНИСТРАТИВНОГО ОКРУГА ГОРОДА МОСКВЫ", "ObjectOperOrgPhone": "(495) 351-19-91", "global_id": 2755713881 }, "geometry": { "type": "MultiLineString", "coordinates": [ [ [ 37.926338911, 55.70792573 ], [ 37.926371098, 55.709161862 ], [ 37.926324159, 55.709198885 ], [ 37.92620346, 55.709210219 ], [ 37.9263255, 55.709198885 ], [ 37.926369756, 55.709161862 ], [ 37.926988006, 55.709140706 ], [ 37.927051038, 55.709189063 ], [ 37.926990688, 55.709141462 ], [ 37.926983982, 55.708222677 ] ] ] } },
{ "type": "Feature", "properties": { "datasetId": 897, "rowId": null, "releaseNumber": 193, "versionNumber": 6, "ID": 18, "Name": "Велосипедная дорожка на Проектируемом проезде №6394", "PortionName": "", "Type": "Велопешеходная дорожка с совмещенным движением", "Width": 1.0, "Location": "Проектируемый проезд №6394", "OperOrgName": "ГБУ «Автомобильные дороги ЮВАО»", "DepartmentalAffiliation": "ПРЕФЕКТУРА ЮГО-ВОСТОЧНОГО АДМИНИСТРАТИВНОГО ОКРУГА ГОРОДА МОСКВЫ", "ObjectOperOrgPhone": "(495) 351-19-91", "global_id": 2755713885 }, "geometry": { "type": "MultiLineString", "coordinates": [ [ [ 37.925448418, 55.683536613 ], [ 37.925249934, 55.68534508 ], [ 37.925217748, 55.685381369 ] ] ] } },
{ "type": "Feature", "properties": { "datasetId": 897, "rowId": null, "releaseNumber": 193, "versionNumber": 6, "ID": 19, "Name": "Велосипедная дорожка на ул.Ухтомского Ополчения (от проспекта Защитников Москвы до ул.Льва Яшина)", "PortionName": "", "Type": "Велосипедная дорожка двухстороннего движения", "Width": 3.0, "Location": "ул.Ухтомского Ополчения (от проспекта Защитников Москвы до ул.Льва Яшина)", "OperOrgName": "ГБУ «Автомобильные дороги ЮВАО»", "DepartmentalAffiliation": "ПРЕФЕКТУРА ЮГО-ВОСТОЧНОГО АДМИНИСТРАТИВНОГО ОКРУГА ГОРОДА МОСКВЫ", "ObjectOperOrgPhone": "(495) 351-19-91", "global_id": 2755713886 }, "geometry": { "type": "MultiLineString", "coordinates": [ [ [ 37.922680378, 55.701345463 ], [ 37.927948236, 55.698661048 ] ] ] } },
{ "type": "Feature", "properties": { "datasetId": 897, "rowId": null, "releaseNumber": 193, "versionNumber": 6, "ID": 20, "Name": "Велосипедная дорожка на ул. Недорубова (5 квартал)", "PortionName": "", "Type": "Велосипедная дорожка двухстороннего движения", "Width": 3.0, "Location": "ул. Недорубова (5 квартал)", "OperOrgName": "ГБУ «Автомобильные дороги ЮВАО»", "DepartmentalAffiliation": "ПРЕФЕКТУРА ЮГО-ВОСТОЧНОГО АДМИНИСТРАТИВНОГО ОКРУГА ГОРОДА МОСКВЫ", "ObjectOperOrgPhone": "(495) 351-19-91", "global_id": 2755713888 }, "geometry": { "type": "MultiLineString", "coordinates": [ [ [ 37.93068409, 55.700254186 ], [ 37.930598259, 55.699982118 ], [ 37.930437326, 55.699876313 ], [ 37.930603623, 55.699788646 ], [ 37.928748876, 55.69862855 ], [ 37.928641587, 55.698737381 ], [ 37.928484678, 55.698707906 ], [ 37.928347886, 55.698710174 ], [ 37.928288877, 55.69871622 ], [ 37.928223163, 55.698729068 ], [ 37.928109169, 55.698772903 ], [ 37.928013951, 55.698698081 ], [ 37.927941531, 55.698655758 ] ] ] } },
{ "type": "Feature", "properties": { "datasetId": 897, "rowId": null, "releaseNumber": 193, "versionNumber": 6, "ID": 21, "Name": "Велосипедная дорожка на Проспект Защитников Москвы (дублер № 3)", "PortionName": "", "Type": "Велосипедная дорожка двухстороннего движения", "Width": 3.0, "Location": "Проспект Защитников Москвы (дублер № 3)", "OperOrgName": "ГБУ «Автомобильные дороги ЮВАО»", "DepartmentalAffiliation": "ПРЕФЕКТУРА ЮГО-ВОСТОЧНОГО АДМИНИСТРАТИВНОГО ОКРУГА ГОРОДА МОСКВЫ", "ObjectOperOrgPhone": "(495) 351-19-91", "global_id": 2755713890 }, "geometry": { "type": "MultiLineString", "coordinates": [ [ [ 37.919520736, 55.699371903 ], [ 37.920995951, 55.700287873 ] ] ] } },
{ "type": "Feature", "properties": { "datasetId": 897, "rowId": null, "releaseNumber": 193, "versionNumber": 6, "ID": 22, "Name": "Велосипедная дорожка на Проспект Защитников Москвы (дублер № 4)", "PortionName": "", "Type": "Велосипедная дорожка двухстороннего движения", "Width": 3.0, "Location": "Проспект Защитников Москвы (дублер № 4)", "OperOrgName": "ГБУ «Автомобильные дороги ЮВАО»", "DepartmentalAffiliation": "ПРЕФЕКТУРА ЮГО-ВОСТОЧНОГО АДМИНИСТРАТИВНОГО ОКРУГА ГОРОДА МОСКВЫ", "ObjectOperOrgPhone": "(495) 351-19-91", "global_id": 2755713894 }, "geometry": { "type": "MultiLineString", "coordinates": [ [ [ 37.923286557, 55.703171243 ], [ 37.921645045, 55.702152565 ], [ 37.91869998, 55.703579311 ], [ 37.918544412, 55.703509789 ], [ 37.921414375, 55.702028629 ], [ 37.915964127, 55.698621748 ], [ 37.914306521, 55.697584813 ], [ 37.913984656, 55.697732948 ], [ 37.913877368, 55.697847828 ], [ 37.91385591, 55.697968754 ], [ 37.913850546, 55.700317668 ], [ 37.913882732, 55.700692514 ], [ 37.91400075, 55.701052242 ], [ 37.914161682, 55.701312211 ], [ 37.914419174, 55.701593338 ], [ 37.914751768, 55.701853304 ], [ 37.915154099, 55.702101177 ], [ 37.916232347, 55.702548552 ], [ 37.917621732, 55.703098697 ], [ 37.918233275, 55.70335563 ], [ 37.918546423, 55.703510166 ] ] ] } },
{ "type": "Feature", "properties": { "datasetId": 897, "rowId": null, "releaseNumber": 193, "versionNumber": 6, "ID": 23, "Name": "Велосипедная дорожка на ул.Недорубова (от Проектируемого проезда 265 до ул. Маресьева)", "PortionName": "", "Type": "Велопешеходная дорожка с совмещенным движением", "Width": 1.5, "Location": "ул.Недорубова (от Проектируемого проезда 265 до ул. Маресьева)", "OperOrgName": "ГБУ «Автомобильные дороги ЮВАО»", "DepartmentalAffiliation": "ПРЕФЕКТУРА ЮГО-ВОСТОЧНОГО АДМИНИСТРАТИВНОГО ОКРУГА ГОРОДА МОСКВЫ", "ObjectOperOrgPhone": "(495) 351-19-91", "global_id": 2755713901 }, "geometry": { "type": "MultiLineString", "coordinates": [ [ [ 37.93215394, 55.708178097 ], [ 37.93189913, 55.708022446 ], [ 37.932470441, 55.707736831 ] ] ] } },
{ "type": "Feature", "properties": { "datasetId": 897, "rowId": null, "releaseNumber": 193, "versionNumber": 6, "ID": 21, "Name": "Велодорожка на Дворцовой аллее", "PortionName": "Дворцовая аллея", "Type": "Велопешеходная дорожка с совмещенным движением", "Width": 1.5, "Location": "Дворцовая аллея", "OperOrgName": "ГБУ Автомобильные дороги САО", "DepartmentalAffiliation": "ПРЕФЕКТУРА СЕВЕРНОГО АДМИНИСТРАТИВНОГО ОКРУГА ГОРОДА МОСКВЫ", "ObjectOperOrgPhone": "(499) 152-23-29", "global_id": 2755748140 }, "geometry": { "type": "MultiLineString", "coordinates": [ [ [ 37.557478845, 55.792280459 ], [ 37.554734945, 55.793948187 ] ] ] } },
{ "type": "Feature", "properties": { "datasetId": 897, "rowId": null, "releaseNumber": 193, "versionNumber": 6, "ID": 22, "Name": "Велодорожка на 1 ом Войковском проезде", "PortionName": "1-й Войковский проезд", "Type": "Велосипедная дорожка двухстороннего движения", "Width": 2.0, "Location": "1-й Войковский проезд", "OperOrgName": "ГБУ Жилищник Войковский", "DepartmentalAffiliation": "ПРЕФЕКТУРА СЕВЕРНОГО АДМИНИСТРАТИВНОГО ОКРУГА ГОРОДА МОСКВЫ", "ObjectOperOrgPhone": "(499) 150-00-57", "global_id": 2755748332 }, "geometry": { "type": "MultiLineString", "coordinates": [ [ [ 37.48814106, 55.815530982 ], [ 37.491563559, 55.815458644 ], [ 37.493188977, 55.815393842 ], [ 37.493843436, 55.815327533 ], [ 37.49404192, 55.815354659 ], [ 37.496455908, 55.815300406 ], [ 37.497823834, 55.815234097 ], [ 37.498655319, 55.815225055 ], [ 37.499722838, 55.8151919 ], [ 37.499899864, 55.815152717 ], [ 37.500146627, 55.815131618 ], [ 37.500350475, 55.815161759 ], [ 37.500500679, 55.815077365 ], [ 37.500725985, 55.815060787 ] ], [ [ 37.493870258, 55.815333561 ], [ 37.494052649, 55.815351645 ], [ 37.494674921, 55.815350138 ], [ 37.49653101, 55.815295885 ], [ 37.498043776, 55.815223548 ], [ 37.498617768, 55.815225055 ], [ 37.499701381, 55.815197928 ], [ 37.499728203, 55.815524954 ], [ 37.499599457, 55.815719359 ], [ 37.499583364, 55.815782654 ], [ 37.499556541, 55.815845948 ], [ 37.499470711, 55.81603131 ], [ 37.498472929, 55.817261006 ], [ 37.498333454, 55.817719119 ] ] ] } },
{ "type": "Feature", "properties": { "datasetId": 897, "rowId": null, "releaseNumber": 193, "versionNumber": 6, "ID": 23, "Name": "Велодорожка на 1 ом Новоподмосковном переулке", "PortionName": "1-й Новоподмосковный переулок", "Type": "Велосипедная полоса попутного движения", "Width": 1.0, "Location": "1-й Новоподмосковный переулок", "OperOrgName": "ГБУ Жилищник Войковский", "DepartmentalAffiliation": "ПРЕФЕКТУРА СЕВЕРНОГО АДМИНИСТРАТИВНОГО ОКРУГА ГОРОДА МОСКВЫ", "ObjectOperOrgPhone": "(499) 150-00-57", "global_id": 2755748512 }, "geometry": { "type": "MultiLineString", "coordinates": [ [ [ 37.50095129, 55.816096111 ], [ 37.50192225, 55.816364357 ], [ 37.502523065, 55.816503 ], [ 37.502592802, 55.816602461 ], [ 37.50279665, 55.816668768 ], [ 37.502828836, 55.816713977 ], [ 37.502163649, 55.817524723 ], [ 37.502131462, 55.817612126 ], [ 37.50205636, 55.817693501 ], [ 37.502067089, 55.817789945 ], [ 37.501831055, 55.818034067 ], [ 37.501852512, 55.81806722 ], [ 37.501745224, 55.818130511 ], [ 37.501750588, 55.818142566 ], [ 37.50159502, 55.818311341 ] ] ] } },
{ "type": "Feature", "properties": { "datasetId": 897, "rowId": null, "releaseNumber": 193, "versionNumber": 6, "ID": 24, "Name": "Велодорожка на 5 ом Войковском проезде", "PortionName": "5-й Войковский проезд", "Type": "Велопешеходная дорожка с совмещенным движением", "Width": 2.0, "Location": "5-й Войковский проезд", "OperOrgName": "ГБУ Жилищник Войковского района", "DepartmentalAffiliation": "ПРЕФЕКТУРА СЕВЕРНОГО АДМИНИСТРАТИВНОГО ОКРУГА ГОРОДА МОСКВЫ", "ObjectOperOrgPhone": "(499) 150-00-57", "global_id": 2755748782 }, "geometry": { "type": "MultiLineString", "coordinates": [ [ [ 37.488108873, 55.815573178 ], [ 37.487550974, 55.815820329 ], [ 37.487422228, 55.816073506 ], [ 37.487465143, 55.816429157 ], [ 37.487465143, 55.817031948 ] ], [ [ 37.487454414, 55.817019893 ], [ 37.486499548, 55.817013865 ], [ 37.486188412, 55.817031948 ], [ 37.485480309, 55.817206756 ] ] ] } },
{ "type": "Feature", "properties": { "datasetId": 897, "rowId": null, "releaseNumber": 193, "versionNumber": 6, "ID": 25, "Name": "Дублёр Ленинградского шоссе", "PortionName": "Дублёр Ленинградского шоссе около сквера им. Космонавта Волкова", "Type": "Велопешеходная дорожка с совмещенным движением", "Width": 1.5, "Location": "Дублёр Ленинградского шоссе", "OperOrgName": "ГБУ Автомобильные дороги города Москвы", "DepartmentalAffiliation": "ПРЕФЕКТУРА СЕВЕРНОГО АДМИНИСТРАТИВНОГО ОКРУГА ГОРОДА МОСКВЫ", "ObjectOperOrgPhone": "(495) 940-06-94", "global_id": 2755749092 }, "geometry": { "type": "MultiLineString", "coordinates": [ [ [ 37.501831055, 55.815077365 ], [ 37.501482368, 55.815448095 ], [ 37.500924468, 55.816081041 ] ] ] } },
{ "type": "Feature", "properties": { "datasetId": 897, "rowId": null, "releaseNumber": 193, "versionNumber": 6, "ID": 26, "Name": "Зои и Александра Космодемьянских", "PortionName": "Зои и Александра Космодемьянских в районе Войковский", "Type": "Велосипедная дорожка двухстороннего движения", "Width": 1.5, "Location": "Зои и Александра Космодемьянских в районе Войковский", "OperOrgName": "ГБУ Автомобильные дороги САО", "DepartmentalAffiliation": "ПРЕФЕКТУРА СЕВЕРНОГО АДМИНИСТРАТИВНОГО ОКРУГА ГОРОДА МОСКВЫ", "ObjectOperOrgPhone": "(499) 152-23-29", "global_id": 2755749193 }, "geometry": { "type": "MultiLineString", "coordinates": [ [ [ 37.501573563, 55.818430387 ], [ 37.504245043, 55.819117533 ], [ 37.50602603, 55.819587678 ], [ 37.506781071, 55.819779426 ], [ 37.506583929, 55.820041242 ], [ 37.508826256, 55.820622882 ], [ 37.508933544, 55.820616854 ], [ 37.511267066, 55.821228621 ], [ 37.513825893, 55.821903663 ], [ 37.514142394, 55.821954893 ], [ 37.515038252, 55.82218995 ], [ 37.515601516, 55.822322545 ], [ 37.517795563, 55.82290415 ], [ 37.518026233, 55.822985514 ] ] ] } },
{ "type": "Feature", "properties": { "datasetId": 897, "rowId": null, "releaseNumber": 193, "versionNumber": 6, "ID": 27, "Name": "Велодорожка на ул. Космонавта Волкова", "PortionName": "ул. Космонавта Волкова", "Type": "Велосипедная полоса попутного движения", "Width": 1.0, "Location": "под мостом от 1 ого Войковского проезда к ул. Космонавта Волкова", "OperOrgName": "ГБУ Жилищник Войковский", "DepartmentalAffiliation": "ПРЕФЕКТУРА СЕВЕРНОГО АДМИНИСТРАТИВНОГО ОКРУГА ГОРОДА МОСКВЫ", "ObjectOperOrgPhone": "(499) 150-00-57", "global_id": 2755749274 }, "geometry": { "type": "MultiLineString", "coordinates": [ [ [ 37.500393391, 55.815143675 ], [ 37.500613332, 55.815074351 ], [ 37.500870824, 55.81505928 ], [ 37.501219511, 55.815041196 ], [ 37.501696944, 55.815038182 ], [ 37.502233386, 55.815038182 ], [ 37.502673268, 55.815038182 ] ] ] } },
{ "type": "Feature", "properties": { "datasetId": 897, "rowId": null, "releaseNumber": 193, "versionNumber": 6, "ID": 28, "Name": "Велодорожка на 3 Михалковском переулке", "PortionName": "3-й Михалковский переулок", "Type": "Выделенная полоса для ОТ и велосипедистов с совмещенным движением", "Width": 1.5, "Location": "3-й Михалковский переулок", "OperOrgName": "ГБУ Жилищник Коптево", "DepartmentalAffiliation": "ПРЕФЕКТУРА СЕВЕРНОГО АДМИНИСТРАТИВНОГО ОКРУГА ГОРОДА МОСКВЫ", "ObjectOperOrgPhone": "(495) 450-41-93", "global_id": 2755749379 }, "geometry": { "type": "MultiLineString", "coordinates": [ [ [ 37.533829808, 55.83398915 ], [ 37.533347011, 55.834133755 ], [ 37.533143163, 55.834172919 ], [ 37.53307879, 55.83419702 ], [ 37.532440424, 55.834362713 ], [ 37.531657219, 55.834576606 ], [ 37.531024218, 55.834739284 ], [ 37.530053258, 55.835007401 ], [ 37.529870868, 55.835094765 ], [ 37.529329062, 55.83514899 ], [ 37.528604865, 55.835347817 ], [ 37.527902126, 55.83551953 ], [ 37.525606155, 55.836140099 ], [ 37.525037527, 55.836284697 ], [ 37.524388433, 55.836459418 ], [ 37.522553802, 55.836947428 ], [ 37.522269487, 55.837022738 ], [ 37.522189021, 55.837052861 ] ], [ [ 37.522172928, 55.8370137 ], [ 37.522907853, 55.836817895 ], [ 37.523465753, 55.83666125 ], [ 37.524399161, 55.836432306 ], [ 37.524753213, 55.836326871 ], [ 37.5268507, 55.835772579 ], [ 37.527435422, 55.835624967 ], [ 37.530122995, 55.834911 ], [ 37.532418966, 55.834296436 ], [ 37.533701062, 55.833956011 ] ] ] } },
{ "type": "Feature", "properties": { "datasetId": 897, "rowId": null, "releaseNumber": 193, "versionNumber": 6, "ID": 29, "Name": "Велодорожка на Коптевской улице", "PortionName": "Коптевская улица", "Type": "Велопешеходная дорожка с совмещенным движением", "Width": 2.0, "Location": "Коптевская улица", "OperOrgName": "ГБУ Жилищник Коптево", "DepartmentalAffiliation": "ПРЕФЕКТУРА СЕВЕРНОГО АДМИНИСТРАТИВНОГО ОКРУГА ГОРОДА МОСКВЫ", "ObjectOperOrgPhone": "(495) 450-41-93", "global_id": 2755749442 }, "geometry": { "type": "MultiLineString", "coordinates": [ [ [ 37.522239983, 55.837046084 ], [ 37.522481382, 55.837484382 ], [ 37.522848845, 55.838178722 ], [ 37.523157299, 55.838778164 ], [ 37.523452342, 55.839254096 ], [ 37.523455024, 55.839407718 ] ] ] } },
{ "type": "Feature", "properties": { "datasetId": 897, "rowId": null, "releaseNumber": 193, "versionNumber": 6, "ID": 30, "Name": "Велодорожка на Коптевском бульваре", "PortionName": "Парк Бригантина", "Type": "Велопешеходная дорожка с совмещенным движением", "Width": 1.0, "Location": "Парк Бригантина, Коптевский бульвар", "OperOrgName": "ГБУ Жилищник Коптево", "DepartmentalAffiliation": "ПРЕФЕКТУРА СЕВЕРНОГО АДМИНИСТРАТИВНОГО ОКРУГА ГОРОДА МОСКВЫ", "ObjectOperOrgPhone": "(495) 450-41-93", "global_id": 2755749507 }, "geometry": { "type": "MultiLineString", "coordinates": [ [ [ 37.525568604, 55.831672755 ], [ 37.525399625, 55.83182942 ], [ 37.525252104, 55.831868586 ], [ 37.525092512, 55.831882143 ], [ 37.524804175, 55.831878377 ], [ 37.524714321, 55.831896454 ], [ 37.524623126, 55.831952944 ], [ 37.524565458, 55.831985331 ], [ 37.524489015, 55.83204182 ], [ 37.524416596, 55.83204634 ], [ 37.524333447, 55.832042574 ], [ 37.524238229, 55.832043327 ], [ 37.524169832, 55.832069689 ], [ 37.524129599, 55.832121659 ], [ 37.524062544, 55.83215028 ], [ 37.523928434, 55.83218568 ], [ 37.523864061, 55.832222586 ], [ 37.523751408, 55.832240663 ], [ 37.523560971, 55.832260246 ], [ 37.523496598, 55.832265518 ], [ 37.523374557, 55.832311462 ], [ 37.523314208, 55.832329539 ], [ 37.523228377, 55.832331798 ], [ 37.523007095, 55.832288113 ], [ 37.522923946, 55.832231624 ], [ 37.522793859, 55.832090778 ], [ 37.522724122, 55.832118646 ], [ 37.522640973, 55.832146514 ], [ 37.522467971, 55.832114127 ], [ 37.522343248, 55.831998135 ], [ 37.522450536, 55.831910012 ], [ 37.522650361, 55.831858794 ], [ 37.523184121, 55.831715687 ], [ 37.52331689, 55.831650912 ], [ 37.523393333, 55.831611745 ], [ 37.523473799, 55.831582371 ], [ 37.523791641, 55.831503284 ], [ 37.523939162, 55.831500272 ], [ 37.524218112, 55.83143173 ], [ 37.524501085, 55.831371474 ], [ 37.524872571, 55.831281089 ], [ 37.525037527, 55.831243429 ], [ 37.525199801, 55.831232884 ], [ 37.525246739, 55.831262259 ], [ 37.525311112, 55.831323268 ], [ 37.525400966, 55.831439262 ], [ 37.525481433, 55.83146939 ], [ 37.525568604, 55.831452067 ], [ 37.525662482, 55.831463365 ], [ 37.525767088, 55.831503284 ], [ 37.525832802, 55.831557515 ], [ 37.525850236, 55.831597435 ], [ 37.525839508, 55.831616265 ], [ 37.525571287, 55.831671248 ] ] ] } },
{ "type": "Feature", "properties": { "datasetId": 897, "rowId": null, "releaseNumber": 193, "versionNumber": 6, "ID": 31, "Name": "Велодорожка бульваре Матроса Железняка", "PortionName": "Бульвар Матроса Железняка", "Type": "Велопешеходная дорожка с совмещенным движением", "Width": 1.0, "Location": "Бульвар Матроса Железняка", "OperOrgName": "ГБУ Жилищник Коптево", "DepartmentalAffiliation": "ПРЕФЕКТУРА СЕВЕРНОГО АДМИНИСТРАТИВНОГО ОКРУГА ГОРОДА МОСКВЫ", "ObjectOperOrgPhone": "(495) 450-41-93", "global_id": 2755749573 }, "geometry": { "type": "MultiLineString", "coordinates": [ [ [ 37.527070642, 55.825354029 ], [ 37.526738048, 55.825781913 ], [ 37.525252104, 55.82758681 ], [ 37.524957061, 55.827957422 ], [ 37.525193095, 55.828258729 ], [ 37.525482774, 55.829002948 ], [ 37.52607286, 55.83035275 ], [ 37.526555657, 55.831452443 ], [ 37.526603937, 55.831648276 ], [ 37.527596354, 55.83280216 ], [ 37.528620958, 55.834052415 ], [ 37.529656291, 55.835287566 ], [ 37.530745268, 55.836570878 ], [ 37.531823516, 55.837875233 ], [ 37.532070279, 55.838170438 ] ] ] } },
{ "type": "Feature", "properties": { "datasetId": 897, "rowId": null, "releaseNumber": 193, "versionNumber": 6, "ID": 32, "Name": "проезд к Тимирязевскому лесу", "PortionName": "проезд к Тимирязевскому лесу", "Type": "Велопешеходная дорожка с совмещенным движением", "Width": 1.0, "Location": "проезд к Тимирязевскому лесу, рядом с Большой Академической 26", "OperOrgName": "ГБУ Жилищник Коптево", "DepartmentalAffiliation": "ПРЕФЕКТУРА СЕВЕРНОГО АДМИНИСТРАТИВНОГО ОКРУГА ГОРОДА МОСКВЫ", "ObjectOperOrgPhone": "(495) 450-41-93", "global_id": 2755749785 }, "geometry": { "type": "MultiLineString", "coordinates": [ [ [ 37.530251741, 55.825958188 ], [ 37.531024218, 55.826265538 ], [ 37.531957626, 55.826723544 ], [ 37.532504797, 55.827048966 ], [ 37.532773018, 55.827024861 ] ] ] } },
{ "type": "Feature", "properties": { "datasetId": 897, "rowId": null, "releaseNumber": 193, "versionNumber": 6, "ID": 33, "Name": "Велодорожки вдоль Ленинградского шоссе", "PortionName": "Велодорожки вдоль Ленинградского шоссе, 25 ст.4 - 61 ст.4", "Type": "Велопешеходная дорожка с совмещенным движением", "Width": 1.5, "Location": "Велодорожки вдоль Ленинградского шоссе, 25 ст.4 - 61 ст.4", "OperOrgName": "ГБУ Автомобильные дороги города Москвы", "DepartmentalAffiliation": "ПРЕФЕКТУРА СЕВЕРНОГО АДМИНИСТРАТИВНОГО ОКРУГА ГОРОДА МОСКВЫ", "ObjectOperOrgPhone": "(495) 940-06-94", "global_id": 2755749932 }, "geometry": { "type": "MultiLineString", "coordinates": [ [ [ 37.488988638, 55.829152091 ], [ 37.488398552, 55.829772763 ], [ 37.488023043, 55.830224702 ], [ 37.487776279, 55.830532017 ], [ 37.487701178, 55.830809202 ], [ 37.486971617, 55.831574462 ], [ 37.486703396, 55.831935997 ], [ 37.485705614, 55.833129038 ], [ 37.483720779, 55.835418611 ] ], [ [ 37.480738163, 55.839581672 ], [ 37.479439974, 55.841141953 ], [ 37.478034496, 55.843087697 ], [ 37.477852106, 55.843461172 ], [ 37.477154732, 55.844461105 ], [ 37.474161386, 55.848924346 ], [ 37.471864074, 55.852228154 ], [ 37.469518483, 55.855643086 ], [ 37.469507754, 55.855682229 ], [ 37.469623089, 55.8557018 ], [ 37.469204664, 55.856302477 ], [ 37.467316389, 55.858963258 ] ] ] } },
{ "type": "Feature", "properties": { "datasetId": 897, "rowId": null, "releaseNumber": 193, "versionNumber": 6, "ID": 35, "Name": "Велодорожка на ул. Панфилова", "PortionName": "ул. Панфилова", "Type": "Выделенная полоса для ОТ и велосипедистов с совмещенным движением", "Width": 1.5, "Location": "вдоль ул. Панфилова", "OperOrgName": "ГБУ Жилищник Сокол", "DepartmentalAffiliation": "ПРЕФЕКТУРА СЕВЕРНОГО АДМИНИСТРАТИВНОГО ОКРУГА ГОРОДА МОСКВЫ", "ObjectOperOrgPhone": "(499) 195-99-53", "global_id": 2755751182 }, "geometry": { "type": "MultiLineString", "coordinates": [ [ [ 37.499765754, 55.799024065 ], [ 37.498574853, 55.800465364 ], [ 37.497507334, 55.801713643 ], [ 37.496606112, 55.802729724 ], [ 37.496370077, 55.803097557 ], [ 37.495930195, 55.80364327 ], [ 37.494851947, 55.804764822 ], [ 37.493950725, 55.805868253 ], [ 37.491493821, 55.808647796 ] ] ] } },
{ "type": "Feature", "properties": { "datasetId": 897, "rowId": null, "releaseNumber": 193, "versionNumber": 6, "ID": 36, "Name": "Велодорожка на ул. Песчаная", "PortionName": "ул. Песчаная", "Type": "Выделенная полоса для ОТ и велосипедистов с совмещенным движением", "Width": 1.5, "Location": "вдоль ул. Песчаная", "OperOrgName": "ГБУ Жилищник Сокол", "DepartmentalAffiliation": "ПРЕФЕКТУРА СЕВЕРНОГО АДМИНИСТРАТИВНОГО ОКРУГА ГОРОДА МОСКВЫ", "ObjectOperOrgPhone": "(499) 195-99-53", "global_id": 2755751414 }, "geometry": { "type": "MultiLineString", "coordinates": [ [ [ 37.506787777, 55.801290017 ], [ 37.509019375, 55.801531228 ], [ 37.511293888, 55.801742287 ], [ 37.512919307, 55.801885504 ], [ 37.513702512, 55.801963897 ], [ 37.514019012, 55.802043797 ], [ 37.514320761, 55.802149702 ], [ 37.514662743, 55.802329099 ], [ 37.51489073, 55.802439149 ], [ 37.515692711, 55.802894044 ], [ 37.516561747, 55.803412625 ], [ 37.516754866, 55.803613121 ] ] ] } },
{ "type": "Feature", "properties": { "datasetId": 897, "rowId": null, "releaseNumber": 193, "versionNumber": 6, "ID": 37, "Name": "Велодорожка на Верхней аллее", "PortionName": "Верхняя аллея", "Type": "Велопешеходная дорожка с совмещенным движением", "Width": 1.5, "Location": "Вдоль Верхней аллеи", "OperOrgName": "ГБУ Автомобильные дороги САО", "DepartmentalAffiliation": "ПРЕФЕКТУРА СЕВЕРНОГО АДМИНИСТРАТИВНОГО ОКРУГА ГОРОДА МОСКВЫ", "ObjectOperOrgPhone": "(499) 152-23-29", "global_id": 2755751456 }, "geometry": { "type": "MultiLineString", "coordinates": [ [ [ 37.552857399, 55.830136574 ], [ 37.55402416, 55.830535784 ], [ 37.553882003, 55.830632949 ], [ 37.55510509, 55.831096929 ], [ 37.557140887, 55.831796656 ], [ 37.558431029, 55.832263635 ], [ 37.55861342, 55.832149338 ], [ 37.559616566, 55.832494863 ], [ 37.560855746, 55.832717804 ], [ 37.563757896, 55.833220925 ], [ 37.572040558, 55.834873343 ] ] ] } },
{ "type": "Feature", "properties": { "datasetId": 897, "rowId": null, "releaseNumber": 193, "versionNumber": 6, "ID": 38, "Name": "Велодорожка на Дмитровском шоссе", "PortionName": "Дмитровское шоссе", "Type": "Велопешеходная дорожка с совмещенным движением", "Width": 2.0, "Location": "Вдоль Дмитровского шоссе, от м. Петровско-Разумовское до Дмитровское шоссе, д.27", "OperOrgName": "ГБУ Автомобильные дороги Москвы", "DepartmentalAffiliation": "ПРЕФЕКТУРА СЕВЕРНОГО АДМИНИСТРАТИВНОГО ОКРУГА ГОРОДА МОСКВЫ", "ObjectOperOrgPhone": "(495) 940-06-94", "global_id": 2755751649 }, "geometry": { "type": "MultiLineString", "coordinates": [ [ [ 37.572437525, 55.832383392 ], [ 37.572437525, 55.831178276 ], [ 37.572448254, 55.830250312 ], [ 37.572437525, 55.82925604 ], [ 37.572437525, 55.827541614 ], [ 37.572453618, 55.827231261 ] ] ] } },
{ "type": "Feature", "properties": { "datasetId": 897, "rowId": null, "releaseNumber": 193, "versionNumber": 6, "ID": 39, "Name": "Велодорожка на Ивановском проезде", "PortionName": "Ивановский проезд", "Type": "Велопешеходная дорожка с совмещенным движением", "Width": 2.0, "Location": "Ивановский проезд, парк Дубки", "OperOrgName": "ГБУ Автомобильные дороги САО", "DepartmentalAffiliation": "ПРЕФЕКТУРА СЕВЕРНОГО АДМИНИСТРАТИВНОГО ОКРУГА ГОРОДА МОСКВЫ", "ObjectOperOrgPhone": "(499) 152-23-29", "global_id": 2755752040 }, "geometry": { "type": "MultiLineString", "coordinates": [ [ [ 37.567679286, 55.823434518 ], [ 37.567990422, 55.822608828 ], [ 37.5685215, 55.821288893 ], [ 37.568843365, 55.820520417 ], [ 37.567523718, 55.818651903 ], [ 37.56731987, 55.818305313 ], [ 37.56741643, 55.818154621 ], [ 37.567877769, 55.817603084 ] ] ] } },
{ "type": "Feature", "properties": { "datasetId": 897, "rowId": null, "releaseNumber": 193, "versionNumber": 6, "ID": 40, "Name": "Велодорожка вдоль сквера Академика Лисицына", "PortionName": "сквер Академика Лисицына", "Type": "Велопешеходная дорожка с совмещенным движением", "Width": 1.0, "Location": "вдоль сквера Академика Лисицына", "OperOrgName": "ГБУ Жилищник Тимирязевского района", "DepartmentalAffiliation": "ПРЕФЕКТУРА СЕВЕРНОГО АДМИНИСТРАТИВНОГО ОКРУГА ГОРОДА МОСКВЫ", "ObjectOperOrgPhone": "(499) 760-86-76", "global_id": 2755754175 }, "geometry": { "type": "MultiLineString", "coordinates": [ [ [ 37.565227747, 55.815145182 ], [ 37.567695379, 55.815772105 ], [ 37.572051287, 55.816814945 ], [ 37.573285103, 55.816929474 ], [ 37.57524848, 55.817375535 ] ] ] } },
{ "type": "Feature", "properties": { "datasetId": 897, "rowId": null, "releaseNumber": 193, "versionNumber": 6, "ID": 41, "Name": "Велодорожка на улице Пасечная", "PortionName": "ул. Пасечная", "Type": [ "Велопешеходная дорожка с совмещенным движением", "Велосипедная полоса совмещенного движения с моторизированным транспортом" ], "Width": 3.0, "Location": "вдоль ул. Пасечная", "OperOrgName": "ГБУ Автомобильные дороги САО", "DepartmentalAffiliation": "ПРЕФЕКТУРА СЕВЕРНОГО АДМИНИСТРАТИВНОГО ОКРУГА ГОРОДА МОСКВЫ", "ObjectOperOrgPhone": "(499) 152-23-29", "global_id": 2755755102 }, "geometry": { "type": "MultiLineString", "coordinates": [ [ [ 37.541018128, 55.824353605 ], [ 37.542836666, 55.825287737 ], [ 37.545433044, 55.826562338 ], [ 37.548077703, 55.827894147 ], [ 37.550985217, 55.829343416 ], [ 37.552197576, 55.829946007 ], [ 37.552675009, 55.830108705 ] ] ] } },
{ "type": "Feature", "properties": { "datasetId": 897, "rowId": null, "releaseNumber": 193, "versionNumber": 6, "ID": 42, "Name": "Велодорожка на ул.Прянишникова", "PortionName": "ул. Прянишникова", "Type": "Велопешеходная дорожка с раздельным движением", "Width": 1.5, "Location": "вдоль ул. Прянишникова", "OperOrgName": "ГБУ Автомобильные дороги САО", "DepartmentalAffiliation": "ПРЕФЕКТУРА СЕВЕРНОГО АДМИНИСТРАТИВНОГО ОКРУГА ГОРОДА МОСКВЫ", "ObjectOperOrgPhone": "(499) 152-23-29", "global_id": 2755755802 }, "geometry": { "type": "MultiLineString", "coordinates": [ [ [ 37.538995743, 55.836298253 ], [ 37.543619871, 55.835033008 ] ] ] } },
{ "type": "Feature", "properties": { "datasetId": 897, "rowId": null, "releaseNumber": 193, "versionNumber": 6, "ID": 43, "Name": "Велодорожка на ул. Тимирязевская", "PortionName": "ул. Тимирязевская", "Type": "Велопешеходная дорожка с совмещенным движением", "Width": 1.0, "Location": "вдоль ул. Тимирязевская от Префектуры САО до театра Золотое кольцо по двум сторонам", "OperOrgName": "ГБУ Автомобильные дороги САО", "DepartmentalAffiliation": "ПРЕФЕКТУРА СЕВЕРНОГО АДМИНИСТРАТИВНОГО ОКРУГА ГОРОДА МОСКВЫ", "ObjectOperOrgPhone": "(499) 152-23-29", "global_id": 2755756411 }, "geometry": { "type": "MultiLineString", "coordinates": [ [ [ 37.564980984, 55.815139153 ], [ 37.56814599, 55.811274914 ] ], [ [ 37.568548322, 55.811415082 ], [ 37.566450834, 55.813951589 ], [ 37.566375732, 55.813989266 ], [ 37.565764189, 55.814724716 ], [ 37.565597892, 55.814887477 ], [ 37.565597892, 55.81505928 ], [ 37.565458417, 55.815216012 ], [ 37.565141916, 55.815122576 ] ] ] } },
{ "type": "Feature", "properties": { "datasetId": 897, "rowId": null, "releaseNumber": 193, "versionNumber": 6, "ID": 44, "Name": "Велодорожка в Тимирязевском лесу", "PortionName": "Тимирязевский лес", "Type": "Велопешеходная дорожка с совмещенным движением", "Width": 2.0, "Location": "Велодорожка в Тимирязевском лесу", "OperOrgName": "ФГБОУ ВО РГАУ-МСХА им. К.А.Тимирязева", "DepartmentalAffiliation": "ПРЕФЕКТУРА СЕВЕРНОГО АДМИНИСТРАТИВНОГО ОКРУГА ГОРОДА МОСКВЫ", "ObjectOperOrgPhone": "(499) 967-12-96", "global_id": 2755756640 }, "geometry": { "type": "MultiLineString", "coordinates": [ [ [ 37.532504797, 55.827024861 ], [ 37.5349617, 55.827079097 ], [ 37.535991669, 55.826241432 ], [ 37.536699772, 55.825827112 ], [ 37.536871433, 55.825626731 ], [ 37.537890673, 55.8244877 ], [ 37.538630962, 55.824059801 ], [ 37.539618015, 55.823577656 ], [ 37.539768219, 55.823535468 ], [ 37.540369034, 55.823934745 ], [ 37.540948391, 55.824331005 ] ] ] } },
{ "type": "Feature", "properties": { "datasetId": 897, "rowId": null, "releaseNumber": 193, "versionNumber": 6, "ID": 17244, "Name": "Парк в пойме реки Битца между улицами Бульвар Дмитрия Донского и улицей Старобитцевская", "PortionName": "", "Type": "Велопешеходная дорожка с совмещенным движением", "Width": 1.0, "Location": "Парк в пойме реки Битца между улицами Бульвар Дмитрия Донского и улицей Старобитцевская", "OperOrgName": "ГБУ Автомобильные дороги ЮЗАО", "DepartmentalAffiliation": "ПРЕФЕКТУРА ЮГО-ЗАПАДНОГО АДМИНИСТРАТИВНОГО ОКРУГА ГОРОДА МОСКВЫ", "ObjectOperOrgPhone": "(499) 128-17-63", "global_id": 2756011667 }, "geometry": { "type": "MultiLineString", "coordinates": [ [ [ 37.590646361, 55.572305844 ], [ 37.591232722, 55.571975598 ], [ 37.591240173, 55.571970965 ], [ 37.591287856, 55.571982759 ], [ 37.591422712, 55.572018143 ], [ 37.591618662, 55.572069954 ] ], [ [ 37.591240089, 55.571970793 ], [ 37.591267656, 55.571948467 ], [ 37.591308718, 55.571909464 ], [ 37.591319149, 55.571883348 ], [ 37.591328835, 55.571853861 ], [ 37.591326599, 55.571833642 ], [ 37.591319149, 55.571807525 ], [ 37.591294562, 55.571758662 ], [ 37.591259544, 55.571724121 ], [ 37.591216331, 55.57170348 ], [ 37.591094141, 55.571679048 ], [ 37.591005815, 55.571656567 ], [ 37.590892566, 55.571659937 ], [ 37.590764416, 55.571651513 ], [ 37.590624345, 55.571663307 ], [ 37.590511096, 55.571678472 ], [ 37.590251816, 55.5717425 ], [ 37.590037239, 55.571786308 ], [ 37.589575303, 55.571841911 ], [ 37.5895306, 55.571840226 ], [ 37.589390529, 55.571936268 ], [ 37.589384568, 55.571986816 ], [ 37.58940245, 55.572069378 ], [ 37.589381588, 55.57214183 ], [ 37.589321983, 55.572224391 ], [ 37.589271319, 55.572285048 ], [ 37.589217675, 55.572325487 ], [ 37.58914913, 55.57236761 ], [ 37.589047802, 55.572399623 ], [ 37.588916672, 55.572431636 ], [ 37.588773621, 55.57245354 ], [ 37.588708055, 55.572450171 ], [ 37.588460696, 55.572525992 ], [ 37.588153732, 55.572616977 ], [ 37.587951076, 55.572650675 ], [ 37.587548745, 55.572706277 ], [ 37.587194097, 55.572750084 ], [ 37.58670832, 55.572785467 ], [ 37.586624873, 55.572790522 ], [ 37.586517585, 55.572859603 ], [ 37.586472881, 55.572913519 ], [ 37.586443079, 55.572952272 ], [ 37.58620466, 55.572807371 ], [ 37.586091412, 55.572665839 ], [ 37.586034787, 55.572618662 ], [ 37.585984123, 55.572573169 ], [ 37.585909617, 55.572520937 ], [ 37.585751665, 55.572443431 ], [ 37.585534108, 55.572384459 ], [ 37.585331452, 55.57235076 ], [ 37.58504535, 55.572310322 ], [ 37.584944022, 55.572285048 ], [ 37.584288371, 55.572059268 ], [ 37.583969486, 55.571954802 ], [ 37.583710206, 55.571900884 ], [ 37.583558214, 55.57188909 ], [ 37.583444965, 55.57188235 ], [ 37.583295954, 55.57188909 ], [ 37.583114159, 55.571922789 ], [ 37.582914484, 55.571995241 ], [ 37.582658184, 55.572013775 ], [ 37.582631362, 55.572076118 ], [ 37.582616461, 55.572140145 ], [ 37.582640302, 55.572293473 ], [ 37.582679046, 55.572424897 ], [ 37.58273269, 55.572478814 ], [ 37.582822097, 55.57255295 ], [ 37.582923425, 55.572610237 ], [ 37.583072436, 55.572640565 ], [ 37.583403242, 55.572665839 ], [ 37.583748949, 55.572694482 ], [ 37.583924783, 55.572696167 ], [ 37.584070814, 55.572716386 ], [ 37.584219826, 55.572729865 ], [ 37.58479501, 55.57282759 ], [ 37.58504535, 55.572874767 ], [ 37.585227144, 55.572915204 ], [ 37.585358274, 55.572935423 ], [ 37.585465563, 55.572937108 ], [ 37.585599673, 55.572932053 ], [ 37.585701001, 55.572960696 ], [ 37.585915578, 55.572997764 ], [ 37.586216581, 55.573041571 ], [ 37.586419237, 55.57306853 ], [ 37.586651695, 55.573127501 ], [ 37.586761964, 55.573169623 ], [ 37.586851371, 55.573215115 ], [ 37.586441999, 55.572952006 ] ], [ [ 37.586107579, 55.572678018 ], [ 37.58611801, 55.572604724 ], [ 37.586134401, 55.572516267 ], [ 37.586138872, 55.572489308 ], [ 37.586162714, 55.572459822 ], [ 37.586207417, 55.572415172 ], [ 37.586341527, 55.572351145 ], [ 37.586430935, 55.572322501 ], [ 37.586657432, 55.572276166 ], [ 37.586962906, 55.572217193 ], [ 37.587044862, 55.572198659 ], [ 37.587199834, 55.572135475 ], [ 37.587280301, 55.572109358 ], [ 37.587414411, 55.572080714 ], [ 37.587578324, 55.572049543 ], [ 37.587830154, 55.571979618 ], [ 37.587837604, 55.571957714 ], [ 37.587853995, 55.571897056 ], [ 37.587855485, 55.571850721 ], [ 37.587853995, 55.571805227 ], [ 37.587834624, 55.571756364 ], [ 37.587824193, 55.571729405 ], [ 37.587791411, 55.571689808 ], [ 37.587719885, 55.571648527 ], [ 37.587587265, 55.571573547 ], [ 37.587551502, 55.57153058 ], [ 37.58753213, 55.571492669 ], [ 37.58752319, 55.571477504 ], [ 37.587535111, 55.571434538 ], [ 37.587557462, 55.571373037 ], [ 37.587566403, 55.571337653 ], [ 37.587555972, 55.571287104 ], [ 37.587538091, 55.571235712 ], [ 37.587488917, 55.571165786 ] ], [ [ 37.587485396, 55.571160809 ], [ 37.587486887, 55.571163126 ], [ 37.587462672, 55.571119948 ] ], [ [ 37.587461182, 55.571117842 ], [ 37.587460064, 55.571083511 ], [ 37.587473103, 55.570998209 ], [ 37.587476083, 55.570968301 ] ], [ [ 37.581543577, 55.57306179 ], [ 37.581492913, 55.573028092 ], [ 37.58144821, 55.572980915 ], [ 37.581427348, 55.572933738 ], [ 37.581409467, 55.572891616 ], [ 37.581445229, 55.57282085 ], [ 37.581525696, 55.572771988 ], [ 37.581612122, 55.572756824 ], [ 37.581802857, 55.572766933 ], [ 37.581925047, 55.572770303 ], [ 37.582026375, 55.572750084 ], [ 37.582118762, 55.572679318 ], [ 37.582163465, 55.572633826 ], [ 37.582291615, 55.572591703 ], [ 37.582446587, 55.572547895 ], [ 37.582550896, 55.572512512 ], [ 37.582634342, 55.572461965 ], [ 37.582661164, 55.572436691 ], [ 37.582586658, 55.572253035 ], [ 37.582276714, 55.572133405 ], [ 37.582232011, 55.572119926 ], [ 37.582163465, 55.572114871 ], [ 37.582002533, 55.572109816 ], [ 37.581856501, 55.572130035 ], [ 37.581662786, 55.572167104 ], [ 37.581555498, 55.572185638 ], [ 37.581352842, 55.572190693 ], [ 37.581159127, 55.572197432 ], [ 37.580986273, 55.572197432 ], [ 37.580729974, 55.572187323 ], [ 37.580384267, 55.572268199 ], [ 37.580342543, 55.572295158 ], [ 37.58029784, 55.572305268 ], [ 37.580240079, 55.572300885 ], [ 37.580196493, 55.572282141 ], [ 37.580176749, 55.572262764 ], [ 37.580172651, 55.572237911 ], [ 37.580183455, 55.572215376 ], [ 37.580207297, 55.572195578 ], [ 37.580243804, 55.572188627 ], [ 37.580291116, 55.572189049 ], [ 37.580331721, 55.572187996 ], [ 37.58035072, 55.572193472 ], [ 37.580367484, 55.572204002 ], [ 37.580380523, 55.572219799 ], [ 37.580389091, 55.572241913 ], [ 37.580386856, 55.572265713 ] ], [ [ 37.580345132, 55.572188627 ], [ 37.580730327, 55.572186732 ] ], [ [ 37.581743253, 55.572461965 ], [ 37.58209492, 55.572527677 ], [ 37.582240951, 55.572558005 ], [ 37.582381022, 55.57256306 ] ] ] } },
{ "type": "Feature", "properties": { "datasetId": 897, "rowId": null, "releaseNumber": 193, "versionNumber": 6, "ID": 8, "Name": "Велосипедная дорожка", "PortionName": "2-я Владимирская ул.", "Type": "Двустороняя велополоса", "Width": 1.5, "Location": "ул. 2-я Владимирская", "OperOrgName": "ГБУ Жилищник района Перово", "DepartmentalAffiliation": "ПРЕФЕКТУРА ВОСТОЧНОГО АДМИНИСТРАТИВНОГО ОКРУГА ГОРОДА МОСКВЫ", "ObjectOperOrgPhone": "(495) 229-03-75", "global_id": 2756218088 }, "geometry": { "type": "MultiLineString", "coordinates": [ [ [ 37.777457535, 55.763052341 ], [ 37.789453715, 55.742960886 ] ] ] } },
{ "type": "Feature", "properties": { "datasetId": 897, "rowId": null, "releaseNumber": 193, "versionNumber": 6, "ID": 9, "Name": "Велосипедная дорожка", "PortionName": "3-я Владимирская ул.", "Type": "Велосипедная полоса попутного движения", "Width": 1.0, "Location": "3-я Владимирская ул.", "OperOrgName": "ГБУ Жилищник района Перово", "DepartmentalAffiliation": "ПРЕФЕКТУРА ВОСТОЧНОГО АДМИНИСТРАТИВНОГО ОКРУГА ГОРОДА МОСКВЫ", "ObjectOperOrgPhone": "(495) 229-03-75", "global_id": 2756218421 }, "geometry": { "type": "MultiLineString", "coordinates": [ [ [ 37.784310579, 55.764338413 ], [ 37.791466713, 55.752327142 ] ] ] } },
{ "type": "Feature", "properties": { "datasetId": 897, "rowId": null, "releaseNumber": 193, "versionNumber": 6, "ID": 8, "Name": "Спортивный парк Красная Пахра", "PortionName": "", "Type": [ "Велопешеходная дорожка с совмещенным движением", "Двустороняя велополоса" ], "Width": 2.0, "Location": "парк Красная Пахра, квартал № 49, Краснопахорский район, Троицкий административный округ, Москва", "OperOrgName": "Государственное бюджетное учреждение Дирекция по обслуживанию территорий зеленого фонда Троицкого и Новомосковского административных округов города Москвы", "DepartmentalAffiliation": "ПРЕФЕКТУРА ТРОИЦКОГО И НОВОМОСКОВСКОГО АДМИНИСТРАТИВНЫХ ОКРУГОВ ГОРОДА МОСКВЫ", "ObjectOperOrgPhone": "(495) 620-20-00", "global_id": 2756306633 }, "geometry": { "type": "MultiLineString", "coordinates": [ [ [ 37.261483669, 55.441300205 ], [ 37.261447459, 55.441169357 ], [ 37.261025012, 55.44084718 ], [ 37.260904312, 55.44075589 ], [ 37.260724604, 55.440520056 ], [ 37.260437608, 55.440208145 ], [ 37.260287404, 55.440051047 ], [ 37.260157317, 55.43991563 ], [ 37.260007113, 55.4397475 ], [ 37.259985656, 55.439715548 ], [ 37.25995414, 55.43959934 ], [ 37.259956151, 55.439520789 ], [ 37.260043323, 55.439330595 ], [ 37.260048687, 55.439285709 ], [ 37.260050029, 55.439112251 ], [ 37.260041982, 55.438963137 ], [ 37.26001516, 55.438798806 ], [ 37.259988338, 55.43864893 ], [ 37.259945422, 55.438546223 ], [ 37.259852886, 55.438356785 ], [ 37.259781808, 55.438237339 ], [ 37.259645015, 55.438053225 ], [ 37.259579301, 55.437968776 ], [ 37.25954175, 55.437927692 ], [ 37.25939557, 55.437844764 ], [ 37.259289622, 55.437795311 ], [ 37.259156853, 55.437752706 ], [ 37.25898318, 55.437708769 ], [ 37.258707583, 55.437680809 ], [ 37.258324027, 55.437680809 ], [ 37.258096039, 55.437692982 ], [ 37.257736623, 55.437750804 ], [ 37.257530093, 55.437817755 ], [ 37.257471085, 55.437860361 ], [ 37.257363796, 55.438014043 ], [ 37.257227004, 55.438249892 ], [ 37.257205546, 55.438395966 ], [ 37.25721091, 55.438464438 ], [ 37.257243097, 55.438625726 ], [ 37.257280648, 55.438748974 ], [ 37.257310152, 55.438858528 ], [ 37.257345021, 55.438993948 ], [ 37.25741744, 55.439129368 ], [ 37.257519364, 55.439313477 ], [ 37.257629335, 55.439493021 ], [ 37.257653475, 55.439578228 ], [ 37.257623971, 55.439674086 ], [ 37.257543504, 55.439765378 ], [ 37.257318199, 55.439937312 ], [ 37.25712508, 55.440002738 ], [ 37.256701291, 55.440042298 ], [ 37.256344557, 55.440071207 ], [ 37.255952954, 55.440100116 ], [ 37.255773246, 55.440122939 ], [ 37.255679369, 55.440154891 ], [ 37.255641818, 55.440199016 ], [ 37.255628407, 55.440240477 ], [ 37.255637795, 55.440295252 ], [ 37.255690098, 55.440338615 ], [ 37.255792022, 55.440374371 ], [ 37.256127298, 55.440362199 ], [ 37.256768346, 55.440342419 ], [ 37.257147878, 55.440357634 ], [ 37.257704437, 55.440364862 ], [ 37.258007526, 55.44036334 ], [ 37.258621752, 55.44043333 ], [ 37.259005308, 55.440493049 ], [ 37.259099185, 55.440530327 ], [ 37.259155512, 55.440588905 ], [ 37.259168923, 55.440636072 ], [ 37.259158532, 55.440699928 ], [ 37.25915283, 55.44073497 ], [ 37.259120643, 55.440898911 ], [ 37.25903213, 55.441302107 ], [ 37.258978486, 55.441564942 ], [ 37.258974463, 55.441640255 ], [ 37.259010673, 55.441691224 ], [ 37.259100527, 55.441760451 ], [ 37.259217203, 55.44183196 ] ], [ [ 37.259168397, 55.440634372 ], [ 37.25925707, 55.44069314 ], [ 37.259457379, 55.44072535 ], [ 37.259616687, 55.440716909 ] ], [ [ 37.259618227, 55.440717555 ], [ 37.259763196, 55.440760041 ], [ 37.260838109, 55.440674662 ] ], [ [ 37.259132819, 55.440831957 ], [ 37.259236364, 55.440751734 ], [ 37.259461241, 55.44072556 ] ] ] } },
{ "type": "Feature", "properties": { "datasetId": 897, "rowId": null, "releaseNumber": 193, "versionNumber": 6, "ID": 9, "Name": "Парк Шишкин лес", "PortionName": "", "Type": "Велопешеходная зона", "Width": 1.5, "Location": "Краснопахорский район, Троицкий административный округ, Москва", "OperOrgName": "Государственное бюджетное учреждение Дирекция по обслуживанию территорий зеленого фонда Троицкого и Новомосковского административных округов города Москвы", "DepartmentalAffiliation": "ПРЕФЕКТУРА ТРОИЦКОГО И НОВОМОСКОВСКОГО АДМИНИСТРАТИВНЫХ ОКРУГОВ ГОРОДА МОСКВЫ", "ObjectOperOrgPhone": "(495) 620-20-00", "global_id": 2756307054 }, "geometry": { "type": "MultiLineString", "coordinates": [ [ [ 37.194774449, 55.411864118 ], [ 37.194809318, 55.411926545 ], [ 37.194868326, 55.411956998 ], [ 37.194972932, 55.411960043 ], [ 37.195056081, 55.411911319 ], [ 37.195048034, 55.411854982 ], [ 37.195010483, 55.411815394 ], [ 37.194903195, 55.411792555 ], [ 37.194785178, 55.411762102 ], [ 37.19453305, 55.411626589 ], [ 37.194396257, 55.411462145 ], [ 37.194347978, 55.411369264 ], [ 37.1943748, 55.411240601 ], [ 37.194331884, 55.411149242 ], [ 37.194212526, 55.411071968 ], [ 37.195452377, 55.410533517 ], [ 37.195481211, 55.410526856 ], [ 37.195536196, 55.410521526 ], [ 37.195630074, 55.4105063 ], [ 37.19580844, 55.410497925 ], [ 37.196017653, 55.410465188 ], [ 37.196104825, 55.410391338 ], [ 37.196108848, 55.41032434 ], [ 37.196080685, 55.41026153 ], [ 37.195962667, 55.41021623 ], [ 37.195799053, 55.410206332 ], [ 37.19567433, 55.410245922 ], [ 37.195572406, 55.410360123 ], [ 37.19539538, 55.410537514 ], [ 37.194178998, 55.41105598 ], [ 37.194056958, 55.411029334 ], [ 37.193806171, 55.41102134 ], [ 37.193613052, 55.411003068 ], [ 37.193307281, 55.410884301 ], [ 37.1929425, 55.410765534 ], [ 37.192862034, 55.41072899 ], [ 37.192722559, 55.410610222 ], [ 37.192652822, 55.410497544 ], [ 37.192620635, 55.410418365 ], [ 37.192652822, 55.410311778 ], [ 37.192636728, 55.410226508 ], [ 37.192534804, 55.410037695 ], [ 37.192526758, 55.409916641 ], [ 37.192561626, 55.409835938 ], [ 37.192532122, 55.409755235 ], [ 37.192349732, 55.409619715 ], [ 37.19232291, 55.409587738 ], [ 37.192339003, 55.409537489 ], [ 37.192387283, 55.409438512 ], [ 37.192465067, 55.409368468 ], [ 37.192440927, 55.409312127 ], [ 37.192395329, 55.4092634 ], [ 37.192301452, 55.409248173 ], [ 37.192196846, 55.409254264 ], [ 37.192124426, 55.409299945 ], [ 37.192113698, 55.409376081 ], [ 37.192124426, 55.40943699 ], [ 37.192161977, 55.409637987 ], [ 37.192220986, 55.409858779 ], [ 37.192279994, 55.409954708 ], [ 37.19237119, 55.410055206 ], [ 37.192438245, 55.410116113 ], [ 37.192443609, 55.410204429 ], [ 37.192381918, 55.410320153 ], [ 37.192435563, 55.410420649 ], [ 37.192489207, 55.410513532 ], [ 37.192625999, 55.410670367 ], [ 37.192744017, 55.410767818 ], [ 37.192939818, 55.410840905 ], [ 37.193318009, 55.410982512 ], [ 37.19356209, 55.411058645 ], [ 37.193771303, 55.411110415 ], [ 37.193924189, 55.411195683 ], [ 37.194082439, 55.411300745 ], [ 37.194197774, 55.411425602 ], [ 37.194246054, 55.411512392 ], [ 37.194313109, 55.411623544 ], [ 37.194417715, 55.411687494 ], [ 37.194514275, 55.411742308 ], [ 37.194661796, 55.411803213 ], [ 37.194744945, 55.411836711 ], [ 37.194776461, 55.411864308 ] ] ] } },
{ "type": "Feature", "properties": { "datasetId": 897, "rowId": null, "releaseNumber": 193, "versionNumber": 6, "ID": 10, "Name": "Спортивный парк Сосны", "PortionName": "", "Type": "Велопешеходная зона", "Width": 1.5, "Location": "парк Сосны, квартал № 135, район Бекасово, Троицкий административный округ, Москва", "OperOrgName": "Государственное бюджетное учреждение Дирекция по обслуживанию территорий зеленого фонда Троицкого и Новомосковского административных округов города Москвы", "DepartmentalAffiliation": "ПРЕФЕКТУРА ТРОИЦКОГО И НОВОМОСКОВСКОГО АДМИНИСТРАТИВНЫХ ОКРУГОВ ГОРОДА МОСКВЫ", "ObjectOperOrgPhone": "(495) 620-20-00", "global_id": 2756307361 }, "geometry": { "type": "MultiLineString", "coordinates": [ [ [ 36.941013336, 55.466683699 ], [ 36.941281557, 55.467285815 ], [ 36.941817999, 55.468488498 ], [ 36.942225695, 55.469339932 ], [ 36.941968203, 55.46933233 ], [ 36.941662431, 55.469280636 ], [ 36.941431761, 55.469271514 ], [ 36.94121182, 55.469317126 ], [ 36.940573454, 55.469250228 ], [ 36.940417886, 55.469216779 ], [ 36.940230131, 55.469235024 ], [ 36.940074563, 55.469338412 ], [ 36.9398278, 55.469384024 ], [ 36.93936646, 55.469402269 ], [ 36.93903923, 55.469387065 ], [ 36.938540339, 55.469450921 ], [ 36.938180923, 55.469374901 ], [ 36.937998533, 55.469320167 ], [ 36.937590837, 55.469320167 ], [ 36.93729043, 55.469277596 ], [ 36.936957836, 55.469204616 ], [ 36.936652064, 55.469192453 ], [ 36.936501861, 55.469165085 ], [ 36.936410666, 55.469098187 ], [ 36.936335564, 55.468964391 ], [ 36.936324835, 55.468903574 ], [ 36.936201453, 55.468791063 ], [ 36.936126351, 55.468864043 ], [ 36.935949326, 55.468967432 ], [ 36.935713291, 55.468964391 ], [ 36.935552359, 55.468903574 ], [ 36.935482621, 55.468791063 ], [ 36.93558991, 55.468663347 ], [ 36.935139298, 55.46846265 ], [ 36.934704781, 55.468494579 ], [ 36.934264898, 55.468464171 ], [ 36.934930086, 55.468257391 ], [ 36.934833527, 55.467953301 ], [ 36.934651136, 55.4677526 ], [ 36.934039593, 55.467533653 ], [ 36.933047175, 55.467534413 ], [ 36.932923794, 55.467567863 ], [ 36.932835281, 55.46755722 ], [ 36.932792366, 55.467504003 ], [ 36.932784319, 55.467472073 ], [ 36.93217814, 55.467349675 ], [ 36.9320333, 55.467431781 ], [ 36.931791902, 55.467489559 ], [ 36.931539774, 55.467465231 ], [ 36.931325197, 55.467343593 ], [ 36.931191087, 55.467136807 ], [ 36.931132078, 55.46702125 ], [ 36.931164265, 55.466920897 ], [ 36.931260824, 55.466832709 ], [ 36.931416392, 55.466765807 ], [ 36.931625605, 55.466729315 ], [ 36.931872368, 55.466777971 ], [ 36.932054758, 55.466884406 ], [ 36.932934523, 55.466489074 ], [ 36.934232712, 55.466627441 ], [ 36.936013699, 55.466700425 ], [ 36.936389208, 55.466785573 ], [ 36.936475039, 55.466925459 ], [ 36.935386062, 55.467477395 ], [ 36.935327053, 55.467667454 ], [ 36.935673058, 55.467935815 ], [ 36.935777664, 55.468026282 ], [ 36.935927868, 55.468147919 ], [ 36.936142445, 55.46839119 ], [ 36.936322153, 55.46856832 ], [ 36.936595738, 55.46874469 ], [ 36.936863959, 55.46885264 ], [ 36.937154979, 55.46892524 ], [ 36.937440634, 55.468968952 ], [ 36.937859058, 55.468981116 ], [ 36.938234568, 55.468859482 ], [ 36.93867445, 55.468640541 ], [ 36.939233691, 55.468608232 ], [ 36.939750016, 55.468615074 ], [ 36.939774156, 55.468584285 ], [ 36.939833164, 55.46856756 ], [ 36.939672232, 55.467193065 ], [ 36.939586401, 55.467059262 ], [ 36.939564943, 55.466869201 ] ] ] } },
{ "type": "Feature", "properties": { "datasetId": 897, "rowId": null, "releaseNumber": 193, "versionNumber": 6, "ID": 10009, "Name": "Велосипедная дорожка в Сквере Салют", "PortionName": "ул. Лодочная, д. 9, корп. 3", "Type": "Велопешеходная зона", "Width": 0.8, "Location": "ул. Лодочная, д. 9, корп. 3", "OperOrgName": "ГБУ Жилищник района Южное Тушино", "DepartmentalAffiliation": "ПРЕФЕКТУРА СЕВЕРО-ЗАПАДНОГО АДМИНИСТРАТИВНОГО ОКРУГА ГОРОДА МОСКВЫ", "ObjectOperOrgPhone": "(499) 492-11-12", "global_id": 2756589636 }, "geometry": { "type": "MultiLineString", "coordinates": [ [ [ 37.454538345, 55.837617679 ], [ 37.454516888, 55.837617679 ], [ 37.456694841, 55.837870714 ], [ 37.456769943, 55.838298461 ], [ 37.455621958, 55.838750301 ], [ 37.455514669, 55.838780423 ], [ 37.455385923, 55.838756325 ], [ 37.455257177, 55.838653909 ], [ 37.455396652, 55.838497271 ], [ 37.455310822, 55.838141822 ], [ 37.455128431, 55.837870714 ], [ 37.45467782, 55.837635753 ] ] ] } },
{ "type": "Feature", "properties": { "datasetId": 897, "rowId": null, "releaseNumber": 193, "versionNumber": 6, "ID": 10010, "Name": "Велосипедная дорожка в Сквере между Восточным и Западным мостами", "PortionName": "", "Type": "Велопешеходная зона", "Width": 1.2, "Location": "ул. Лодочная, д.3", "OperOrgName": "ГБУ Жилищник района Южное Тушино", "DepartmentalAffiliation": "ПРЕФЕКТУРА СЕВЕРО-ЗАПАДНОГО АДМИНИСТРАТИВНОГО ОКРУГА ГОРОДА МОСКВЫ", "ObjectOperOrgPhone": "(495) 492-11-12", "global_id": 2756589746 }, "geometry": { "type": "MultiLineString", "coordinates": [ [ [ 37.4379462, 55.83679003 ], [ 37.453728318, 55.835640782 ], [ 37.454028726, 55.835914918 ] ] ] } },
{ "type": "Feature", "properties": { "datasetId": 897, "rowId": null, "releaseNumber": 193, "versionNumber": 6, "ID": 10011, "Name": "Велосипедная дорожка в ПИП Тушинский Сходненский ковш", "PortionName": "", "Type": "Велопешеходная дорожка с раздельным движением", "Width": 0.8, "Location": "пр. Донелайтиса, д. 25", "OperOrgName": "ГБУ Автомобильные дороги СЗАО", "DepartmentalAffiliation": "ПРЕФЕКТУРА СЕВЕРО-ЗАПАДНОГО АДМИНИСТРАТИВНОГО ОКРУГА ГОРОДА МОСКВЫ", "ObjectOperOrgPhone": "(499) 492-11-12", "global_id": 2756590073 }, "geometry": { "type": "MultiLineString", "coordinates": [ [ [ 37.403925061, 55.846859935 ], [ 37.40426302, 55.846878004 ], [ 37.404429317, 55.846920167 ], [ 37.404772639, 55.847118933 ], [ 37.406301498, 55.84801638 ], [ 37.407492399, 55.848287417 ], [ 37.410635948, 55.848323555 ], [ 37.411735654, 55.848817439 ], [ 37.412256002, 55.849344442 ], [ 37.412561774, 55.849386602 ], [ 37.412942648, 55.849242054 ], [ 37.413210869, 55.849052333 ], [ 37.413344979, 55.848850565 ], [ 37.413387895, 55.848787324 ], [ 37.413623929, 55.848690957 ], [ 37.414063811, 55.848567486 ], [ 37.41486311, 55.848444015 ], [ 37.415957451, 55.847790514 ], [ 37.416391969, 55.847164107 ], [ 37.416767478, 55.846588888 ], [ 37.416767478, 55.846471434 ], [ 37.416987419, 55.846251583 ], [ 37.417341471, 55.845929333 ], [ 37.418333888, 55.845378189 ], [ 37.419358492, 55.844531882 ] ] ] } },
{ "type": "Feature", "properties": { "datasetId": 897, "rowId": null, "releaseNumber": 193, "versionNumber": 6, "ID": 10012, "Name": "Велосипедная дорожка бульварной зоны 4 МКР Митино", "PortionName": "", "Type": "Велосипедная дорожка двухстороннего движения", "Width": 2.0, "Location": "Пятницкое шоссе, 45", "OperOrgName": "ГБУ Жилищник района Митино", "DepartmentalAffiliation": "ПРЕФЕКТУРА СЕВЕРО-ЗАПАДНОГО АДМИНИСТРАТИВНОГО ОКРУГА ГОРОДА МОСКВЫ", "ObjectOperOrgPhone": "(495) 753-12-22", "global_id": 2756590535 }, "geometry": { "type": "MultiLineString", "coordinates": [ [ [ 37.350490093, 55.857903484 ], [ 37.349363565, 55.857144764 ], [ 37.349020243, 55.857090569 ], [ 37.348762751, 55.856921962 ], [ 37.348301411, 55.856873789 ], [ 37.347668409, 55.856446246 ], [ 37.347593307, 55.856295702 ], [ 37.346788645, 55.855795891 ], [ 37.346788645, 55.855350271 ], [ 37.346724272, 55.855193701 ], [ 37.346799374, 55.855019064 ], [ 37.346917391, 55.852857114 ] ] ] } },
{ "type": "Feature", "properties": { "datasetId": 897, "rowId": null, "releaseNumber": 193, "versionNumber": 6, "ID": 10013, "Name": "Велосипедная дорожка бульварной зоны 5 МКР Митино", "PortionName": "", "Type": "Велосипедная дорожка двухстороннего движения", "Width": 2.0, "Location": "Ангелов переулок, 9", "OperOrgName": "ГБУ Жилищник района Митино", "DepartmentalAffiliation": "ПРЕФЕКТУРА СЕВЕРО-ЗАПАДНОГО АДМИНИСТРАТИВНОГО ОКРУГА ГОРОДА МОСКВЫ", "ObjectOperOrgPhone": "(495) 753-12-22", "global_id": 2756590801 }, "geometry": { "type": "MultiLineString", "coordinates": [ [ [ 37.347023338, 55.852758122 ], [ 37.347133309, 55.852623373 ], [ 37.347258031, 55.851452008 ], [ 37.347203046, 55.851209601 ], [ 37.347255349, 55.850826789 ], [ 37.347325087, 55.850098798 ], [ 37.347443104, 55.84958385 ], [ 37.34757185, 55.849424998 ], [ 37.349291146, 55.848557699 ], [ 37.349336743, 55.848413147 ], [ 37.35010922, 55.847990029 ], [ 37.350235283, 55.847830417 ], [ 37.350726128, 55.847593257 ] ] ] } },
{ "type": "Feature", "properties": { "datasetId": 897, "rowId": null, "releaseNumber": 193, "versionNumber": 6, "ID": 10014, "Name": "Велосипедная дорожка бульварной зоны 6 МКР Митино", "PortionName": "", "Type": "Велосипедная дорожка двухстороннего движения", "Width": 2.0, "Location": "3-й Митинский переулок, 8", "OperOrgName": "ГБУ Жилищник района Митино", "DepartmentalAffiliation": "ПРЕФЕКТУРА СЕВЕРО-ЗАПАДНОГО АДМИНИСТРАТИВНОГО ОКРУГА ГОРОДА МОСКВЫ", "ObjectOperOrgPhone": "(495) 753-12-22", "global_id": 2756590997 }, "geometry": { "type": "MultiLineString", "coordinates": [ [ [ 37.351096272, 55.847706191 ], [ 37.351670265, 55.847395999 ], [ 37.35176146, 55.847203258 ], [ 37.352426648, 55.846820784 ], [ 37.352507114, 55.846811749 ], [ 37.352555394, 55.846778621 ], [ 37.352523208, 55.846730435 ], [ 37.353295684, 55.846311816 ], [ 37.353435159, 55.845748631 ], [ 37.353381515, 55.845459506 ], [ 37.353644371, 55.845188449 ], [ 37.353665829, 55.844824026 ], [ 37.353944778, 55.844601154 ], [ 37.354921103, 55.844122275 ], [ 37.355012298, 55.844068062 ], [ 37.355119586, 55.844077098 ], [ 37.355672121, 55.843769889 ] ] ] } },
{ "type": "Feature", "properties": { "datasetId": 897, "rowId": null, "releaseNumber": 193, "versionNumber": 6, "ID": 10015, "Name": "Велосипедная дорожка бульварной зоны 7 МКР Митино", "PortionName": "", "Type": "Велосипедная дорожка двухстороннего движения", "Width": 2.0, "Location": "Дубравная улица, 43", "OperOrgName": "ГБУ Жилищник района Митино", "DepartmentalAffiliation": "ПРЕФЕКТУРА СЕВЕРО-ЗАПАДНОГО АДМИНИСТРАТИВНОГО ОКРУГА ГОРОДА МОСКВЫ", "ObjectOperOrgPhone": "(495) 753-12-22", "global_id": 2756591174 }, "geometry": { "type": "MultiLineString", "coordinates": [ [ [ 37.356112003, 55.843653932 ], [ 37.356476784, 55.843461172 ], [ 37.356476784, 55.843358768 ], [ 37.358601093, 55.842328688 ], [ 37.358955145, 55.842214232 ], [ 37.359319925, 55.842160017 ], [ 37.359867096, 55.842184113 ], [ 37.360092402, 55.842178089 ], [ 37.363654375, 55.842262424 ], [ 37.363890409, 55.842262424 ], [ 37.364126444, 55.842196161 ], [ 37.364212275, 55.842069657 ], [ 37.36545682, 55.840666044 ], [ 37.366379499, 55.839846744 ] ] ] } },
{ "type": "Feature", "properties": { "datasetId": 897, "rowId": null, "releaseNumber": 193, "versionNumber": 6, "ID": 10016, "Name": "Полесский пр.", "PortionName": "", "Type": "Улица с приоритетным движением велосипедистов", "Width": 7.0, "Location": "Полесский проезд, 12", "OperOrgName": "ГБУ Жилищник района Покровское-Стрешнево", "DepartmentalAffiliation": "ПРЕФЕКТУРА СЕВЕРО-ЗАПАДНОГО АДМИНИСТРАТИВНОГО ОКРУГА ГОРОДА МОСКВЫ", "ObjectOperOrgPhone": "(499) 492-29-36", "global_id": 2756591594 }, "geometry": { "type": "MultiLineString", "coordinates": [ [ [ 37.47113049, 55.813036777 ], [ 37.471135855, 55.81294635 ], [ 37.471060753, 55.812828794 ], [ 37.470797896, 55.812762481 ], [ 37.469510436, 55.812617796 ], [ 37.463824153, 55.812026994 ], [ 37.463598847, 55.812036037 ] ] ] } },
{ "type": "Feature", "properties": { "datasetId": 897, "rowId": null, "releaseNumber": 193, "versionNumber": 6, "ID": 34767, "Name": "Мичуринский проспект", "PortionName": "велопешеходная дорожка с разделением", "Type": "Велопешеходная дорожка с раздельным движением", "Width": 2.0, "Location": "Мичуринский проспект", "OperOrgName": "ГБУ Автомобильные дороги", "DepartmentalAffiliation": "ДЕПАРТАМЕНТ ЖИЛИЩНО-КОММУНАЛЬНОГО ХОЗЯЙСТВА ГОРОДА МОСКВЫ", "ObjectOperOrgPhone": "(495) 940-06-94", "global_id": 2756734585 }, "geometry": { "type": "MultiLineString", "coordinates": [ [ [ 37.514539361, 55.706860328 ], [ 37.518450022, 55.708501488 ], [ 37.522526979, 55.710215113 ], [ 37.526142597, 55.711717117 ] ] ] } },
{ "type": "Feature", "properties": { "datasetId": 897, "rowId": null, "releaseNumber": 193, "versionNumber": 6, "ID": 25684, "Name": "Академика Самарского улица", "PortionName": "велополоса", "Type": "Велосипедная полоса попутного движения", "Width": 1.5, "Location": "Академика Самарского улица", "OperOrgName": "ГБУ Автомобильные дороги", "DepartmentalAffiliation": "ДЕПАРТАМЕНТ ЖИЛИЩНО-КОММУНАЛЬНОГО ХОЗЯЙСТВА ГОРОДА МОСКВЫ", "ObjectOperOrgPhone": "(495) 940-06-94", "global_id": 2756735477 }, "geometry": { "type": "MultiLineString", "coordinates": [ [ [ 37.529602647, 55.705808498 ], [ 37.533347011, 55.703659413 ], [ 37.535589337, 55.702365673 ] ], [ [ 37.535787821, 55.702495654 ], [ 37.529838681, 55.705911264 ] ] ] } },
{ "type": "Feature", "properties": { "datasetId": 897, "rowId": null, "releaseNumber": 193, "versionNumber": 6, "ID": 65323, "Name": "Менделеевская ул. (МГУ)", "PortionName": "велополоса", "Type": "Велопешеходная дорожка с совмещенным движением", "Width": 2.0, "Location": "Менделеевская ул. (МГУ)", "OperOrgName": "ГБУ Автомобильные дороги", "DepartmentalAffiliation": "ДЕПАРТАМЕНТ ЖИЛИЩНО-КОММУНАЛЬНОГО ХОЗЯЙСТВА ГОРОДА МОСКВЫ", "ObjectOperOrgPhone": "(495) 940-06-94", "global_id": 2756735660 }, "geometry": { "type": "MultiLineString", "coordinates": [ [ [ 37.526228428, 55.703909541 ], [ 37.528610229, 55.705231188 ], [ 37.52994597, 55.705974737 ], [ 37.53316462, 55.707730786 ] ] ] } },
{ "type": "Feature", "properties": { "datasetId": 897, "rowId": null, "releaseNumber": 193, "versionNumber": 6, "ID": 65324, "Name": "Колмогорова ул. (МГУ)", "PortionName": "велозона", "Type": "Велопешеходная дорожка с совмещенным движением", "Width": 2.0, "Location": "Колмогорова ул. (МГУ)", "OperOrgName": "ГБУ Автомобильные дороги", "DepartmentalAffiliation": "ДЕПАРТАМЕНТ ЖИЛИЩНО-КОММУНАЛЬНОГО ХОЗЯЙСТВА ГОРОДА МОСКВЫ", "ObjectOperOrgPhone": "(495) 940-82-63", "global_id": 2756735946 }, "geometry": { "type": "MultiLineString", "coordinates": [ [ [ 37.515547872, 55.706316281 ], [ 37.51989305, 55.703834729 ], [ 37.522907853, 55.702120825 ], [ 37.526126504, 55.700273835 ], [ 37.528889179, 55.698689768 ], [ 37.533647418, 55.695941682 ], [ 37.536640763, 55.694215338 ] ] ] } },
{ "type": "Feature", "properties": { "datasetId": 897, "rowId": null, "releaseNumber": 193, "versionNumber": 6, "ID": 65325, "Name": "Аллея Партизан (Парк Победы)", "PortionName": "совмещенная велопешеходная дорожка", "Type": "Велопешеходная дорожка с совмещенным движением", "Width": 2.0, "Location": "Аллея Партизан (Парк Победы)", "OperOrgName": "ГБУ Автомобильные дороги", "DepartmentalAffiliation": "ДЕПАРТАМЕНТ ЖИЛИЩНО-КОММУНАЛЬНОГО ХОЗЯЙСТВА ГОРОДА МОСКВЫ", "ObjectOperOrgPhone": "(495) 940-06-94", "global_id": 2756736448 }, "geometry": { "type": "MultiLineString", "coordinates": [ [ [ 37.510757446, 55.732508046 ], [ 37.511079311, 55.732169752 ], [ 37.511154413, 55.731837495 ], [ 37.51109004, 55.731607934 ], [ 37.511014938, 55.731070274 ], [ 37.510714531, 55.730611142 ], [ 37.510135174, 55.73008555 ], [ 37.509491444, 55.729710987 ], [ 37.507839203, 55.728949765 ], [ 37.50721693, 55.728738312 ], [ 37.506476641, 55.728605398 ], [ 37.50518918, 55.728406026 ], [ 37.503590584, 55.728327486 ], [ 37.502281666, 55.728424151 ], [ 37.500994205, 55.728526858 ], [ 37.499696016, 55.728780603 ], [ 37.498590946, 55.729106844 ], [ 37.49745369, 55.729602242 ], [ 37.496391535, 55.730423863 ], [ 37.494803667, 55.731710633 ] ], [ [ 37.514228225, 55.733920092 ], [ 37.514094114, 55.733648259 ], [ 37.512061, 55.732853889 ] ], [ [ 37.496262789, 55.72746957 ], [ 37.499631643, 55.72876852 ] ], [ [ 37.514276505, 55.735307926 ], [ 37.494878769, 55.731768023 ] ] ] } },
{ "type": "Feature", "properties": { "datasetId": 897, "rowId": null, "releaseNumber": 193, "versionNumber": 6, "ID": 65326, "Name": "Большая Академическая ул.", "PortionName": "велопешеходная дорожка с разделением", "Type": "Велопешеходная дорожка с раздельным движением", "Width": 2.0, "Location": "Большая Академическая ул.", "OperOrgName": "ГБУ Автомобильные дороги", "DepartmentalAffiliation": "ДЕПАРТАМЕНТ ЖИЛИЩНО-КОММУНАЛЬНОГО ХОЗЯЙСТВА ГОРОДА МОСКВЫ", "ObjectOperOrgPhone": "(495) 940-06-94", "global_id": 2756737416 }, "geometry": { "type": "MultiLineString", "coordinates": [ [ [ 37.55892992, 55.844354186 ], [ 37.558023334, 55.844022885 ], [ 37.557760477, 55.843941565 ], [ 37.557234764, 55.843745794 ], [ 37.557025552, 55.84365845 ], [ 37.55671978, 55.843592189 ], [ 37.556456923, 55.843468702 ], [ 37.556317449, 55.843423524 ], [ 37.556043863, 55.84335425 ], [ 37.555029988, 55.84295969 ], [ 37.554869056, 55.842935595 ], [ 37.552996874, 55.842245858 ], [ 37.552932501, 55.842161523 ], [ 37.551012039, 55.841420568 ], [ 37.550668716, 55.84123382 ], [ 37.55058825, 55.841152495 ], [ 37.549279332, 55.840655501 ] ], [ [ 37.549676299, 55.840095246 ], [ 37.548072338, 55.839519923 ], [ 37.54786849, 55.839327142 ], [ 37.547385693, 55.839257861 ], [ 37.546103597, 55.838806027 ], [ 37.545604706, 55.838691562 ], [ 37.545261383, 55.838522875 ], [ 37.5450629, 55.838468654 ], [ 37.541956902, 55.837299876 ], [ 37.539521456, 55.836378082 ], [ 37.539483905, 55.836332896 ] ], [ [ 37.537933588, 55.836366033 ], [ 37.537831664, 55.83637507 ], [ 37.536774874, 55.835784629 ], [ 37.535734177, 55.835203216 ], [ 37.535487413, 55.835061627 ], [ 37.535160184, 55.834823636 ], [ 37.533642054, 55.83405844 ], [ 37.533545494, 55.833934923 ], [ 37.533057332, 55.83344085 ], [ 37.53307879, 55.833380596 ], [ 37.532333136, 55.832630436 ], [ 37.53229022, 55.832446659 ], [ 37.531083226, 55.83101257 ], [ 37.531093955, 55.83097039 ], [ 37.530766726, 55.830617885 ], [ 37.53067553, 55.83056064 ], [ 37.5305897, 55.830078576 ] ], [ [ 37.531067133, 55.829629648 ], [ 37.530874014, 55.829108403 ], [ 37.530750632, 55.82863536 ], [ 37.530482411, 55.827568732 ], [ 37.53017664, 55.826423731 ], [ 37.530106902, 55.826155555 ], [ 37.53031075, 55.825989827 ], [ 37.530477047, 55.825546879 ], [ 37.52957046, 55.82470014 ], [ 37.528202534, 55.8232959 ], [ 37.527623177, 55.82269622 ], [ 37.527430058, 55.822617869 ], [ 37.526673675, 55.821846405 ], [ 37.52519846, 55.820369734 ], [ 37.525160909, 55.820267269 ], [ 37.525219917, 55.820116585 ], [ 37.524608374, 55.819516855 ], [ 37.524490356, 55.819486718 ], [ 37.524141669, 55.819125067 ], [ 37.52413094, 55.819016571 ], [ 37.523165345, 55.818070234 ], [ 37.523095608, 55.817925569 ], [ 37.52261281, 55.817449375 ], [ 37.522446513, 55.817404167 ], [ 37.52132535, 55.816282979 ] ] ] } },
{ "type": "Feature", "properties": { "datasetId": 897, "rowId": null, "releaseNumber": 193, "versionNumber": 6, "ID": 65327, "Name": "Зайцевское шоссе", "PortionName": "велодорожка", "Type": "Велопешеходная дорожка с совмещенным движением", "Width": 2.0, "Location": "Зайцевское шоссе", "OperOrgName": "ГБУ Автомобильные дороги", "DepartmentalAffiliation": "ДЕПАРТАМЕНТ ЖИЛИЩНО-КОММУНАЛЬНОГО ХОЗЯЙСТВА ГОРОДА МОСКВЫ", "ObjectOperOrgPhone": "(495) 940-06-94", "global_id": 2756738600 }, "geometry": { "type": "MultiLineString", "coordinates": [ [ [ 37.159484625, 55.596169952 ], [ 37.159035355, 55.596194957 ], [ 37.158885151, 55.596223752 ], [ 37.158284336, 55.59652761 ], [ 37.158001363, 55.596688252 ], [ 37.158166319, 55.596783727 ], [ 37.15847075, 55.597008397 ], [ 37.15870142, 55.597320584 ], [ 37.158792615, 55.597463795 ], [ 37.158948183, 55.597757792 ], [ 37.159012556, 55.598063911 ], [ 37.159060836, 55.598624618 ], [ 37.158991098, 55.598842837 ], [ 37.159050107, 55.599888452 ], [ 37.159157395, 55.600409734 ], [ 37.159259319, 55.600700679 ], [ 37.159355879, 55.60093707 ], [ 37.159602642, 55.601231041 ], [ 37.159838676, 55.601455307 ], [ 37.160160542, 55.601667449 ], [ 37.160562873, 55.601885651 ], [ 37.161169052, 55.602164462 ], [ 37.161844969, 55.60243115 ], [ 37.162290215, 55.602616012 ], [ 37.162864208, 55.602909971 ], [ 37.163282633, 55.602676622 ], [ 37.16252625, 55.602297807 ], [ 37.16211319, 55.602122035 ], [ 37.161641121, 55.601946262 ], [ 37.161029577, 55.601697755 ], [ 37.160659432, 55.601476521 ], [ 37.160353661, 55.601282562 ], [ 37.160176635, 55.601067387 ], [ 37.160074711, 55.600882518 ], [ 37.159945965, 55.600673403 ], [ 37.159929872, 55.600333966 ] ] ] } },
{ "type": "Feature", "properties": { "datasetId": 897, "rowId": null, "releaseNumber": 193, "versionNumber": 6, "ID": 65328, "Name": "Проектируемый проезд № 7037 (700123921 ТиНАО, Дорога от Боровского ш. до Киевского ш.)", "PortionName": "велодорожка", "Type": "Велопешеходная дорожка с совмещенным движением", "Width": 2.0, "Location": "ТиНАО, Дорога от Боровского ш. до Киевского ш.", "OperOrgName": "ГБУ Автомобильные дороги", "DepartmentalAffiliation": "ДЕПАРТАМЕНТ ЖИЛИЩНО-КОММУНАЛЬНОГО ХОЗЯЙСТВА ГОРОДА МОСКВЫ", "ObjectOperOrgPhone": "(495) 940-06-94", "global_id": 2756738718 }, "geometry": { "type": "MultiLineString", "coordinates": [ [ [ 37.162971497, 55.579548513 ], [ 37.163347006, 55.579063342 ], [ 37.163733244, 55.578590295 ], [ 37.164151669, 55.578038399 ], [ 37.164334059, 55.577668443 ], [ 37.164441347, 55.577413717 ], [ 37.164484262, 55.577158989 ], [ 37.164484262, 55.576813284 ], [ 37.164366245, 55.576528227 ], [ 37.164065838, 55.575873195 ], [ 37.163507938, 55.574623751 ], [ 37.162832022, 55.573204431 ], [ 37.162563801, 55.572452293 ], [ 37.162209749, 55.571827521 ], [ 37.16183424, 55.571360453 ], [ 37.161126137, 55.570844851 ], [ 37.160686255, 55.570656806 ], [ 37.159506083, 55.570238252 ], [ 37.158014774, 55.569868222 ], [ 37.156716585, 55.569528519 ], [ 37.155579329, 55.569200946 ], [ 37.154527903, 55.568915834 ], [ 37.153841257, 55.568636786 ], [ 37.1532619, 55.568242475 ], [ 37.152768373, 55.567823895 ], [ 37.152478695, 55.567405311 ], [ 37.15233922, 55.56691999 ], [ 37.152307034, 55.566313331 ], [ 37.152360678, 55.565815863 ], [ 37.152392864, 55.565324456 ], [ 37.152285576, 55.565154585 ] ] ] } },
{ "type": "Feature", "properties": { "datasetId": 897, "rowId": null, "releaseNumber": 193, "versionNumber": 6, "ID": 65329, "Name": "Проектируемый проезд № 7083 1042033245 Внуковское шоссе (этап 1)", "PortionName": "велодорожка", "Type": "Велопешеходная дорожка с совмещенным движением", "Width": 2.0, "Location": "Внуковское шоссе (этап 1)", "OperOrgName": "ГБУ Автомобильные дороги", "DepartmentalAffiliation": "ДЕПАРТАМЕНТ ЖИЛИЩНО-КОММУНАЛЬНОГО ХОЗЯЙСТВА ГОРОДА МОСКВЫ", "ObjectOperOrgPhone": "(495) 940-06-94", "global_id": 2756738896 }, "geometry": { "type": "MultiLineString", "coordinates": [ [ [ 37.269809246, 55.64818819 ], [ 37.269905806, 55.648115543 ], [ 37.271182537, 55.648151867 ], [ 37.271579504, 55.648055002 ], [ 37.272309065, 55.648048948 ], [ 37.272942066, 55.64824873 ], [ 37.279293537, 55.648472727 ], [ 37.279797792, 55.648490889 ], [ 37.280666828, 55.648466673 ], [ 37.281471491, 55.648460619 ], [ 37.282812595, 55.648363756 ], [ 37.284647226, 55.648151867 ], [ 37.290558815, 55.647328514 ], [ 37.301491499, 55.645790737 ], [ 37.304624319, 55.645360875 ], [ 37.304774523, 55.645288221 ], [ 37.30489254, 55.645118697 ], [ 37.305450439, 55.645167133 ], [ 37.30571866, 55.645251895 ], [ 37.306169271, 55.645227677 ], [ 37.306866646, 55.64519135 ], [ 37.311952114, 55.645366929 ], [ 37.316865921, 55.645524344 ], [ 37.323571444, 55.645681758 ], [ 37.325749397, 55.645730193 ], [ 37.326328754, 55.645699921 ], [ 37.327176332, 55.645578833 ], [ 37.327680588, 55.645433528 ], [ 37.32821703, 55.645167133 ], [ 37.328839302, 55.644809918 ], [ 37.329150438, 55.644513246 ], [ 37.329354286, 55.644137861 ], [ 37.329933643, 55.6425273 ], [ 37.330051661, 55.642218501 ] ] ] } },
{ "type": "Feature", "properties": { "datasetId": 897, "rowId": null, "releaseNumber": 193, "versionNumber": 6, "ID": 65330, "Name": "Александра Печёрского ул. 10005784 ТиНАО, посел. Первомайское, М-3 «Украина»-г.Троицк (М-1 «Беларусь»-Крекшино-Троицк)", "PortionName": "велопешеходная дорожка с разделением", "Type": "Велопешеходная дорожка с раздельным движением", "Width": 2.0, "Location": "ТиНАО, посел. Первомайское, М-3 «Украина»-г.Троицк (М-1 «Беларусь»-Крекшино-Троицк)", "OperOrgName": "ГБУ Автомобильные дороги", "DepartmentalAffiliation": "ДЕПАРТАМЕНТ ЖИЛИЩНО-КОММУНАЛЬНОГО ХОЗЯЙСТВА ГОРОДА МОСКВЫ", "ObjectOperOrgPhone": "(495) 940-06-94", "global_id": 2756739243 }, "geometry": { "type": "MultiLineString", "coordinates": [ [ [ 37.157022357, 55.549321542 ], [ 37.156131864, 55.547992351 ], [ 37.155718803, 55.547409677 ], [ 37.155284286, 55.547172963 ], [ 37.155123353, 55.546936248 ], [ 37.155091166, 55.546760229 ], [ 37.155284286, 55.54653565 ], [ 37.155461311, 55.546405152 ], [ 37.155584693, 55.546195746 ], [ 37.155600786, 55.546095595 ], [ 37.155445218, 55.545458265 ], [ 37.155557871, 55.545446125 ], [ 37.155879736, 55.54582549 ], [ 37.15602994, 55.546320176 ], [ 37.156131864, 55.546423361 ], [ 37.156287432, 55.546490128 ], [ 37.156518102, 55.54654172 ], [ 37.156684399, 55.546544755 ], [ 37.157065272, 55.546459779 ], [ 37.15759635, 55.546347489 ], [ 37.158819437, 55.546135048 ], [ 37.160391212, 55.545843699 ], [ 37.16330409, 55.545163875 ], [ 37.166211605, 55.54451439 ], [ 37.170122266, 55.54368279 ], [ 37.170594335, 55.543537106 ], [ 37.170862556, 55.543439984 ], [ 37.171044946, 55.54331858 ], [ 37.171211243, 55.543270018 ], [ 37.171425819, 55.543227527 ], [ 37.17174232, 55.543263948 ], [ 37.171978354, 55.54332465 ], [ 37.172117829, 55.54333679 ], [ 37.17418313, 55.542893664 ], [ 37.178313732, 55.541977044 ], [ 37.181752324, 55.541175743 ], [ 37.182632089, 55.540951133 ], [ 37.184718847, 55.540632428 ], [ 37.186510563, 55.540432097 ], [ 37.187867761, 55.540177129 ], [ 37.19040513, 55.5398827 ], [ 37.193248272, 55.539539703 ], [ 37.194213867, 55.539390969 ], [ 37.194734216, 55.539236163 ], [ 37.195946574, 55.538774778 ], [ 37.197743654, 55.538000731 ], [ 37.199755311, 55.537090069 ], [ 37.203134894, 55.535620822 ], [ 37.204406261, 55.535074394 ], [ 37.205109, 55.534801177 ], [ 37.205500603, 55.534691889 ], [ 37.206042409, 55.53457653 ], [ 37.206605673, 55.534500636 ], [ 37.207303047, 55.534427777 ], [ 37.207737565, 55.534400455 ], [ 37.208987474, 55.534388312 ], [ 37.211916447, 55.534099911 ], [ 37.216014862, 55.533665788 ], [ 37.219576836, 55.533313629 ], [ 37.226985097, 55.532515187 ], [ 37.227961421, 55.532472684 ], [ 37.228878736, 55.532372498 ], [ 37.229806781, 55.53226624 ], [ 37.230193019, 55.532193377 ], [ 37.230482697, 55.532181234 ], [ 37.230659723, 55.532199449 ], [ 37.231137156, 55.532147838 ], [ 37.23193109, 55.532002112 ], [ 37.232365608, 55.531880673 ], [ 37.232832313, 55.531734946 ], [ 37.233213186, 55.531510282 ], [ 37.233749628, 55.531082202 ], [ 37.233996391, 55.530581252 ], [ 37.234339714, 55.530034754 ], [ 37.234940529, 55.529366802 ], [ 37.23608315, 55.528106769 ], [ 37.236780524, 55.527241423 ], [ 37.237118483, 55.526479295 ], [ 37.237445712, 55.525425651 ], [ 37.237719297, 55.52496714 ], [ 37.237944603, 55.524472185 ], [ 37.238577604, 55.522619846 ], [ 37.23926425, 55.520761345 ], [ 37.239827514, 55.519306673 ], [ 37.240063548, 55.518025059 ], [ 37.240170836, 55.517241492 ], [ 37.240219116, 55.517077488 ], [ 37.240347862, 55.515267322 ], [ 37.240385413, 55.514298423 ], [ 37.240288854, 55.514012913 ], [ 37.240342498, 55.513821559 ], [ 37.2404176, 55.513690951 ], [ 37.240439057, 55.513563381 ], [ 37.240449786, 55.513186743 ], [ 37.240653634, 55.51269164 ], [ 37.240685821, 55.51265519 ] ], [ [ 37.241141796, 55.51275087 ], [ 37.240948677, 55.513091064 ], [ 37.240841389, 55.513364431 ], [ 37.24083066, 55.513485928 ], [ 37.240905762, 55.513595274 ], [ 37.240819931, 55.515205058 ], [ 37.240766287, 55.516249864 ], [ 37.240626812, 55.516614324 ], [ 37.240637541, 55.516887668 ], [ 37.240691185, 55.517239974 ], [ 37.240626812, 55.517847391 ], [ 37.240251303, 55.519566331 ], [ 37.239650488, 55.521145503 ], [ 37.238845825, 55.523319797 ], [ 37.238352299, 55.524977768 ], [ 37.237815857, 55.526720687 ], [ 37.237547636, 55.527249014 ], [ 37.236936092, 55.528129541 ], [ 37.235713005, 55.529356175 ], [ 37.235348225, 55.529574779 ], [ 37.234221697, 55.531013891 ], [ 37.233567238, 55.531560376 ], [ 37.233116627, 55.531851831 ], [ 37.232558727, 55.532040061 ], [ 37.231850624, 55.532222219 ], [ 37.231035233, 55.532319369 ], [ 37.229393721, 55.532501526 ], [ 37.227945328, 55.532653322 ], [ 37.226293087, 55.532908338 ], [ 37.224876881, 55.533126923 ], [ 37.221711874, 55.533491227 ], [ 37.219405174, 55.53371588 ], [ 37.217355967, 55.533922316 ], [ 37.216004133, 55.533995176 ], [ 37.212978601, 55.534286613 ], [ 37.209438086, 55.534638763 ], [ 37.206680775, 55.534942339 ], [ 37.205961943, 55.535051626 ], [ 37.205221653, 55.535288412 ], [ 37.203998566, 55.535768052 ], [ 37.202582359, 55.536411611 ], [ 37.199707031, 55.5376562 ], [ 37.19630599, 55.539076804 ], [ 37.195179462, 55.539604964 ], [ 37.194503546, 55.539787086 ], [ 37.193301916, 55.539963137 ], [ 37.190834284, 55.54024846 ], [ 37.187969685, 55.540570204 ], [ 37.187100649, 55.540709828 ], [ 37.186038494, 55.540819098 ], [ 37.184203863, 55.54104978 ], [ 37.182358503, 55.541414011 ], [ 37.181231976, 55.54166897 ], [ 37.180942297, 55.541717534 ], [ 37.172487974, 55.543538624 ], [ 37.172262669, 55.543672167 ], [ 37.172123194, 55.543872481 ], [ 37.171940804, 55.544012093 ], [ 37.171586752, 55.544078864 ], [ 37.171415091, 55.544018163 ], [ 37.171189785, 55.544048514 ], [ 37.170900106, 55.544030304 ], [ 37.170460224, 55.544091004 ], [ 37.162284851, 55.545857356 ], [ 37.161426544, 55.545966612 ], [ 37.156759501, 55.546955975 ], [ 37.156544924, 55.547144133 ], [ 37.156512737, 55.54733229 ], [ 37.156974077, 55.54808491 ], [ 37.157746553, 55.549395891 ] ] ] } },
{ "type": "Feature", "properties": { "datasetId": 897, "rowId": null, "releaseNumber": 193, "versionNumber": 6, "ID": 65331, "Name": "Проектируемый проезд № 7040 10005784 ТиНАО, посел. Первомайское, М-3 «Украина»-г.Троицк (М-1 «Беларусь»-Крекшино-Троицк)", "PortionName": "велопешеходная дорожка с разделением", "Type": "Велопешеходная дорожка с раздельным движением", "Width": 2.0, "Location": "ТиНАО, посел. Первомайское, М-3 Украина - г.Троицк (М-1 Беларусь - Крекшино-Троицк)", "OperOrgName": "ГБУ Автомобильные дороги", "DepartmentalAffiliation": "ДЕПАРТАМЕНТ ЖИЛИЩНО-КОММУНАЛЬНОГО ХОЗЯЙСТВА ГОРОДА МОСКВЫ", "ObjectOperOrgPhone": "(495) 940-06-94", "global_id": 2756739543 }, "geometry": { "type": "MultiLineString", "coordinates": [ [ [ 37.240766287, 55.512483573 ], [ 37.240755558, 55.512404599 ], [ 37.241184711, 55.512015799 ], [ 37.241678238, 55.511736347 ], [ 37.242311239, 55.511475118 ], [ 37.242804766, 55.51132324 ], [ 37.244135141, 55.510855452 ], [ 37.246388197, 55.510120345 ], [ 37.24801898, 55.509640392 ], [ 37.249950171, 55.50899032 ], [ 37.252138853, 55.508303783 ], [ 37.254016399, 55.507696219 ], [ 37.254885435, 55.507459266 ], [ 37.256237268, 55.506894219 ], [ 37.257707119, 55.506474986 ], [ 37.258994579, 55.506049672 ], [ 37.260839939, 55.505405616 ], [ 37.262696028, 55.504773703 ], [ 37.263103724, 55.504573189 ], [ 37.264155149, 55.504081016 ], [ 37.265367508, 55.503558455 ], [ 37.265925407, 55.503303249 ], [ 37.26654768, 55.503072346 ], [ 37.267030478, 55.502938665 ], [ 37.26755619, 55.502847518 ], [ 37.268135548, 55.502768524 ], [ 37.268736362, 55.502732066 ], [ 37.269358635, 55.502744219 ], [ 37.270163298, 55.502756372 ], [ 37.273145914, 55.502883977 ], [ 37.27668643, 55.502999429 ], [ 37.278789282, 55.503041964 ], [ 37.280516624, 55.503114881 ], [ 37.280709743, 55.503139186 ] ], [ [ 37.280752659, 55.503224256 ], [ 37.280699015, 55.503291096 ], [ 37.280548811, 55.503327554 ], [ 37.280344963, 55.50333363 ], [ 37.278327942, 55.503291096 ], [ 37.274047136, 55.503157415 ], [ 37.271536589, 55.503060193 ], [ 37.269541025, 55.502993353 ], [ 37.268704176, 55.502987276 ], [ 37.268167734, 55.503035887 ], [ 37.267534733, 55.503114881 ], [ 37.26700902, 55.503230332 ], [ 37.266322374, 55.503473387 ], [ 37.265410423, 55.503874423 ], [ 37.264090776, 55.504494199 ], [ 37.26221323, 55.505344856 ], [ 37.261548042, 55.505685114 ], [ 37.25972414, 55.506250178 ], [ 37.258286476, 55.506730172 ], [ 37.256505489, 55.507343827 ], [ 37.253769636, 55.508224801 ], [ 37.251098156, 55.509123981 ], [ 37.249660492, 55.509561412 ], [ 37.248769999, 55.509853031 ], [ 37.246484756, 55.510594217 ], [ 37.244575024, 55.511213887 ], [ 37.24350214, 55.511560169 ], [ 37.243072987, 55.511663446 ], [ 37.242418528, 55.511906448 ], [ 37.241882086, 55.512082624 ], [ 37.241517305, 55.512392449 ], [ 37.241292, 55.512605072 ] ] ] } },
{ "type": "Feature", "properties": { "datasetId": 897, "rowId": null, "releaseNumber": 193, "versionNumber": 6, "ID": 65332, "Name": "Проектируемый проезд № 7084", "PortionName": "велопешеходная дорожка с разделением", "Type": "Велопешеходная дорожка с раздельным движением", "Width": 2.0, "Location": "Внуковское шоссе (2 этап)", "OperOrgName": "ГБУ Автомобильные дороги", "DepartmentalAffiliation": "ДЕПАРТАМЕНТ ЖИЛИЩНО-КОММУНАЛЬНОГО ХОЗЯЙСТВА ГОРОДА МОСКВЫ", "ObjectOperOrgPhone": "(495) 940-06-94", "global_id": 2756741226 }, "geometry": { "type": "MultiLineString", "coordinates": [ [ [ 37.305428982, 55.645124751 ], [ 37.305364609, 55.644973389 ], [ 37.305418253, 55.644828081 ], [ 37.305525541, 55.644337663 ], [ 37.305825949, 55.643150946 ], [ 37.305976152, 55.642624178 ], [ 37.306051254, 55.642224555 ], [ 37.306072712, 55.641933919 ], [ 37.306083441, 55.641606949 ], [ 37.306051254, 55.641413189 ], [ 37.305858135, 55.641128601 ], [ 37.305740118, 55.640910617 ], [ 37.305117846, 55.640329322 ], [ 37.30452776, 55.639923621 ], [ 37.303476334, 55.639142484 ], [ 37.303036451, 55.638791269 ], [ 37.302339077, 55.638191776 ], [ 37.301899195, 55.637731552 ], [ 37.301652431, 55.637356103 ], [ 37.301319838, 55.636835312 ], [ 37.301126719, 55.636471966 ], [ 37.301051617, 55.636096504 ], [ 37.300922871, 55.635678648 ], [ 37.300869226, 55.635176003 ], [ 37.300879955, 55.634739968 ], [ 37.301030159, 55.634194918 ], [ 37.301588058, 55.632771696 ], [ 37.302178144, 55.631481667 ], [ 37.302532196, 55.630585284 ], [ 37.302843332, 55.630040176 ], [ 37.303090096, 55.629652539 ], [ 37.303476334, 55.629343639 ], [ 37.303819656, 55.629016564 ], [ 37.304184437, 55.628774285 ], [ 37.304688692, 55.628422978 ], [ 37.305203676, 55.628235209 ], [ 37.305976152, 55.627980811 ], [ 37.305858135, 55.627902069 ] ] ] } },
{ "type": "Feature", "properties": { "datasetId": 897, "rowId": null, "releaseNumber": 193, "versionNumber": 6, "ID": 65333, "Name": "Знаменка ул. (БК)", "PortionName": "велополоса", "Type": "Двустороняя велополоса", "Width": 2.0, "Location": "Знаменка ул.", "OperOrgName": "ГБУ Автомобильные дороги", "DepartmentalAffiliation": "ДЕПАРТАМЕНТ ЖИЛИЩНО-КОММУНАЛЬНОГО ХОЗЯЙСТВА ГОРОДА МОСКВЫ", "ObjectOperOrgPhone": "(495) 940-06-94", "global_id": 2756820604 }, "geometry": { "type": "MultiLineString", "coordinates": [ [ [ 37.600307018, 55.751001427 ], [ 37.600851506, 55.750971991 ], [ 37.601646781, 55.750922177 ], [ 37.601995468, 55.750902553 ], [ 37.60211885, 55.750888968 ], [ 37.602244914, 55.750857268 ] ] ] } },
{ "type": "Feature", "properties": { "datasetId": 897, "rowId": null, "releaseNumber": 193, "versionNumber": 6, "ID": 65334, "Name": "Китайгородский проезд", "PortionName": "временная велополоса", "Type": "Велосипедная полоса попутного движения", "Width": 2.0, "Location": "Китайгородский проезд", "OperOrgName": "ГБУ Автомобильные дороги", "DepartmentalAffiliation": "ДЕПАРТАМЕНТ ЖИЛИЩНО-КОММУНАЛЬНОГО ХОЗЯЙСТВА ГОРОДА МОСКВЫ", "ObjectOperOrgPhone": "(495) 940-06-94", "global_id": 2756821302 }, "geometry": { "type": "MultiLineString", "coordinates": [ [ [ 37.633430958, 55.753312059 ], [ 37.633425593, 55.753158097 ], [ 37.633323669, 55.752865265 ], [ 37.633173466, 55.752391294 ], [ 37.633039355, 55.752004869 ], [ 37.632862329, 55.751980717 ] ] ] } },
{ "type": "Feature", "properties": { "datasetId": 897, "rowId": null, "releaseNumber": 193, "versionNumber": 6, "ID": 65335, "Name": "Серафимовича ул.", "PortionName": "совмещенная велопешеходная дорожка", "Type": "Велопешеходная дорожка с совмещенным движением", "Width": 1.5, "Location": "Серафимовича ул.", "OperOrgName": "ГБУ Автомобильные дороги", "DepartmentalAffiliation": "ДЕПАРТАМЕНТ ЖИЛИЩНО-КОММУНАЛЬНОГО ХОЗЯЙСТВА ГОРОДА МОСКВЫ", "ObjectOperOrgPhone": "(495) 940-06-94", "global_id": 2756821648 }, "geometry": { "type": "MultiLineString", "coordinates": [ [ [ 37.614837885, 55.743013353 ], [ 37.614628673, 55.743116021 ] ] ] } },
{ "type": "Feature", "properties": { "datasetId": 897, "rowId": null, "releaseNumber": 193, "versionNumber": 6, "ID": 65338, "Name": "Верхние Поля ул.", "PortionName": "велопешеходная дорожка с разделением", "Type": "Велопешеходная дорожка с раздельным движением", "Width": 3.0, "Location": "Верхние Поля ул.", "OperOrgName": "ГБУ Автомобильные дороги", "DepartmentalAffiliation": "ДЕПАРТАМЕНТ ЖИЛИЩНО-КОММУНАЛЬНОГО ХОЗЯЙСТВА ГОРОДА МОСКВЫ", "ObjectOperOrgPhone": "(495) 940-82-63", "global_id": 2756822980 }, "geometry": { "type": "MultiLineString", "coordinates": [ [ [ 37.780163884, 55.660192927 ], [ 37.780625224, 55.660056754 ], [ 37.781285048, 55.659872163 ], [ 37.781483531, 55.659817693 ], [ 37.782239914, 55.659699675 ], [ 37.78421402, 55.659218522 ], [ 37.785882354, 55.65880999 ], [ 37.786064744, 55.658773676 ], [ 37.78642416, 55.658655655 ], [ 37.786649466, 55.658583026 ], [ 37.78706789, 55.658486188 ], [ 37.787271738, 55.658440795 ], [ 37.787679434, 55.65838935 ], [ 37.788210511, 55.658268301 ], [ 37.790216804, 55.657856734 ] ] ] } },
{ "type": "Feature", "properties": { "datasetId": 897, "rowId": null, "releaseNumber": 193, "versionNumber": 6, "ID": 65339, "Name": "Природно-исторический парк Покровское-Стрешнево", "PortionName": "Двухсторонняя велополоса", "Type": "Двустороняя велополоса", "Width": 2.5, "Location": "Ленинградское шоссе, 23Ас2", "OperOrgName": "ГБУ Автомобильные дороги", "DepartmentalAffiliation": "ДЕПАРТАМЕНТ ЖИЛИЩНО-КОММУНАЛЬНОГО ХОЗЯЙСТВА ГОРОДА МОСКВЫ", "ObjectOperOrgPhone": "(495) 940-06-94", "global_id": 2756828525 }, "geometry": { "type": "MultiLineString", "coordinates": [ [ [ 37.4827981, 55.826731077 ], [ 37.482218742, 55.825965722 ], [ 37.481521368, 55.825010513 ], [ 37.48108685, 55.824437979 ], [ 37.48077035, 55.824022134 ], [ 37.479676008, 55.822135706 ], [ 37.479043007, 55.821686687 ], [ 37.477481961, 55.82077055 ], [ 37.474086285, 55.818751358 ], [ 37.47320652, 55.818232981 ], [ 37.473115325, 55.818166677 ], [ 37.472723722, 55.818094345 ], [ 37.472401857, 55.8181064 ], [ 37.471956611, 55.818190788 ], [ 37.471666932, 55.818190788 ] ], [ [ 37.470787168, 55.818046123 ], [ 37.471978068, 55.818353535 ], [ 37.472509146, 55.818477101 ], [ 37.472777367, 55.818519295 ], [ 37.473163605, 55.818543405 ], [ 37.47366786, 55.818501212 ], [ 37.474204302, 55.819715761 ], [ 37.474268675, 55.820128639 ], [ 37.473721504, 55.82117739 ], [ 37.473683953, 55.823431505 ], [ 37.473662496, 55.824712194 ], [ 37.473646402, 55.824793554 ], [ 37.473576665, 55.82486286 ], [ 37.473421097, 55.82498038 ] ], [ [ 37.464741468, 55.822892096 ], [ 37.466849685, 55.82304277 ], [ 37.468560934, 55.823961866 ], [ 37.469585538, 55.824287311 ], [ 37.470052242, 55.824377712 ], [ 37.470738888, 55.824597687 ], [ 37.473238707, 55.82488998 ], [ 37.473753691, 55.825158165 ], [ 37.474005818, 55.825224458 ], [ 37.477460504, 55.825803006 ], [ 37.480598688, 55.826315256 ], [ 37.481569648, 55.826321282 ], [ 37.481939793, 55.826363467 ], [ 37.482454777, 55.826547272 ], [ 37.482787371, 55.82672505 ] ], [ [ 37.480287552, 55.818038588 ], [ 37.483259439, 55.818562995 ] ] ] } },
{ "type": "Feature", "properties": { "datasetId": 897, "rowId": null, "releaseNumber": 193, "versionNumber": 6, "ID": 4049, "Name": "Велодорожка в парке Летчиков-испытателей (Мкр. Никулино-1, ул. Ак. Анохина, вл.2)", "PortionName": "Велодорожка в парке Летчиков-испытателей", "Type": "Велосипедная дорожка двухстороннего движения", "Width": 1.0, "Location": "Велодорожка в парке Летчиков-испытателей", "OperOrgName": "Жилищник района Тропарёво-Никулино", "DepartmentalAffiliation": "ПРЕФЕКТУРА ЗАПАДНОГО АДМИНИСТРАТИВНОГО ОКРУГА ГОРОДА МОСКВЫ", "ObjectOperOrgPhone": "(499) 792-00-63", "global_id": 2757009871 }, "geometry": { "type": "MultiLineString", "coordinates": [ [ [ 37.468429506, 55.671190381 ], [ 37.46843487, 55.671403658 ], [ 37.468432188, 55.671494414 ], [ 37.468472421, 55.671616934 ], [ 37.468544841, 55.67179542 ], [ 37.468590438, 55.67185441 ], [ 37.468657494, 55.671898275 ], [ 37.468796968, 55.67194214 ], [ 37.469019592, 55.672008693 ], [ 37.469231486, 55.672084322 ], [ 37.469395101, 55.672153901 ], [ 37.469491661, 55.67220079 ], [ 37.469601631, 55.672277931 ], [ 37.469759881, 55.672383811 ], [ 37.469880581, 55.672486665 ], [ 37.470033467, 55.672622795 ], [ 37.470172942, 55.672739261 ], [ 37.470344603, 55.67285724 ], [ 37.470516264, 55.672969168 ], [ 37.470746934, 55.673094709 ], [ 37.471047342, 55.673264112 ], [ 37.471224368, 55.673365451 ], [ 37.471358478, 55.673438053 ], [ 37.471410781, 55.673460362 ], [ 37.47149393, 55.673484563 ], [ 37.471573055, 55.673500444 ], [ 37.471662909, 55.673501957 ], [ 37.471735328, 55.673499688 ], [ 37.471830547, 55.673552626 ], [ 37.47348547, 55.674476385 ] ] ] } },
{ "type": "Feature", "properties": { "datasetId": 897, "rowId": null, "releaseNumber": 193, "versionNumber": 6, "ID": 10, "Name": "Велосипедная полоса", "PortionName": "ул. Алтайская", "Type": "Двустороняя велополоса", "Width": 1.5, "Location": "район Гольяново", "OperOrgName": "Государственное бюджетное учреждение «Жилищник района Гольяново»", "DepartmentalAffiliation": "ПРЕФЕКТУРА ВОСТОЧНОГО АДМИНИСТРАТИВНОГО ОКРУГА ГОРОДА МОСКВЫ", "ObjectOperOrgPhone": "(495) 120-01-66", "global_id": 2757179270 }, "geometry": { "type": "MultiLineString", "coordinates": [ [ [ 37.798182964, 55.819855899 ], [ 37.825648785, 55.820470692 ] ] ] } },
{ "type": "Feature", "properties": { "datasetId": 897, "rowId": null, "releaseNumber": 193, "versionNumber": 6, "ID": 11, "Name": "Велосипедная дорожка", "PortionName": "16-я Парковая ул.", "Type": "Велосипедная дорожка двухстороннего движения", "Width": 1.5, "Location": "Северное Измайлово", "OperOrgName": "Государственное бюджетное учреждение «Автомобильные дороги ВАО»", "DepartmentalAffiliation": "ПРЕФЕКТУРА ВОСТОЧНОГО АДМИНИСТРАТИВНОГО ОКРУГА ГОРОДА МОСКВЫ", "ObjectOperOrgPhone": "(495) 603-22-80", "global_id": 2757181397 }, "geometry": { "type": "MultiLineString", "coordinates": [ [ [ 37.828658223, 55.812756452 ], [ 37.828722596, 55.811903406 ], [ 37.828770876, 55.811698432 ], [ 37.828867435, 55.811439197 ], [ 37.829355597, 55.810760959 ], [ 37.829436064, 55.810242476 ], [ 37.829527259, 55.809552159 ], [ 37.829425335, 55.808949253 ], [ 37.829532623, 55.808222737 ], [ 37.829607725, 55.807285181 ], [ 37.8297472, 55.806006934 ], [ 37.829897404, 55.804490467 ], [ 37.829972506, 55.803856579 ], [ 37.829924226, 55.803695278 ], [ 37.829846442, 55.803600307 ], [ 37.829623818, 55.803487245 ], [ 37.82938242, 55.803387751 ], [ 37.829216123, 55.803334989 ], [ 37.829122245, 55.803327451 ], [ 37.829130292, 55.803252076 ], [ 37.82946825, 55.803140521 ], [ 37.829605043, 55.803068161 ], [ 37.829851806, 55.802933993 ], [ 37.830028832, 55.802829974 ], [ 37.830077112, 55.802771181 ], [ 37.830079794, 55.802637012 ], [ 37.829969823, 55.802228471 ], [ 37.829924226, 55.802096561 ], [ 37.829774022, 55.801837263 ], [ 37.829473615, 55.801505599 ], [ 37.829216123, 55.801240267 ], [ 37.828668952, 55.800860355 ], [ 37.827987671, 55.800495516 ], [ 37.827102542, 55.800230177 ], [ 37.825160623, 55.799596973 ], [ 37.824280858, 55.799045173 ], [ 37.823867798, 55.798722531 ], [ 37.82352984, 55.798218965 ], [ 37.823422551, 55.797489234 ], [ 37.823465466, 55.796831862 ], [ 37.823224068, 55.78910992 ], [ 37.823213339, 55.789034518 ], [ 37.819629908, 55.788962131 ], [ 37.819586992, 55.789245644 ] ] ] } },
{ "type": "Feature", "properties": { "datasetId": 897, "rowId": null, "releaseNumber": 193, "versionNumber": 6, "ID": 12, "Name": "Велополоса", "PortionName": "Измайловское шоссе", "Type": "Двустороняя велополоса", "Width": 1.5, "Location": "район Измайлово", "OperOrgName": "Государственное бюджетное учреждение «Автомобильные дороги ВАО»", "DepartmentalAffiliation": "ПРЕФЕКТУРА ВОСТОЧНОГО АДМИНИСТРАТИВНОГО ОКРУГА ГОРОДА МОСКВЫ", "ObjectOperOrgPhone": "(495) 223-31-76", "global_id": 2757183014 }, "geometry": { "type": "MultiLineString", "coordinates": [ [ [ 37.721836567, 55.779544713 ], [ 37.727179527, 55.778862903 ], [ 37.727941275, 55.778796531 ], [ 37.728703022, 55.778790498 ], [ 37.729614973, 55.778905139 ], [ 37.733584642, 55.779659353 ], [ 37.740848064, 55.781095335 ], [ 37.742757797, 55.78149354 ] ] ] } },
{ "type": "Feature", "properties": { "datasetId": 897, "rowId": null, "releaseNumber": 193, "versionNumber": 6, "ID": 13, "Name": "Велополоса", "PortionName": "Ткацкая ул.", "Type": "Двустороняя велополоса", "Width": 1.5, "Location": "района Соколиная гора", "OperOrgName": "Государственное бюджетное учреждение «Автомобильные дороги ВАО»", "DepartmentalAffiliation": "ПРЕФЕКТУРА ВОСТОЧНОГО АДМИНИСТРАТИВНОГО ОКРУГА ГОРОДА МОСКВЫ", "ObjectOperOrgPhone": "(495) 223-31-76", "global_id": 2757183576 }, "geometry": { "type": "MultiLineString", "coordinates": [ [ [ 37.717791796, 55.785547751 ], [ 37.726514339, 55.786205314 ], [ 37.734700441, 55.786669824 ], [ 37.742521763, 55.786905093 ] ] ] } },
{ "type": "Feature", "properties": { "datasetId": 897, "rowId": null, "releaseNumber": 193, "versionNumber": 6, "ID": 14, "Name": "Велополоса", "PortionName": "ул. Гастелло", "Type": "Двустороняя велополоса", "Width": 1.5, "Location": "р-н Сокольники", "OperOrgName": "Государственное бюджетное учреждение «Автомобильные дороги ВАО»", "DepartmentalAffiliation": "ПРЕФЕКТУРА ВОСТОЧНОГО АДМИНИСТРАТИВНОГО ОКРУГА ГОРОДА МОСКВЫ", "ObjectOperOrgPhone": "(495) 223-31-76", "global_id": 2757184665 }, "geometry": { "type": "MultiLineString", "coordinates": [ [ [ 37.679157257, 55.787764719 ], [ 37.68853426, 55.783976191 ], [ 37.694628239, 55.783059167 ], [ 37.696387768, 55.782660978 ] ] ] } },
{ "type": "Feature", "properties": { "datasetId": 897, "rowId": null, "releaseNumber": 193, "versionNumber": 6, "ID": 45781, "Name": "Велодорожка на ул. Барклая вдоль парка Фили", "PortionName": "Велодорожка на ул. Барклая вдоль парка Фили", "Type": "Велопешеходная дорожка с совмещенным движением", "Width": 2.0, "Location": "На ул. Барклая вдоль парка Фили", "OperOrgName": "ГБУ Автомобильные дороги ЗАО", "DepartmentalAffiliation": "ПРЕФЕКТУРА ЗАПАДНОГО АДМИНИСТРАТИВНОГО ОКРУГА ГОРОДА МОСКВЫ", "ObjectOperOrgPhone": "(499) 792-65-06", "global_id": 2757185682 }, "geometry": { "type": "MultiLineString", "coordinates": [ [ [ 37.494833171, 55.747390862 ], [ 37.492389679, 55.750077966 ], [ 37.492319942, 55.750162501 ], [ 37.492274344, 55.750289304 ], [ 37.492277026, 55.750411577 ], [ 37.492327988, 55.750595741 ], [ 37.492071837, 55.750634612 ], [ 37.491740584, 55.750627064 ] ] ] } },
{ "type": "Feature", "properties": { "datasetId": 897, "rowId": null, "releaseNumber": 193, "versionNumber": 6, "ID": 54783, "Name": "Велодорожка на набережной - Береговой проезд, дом 1Б", "PortionName": "Велодорожка на набережной - Береговой проезд, дом 1Б", "Type": "Велопешеходная дорожка с совмещенным движением", "Width": 2.0, "Location": "Велодорожка на набережной - Береговой проезд, дом 1Б", "OperOrgName": "Жилищник района Филевский парк", "DepartmentalAffiliation": "ПРЕФЕКТУРА ЗАПАДНОГО АДМИНИСТРАТИВНОГО ОКРУГА ГОРОДА МОСКВЫ", "ObjectOperOrgPhone": "(495) 790-21-35", "global_id": 2757186042 }, "geometry": { "type": "MultiLineString", "coordinates": [ [ [ 37.516533583, 55.754532793 ], [ 37.516368628, 55.754947495 ], [ 37.516172826, 55.755444074 ], [ 37.516014576, 55.755786695 ], [ 37.51593411, 55.755872727 ], [ 37.515622973, 55.756236852 ], [ 37.51543656, 55.756415706 ], [ 37.51516968, 55.75665644 ], [ 37.515007406, 55.756783221 ], [ 37.514880002, 55.756876798 ], [ 37.514542043, 55.757120925 ], [ 37.514142394, 55.757374484 ], [ 37.513622046, 55.75765219 ], [ 37.513123155, 55.757892162 ], [ 37.51243785, 55.758167978 ], [ 37.511044443, 55.758639236 ] ] ] } },
{ "type": "Feature", "properties": { "datasetId": 897, "rowId": null, "releaseNumber": 193, "versionNumber": 6, "ID": 94704, "Name": "Велодорожка вдоль Крылатской улицы", "PortionName": "Велодорожка вдоль Крылатской улицы", "Type": "Велопешеходная дорожка с совмещенным движением", "Width": 2.0, "Location": "вдоль Крылатской улицы", "OperOrgName": "Жилищник района Крылатское города Москвы", "DepartmentalAffiliation": "ПРЕФЕКТУРА ЗАПАДНОГО АДМИНИСТРАТИВНОГО ОКРУГА ГОРОДА МОСКВЫ", "ObjectOperOrgPhone": "(495) 413-26-14", "global_id": 2757187039 }, "geometry": { "type": "MultiLineString", "coordinates": [ [ [ 37.431334555, 55.750748204 ], [ 37.431503534, 55.751134642 ], [ 37.431715429, 55.75160259 ], [ 37.431854904, 55.751921092 ], [ 37.432082891, 55.752429786 ], [ 37.432391346, 55.753118097 ], [ 37.432713211, 55.753822999 ], [ 37.433043122, 55.754565622 ], [ 37.433142364, 55.754785992 ], [ 37.433263063, 55.755167862 ], [ 37.43324697, 55.755561803 ], [ 37.433201373, 55.755745943 ], [ 37.433000207, 55.75630062 ], [ 37.432619333, 55.757384295 ] ], [ [ 37.432490587, 55.757375805 ], [ 37.432576418, 55.75714847 ], [ 37.432748079, 55.756654554 ], [ 37.433005571, 55.755929327 ], [ 37.433139682, 55.755579915 ], [ 37.433158457, 55.755504448 ], [ 37.433174551, 55.755273517 ], [ 37.433166504, 55.755187484 ], [ 37.43304044, 55.754784482 ], [ 37.432721257, 55.754084126 ], [ 37.432318926, 55.753200361 ], [ 37.431237996, 55.750763677 ] ], [ [ 37.429038584, 55.767310286 ], [ 37.428461909, 55.768934573 ] ], [ [ 37.428427041, 55.768684861 ], [ 37.428923249, 55.767295197 ] ], [ [ 37.404643893, 55.77153495 ], [ 37.40342617, 55.771480636 ], [ 37.402986288, 55.771491197 ], [ 37.400733232, 55.77131543 ], [ 37.399966121, 55.771243011 ], [ 37.398394346, 55.771123066 ], [ 37.398057729, 55.77110911 ], [ 37.397340238, 55.771091382 ], [ 37.396661639, 55.771085347 ], [ 37.396219075, 55.771103075 ], [ 37.39622578, 55.771161161 ], [ 37.395004034, 55.771192468 ], [ 37.390519381, 55.771001612 ], [ 37.387804985, 55.770907315 ], [ 37.387110293, 55.770890719 ], [ 37.387099564, 55.770963139 ], [ 37.386453152, 55.771056681 ], [ 37.385881841, 55.77110647 ], [ 37.385447323, 55.771224151 ], [ 37.384082079, 55.771593036 ], [ 37.383406162, 55.771765031 ], [ 37.38296628, 55.771852536 ], [ 37.382488847, 55.771900815 ], [ 37.381957769, 55.77190685 ], [ 37.381485701, 55.771885728 ], [ 37.381024361, 55.771849519 ], [ 37.380466461, 55.771768048 ], [ 37.380090952, 55.771662438 ], [ 37.37978518, 55.771523635 ] ], [ [ 37.396227121, 55.771160407 ], [ 37.396624088, 55.771138153 ], [ 37.397018373, 55.771138153 ], [ 37.397396564, 55.771141171 ], [ 37.398364842, 55.771183415 ], [ 37.398788631, 55.771209064 ], [ 37.399641573, 55.771282992 ], [ 37.400204837, 55.771335798 ], [ 37.400888801, 55.77139313 ], [ 37.401897311, 55.771474601 ], [ 37.402879, 55.771539477 ], [ 37.403026521, 55.771550038 ], [ 37.403393984, 55.771607369 ], [ 37.404622436, 55.771660174 ] ] ] } },
{ "type": "Feature", "properties": { "datasetId": 897, "rowId": null, "releaseNumber": 193, "versionNumber": 6, "ID": 65340, "Name": "Воробьевское шоссе", "PortionName": "Велопешеходная дорожка с совмещенным движением", "Type": "Велопешеходная дорожка с совмещенным движением", "Width": 3.0, "Location": "Воробьевское шоссе", "OperOrgName": "ГБУ Автомобильные дороги", "DepartmentalAffiliation": "ДЕПАРТАМЕНТ ЖИЛИЩНО-КОММУНАЛЬНОГО ХОЗЯЙСТВА ГОРОДА МОСКВЫ", "ObjectOperOrgPhone": "(495) 940-06-94", "global_id": 2757245142 }, "geometry": { "type": "MultiLineString", "coordinates": [ [ [ 37.53598094, 55.72662825 ], [ 37.536050677, 55.726582936 ], [ 37.536372542, 55.72675815 ], [ 37.536635399, 55.726860861 ], [ 37.53703773, 55.72702399 ], [ 37.537466884, 55.727208264 ], [ 37.537938952, 55.727404621 ], [ 37.53837347, 55.727537539 ], [ 37.538850904, 55.727658373 ], [ 37.539290786, 55.727764103 ], [ 37.539934516, 55.72790004 ], [ 37.540288568, 55.727969519 ], [ 37.540937662, 55.728066186 ], [ 37.541146874, 55.728096394 ], [ 37.541216612, 55.728051082 ], [ 37.541356087, 55.72800879 ] ] ] } },
{ "type": "Feature", "properties": { "datasetId": 897, "rowId": null, "releaseNumber": 193, "versionNumber": 6, "ID": 65341, "Name": "Пушкинская площадь", "PortionName": "Велопешеходная дорожка с совмещенным движением", "Type": "Велопешеходная дорожка с совмещенным движением", "Width": 1.0, "Location": "Пушкинская площадь", "OperOrgName": "ГБУ Автомобильные дороги", "DepartmentalAffiliation": "ДЕПАРТАМЕНТ ЖИЛИЩНО-КОММУНАЛЬНОГО ХОЗЯЙСТВА ГОРОДА МОСКВЫ", "ObjectOperOrgPhone": "(495) 940-06-94", "global_id": 2757245423 }, "geometry": { "type": "MultiLineString", "coordinates": [ [ [ 37.606633008, 55.766340057 ], [ 37.606683969, 55.766273664 ], [ 37.607386708, 55.765754589 ], [ 37.607386708, 55.765710829 ], [ 37.606319189, 55.765258141 ], [ 37.605637908, 55.764965399 ], [ 37.605404556, 55.764906549 ] ] ] } },
{ "type": "Feature", "properties": { "datasetId": 897, "rowId": null, "releaseNumber": 193, "versionNumber": 6, "ID": 65342, "Name": "Лебедева улица", "PortionName": "Велопешеходная дорожка с совмещенным движением", "Type": "Велопешеходная дорожка с совмещенным движением", "Width": 1.5, "Location": "Лебедева улица пересечение с ул. Колмогорова", "OperOrgName": "ГБУ Автомобильные дороги", "DepartmentalAffiliation": "ДЕПАРТАМЕНТ ЖИЛИЩНО-КОММУНАЛЬНОГО ХОЗЯЙСТВА ГОРОДА МОСКВЫ", "ObjectOperOrgPhone": "(495) 940-06-94", "global_id": 2757245865 }, "geometry": { "type": "MultiLineString", "coordinates": [ [ [ 37.529152036, 55.698596052 ], [ 37.530643344, 55.69941228 ], [ 37.532300949, 55.70034034 ], [ 37.533706427, 55.701129326 ], [ 37.537820935, 55.703387368 ] ] ] } },
{ "type": "Feature", "properties": { "datasetId": 897, "rowId": null, "releaseNumber": 193, "versionNumber": 6, "ID": 302, "Name": "Велодорожка на набережной Тараса Шевченко и на Бережковской набережной", "PortionName": "На набережной Тараса Шевченко и на Бережковской набережной", "Type": "Велосипедная дорожка двухстороннего движения", "Width": 2.0, "Location": "На набережной Тараса Шевченко и на Бережковской набережной", "OperOrgName": "ГБУ Автомобильные дороги ЗАО", "DepartmentalAffiliation": "ПРЕФЕКТУРА ЗАПАДНОГО АДМИНИСТРАТИВНОГО ОКРУГА ГОРОДА МОСКВЫ", "ObjectOperOrgPhone": "(499) 792-65-06", "global_id": 2757250715 }, "geometry": { "type": "MultiLineString", "coordinates": [ [ [ 37.570074499, 55.74197382 ], [ 37.570377588, 55.742355816 ], [ 37.570836246, 55.742891811 ], [ 37.571176887, 55.743273798 ], [ 37.571201026, 55.743358348 ], [ 37.571187615, 55.743433838 ], [ 37.571174204, 55.743467054 ], [ 37.571560442, 55.743942643 ], [ 37.57181257, 55.744220444 ], [ 37.572214901, 55.744658279 ], [ 37.572394609, 55.744797177 ], [ 37.572526038, 55.744945133 ], [ 37.572660148, 55.745198772 ], [ 37.572764754, 55.745396548 ], [ 37.57280767, 55.745532424 ], [ 37.572882771, 55.745777 ], [ 37.572952509, 55.745985341 ], [ 37.57299006, 55.746128764 ], [ 37.572976649, 55.746359749 ], [ 37.573022246, 55.74674925 ], [ 37.573108077, 55.746856438 ], [ 37.57310003, 55.746921354 ], [ 37.573022246, 55.74703458 ], [ 37.573057115, 55.747593156 ], [ 37.573043704, 55.747781862 ], [ 37.573043704, 55.747926788 ], [ 37.573043704, 55.748055107 ], [ 37.573022246, 55.748344956 ], [ 37.573019564, 55.748545735 ], [ 37.573027611, 55.748892946 ], [ 37.572960556, 55.749143539 ], [ 37.572839856, 55.749544334 ], [ 37.572646737, 55.750000224 ], [ 37.572378516, 55.75035346 ], [ 37.571976185, 55.750770092 ], [ 37.571686506, 55.751017654 ], [ 37.571321726, 55.751268234 ], [ 37.571278811, 55.75133654 ], [ 37.571101785, 55.751465602 ] ] ] } },
{ "type": "Feature", "properties": { "datasetId": 897, "rowId": null, "releaseNumber": 193, "versionNumber": 6, "ID": 30999, "Name": "Велодорожка вдоль ТПУ станции «Аминьевская» (Проектируемый проезд № 1656)", "PortionName": "Вдоль ТПУ станции «Аминьевская» (Проектируемый проезд № 1656)", "Type": "Велосипедная дорожка двухстороннего движения", "Width": 2.0, "Location": "Вдоль ТПУ станции «Аминьевская» (Проектируемый проезд № 1656)", "OperOrgName": "Жилищник района Очаково-Матвеевское", "DepartmentalAffiliation": "ПРЕФЕКТУРА ЗАПАДНОГО АДМИНИСТРАТИВНОГО ОКРУГА ГОРОДА МОСКВЫ", "ObjectOperOrgPhone": "(495) 123-34-38", "global_id": 2757251392 }, "geometry": { "type": "MultiLineString", "coordinates": [ [ [ 37.466211319, 55.695863076 ], [ 37.466871142, 55.696670291 ], [ 37.46707499, 55.696924243 ], [ 37.467343211, 55.697202379 ], [ 37.467573881, 55.697450281 ], [ 37.46768117, 55.697556092 ], [ 37.46804595, 55.697822131 ], [ 37.468389273, 55.698027705 ], [ 37.46956408, 55.69874116 ], [ 37.470427752, 55.699252059 ], [ 37.471586466, 55.699947353 ], [ 37.471747398, 55.700050135 ], [ 37.471994162, 55.700240582 ], [ 37.472246289, 55.700428006 ], [ 37.472396493, 55.700600314 ], [ 37.472509146, 55.700775645 ], [ 37.472600341, 55.700960043 ], [ 37.472648621, 55.701174669 ], [ 37.4726969, 55.701437661 ], [ 37.472718358, 55.701643216 ], [ 37.472707629, 55.70176413 ], [ 37.472621799, 55.702012003 ], [ 37.472316027, 55.702595406 ], [ 37.472535968, 55.702634702 ], [ 37.472519875, 55.702692135 ] ] ] } },
{ "type": "Feature", "properties": { "datasetId": 897, "rowId": null, "releaseNumber": 193, "versionNumber": 6, "ID": 99039, "Name": "Велодорожка на территории Инновационного центра Сколково", "PortionName": "На территории Инновационного центра Сколково", "Type": "Велосипедная дорожка двухстороннего движения", "Width": 2.0, "Location": "На территории Инновационного центра Сколково", "OperOrgName": "ГБУ Автомобильные дороги ЗАО", "DepartmentalAffiliation": "ПРЕФЕКТУРА ЗАПАДНОГО АДМИНИСТРАТИВНОГО ОКРУГА ГОРОДА МОСКВЫ", "ObjectOperOrgPhone": "(499) 792-65-06", "global_id": 2757252326 }, "geometry": { "type": "MultiLineString", "coordinates": [ [ [ 37.337631583, 55.683209235 ], [ 37.343014777, 55.681537146 ], [ 37.343203872, 55.681489511 ], [ 37.343076468, 55.68135379 ], [ 37.343234718, 55.681325058 ], [ 37.343508303, 55.68128574 ], [ 37.343824804, 55.681270618 ], [ 37.344076931, 55.681275155 ], [ 37.344377339, 55.681308424 ], [ 37.344795763, 55.681399157 ], [ 37.346949577, 55.681929184 ], [ 37.348644733, 55.682346547 ], [ 37.349572778, 55.682594544 ], [ 37.350125313, 55.682797173 ], [ 37.350683212, 55.683063313 ], [ 37.351064086, 55.68335062 ], [ 37.350844145, 55.683438324 ], [ 37.351128459, 55.683746798 ], [ 37.351407409, 55.684100634 ], [ 37.351670265, 55.684475635 ], [ 37.352163792, 55.685195385 ], [ 37.352346182, 55.685476629 ], [ 37.352507114, 55.685769967 ], [ 37.352560759, 55.686005845 ], [ 37.352582216, 55.686169145 ], [ 37.352571487, 55.686365708 ], [ 37.352528572, 55.686538078 ], [ 37.352464199, 55.686707423 ], [ 37.352346182, 55.686937248 ], [ 37.352094054, 55.687221503 ], [ 37.352024317, 55.687297858 ], [ 37.351898253, 55.687397649 ], [ 37.351777554, 55.687483832 ], [ 37.35155493, 55.687618398 ], [ 37.351208925, 55.687808906 ], [ 37.35054642, 55.688180848 ], [ 37.350173593, 55.688397813 ], [ 37.349873185, 55.688609484 ], [ 37.349519134, 55.688890703 ], [ 37.349283099, 55.689138658 ], [ 37.349084616, 55.689380563 ], [ 37.348966599, 55.689546873 ], [ 37.348896861, 55.689667824 ], [ 37.348784208, 55.689891584 ], [ 37.348682284, 55.690172794 ], [ 37.34862864, 55.690553784 ], [ 37.348510623, 55.691630214 ], [ 37.348355055, 55.693296202 ], [ 37.348220944, 55.694454188 ], [ 37.348129749, 55.695373297 ], [ 37.348140478, 55.695609117 ], [ 37.348183393, 55.695772376 ], [ 37.348279953, 55.695938658 ], [ 37.348414063, 55.696089823 ], [ 37.348591089, 55.696228895 ], [ 37.348757386, 55.696343779 ], [ 37.349283099, 55.69657657 ], [ 37.349680066, 55.696776105 ], [ 37.349835634, 55.696866802 ], [ 37.349980474, 55.696990754 ], [ 37.350141406, 55.69718424 ], [ 37.350237966, 55.697368655 ], [ 37.350361347, 55.697525861 ], [ 37.350516915, 55.697683066 ], [ 37.350817323, 55.697864455 ], [ 37.351198196, 55.69801259 ], [ 37.35153079, 55.698088168 ], [ 37.351836562, 55.698142585 ], [ 37.352115512, 55.6981577 ], [ 37.353644371, 55.698160723 ], [ 37.354599237, 55.698163746 ], [ 37.355704308, 55.698160723 ], [ 37.356117368, 55.698154677 ], [ 37.356428504, 55.698124446 ], [ 37.356718183, 55.698079099 ], [ 37.357265353, 55.697967242 ], [ 37.357898355, 55.697785853 ], [ 37.358617187, 55.697616556 ], [ 37.359067798, 55.697531907 ], [ 37.359362841, 55.697495629 ], [ 37.359598875, 55.697480513 ], [ 37.359893918, 55.697480513 ], [ 37.360183597, 55.697504698 ], [ 37.360655665, 55.697556092 ], [ 37.36102581, 55.697643764 ], [ 37.362699509, 55.698076076 ], [ 37.364335656, 55.698505359 ], [ 37.365746498, 55.698877199 ], [ 37.367683053, 55.699369957 ], [ 37.368240952, 55.699515063 ], [ 37.368702292, 55.699590638 ], [ 37.369067073, 55.699632961 ], [ 37.369265556, 55.699629938 ], [ 37.371035814, 55.699623892 ], [ 37.372248173, 55.699617846 ], [ 37.372623682, 55.699639007 ], [ 37.373036742, 55.699696444 ], [ 37.373390794, 55.69979318 ], [ 37.373787761, 55.699947353 ], [ 37.373991609, 55.700083388 ], [ 37.374109626, 55.700186169 ], [ 37.37467289, 55.70081192 ], [ 37.374876738, 55.701099097 ], [ 37.374925017, 55.701247219 ], [ 37.374957204, 55.701386272 ], [ 37.374946475, 55.701591827 ], [ 37.374839187, 55.701888067 ], [ 37.374678254, 55.702299171 ], [ 37.374410033, 55.702885592 ], [ 37.3739326, 55.704008534 ], [ 37.373760939, 55.704443797 ], [ 37.373664379, 55.704866965 ], [ 37.37365365, 55.705084593 ], [ 37.373632193, 55.705404987 ], [ 37.373642921, 55.705785829 ], [ 37.373718023, 55.706975181 ], [ 37.373669744, 55.707031852 ], [ 37.373669744, 55.707105902 ], [ 37.373688519, 55.707435346 ], [ 37.373720706, 55.707973332 ], [ 37.37375021, 55.708332993 ], [ 37.373790443, 55.708400996 ], [ 37.373903096, 55.708490154 ], [ 37.374058664, 55.708535489 ], [ 37.37423569, 55.708544556 ], [ 37.374383211, 55.708518867 ], [ 37.374538779, 55.70845842 ], [ 37.374603152, 55.708391929 ], [ 37.374632657, 55.70831637 ], [ 37.374627292, 55.708240811 ], [ 37.374565601, 55.708151652 ], [ 37.374436855, 55.70808516 ], [ 37.374195457, 55.707962754 ], [ 37.374023795, 55.707875105 ], [ 37.373916507, 55.707795012 ], [ 37.373846769, 55.707710385 ], [ 37.373814583, 55.707652959 ], [ 37.373795807, 55.707491261 ], [ 37.373760939, 55.707049986 ], [ 37.373718023, 55.706975748 ], [ 37.377274632, 55.706995582 ], [ 37.377347052, 55.70698047 ], [ 37.377371192, 55.706945712 ], [ 37.377373874, 55.706910954 ], [ 37.377204895, 55.704419616 ], [ 37.377242446, 55.704158156 ], [ 37.377355099, 55.703559663 ], [ 37.37752676, 55.702914309 ], [ 37.377601862, 55.702388344 ], [ 37.377634048, 55.701844236 ], [ 37.377687693, 55.700550436 ], [ 37.377773523, 55.699643541 ], [ 37.377827168, 55.698021659 ], [ 37.377827168, 55.697704228 ], [ 37.377784252, 55.697492606 ], [ 37.377714515, 55.697338423 ], [ 37.37757504, 55.697123775 ], [ 37.377398014, 55.697208425 ], [ 37.376861572, 55.696712616 ], [ 37.376502156, 55.696413314 ], [ 37.376158834, 55.696117033 ], [ 37.37596035, 55.696023311 ], [ 37.3756814, 55.695956798 ], [ 37.375391722, 55.695959822 ], [ 37.37375021, 55.695950752 ], [ 37.373304963, 55.695956798 ], [ 37.37277925, 55.695993078 ], [ 37.372339368, 55.696080753 ], [ 37.371996045, 55.696168429 ], [ 37.371776104, 55.696253081 ], [ 37.371132374, 55.696567501 ], [ 37.369818091, 55.697208425 ], [ 37.369844913, 55.697265866 ], [ 37.370097041, 55.697280982 ], [ 37.371459603, 55.69725982 ], [ 37.371438146, 55.698224209 ], [ 37.371228933, 55.698230255 ], [ 37.370971441, 55.698275602 ], [ 37.370687127, 55.698345134 ], [ 37.370483279, 55.698441874 ], [ 37.370263338, 55.698577913 ], [ 37.370032668, 55.698795576 ], [ 37.369260192, 55.699533201 ], [ 37.369260192, 55.700041066 ], [ 37.369206548, 55.701274425 ], [ 37.369163632, 55.701356043 ], [ 37.369077802, 55.701410455 ], [ 37.368949056, 55.701431615 ], [ 37.368761301, 55.701597873 ], [ 37.368010283, 55.701392317 ], [ 37.366873026, 55.701105143 ], [ 37.366122007, 55.70095702 ], [ 37.365698218, 55.700878424 ], [ 37.36489892, 55.700810408 ], [ 37.363364697, 55.700683445 ], [ 37.362281084, 55.70064717 ], [ 37.360682487, 55.700580665 ], [ 37.358043194, 55.700520206 ], [ 37.355360985, 55.700405334 ], [ 37.353590727, 55.700332783 ], [ 37.353590727, 55.70025872 ], [ 37.353649735, 55.700195238 ], [ 37.353639007, 55.698169793 ] ], [ [ 37.338666916, 55.683073142 ], [ 37.338731289, 55.683053484 ], [ 37.339981198, 55.684329717 ], [ 37.339906096, 55.684353911 ] ], [ [ 37.337650359, 55.685847837 ], [ 37.337784469, 55.685837253 ], [ 37.337985635, 55.685796428 ], [ 37.338117063, 55.685758626 ], [ 37.338296771, 55.685707217 ], [ 37.338428199, 55.685655807 ], [ 37.338613272, 55.685556012 ], [ 37.338742018, 55.685448656 ], [ 37.338841259, 55.685323155 ], [ 37.338857353, 55.685262672 ], [ 37.338870764, 55.685153048 ], [ 37.338860035, 55.685068372 ], [ 37.33876884, 55.684738739 ], [ 37.33941257, 55.684599626 ], [ 37.340158224, 55.684430272 ], [ 37.342008948, 55.684025028 ], [ 37.342534661, 55.683894986 ], [ 37.342802882, 55.683816356 ], [ 37.343183756, 55.683659095 ], [ 37.343741655, 55.683429251 ], [ 37.343972325, 55.683362717 ], [ 37.344058156, 55.683359693 ], [ 37.347990274, 55.684149021 ], [ 37.348140478, 55.684200433 ], [ 37.348247766, 55.684282086 ], [ 37.348317504, 55.684369788 ], [ 37.348414063, 55.684514949 ], [ 37.348510623, 55.684714545 ], [ 37.34858036, 55.685004865 ], [ 37.348660827, 55.685818352 ], [ 37.348719835, 55.686205433 ], [ 37.348843217, 55.686580414 ], [ 37.349063158, 55.686913056 ], [ 37.349288464, 55.687206383 ], [ 37.348768115, 55.687360606 ], [ 37.348483801, 55.687481564 ], [ 37.348135114, 55.687681145 ], [ 37.34798491, 55.687786983 ], [ 37.34803319, 55.687811174 ] ], [ [ 37.346842289, 55.688059136 ], [ 37.346456051, 55.688083327 ], [ 37.346112728, 55.688146829 ], [ 37.345806956, 55.68824057 ], [ 37.345565557, 55.688355478 ], [ 37.345350981, 55.688518768 ], [ 37.345168591, 55.688748582 ], [ 37.345093489, 55.688860464 ], [ 37.344605327, 55.689849251 ], [ 37.344321012, 55.690317933 ], [ 37.343784571, 55.691294589 ], [ 37.343140841, 55.692413328 ], [ 37.343071103, 55.692615907 ], [ 37.343022823, 55.692733825 ], [ 37.343022823, 55.692921285 ], [ 37.343017459, 55.693075485 ], [ 37.343060374, 55.693214567 ], [ 37.343012094, 55.693290155 ], [ 37.342915535, 55.693368766 ], [ 37.342786789, 55.693420166 ], [ 37.342668772, 55.693492729 ], [ 37.342604399, 55.693556223 ], [ 37.342561483, 55.693662045 ], [ 37.342588305, 55.693740655 ], [ 37.342652678, 55.693846477 ], [ 37.342684865, 55.693903922 ], [ 37.34277606, 55.694111785 ] ], [ [ 37.374399304, 55.702879547 ], [ 37.374227643, 55.702867456 ], [ 37.370467186, 55.702900706 ], [ 37.370349169, 55.702933957 ], [ 37.370198965, 55.703006503 ], [ 37.37010777, 55.703060912 ], [ 37.369941473, 55.703069981 ], [ 37.369748354, 55.703042776 ], [ 37.369608879, 55.702967207 ], [ 37.369555235, 55.702885592 ], [ 37.369571328, 55.702797932 ], [ 37.369608879, 55.70271934 ], [ 37.369700074, 55.702673998 ], [ 37.36978054, 55.702562155 ], [ 37.369614244, 55.702138962 ], [ 37.369555235, 55.702108734 ], [ 37.369297743, 55.702057346 ], [ 37.369131446, 55.702039209 ], [ 37.369045615, 55.70203014 ], [ 37.368911505, 55.701972706 ], [ 37.36882031, 55.701888067 ], [ 37.368825674, 55.70180645 ], [ 37.368804216, 55.701706696 ], [ 37.368750572, 55.701606941 ] ], [ [ 37.377741337, 55.699654122 ], [ 37.373825312, 55.699632961 ], [ 37.373723388, 55.699557385 ] ], [ [ 37.371464968, 55.697262843 ], [ 37.377339005, 55.697247727 ], [ 37.377403378, 55.697217495 ] ], [ [ 37.373342514, 55.697253773 ], [ 37.373326421, 55.695959822 ] ], [ [ 37.369501591, 55.6973354 ], [ 37.369517684, 55.697377724 ], [ 37.369195819, 55.697562139 ], [ 37.368922234, 55.697779807 ], [ 37.368696928, 55.698097237 ], [ 37.368552089, 55.698372342 ], [ 37.368179262, 55.699072943 ], [ 37.368058562, 55.69929816 ], [ 37.367962003, 55.699331413 ] ], [ [ 37.366642356, 55.698982251 ], [ 37.366575301, 55.698926324 ], [ 37.36664772, 55.698366296 ], [ 37.366685271, 55.698030728 ], [ 37.366776466, 55.697622602 ], [ 37.366953492, 55.696736802 ], [ 37.368160486, 55.6969968 ], [ 37.36882031, 55.697135868 ], [ 37.369287014, 55.697220518 ], [ 37.369442582, 55.697241681 ], [ 37.36946404, 55.697293075 ] ], [ [ 37.366934717, 55.696736047 ], [ 37.366685271, 55.696695233 ], [ 37.366473377, 55.696671047 ], [ 37.366084456, 55.696658954 ], [ 37.365907431, 55.696661977 ], [ 37.365580201, 55.696693721 ], [ 37.365255654, 55.696746628 ], [ 37.364746034, 55.696875115 ], [ 37.364214957, 55.697017207 ], [ 37.363957465, 55.697080695 ], [ 37.363775074, 55.697110927 ], [ 37.363640964, 55.697118485 ], [ 37.363439798, 55.697106392 ], [ 37.36326009, 55.697056509 ], [ 37.363058925, 55.696964301 ], [ 37.362490296, 55.696643082 ], [ 37.362066507, 55.696422384 ], [ 37.361862659, 55.696352849 ], [ 37.361664176, 55.6963075 ], [ 37.361471057, 55.69628936 ], [ 37.3612082, 55.69627122 ], [ 37.359218001, 55.696268197 ], [ 37.35784471, 55.696268197 ], [ 37.357833982, 55.697689112 ] ], [ [ 37.357836664, 55.69626593 ], [ 37.357858121, 55.695986275 ], [ 37.35789299, 55.695683944 ], [ 37.357906401, 55.695522196 ], [ 37.357884943, 55.69529998 ], [ 37.35784471, 55.695115555 ], [ 37.357689142, 55.694644663 ], [ 37.357544303, 55.694218361 ], [ 37.357490659, 55.694000673 ], [ 37.357512116, 55.693459471 ], [ 37.357560396, 55.692894073 ], [ 37.357673049, 55.692277267 ], [ 37.357705235, 55.692095851 ], [ 37.357667685, 55.691941647 ], [ 37.357630134, 55.691829773 ], [ 37.357490659, 55.69166045 ], [ 37.357281446, 55.691491126 ], [ 37.357093692, 55.691364133 ], [ 37.356879115, 55.691261328 ], [ 37.35655725, 55.691149452 ], [ 37.356272936, 55.691092003 ], [ 37.355972528, 55.691043624 ], [ 37.355774045, 55.691028505 ], [ 37.355800867, 55.691273423 ], [ 37.355752587, 55.691539504 ], [ 37.355672121, 55.691714875 ], [ 37.355543375, 55.691947694 ], [ 37.355366349, 55.692150276 ], [ 37.35512495, 55.692337738 ], [ 37.354781628, 55.692537294 ], [ 37.35439539, 55.69270359 ], [ 37.353955507, 55.69283965 ], [ 37.35383749, 55.692872909 ], [ 37.353601456, 55.692918262 ], [ 37.353268862, 55.692957568 ], [ 37.352818251, 55.692978732 ], [ 37.352410555, 55.693008968 ], [ 37.352276444, 55.693033156 ], [ 37.352126241, 55.693063391 ], [ 37.351976037, 55.693123862 ], [ 37.351825833, 55.693202473 ], [ 37.350881696, 55.693798101 ], [ 37.350683212, 55.693903922 ], [ 37.350463271, 55.694009743 ], [ 37.350232601, 55.694076259 ], [ 37.35001266, 55.69410347 ], [ 37.349706888, 55.694121611 ], [ 37.349288464, 55.694106494 ], [ 37.348279953, 55.694049048 ] ], [ [ 37.355776727, 55.691021702 ], [ 37.355728447, 55.690861447 ], [ 37.355672121, 55.690729916 ], [ 37.355615795, 55.690640716 ], [ 37.355516553, 55.690506161 ], [ 37.355208099, 55.690217394 ], [ 37.355103493, 55.690144824 ], [ 37.354958653, 55.690057135 ], [ 37.354843318, 55.689992124 ], [ 37.354607284, 55.689890828 ], [ 37.354451716, 55.689830353 ], [ 37.354194224, 55.689747199 ], [ 37.354009151, 55.689694282 ], [ 37.353698015, 55.689629271 ], [ 37.353499532, 55.689597521 ], [ 37.35330373, 55.689571819 ], [ 37.353081107, 55.68954914 ], [ 37.352590263, 55.689511343 ], [ 37.352694869, 55.688334311 ], [ 37.35273242, 55.687871653 ], [ 37.352721691, 55.687702312 ], [ 37.352641225, 55.687557163 ], [ 37.352566123, 55.6874672 ], [ 37.352378368, 55.687347754 ], [ 37.35219866, 55.687267619 ], [ 37.352080643, 55.687219235 ], [ 37.351908982, 55.687155731 ], [ 37.351664901, 55.687081644 ], [ 37.351399362, 55.687021164 ], [ 37.351080179, 55.686986388 ], [ 37.350806594, 55.686978828 ], [ 37.350554466, 55.68698034 ], [ 37.350302339, 55.687007556 ], [ 37.350136042, 55.687028724 ], [ 37.349851727, 55.68707862 ], [ 37.3494789, 55.687163291 ], [ 37.34929651, 55.687208651 ] ], [ [ 37.353826761, 55.692878578 ], [ 37.353964895, 55.69301766 ], [ 37.354078889, 55.693132554 ], [ 37.354186177, 55.693245558 ], [ 37.35437125, 55.693348357 ], [ 37.354647517, 55.69341941 ], [ 37.354872823, 55.693440574 ], [ 37.357501388, 55.69346325 ] ], [ [ 37.353958189, 55.693014259 ], [ 37.35390991, 55.693182064 ], [ 37.353893816, 55.693360451 ], [ 37.353896499, 55.693502556 ], [ 37.353998423, 55.693989335 ], [ 37.354030609, 55.694087597 ], [ 37.354017198, 55.694199464 ], [ 37.353923321, 55.694504831 ], [ 37.353893816, 55.694569834 ], [ 37.353858948, 55.694852522 ], [ 37.353877723, 55.694952293 ], [ 37.353923321, 55.695035436 ], [ 37.354003787, 55.69509288 ], [ 37.354124486, 55.695130672 ], [ 37.354559004, 55.69520021 ], [ 37.354693115, 55.69521835 ], [ 37.35471189, 55.695293934 ], [ 37.354754806, 55.695383123 ], [ 37.354813814, 55.695445101 ], [ 37.354470491, 55.69554336 ], [ 37.354258597, 55.695608361 ], [ 37.354103029, 55.695689991 ], [ 37.354035974, 55.695779179 ], [ 37.353993058, 55.695894065 ], [ 37.353966236, 55.696007439 ], [ 37.353942096, 55.696099649 ], [ 37.353939414, 55.696417093 ], [ 37.353915274, 55.696491163 ], [ 37.353869677, 55.696509681 ], [ 37.353739589, 55.696525553 ], [ 37.353636324, 55.696533111 ], [ 37.353550494, 55.696554274 ], [ 37.353503555, 55.696584506 ], [ 37.353491485, 55.696633634 ], [ 37.353389561, 55.697490338 ], [ 37.35332787, 55.698055669 ] ], [ [ 37.35180974, 55.697449525 ], [ 37.351938486, 55.697497896 ], [ 37.353381515, 55.697497896 ] ], [ [ 37.371438146, 55.698229877 ], [ 37.371416688, 55.699514307 ] ], [ [ 37.350150409, 55.679246189 ], [ 37.350205395, 55.679236338 ], [ 37.350330117, 55.679350761 ], [ 37.350611749, 55.679358339 ], [ 37.350869241, 55.679421991 ], [ 37.351019445, 55.679512923 ], [ 37.351089182, 55.67959173 ], [ 37.35111064, 55.679700848 ], [ 37.351070407, 55.6797645 ], [ 37.351046267, 55.67994333 ], [ 37.351051631, 55.680049416 ], [ 37.351234022, 55.680385857 ], [ 37.351695362, 55.681086008 ], [ 37.351968947, 55.681495182 ], [ 37.352344456, 55.681977092 ], [ 37.353170577, 55.682780262 ], [ 37.353436115, 55.683016663 ], [ 37.354281011, 55.68385315 ], [ 37.354530457, 55.684095606 ], [ 37.354503634, 55.684115306 ] ] ] } },
{ "type": "Feature", "properties": { "datasetId": 897, "rowId": null, "releaseNumber": 193, "versionNumber": 6, "ID": 40411, "Name": "Велодорожка в детском парке «Фили»", "PortionName": "Велодорожка в детском парке «Фили»", "Type": "Велопешеходная дорожка с совмещенным движением", "Width": 1.0, "Location": "Большая Филёвская ул., д. 9 (на территории детского парка)", "OperOrgName": "ГБУ города Москвы «МЦ «Галактика»", "DepartmentalAffiliation": "ПРЕФЕКТУРА ЗАПАДНОГО АДМИНИСТРАТИВНОГО ОКРУГА ГОРОДА МОСКВЫ", "ObjectOperOrgPhone": "(499) 142-17-52", "global_id": 2757254659 }, "geometry": { "type": "MultiLineString", "coordinates": [ [ [ 37.503633499, 55.749616039 ], [ 37.503864169, 55.749581319 ], [ 37.504894137, 55.748965407 ], [ 37.505084574, 55.748855206 ], [ 37.505047023, 55.748808408 ], [ 37.505065799, 55.748766139 ], [ 37.505111396, 55.748737456 ], [ 37.505170405, 55.74872236 ], [ 37.50521332, 55.748732927 ], [ 37.505266964, 55.748745004 ], [ 37.50608772, 55.748258907 ], [ 37.506098449, 55.748233244 ], [ 37.505779266, 55.748056617 ], [ 37.505012155, 55.747645993 ], [ 37.504548132, 55.747392371 ], [ 37.504483759, 55.747359159 ], [ 37.504462302, 55.747327456 ], [ 37.504478395, 55.747301791 ] ], [ [ 37.505081892, 55.748748024 ], [ 37.504403293, 55.748467235 ], [ 37.504175305, 55.748360052 ], [ 37.504105568, 55.74828608 ], [ 37.504097521, 55.748218147 ] ] ] } },
{ "type": "Feature", "properties": { "datasetId": 897, "rowId": null, "releaseNumber": 193, "versionNumber": 6, "ID": 59036, "Name": "Велозона на проезде от ул. Крылатская до Живописного моста", "PortionName": "Велозона на проезде от ул. Крылатская до Живописного моста", "Type": "Улица с приоритетным движением велосипедистов", "Width": 6.0, "Location": "Велозона на проезде от ул. Крылатская до Живописного моста", "OperOrgName": "Жилищник района Крылатское города Москвы", "DepartmentalAffiliation": "ПРЕФЕКТУРА ЗАПАДНОГО АДМИНИСТРАТИВНОГО ОКРУГА ГОРОДА МОСКВЫ", "ObjectOperOrgPhone": "(495) 413-26-14", "global_id": 2757256444 }, "geometry": { "type": "MultiLineString", "coordinates": [ [ [ 37.42825672, 55.769417017 ], [ 37.428563833, 55.76953395 ], [ 37.42877841, 55.769614671 ], [ 37.428915203, 55.769693883 ], [ 37.42899701, 55.769756498 ], [ 37.431889772, 55.77237832 ], [ 37.43195951, 55.772428107 ], [ 37.432023883, 55.772468841 ], [ 37.432147264, 55.772497506 ], [ 37.432294786, 55.772512593 ], [ 37.433949709, 55.772625745 ], [ 37.434464693, 55.772678549 ], [ 37.435151339, 55.772767561 ], [ 37.43580848, 55.772873168 ], [ 37.436310053, 55.772977267 ], [ 37.43696183, 55.773144729 ], [ 37.437436581, 55.773279 ], [ 37.438015938, 55.773488703 ], [ 37.438329756, 55.773598834 ] ] ] } },
{ "type": "Feature", "properties": { "datasetId": 897, "rowId": null, "releaseNumber": 193, "versionNumber": 6, "ID": 59085, "Name": "Велодорожка вдоль Раменского бульвара", "PortionName": "От улицы Светланова до проспекта Вернадского", "Type": "Велосипедная дорожка двухстороннего движения", "Width": 2.0, "Location": "От улицы Светланова до проспекта Вернадского", "OperOrgName": "Жилищник района Раменки города Москвы", "DepartmentalAffiliation": "ПРЕФЕКТУРА ЗАПАДНОГО АДМИНИСТРАТИВНОГО ОКРУГА ГОРОДА МОСКВЫ", "ObjectOperOrgPhone": "(495) 539-53-53", "global_id": 2757257359 }, "geometry": { "type": "MultiLineString", "coordinates": [ [ [ 37.521534562, 55.687007556 ], [ 37.520941794, 55.687542799 ], [ 37.519147396, 55.688579245 ], [ 37.515993118, 55.69040411 ], [ 37.515285015, 55.690809288 ], [ 37.514877319, 55.691153988 ], [ 37.514362335, 55.691867568 ], [ 37.513922453, 55.69242391 ], [ 37.512999773, 55.692943962 ], [ 37.512559891, 55.693185844 ], [ 37.512130737, 55.693494241 ], [ 37.511605024, 55.693778448 ], [ 37.511261702, 55.693929622 ], [ 37.510768175, 55.69397195 ], [ 37.509899139, 55.693959856 ], [ 37.509566545, 55.693996138 ], [ 37.509097159, 55.69408155 ], [ 37.508780658, 55.694155625 ], [ 37.508549988, 55.694243304 ], [ 37.508541942, 55.694317378 ] ] ] } },
{ "type": "Feature", "properties": { "datasetId": 897, "rowId": null, "releaseNumber": 193, "versionNumber": 6, "ID": 45794, "Name": "Велополоса вдоль 2-ой Филёвской улицы, а также улицы Василисы Кожиной", "PortionName": "вдоль 2-ой Филёвской улицы, а также улицы Василисы Кожиной", "Type": "Велосипедная полоса попутного движения", "Width": 1.0, "Location": "вдоль 2-ой Филёвской улицы, а также улицы Василисы Кожиной", "OperOrgName": "ГБУ Автомобильные дороги ЗАО", "DepartmentalAffiliation": "ПРЕФЕКТУРА ЗАПАДНОГО АДМИНИСТРАТИВНОГО ОКРУГА ГОРОДА МОСКВЫ", "ObjectOperOrgPhone": "(499) 792-65-06", "global_id": 2757258000 }, "geometry": { "type": "MultiLineString", "coordinates": [ [ [ 37.489466071, 55.733529708 ], [ 37.490270734, 55.733687524 ], [ 37.490919828, 55.733832502 ], [ 37.49160111, 55.734013724 ], [ 37.492588162, 55.734297636 ], [ 37.494642735, 55.734877536 ], [ 37.494556904, 55.734968145 ], [ 37.49445498, 55.734968145 ], [ 37.494401336, 55.734989287 ], [ 37.491375804, 55.738343922 ], [ 37.490796447, 55.738999261 ], [ 37.490756214, 55.739011341 ] ], [ [ 37.49014467, 55.739710458 ], [ 37.489814758, 55.740078886 ], [ 37.489774525, 55.740095496 ] ], [ [ 37.489728928, 55.740068317 ], [ 37.489734292, 55.740029058 ], [ 37.490179539, 55.739544362 ], [ 37.491252422, 55.738354492 ], [ 37.492255569, 55.737184216 ], [ 37.493864894, 55.735400043 ], [ 37.494261861, 55.734943983 ], [ 37.494240403, 55.734898678 ], [ 37.493789792, 55.734774846 ], [ 37.491762042, 55.734194945 ], [ 37.490984201, 55.733965398 ], [ 37.490388751, 55.733833257 ], [ 37.489852309, 55.733729054 ], [ 37.489763796, 55.733730564 ], [ 37.489613593, 55.733754727 ], [ 37.489433885, 55.733815135 ] ] ] } },
{ "type": "Feature", "properties": { "datasetId": 897, "rowId": null, "releaseNumber": 193, "versionNumber": 6, "ID": 45793, "Name": "Велополоса на улице Алябьева", "PortionName": "Велополоса на улице Алябьева", "Type": "Велосипедная полоса попутного движения", "Width": 1.0, "Location": "Велополоса на улице Алябьева", "OperOrgName": "ГБУ Автомобильные дороги ЗАО", "DepartmentalAffiliation": "ПРЕФЕКТУРА ЗАПАДНОГО АДМИНИСТРАТИВНОГО ОКРУГА ГОРОДА МОСКВЫ", "ObjectOperOrgPhone": "(499) 792-65-06", "global_id": 2757258403 }, "geometry": { "type": "MultiLineString", "coordinates": [ [ [ 37.488098145, 55.741276254 ], [ 37.485091388, 55.744389917 ], [ 37.485092729, 55.744414073 ], [ 37.485111505, 55.744425396 ] ] ] } },
{ "type": "Feature", "properties": { "datasetId": 897, "rowId": null, "releaseNumber": 193, "versionNumber": 6, "ID": 54841, "Name": "Велополоса на Островной улице", "PortionName": "Велополоса на Островной улице", "Type": "Двустороняя велополоса", "Width": 2.0, "Location": "Вдоль Островной улицы", "OperOrgName": "Жилищник района Крылатское города Москвы", "DepartmentalAffiliation": "ПРЕФЕКТУРА ЗАПАДНОГО АДМИНИСТРАТИВНОГО ОКРУГА ГОРОДА МОСКВЫ", "ObjectOperOrgPhone": "(495) 413-26-14", "global_id": 2757259595 }, "geometry": { "type": "MultiLineString", "coordinates": [ [ [ 37.435929179, 55.750055323 ], [ 37.436012328, 55.750174578 ], [ 37.436146438, 55.750271189 ], [ 37.436495125, 55.750482526 ], [ 37.436924279, 55.750724052 ], [ 37.437297106, 55.750909724 ], [ 37.438332438, 55.751337672 ], [ 37.438997626, 55.751579192 ] ] ] } },
{ "type": "Feature", "properties": { "datasetId": 897, "rowId": null, "releaseNumber": 193, "versionNumber": 6, "ID": 36483, "Name": "Велопешеходная дорожка на Большой Филевской улице", "PortionName": "Велопешеходная дорожка на Большой Филевской улице", "Type": "Велопешеходная дорожка с совмещенным движением", "Width": 2.0, "Location": "Велопешеходная дорожка на Большой Филевской улице", "OperOrgName": "ГБУ Автомобильные дороги ЗАО", "DepartmentalAffiliation": "ПРЕФЕКТУРА ЗАПАДНОГО АДМИНИСТРАТИВНОГО ОКРУГА ГОРОДА МОСКВЫ", "ObjectOperOrgPhone": "(499) 792-65-06", "global_id": 2757259741 }, "geometry": { "type": "MultiLineString", "coordinates": [ [ [ 37.485151738, 55.744437475 ], [ 37.485403866, 55.744512963 ], [ 37.48539716, 55.744530326 ], [ 37.485320717, 55.744615628 ], [ 37.4939695, 55.74712516 ], [ 37.49406606, 55.747134218 ], [ 37.494581044, 55.747279146 ], [ 37.494607866, 55.747331985 ], [ 37.494680285, 55.74735312 ] ] ] } },
{ "type": "Feature", "properties": { "datasetId": 897, "rowId": null, "releaseNumber": 193, "versionNumber": 6, "ID": 67960, "Name": "Велопешеходная дорожка на Ломоносовском проспекте", "PortionName": "Велопешеходная дорожка на Ломоносовском проспекте", "Type": "Велопешеходная дорожка с совмещенным движением", "Width": 3.0, "Location": "Велопешеходная дорожка на Ломоносовском проспекте", "OperOrgName": "ГБУ Автомобильные дороги ЗАО", "DepartmentalAffiliation": "ПРЕФЕКТУРА ЗАПАДНОГО АДМИНИСТРАТИВНОГО ОКРУГА ГОРОДА МОСКВЫ", "ObjectOperOrgPhone": "(499) 792-65-06", "global_id": 2757260207 }, "geometry": { "type": "MultiLineString", "coordinates": [ [ [ 37.535988986, 55.693771646 ], [ 37.533642054, 55.695107241 ], [ 37.528851628, 55.697868234 ], [ 37.528637052, 55.698070785 ], [ 37.528457344, 55.698176595 ], [ 37.52821058, 55.698244615 ], [ 37.525407672, 55.699856663 ], [ 37.525166273, 55.699992698 ], [ 37.523771524, 55.700796805 ], [ 37.52114296, 55.702326377 ], [ 37.516387403, 55.705015829 ], [ 37.516301572, 55.70513371 ] ], [ [ 37.516001165, 55.705313554 ], [ 37.515853643, 55.705316576 ], [ 37.515078485, 55.705794141 ] ], [ [ 37.513879538, 55.70561581 ], [ 37.513852715, 55.70553269 ], [ 37.517538071, 55.703332959 ], [ 37.520638704, 55.701612987 ], [ 37.521861792, 55.700966089 ], [ 37.524769306, 55.699402455 ], [ 37.527135015, 55.698027705 ], [ 37.529661655, 55.696559942 ], [ 37.529865503, 55.696422384 ], [ 37.529972792, 55.696322616 ], [ 37.532333136, 55.694962119 ], [ 37.53413558, 55.693991603 ], [ 37.534967065, 55.693547152 ], [ 37.534980476, 55.693475344 ] ] ] } },
{ "type": "Feature", "properties": { "datasetId": 897, "rowId": null, "releaseNumber": 193, "versionNumber": 6, "ID": 11, "Name": "Велодорожка по Нагатинской набережной от дома 32 до дома 70", "PortionName": "", "Type": "Велопешеходная дорожка с совмещенным движением", "Width": 2.3, "Location": "Нагатинская набережная", "OperOrgName": "ГБУ «Автомобильные дороги ЮАО»", "DepartmentalAffiliation": "ПРЕФЕКТУРА ЮЖНОГО АДМИНИСТРАТИВНОГО ОКРУГА ГОРОДА МОСКВЫ", "ObjectOperOrgPhone": "(495) 276-12-17", "global_id": 2757597451 }, "geometry": { "type": "MultiLineString", "coordinates": [ [ [ 37.672580481, 55.686442258 ], [ 37.676080449, 55.687421508 ], [ 37.677721961, 55.687879518 ], [ 37.678767725, 55.688179349 ], [ 37.679591636, 55.688415269 ], [ 37.680286565, 55.688616238 ], [ 37.680987969, 55.688813927 ], [ 37.681622985, 55.688988954 ], [ 37.682219443, 55.68915841 ], [ 37.682727598, 55.689303572 ] ], [ [ 37.683399637, 55.68950333 ], [ 37.684196253, 55.68972151 ], [ 37.687221784, 55.690563913 ], [ 37.687833328, 55.690697241 ], [ 37.688809652, 55.690897233 ] ], [ [ 37.689303179, 55.690979047 ], [ 37.690169696, 55.691080851 ], [ 37.690896411, 55.691151766 ], [ 37.691416759, 55.691194188 ], [ 37.692283113, 55.691219944 ], [ 37.693111915, 55.69123661 ], [ 37.693900933, 55.691224486 ], [ 37.694711408, 55.691182062 ], [ 37.695439435, 55.691128518 ] ] ] } },
{ "type": "Feature", "properties": { "datasetId": 897, "rowId": null, "releaseNumber": 193, "versionNumber": 6, "ID": 12, "Name": "Велодорожка по Хордовому проезду", "PortionName": "", "Type": "Велопешеходная дорожка с совмещенным движением", "Width": 7.5, "Location": "Хордовый проезд", "OperOrgName": "ГБУ Жилищник района Братеево", "DepartmentalAffiliation": "ПРЕФЕКТУРА ЮЖНОГО АДМИНИСТРАТИВНОГО ОКРУГА ГОРОДА МОСКВЫ", "ObjectOperOrgPhone": "(495) 342-33-11", "global_id": 2757640180 }, "geometry": { "type": "MultiLineString", "coordinates": [ [ [ 37.750006453, 55.637056105 ], [ 37.752366796, 55.630938362 ] ] ] } },
{ "type": "Feature", "properties": { "datasetId": 897, "rowId": null, "releaseNumber": 193, "versionNumber": 6, "ID": 13, "Name": "Велодорожка по Наташинскому проезду", "PortionName": "", "Type": "Велопешеходная дорожка с совмещенным движением", "Width": 4.0, "Location": "Наташинский проезд (Борисовские пруды, д. 6, корп.1)", "OperOrgName": "Жилищник района Братеево", "DepartmentalAffiliation": "ПРЕФЕКТУРА ЮЖНОГО АДМИНИСТРАТИВНОГО ОКРУГА ГОРОДА МОСКВЫ", "ObjectOperOrgPhone": "(495) 342-33-11", "global_id": 2757705479 }, "geometry": { "type": "MultiLineString", "coordinates": [ [ [ 37.732450963, 55.634314191 ], [ 37.733476162, 55.633520155 ], [ 37.734167576, 55.632658812 ], [ 37.734453679, 55.631945497 ] ] ] } },
{ "type": "Feature", "properties": { "datasetId": 897, "rowId": null, "releaseNumber": 193, "versionNumber": 6, "ID": 14, "Name": "Зона отдыха Борисовские пруды, ул. Борисовские пруды владение 2", "PortionName": "", "Type": "Велопешеходная дорожка с совмещенным движением", "Width": 2.9, "Location": "Зона отдыха Борисовские пруды, ул. Борисовские пруды владение 2", "OperOrgName": "ГБУ Жилищник Москворечье-Сабурово", "DepartmentalAffiliation": "ПРЕФЕКТУРА ЮЖНОГО АДМИНИСТРАТИВНОГО ОКРУГА ГОРОДА МОСКВЫ", "ObjectOperOrgPhone": "(495) 344-77-80", "global_id": 2757763609 }, "geometry": { "type": "MultiLineString", "coordinates": [ [ [ 37.70440674, 55.635490787 ], [ 37.712184817, 55.635397708 ], [ 37.712460489, 55.635412277 ], [ 37.714297206, 55.635387749 ], [ 37.715418369, 55.635342229 ], [ 37.716662914, 55.635304324 ], [ 37.720698941, 55.635271654 ], [ 37.723226574, 55.635198543 ], [ 37.731544972, 55.63509194 ] ] ] } },
{ "type": "Feature", "properties": { "datasetId": 897, "rowId": null, "releaseNumber": 193, "versionNumber": 6, "ID": 15, "Name": "Велодорожка по Корабельной улице", "PortionName": "", "Type": "Велопешеходная дорожка с совмещенным движением", "Width": 1.2, "Location": "Корабельной улице", "OperOrgName": "ГБУ Жилищник района Нагатинский затон", "DepartmentalAffiliation": "ПРЕФЕКТУРА ЮЖНОГО АДМИНИСТРАТИВНОГО ОКРУГА ГОРОДА МОСКВЫ", "ObjectOperOrgPhone": "(499) 172-21-11", "global_id": 2757798281 }, "geometry": { "type": "MultiLineString", "coordinates": [ [ [ 37.698888319, 55.683596599 ], [ 37.697393159, 55.681605568 ], [ 37.697390289, 55.681572595 ], [ 37.697439703, 55.681476341 ], [ 37.697419334, 55.681394398 ], [ 37.697020772, 55.68085619 ] ], [ [ 37.699079292, 55.683716586 ], [ 37.698896901, 55.683613541 ] ], [ [ 37.699111478, 55.683719617 ], [ 37.699267046, 55.683807508 ], [ 37.699664013, 55.684322727 ], [ 37.701552728, 55.686827175 ], [ 37.701499084, 55.686969607 ], [ 37.701520542, 55.687039308 ], [ 37.702008704, 55.687702975 ] ], [ [ 37.700733008, 55.688051418 ], [ 37.700185837, 55.688178694 ] ], [ [ 37.69896275, 55.688548398 ], [ 37.698834004, 55.688518095 ], [ 37.698726716, 55.688536277 ] ], [ [ 37.698233189, 55.688645369 ], [ 37.697535815, 55.688827189 ], [ 37.697246136, 55.688966584 ], [ 37.697160306, 55.689015069 ], [ 37.697095933, 55.688918099 ], [ 37.697294416, 55.688872644 ], [ 37.697358789, 55.688884766 ] ] ] } },
{ "type": "Feature", "properties": { "datasetId": 897, "rowId": null, "releaseNumber": 193, "versionNumber": 6, "ID": 16, "Name": "Велодорожка по улице Марка Шагала", "PortionName": "", "Type": "Велопешеходная дорожка с совмещенным движением", "Width": 1.0, "Location": "улица Марка Шагала", "OperOrgName": "ГБУ Жилищник района Даниловский", "DepartmentalAffiliation": "ПРЕФЕКТУРА ЮЖНОГО АДМИНИСТРАТИВНОГО ОКРУГА ГОРОДА МОСКВЫ", "ObjectOperOrgPhone": "(495) 958-28-48", "global_id": 2757844008 }, "geometry": { "type": "MultiLineString", "coordinates": [ [ [ 37.629093194, 55.701130415 ], [ 37.629468703, 55.700882006 ], [ 37.629597449, 55.700712359 ], [ 37.629361415, 55.700167063 ], [ 37.62929436, 55.700061032 ], [ 37.629291677, 55.699936824 ], [ 37.62958672, 55.699652054 ], [ 37.629618907, 55.69943393 ], [ 37.629312802, 55.698983861 ], [ 37.629291344, 55.698826325 ], [ 37.629409361, 55.698711202 ], [ 37.629666854, 55.698523369 ], [ 37.629680402, 55.698370987 ], [ 37.629519012, 55.69816356 ], [ 37.629347351, 55.697957547 ], [ 37.629341987, 55.697857569 ], [ 37.629411724, 55.697751532 ], [ 37.629647758, 55.697497042 ], [ 37.629712131, 55.6973395 ], [ 37.629629456, 55.697203295 ], [ 37.629361235, 55.697009395 ], [ 37.629318319, 55.696933652 ], [ 37.629371964, 55.696839732 ], [ 37.629803757, 55.696572691 ], [ 37.629846673, 55.696427264 ], [ 37.629487168, 55.695600532 ], [ 37.629508626, 55.695491459 ], [ 37.62999764, 55.694987903 ], [ 37.630040556, 55.694872768 ], [ 37.62999764, 55.694787932 ], [ 37.6296787, 55.694496067 ], [ 37.629625056, 55.694344572 ], [ 37.629969139, 55.693850136 ], [ 37.630097885, 55.69360168 ], [ 37.630162258, 55.693365343 ], [ 37.630119343, 55.693268383 ], [ 37.630087156, 55.693189604 ] ], [ [ 37.630399581, 55.699312998 ], [ 37.630453225, 55.698416252 ] ], [ [ 37.630467289, 55.698202788 ], [ 37.630537026, 55.697309046 ] ] ] } },
{ "type": "Feature", "properties": { "datasetId": 897, "rowId": null, "releaseNumber": 193, "versionNumber": 6, "ID": 1007, "Name": "Большая Почтовая ул.", "PortionName": "Большая Почтовая ул.", "Type": "Велосипедная полоса попутного движения", "Width": 1.6, "Location": "Большая Почтовая ул.", "OperOrgName": "ГБУ Жилищник Басманного района", "DepartmentalAffiliation": "ПРЕФЕКТУРА ЦЕНТРАЛЬНОГО АДМИНИСТРАТИВНОГО ОКРУГА ГОРОДА МОСКВЫ", "ObjectOperOrgPhone": "(499) 391-41-80", "global_id": 2763406352 }, "geometry": { "type": "MultiLineString", "coordinates": [ [ [ 37.696425319, 55.781181312 ], [ 37.696811557, 55.780119416 ], [ 37.696993947, 55.779546222 ], [ 37.697036862, 55.779335043 ], [ 37.696956396, 55.77862306 ], [ 37.697085142, 55.778580823 ], [ 37.69715488, 55.779015256 ], [ 37.69719243, 55.779335043 ], [ 37.69715488, 55.779516054 ], [ 37.696870565, 55.780378859 ], [ 37.696602345, 55.781190362 ] ] ] } },
{ "type": "Feature", "properties": { "datasetId": 897, "rowId": null, "releaseNumber": 193, "versionNumber": 6, "ID": 1008, "Name": "проезд от Б.Почтовой ул. до\nГоспитального пер. (временный участок\nТТК)", "PortionName": "проезд от Б.Почтовой ул. до\nГоспитального пер. (временный участок\nТТК)", "Type": "Велосипедная полоса попутного движения", "Width": 1.6, "Location": "проезд от Б.Почтовой ул. до\nГоспитального пер. (временный участок\nТТК)", "OperOrgName": "ГБУ Жилищник Басманного района", "DepartmentalAffiliation": "ПРЕФЕКТУРА ЦЕНТРАЛЬНОГО АДМИНИСТРАТИВНОГО ОКРУГА ГОРОДА МОСКВЫ", "ObjectOperOrgPhone": "(499) 391-41-08", "global_id": 2763406462 }, "geometry": { "type": "MultiLineString", "coordinates": [ [ [ 37.690006793, 55.770825842 ], [ 37.687246799, 55.772382846 ], [ 37.687037587, 55.772379828 ], [ 37.687096596, 55.772330041 ], [ 37.687815428, 55.771925709 ], [ 37.689861953, 55.770767001 ] ] ] } },
{ "type": "Feature", "properties": { "datasetId": 897, "rowId": null, "releaseNumber": 193, "versionNumber": 6, "ID": 1009, "Name": "Госпитальный пер.", "PortionName": "Госпитальный пер.", "Type": "Велосипедная полоса попутного движения", "Width": 1.6, "Location": "Госпитальный пер.", "OperOrgName": "ГБУ Жилищник Басманного района", "DepartmentalAffiliation": "ПРЕФЕКТУРА ЦЕНТРАЛЬНОГО АДМИНИСТРАТИВНОГО ОКРУГА ГОРОДА МОСКВЫ", "ObjectOperOrgPhone": "(499) 391-41-08", "global_id": 2763406518 }, "geometry": { "type": "MultiLineString", "coordinates": [ [ [ 37.691425681, 55.770014878 ], [ 37.690041661, 55.770808491 ], [ 37.689902186, 55.770727019 ], [ 37.691811919, 55.769616557 ] ] ] } },
{ "type": "Feature", "properties": { "datasetId": 897, "rowId": null, "releaseNumber": 193, "versionNumber": 6, "ID": 1010, "Name": "Госпитальный мост", "PortionName": "Госпитальный мост", "Type": "Велосипедная полоса попутного движения", "Width": 1.6, "Location": "Госпитальный мост", "OperOrgName": "ГБУ Жилищник Басманного района", "DepartmentalAffiliation": "ПРЕФЕКТУРА ЦЕНТРАЛЬНОГО АДМИНИСТРАТИВНОГО ОКРУГА ГОРОДА МОСКВЫ", "ObjectOperOrgPhone": "(499) 391-41-08", "global_id": 2763406548 }, "geometry": { "type": "MultiLineString", "coordinates": [ [ [ 37.691873385, 55.76957964 ], [ 37.692410754, 55.76925922 ] ] ] } },
{ "type": "Feature", "properties": { "datasetId": 897, "rowId": null, "releaseNumber": 193, "versionNumber": 6, "ID": 1011, "Name": "Сыромятнический 4\n-й пер.", "PortionName": "Сыромятнический 4\n-й пер.", "Type": "Велосипедная полоса попутного движения", "Width": 1.2, "Location": "Сыромятнический 4\n-й пер.", "OperOrgName": "ГБУ Жилищник Басманного района", "DepartmentalAffiliation": "ПРЕФЕКТУРА ЦЕНТРАЛЬНОГО АДМИНИСТРАТИВНОГО ОКРУГА ГОРОДА МОСКВЫ", "ObjectOperOrgPhone": "(499) 391-41-08", "global_id": 2763406570 }, "geometry": { "type": "MultiLineString", "coordinates": [ [ [ 37.664254904, 55.75496938 ], [ 37.665708661, 55.755029755 ], [ 37.666320205, 55.755032774 ], [ 37.667924166, 55.754818443 ] ] ] } },
{ "type": "Feature", "properties": { "datasetId": 897, "rowId": null, "releaseNumber": 193, "versionNumber": 6, "ID": 1012, "Name": "Сыромятническая Н. ул.", "PortionName": "Сыромятническая Н. ул.", "Type": "Велосипедная полоса попутного движения", "Width": 1.2, "Location": "Сыромятническая Н. ул.", "OperOrgName": "ГБУ Жилищник Басманного района", "DepartmentalAffiliation": "ПРЕФЕКТУРА ЦЕНТРАЛЬНОГО АДМИНИСТРАТИВНОГО ОКРУГА ГОРОДА МОСКВЫ", "ObjectOperOrgPhone": "(499) 391-41-08", "global_id": 2763406636 }, "geometry": { "type": "MultiLineString", "coordinates": [ [ [ 37.666754723, 55.753482625 ], [ 37.667784691, 55.753289418 ], [ 37.669340372, 55.752975454 ], [ 37.671625614, 55.752709791 ], [ 37.672376633, 55.752625261 ] ] ] } },
{ "type": "Feature", "properties": { "datasetId": 897, "rowId": null, "releaseNumber": 193, "versionNumber": 6, "ID": 11, "Name": "Мечникова бульвар", "PortionName": "", "Type": "Велопешеходная дорожка с раздельным движением", "Width": 1.5, "Location": "бульвар Мечникова, район Коммунарка, Москва", "OperOrgName": "ГБУ Автомобильные дороги НАО", "DepartmentalAffiliation": "ПРЕФЕКТУРА ТРОИЦКОГО И НОВОМОСКОВСКОГО АДМИНИСТРАТИВНЫХ ОКРУГОВ ГОРОДА МОСКВЫ", "ObjectOperOrgPhone": "(916) 284-08-17", "global_id": 2763417187 }, "geometry": { "type": "MultiLineString", "coordinates": [ [ [ 37.469494343, 55.578729784 ], [ 37.469236851, 55.578566036 ], [ 37.467101812, 55.576685919 ], [ 37.464827299, 55.57469047 ], [ 37.463582754, 55.573677544 ], [ 37.461715937, 55.572282453 ], [ 37.459301949, 55.570444497 ], [ 37.456920147, 55.568661051 ], [ 37.454570532, 55.56690179 ], [ 37.452220917, 55.565160652 ] ] ] } },
{ "type": "Feature", "properties": { "datasetId": 897, "rowId": null, "releaseNumber": 193, "versionNumber": 6, "ID": 12, "Name": "Илизарова ул.", "PortionName": "", "Type": "Велопешеходная дорожка с раздельным движением", "Width": 1.5, "Location": "улица Илизарова, район Коммунарка, Новомосковский административный округ, Москва", "OperOrgName": "ГБУ Автомобильные дороги НАО", "DepartmentalAffiliation": "ПРЕФЕКТУРА ТРОИЦКОГО И НОВОМОСКОВСКОГО АДМИНИСТРАТИВНЫХ ОКРУГОВ ГОРОДА МОСКВЫ", "ObjectOperOrgPhone": "(916) 284-08-17", "global_id": 2763418483 }, "geometry": { "type": "MultiLineString", "coordinates": [ [ [ 37.463790055, 55.573034199 ], [ 37.464109349, 55.572149519 ] ] ] } },
{ "type": "Feature", "properties": { "datasetId": 897, "rowId": null, "releaseNumber": 193, "versionNumber": 6, "ID": 13, "Name": "4-я Нововатутинская ул.", "PortionName": "", "Type": [ "Велосипедная дорожка двухстороннего движения", "Велопешеходная дорожка с раздельным движением" ], "Width": 1.5, "Location": "4-я Нововатутинская улица, район Троицк, Москва", "OperOrgName": "Жилищник Троицк", "DepartmentalAffiliation": "ПРЕФЕКТУРА ТРОИЦКОГО И НОВОМОСКОВСКОГО АДМИНИСТРАТИВНЫХ ОКРУГОВ ГОРОДА МОСКВЫ", "ObjectOperOrgPhone": "(926) 095-83-50", "global_id": 2763419183 }, "geometry": { "type": "MultiLineString", "coordinates": [ [ [ 37.343631626, 55.518628367 ], [ 37.354142413, 55.518624504 ] ] ] } },
{ "type": "Feature", "properties": { "datasetId": 897, "rowId": null, "releaseNumber": 193, "versionNumber": 6, "ID": 14, "Name": "Бунинские луга ЖК", "PortionName": "", "Type": "Велопешеходная дорожка с раздельным движением", "Width": 1.5, "Location": "квартал № 183, район Коммунарка, Новомосковский административный округ, Москва", "OperOrgName": "Жилищник Коммунарка", "DepartmentalAffiliation": "ПРЕФЕКТУРА ТРОИЦКОГО И НОВОМОСКОВСКОГО АДМИНИСТРАТИВНЫХ ОКРУГОВ ГОРОДА МОСКВЫ", "ObjectOperOrgPhone": "(495) 339-00-60", "global_id": 2763420409 }, "geometry": { "type": "MultiLineString", "coordinates": [ [ [ 37.481436571, 55.547406024 ], [ 37.483038512, 55.5448617 ], [ 37.483472137, 55.544234147 ], [ 37.485937157, 55.540520375 ], [ 37.48627928, 55.540507308 ], [ 37.481720552, 55.547497148 ], [ 37.485376755, 55.541896405 ], [ 37.489389523, 55.542743811 ], [ 37.483342768, 55.541465704 ] ] ] } },
{ "type": "Feature", "properties": { "datasetId": 897, "rowId": null, "releaseNumber": 193, "versionNumber": 6, "ID": 15, "Name": "Большая Октябрьская ул. (Троицк)", "PortionName": "", "Type": "Велопешеходная дорожка с раздельным движением", "Width": 1.5, "Location": "Большая Октябрьская улица, Троицк, Москва", "OperOrgName": "ГБУ Автомобильные дороги ТАО", "DepartmentalAffiliation": "ПРЕФЕКТУРА ТРОИЦКОГО И НОВОМОСКОВСКОГО АДМИНИСТРАТИВНЫХ ОКРУГОВ ГОРОДА МОСКВЫ", "ObjectOperOrgPhone": "(916) 284-08-17", "global_id": 2763420499 }, "geometry": { "type": "MultiLineString", "coordinates": [ [ [ 37.300017399, 55.490864852 ], [ 37.299120692, 55.491245053 ], [ 37.298852789, 55.491421751 ], [ 37.298695823, 55.491580039 ], [ 37.297676977, 55.492958423 ] ] ] } },
{ "type": "Feature", "properties": { "datasetId": 897, "rowId": null, "releaseNumber": 193, "versionNumber": 6, "ID": 16, "Name": "Дорожная ул.", "PortionName": "", "Type": "Велопешеходная дорожка с раздельным движением", "Width": 1.5, "Location": "Дорожная улица, Филимонковский район, Новомосковский административный округ, Москва", "OperOrgName": "Жилищник Коммунарка", "DepartmentalAffiliation": "ПРЕФЕКТУРА ТРОИЦКОГО И НОВОМОСКОВСКОГО АДМИНИСТРАТИВНЫХ ОКРУГОВ ГОРОДА МОСКВЫ", "ObjectOperOrgPhone": "(495) 339-00-60", "global_id": 2763420668 }, "geometry": { "type": "MultiLineString", "coordinates": [ [ [ 37.243702258, 55.5114972 ], [ 37.248940424, 55.50977411 ], [ 37.249176311, 55.509712656 ], [ 37.250185388, 55.509374225 ], [ 37.250274068, 55.509367924 ], [ 37.250487388, 55.50927989 ], [ 37.251743982, 55.508929363 ], [ 37.258865026, 55.506533105 ], [ 37.259421858, 55.506358837 ], [ 37.26130105, 55.505755355 ], [ 37.262651254, 55.505168339 ] ] ] } },
{ "type": "Feature", "properties": { "datasetId": 897, "rowId": null, "releaseNumber": 193, "versionNumber": 6, "ID": 17, "Name": "1-я Нововатутинская ул.", "PortionName": "", "Type": "Велопешеходная дорожка с раздельным движением", "Width": 1.5, "Location": "1-я Нововатутинская улица, район Троицк, Москва", "OperOrgName": "Жилищник Троицк", "DepartmentalAffiliation": "ПРЕФЕКТУРА ТРОИЦКОГО И НОВОМОСКОВСКОГО АДМИНИСТРАТИВНЫХ ОКРУГОВ ГОРОДА МОСКВЫ", "ObjectOperOrgPhone": "(926) 095-83-50", "global_id": 2763420833 }, "geometry": { "type": "MultiLineString", "coordinates": [ [ [ 37.358519399, 55.514878001 ], [ 37.357932821, 55.515276722 ], [ 37.357275757, 55.515930745 ], [ 37.356972904, 55.516266273 ], [ 37.356583657, 55.516853397 ], [ 37.356411959, 55.517341464 ], [ 37.356298782, 55.517886852 ], [ 37.356232928, 55.518464287 ] ] ] } },
{ "type": "Feature", "properties": { "datasetId": 897, "rowId": null, "releaseNumber": 193, "versionNumber": 6, "ID": 18, "Name": "6-я Нововатутинская улица", "PortionName": "", "Type": "Велопешеходная дорожка с раздельным движением", "Width": 1.5, "Location": "6-я Нововатутинская улица, район Троицк, Москва", "OperOrgName": "Жилищник Троицк", "DepartmentalAffiliation": "ПРЕФЕКТУРА ТРОИЦКОГО И НОВОМОСКОВСКОГО АДМИНИСТРАТИВНЫХ ОКРУГОВ ГОРОДА МОСКВЫ", "ObjectOperOrgPhone": "(926) 095-83-50", "global_id": 2763420909 }, "geometry": { "type": "MultiLineString", "coordinates": [ [ [ 37.35848714, 55.514681048 ], [ 37.358277761, 55.514584824 ], [ 37.357965405, 55.514470069 ], [ 37.357270637, 55.514353739 ], [ 37.356092209, 55.514325025 ], [ 37.353952148, 55.514313752 ], [ 37.353518649, 55.514346977 ], [ 37.353346009, 55.514375318 ], [ 37.352251165, 55.51481625 ] ] ] } },
{ "type": "Feature", "properties": { "datasetId": 897, "rowId": null, "releaseNumber": 193, "versionNumber": 6, "ID": 20, "Name": "улица Блохина", "PortionName": "", "Type": "Велопешеходная дорожка с раздельным движением", "Width": 1.5, "Location": "улица Блохина, район Коммунарка, Новомосковский административный округ, Москва", "OperOrgName": "ГБУ Автомобильные дороги НАО", "DepartmentalAffiliation": "ПРЕФЕКТУРА ТРОИЦКОГО И НОВОМОСКОВСКОГО АДМИНИСТРАТИВНЫХ ОКРУГОВ ГОРОДА МОСКВЫ", "ObjectOperOrgPhone": "(916) 284-08-17", "global_id": 2763421802 }, "geometry": { "type": "MultiLineString", "coordinates": [ [ [ 37.467493173, 55.564700219 ], [ 37.464751847, 55.565426295 ] ] ] } },
{ "type": "Feature", "properties": { "datasetId": 897, "rowId": null, "releaseNumber": 193, "versionNumber": 6, "ID": 21, "Name": "Бульвар Андрея Тарковского", "PortionName": "", "Type": "Велопешеходная дорожка с раздельным движением", "Width": 1.5, "Location": "бульвар Андрея Тарковского, район Внуково, Новомосковский административный округ, Москва", "OperOrgName": "Жилищник Филимонковского района", "DepartmentalAffiliation": "ПРЕФЕКТУРА ТРОИЦКОГО И НОВОМОСКОВСКОГО АДМИНИСТРАТИВНЫХ ОКРУГОВ ГОРОДА МОСКВЫ", "ObjectOperOrgPhone": "(495) 225-14-34", "global_id": 2763422107 }, "geometry": { "type": "MultiLineString", "coordinates": [ [ [ 37.342791263, 55.625531614 ], [ 37.343791089, 55.625994036 ], [ 37.343811208, 55.626030056 ], [ 37.343760069, 55.626089892 ], [ 37.344033875, 55.626167871 ] ], [ [ 37.343907417, 55.626132586 ], [ 37.341074983, 55.62923743 ] ] ] } },
{ "type": "Feature", "properties": { "datasetId": 897, "rowId": null, "releaseNumber": 193, "versionNumber": 6, "ID": 22, "Name": "бульвар Мечникова", "PortionName": "", "Type": "Велопешеходная дорожка с раздельным движением", "Width": 1.5, "Location": "бульвар Мечникова, район Коммунарка, Новомосковский административный округ, Моск", "OperOrgName": "ГБУ Автомобильные дороги НАО", "DepartmentalAffiliation": "ПРЕФЕКТУРА ТРОИЦКОГО И НОВОМОСКОВСКОГО АДМИНИСТРАТИВНЫХ ОКРУГОВ ГОРОДА МОСКВЫ", "ObjectOperOrgPhone": "(916) 284-08-17", "global_id": 2763422399 }, "geometry": { "type": "MultiLineString", "coordinates": [ [ [ 37.452657045, 55.564966097 ], [ 37.456462371, 55.567848259 ] ], [ [ 37.457121413, 55.568325537 ], [ 37.458143673, 55.569109595 ] ], [ [ 37.459159789, 55.569792939 ], [ 37.461358204, 55.571456764 ] ], [ [ 37.462026345, 55.571961454 ], [ 37.463419054, 55.573004599 ], [ 37.464035731, 55.573110994 ], [ 37.463981321, 55.573241023 ], [ 37.464063266, 55.573448753 ], [ 37.467165284, 55.576068533 ], [ 37.469833306, 55.578141074 ] ], [ [ 37.468521706, 55.578105387 ], [ 37.466904249, 55.57671401 ], [ 37.466791817, 55.576558242 ], [ 37.464561333, 55.574643697 ], [ 37.463247612, 55.573565603 ], [ 37.461516936, 55.572283348 ] ], [ [ 37.461023399, 55.571909768 ], [ 37.459077368, 55.570477329 ], [ 37.459031687, 55.570443703 ] ], [ [ 37.457600003, 55.569334246 ], [ 37.452227965, 55.565208829 ] ] ] } },
{ "type": "Feature", "properties": { "datasetId": 897, "rowId": null, "releaseNumber": 193, "versionNumber": 6, "ID": 23, "Name": "Октябрьский проспект (Троицк)", "PortionName": "", "Type": "Велопешеходная дорожка с раздельным движением", "Width": 2.3, "Location": "Октябрьский проспект, Троицк, Москва", "OperOrgName": "Жилищник Троицк", "DepartmentalAffiliation": "ПРЕФЕКТУРА ТРОИЦКОГО И НОВОМОСКОВСКОГО АДМИНИСТРАТИВНЫХ ОКРУГОВ ГОРОДА МОСКВЫ", "ObjectOperOrgPhone": "(926) 095-83-50", "global_id": 2763422484 }, "geometry": { "type": "MultiLineString", "coordinates": [ [ [ 37.291008178, 55.471103972 ], [ 37.294853984, 55.474203907 ], [ 37.295259232, 55.474517087 ], [ 37.294952881, 55.47469073 ], [ 37.297613353, 55.476941169 ], [ 37.298880197, 55.478027089 ], [ 37.29996063, 55.478950438 ], [ 37.300631275, 55.479692325 ], [ 37.302671293, 55.482440716 ], [ 37.303111892, 55.483050991 ], [ 37.303568771, 55.48343682 ], [ 37.303834566, 55.483427131 ], [ 37.303887703, 55.483271575 ], [ 37.303601043, 55.483052158 ], [ 37.3034788, 55.482913719 ], [ 37.302527808, 55.481613054 ], [ 37.300531447, 55.478968011 ], [ 37.299593989, 55.478137552 ], [ 37.299487029, 55.477979928 ], [ 37.299445077, 55.47790593 ], [ 37.299261037, 55.477857176 ], [ 37.299055998, 55.477926718 ], [ 37.298863696, 55.478018189 ] ] ] } },
{ "type": "Feature", "properties": { "datasetId": 897, "rowId": null, "releaseNumber": 193, "versionNumber": 6, "ID": 24, "Name": "Старопрокшинское шоссе", "PortionName": "", "Type": "Велопешеходная дорожка с раздельным движением", "Width": 1.5, "Location": "Старопрокшинское шоссе, район Коммунарка, Новомосковский административный округ, Москва", "OperOrgName": "ГБУ Автомобильные дороги НАО", "DepartmentalAffiliation": "ПРЕФЕКТУРА ТРОИЦКОГО И НОВОМОСКОВСКОГО АДМИНИСТРАТИВНЫХ ОКРУГОВ ГОРОДА МОСКВЫ", "ObjectOperOrgPhone": "(916) 284-08-17", "global_id": 2763422587 }, "geometry": { "type": "MultiLineString", "coordinates": [ [ [ 37.457839422, 55.560512237 ], [ 37.456187378, 55.562123423 ], [ 37.456299819, 55.562291007 ], [ 37.456224681, 55.562514159 ], [ 37.455771446, 55.562487149 ], [ 37.455109468, 55.56301314 ], [ 37.454985383, 55.563214384 ], [ 37.454695865, 55.563342177 ], [ 37.453501019, 55.564242772 ], [ 37.45343581, 55.564439066 ], [ 37.453173013, 55.564486452 ], [ 37.452628133, 55.56490258 ] ], [ [ 37.45743656, 55.56042771 ], [ 37.455663992, 55.562222246 ], [ 37.45535792, 55.562471468 ], [ 37.452292118, 55.564776128 ] ] ] } },
{ "type": "Feature", "properties": { "datasetId": 897, "rowId": null, "releaseNumber": 193, "versionNumber": 6, "ID": 25, "Name": "Филатовский бульвар", "PortionName": "", "Type": "Велопешеходная дорожка с раздельным движением", "Width": 1.5, "Location": "Филатовский бульвар, район Коммунарка, Новомосковский административный округ, Москва", "OperOrgName": "ГБУ Автомобильные дороги НАО", "DepartmentalAffiliation": "ПРЕФЕКТУРА ТРОИЦКОГО И НОВОМОСКОВСКОГО АДМИНИСТРАТИВНЫХ ОКРУГОВ ГОРОДА МОСКВЫ", "ObjectOperOrgPhone": "(916) 284-08-17", "global_id": 2763422673 }, "geometry": { "type": "MultiLineString", "coordinates": [ [ [ 37.459054337, 55.562841525 ], [ 37.458487487, 55.564737368 ], [ 37.457879069, 55.566447995 ], [ 37.45768379, 55.566757728 ], [ 37.457450922, 55.567571801 ], [ 37.457164611, 55.568206892 ], [ 37.457115903, 55.568314935 ] ], [ [ 37.456709349, 55.567744943 ], [ 37.457198994, 55.566208954 ], [ 37.457962039, 55.563960263 ], [ 37.458413178, 55.5627771 ] ] ] } },
{ "type": "Feature", "properties": { "datasetId": 897, "rowId": null, "releaseNumber": 193, "versionNumber": 6, "ID": 26, "Name": "Юдинский бульвар", "PortionName": "", "Type": "Велопешеходная дорожка с раздельным движением", "Width": 1.5, "Location": "Юдинский бульвар, район Коммунарка, Новомосковский административный округ, Москва", "OperOrgName": "ГБУ Автомобильные дороги НАО", "DepartmentalAffiliation": "ПРЕФЕКТУРА ТРОИЦКОГО И НОВОМОСКОВСКОГО АДМИНИСТРАТИВНЫХ ОКРУГОВ ГОРОДА МОСКВЫ", "ObjectOperOrgPhone": "(916) 284-08-17", "global_id": 2763422749 }, "geometry": { "type": "MultiLineString", "coordinates": [ [ [ 37.461939018, 55.572033603 ], [ 37.462902299, 55.569410815 ], [ 37.462980065, 55.569340794 ], [ 37.463306675, 55.568599996 ], [ 37.464442088, 55.565560479 ] ], [ [ 37.463435247, 55.565648797 ], [ 37.462959768, 55.566818742 ], [ 37.46213004, 55.569300265 ], [ 37.461353907, 55.571449643 ] ] ] } },
{ "type": "Feature", "properties": { "datasetId": 897, "rowId": null, "releaseNumber": 193, "versionNumber": 6, "ID": 1020, "Name": "Новолесная ул.", "PortionName": "Новолесная ул.", "Type": "Велосипедная полоса попутного движения", "Width": 1.4, "Location": "Новолесная ул.", "OperOrgName": "ГБУ Жилищник района Тверской", "DepartmentalAffiliation": "ПРЕФЕКТУРА ЦЕНТРАЛЬНОГО АДМИНИСТРАТИВНОГО ОКРУГА ГОРОДА МОСКВЫ", "ObjectOperOrgPhone": "(495) 624-71-72", "global_id": 2763424128 }, "geometry": { "type": "MultiLineString", "coordinates": [ [ [ 37.590672523, 55.782580284 ], [ 37.591234446, 55.782167008 ], [ 37.591854036, 55.781709986 ], [ 37.592476308, 55.781257483 ] ] ] } },
{ "type": "Feature", "properties": { "datasetId": 897, "rowId": null, "releaseNumber": 193, "versionNumber": 6, "ID": 949, "Name": "Зоологическая ул.", "PortionName": "Зоологическая ул.", "Type": "Велосипедная дорожка одностороннего движения", "Width": 1.7, "Location": "Зоологическая ул.", "OperOrgName": "ГБУ Жилищник Пресненского района", "DepartmentalAffiliation": "ПРЕФЕКТУРА ЦЕНТРАЛЬНОГО АДМИНИСТРАТИВНОГО ОКРУГА ГОРОДА МОСКВЫ", "ObjectOperOrgPhone": "(499) 390-29-06", "global_id": 2763424758 }, "geometry": { "type": "MultiLineString", "coordinates": [ [ [ 37.579271793, 55.764931447 ], [ 37.579593658, 55.765209099 ], [ 37.582297325, 55.764255417 ], [ 37.585644722, 55.766597328 ], [ 37.586717606, 55.767732018 ], [ 37.587007284, 55.768097164 ] ] ] } },
{ "type": "Feature", "properties": { "datasetId": 897, "rowId": null, "releaseNumber": 193, "versionNumber": 6, "ID": 1021, "Name": "3-я Тверская-Ямская ул.", "PortionName": "от Лесная ул., д.4, с.1 до 2-я Тверская-Ямская улица, 54", "Type": "Велосипедная полоса попутного движения", "Width": 1.4, "Location": "3-я Тверская-Ямская ул.", "OperOrgName": "ГБУ Жилищник района Тверской", "DepartmentalAffiliation": "ПРЕФЕКТУРА ЦЕНТРАЛЬНОГО АДМИНИСТРАТИВНОГО ОКРУГА ГОРОДА МОСКВЫ", "ObjectOperOrgPhone": "(495) 624-71-72", "global_id": 2763424997 }, "geometry": { "type": "MultiLineString", "coordinates": [ [ [ 37.586921453, 55.77724431 ], [ 37.587578595, 55.776871707 ], [ 37.588867396, 55.776121211 ], [ 37.589812875, 55.775567569 ] ] ] } },
{ "type": "Feature", "properties": { "datasetId": 897, "rowId": null, "releaseNumber": 193, "versionNumber": 6, "ID": 1022, "Name": "3-я Тверская-Ямская ул.", "PortionName": "от 2-я Тверская-Ямская улица, 38 до Оружейный пер., д.5", "Type": "Велосипедная полоса попутного движения", "Width": 1.4, "Location": "3-я Тверская-Ямская ул.", "OperOrgName": "ГБУ Жилищник района Тверской", "DepartmentalAffiliation": "ПРЕФЕКТУРА ЦЕНТРАЛЬНОГО АДМИНИСТРАТИВНОГО ОКРУГА ГОРОДА МОСКВЫ", "ObjectOperOrgPhone": "(495) 624-71-72", "global_id": 2763425406 }, "geometry": { "type": "MultiLineString", "coordinates": [ [ [ 37.59252727, 55.774023516 ], [ 37.593804002, 55.773270702 ], [ 37.596623003, 55.771626228 ], [ 37.597534955, 55.771098171 ] ] ] } },
{ "type": "Feature", "properties": { "datasetId": 897, "rowId": null, "releaseNumber": 193, "versionNumber": 6, "ID": 1023, "Name": "4-я Тверская-Ямская ул.", "PortionName": "4-я Тверская-Ямская ул.", "Type": "Велосипедная полоса попутного движения", "Width": 1.4, "Location": "4-я Тверская-Ямская ул.", "OperOrgName": "ГБУ Жилищник района Тверской", "DepartmentalAffiliation": "ПРЕФЕКТУРА ЦЕНТРАЛЬНОГО АДМИНИСТРАТИВНОГО ОКРУГА ГОРОДА МОСКВЫ", "ObjectOperOrgPhone": "(495) 624-71-72", "global_id": 2763425647 }, "geometry": { "type": "MultiLineString", "coordinates": [ [ [ 37.593480796, 55.774574162 ], [ 37.594419569, 55.774028042 ], [ 37.595492452, 55.773395921 ], [ 37.596759796, 55.772647621 ], [ 37.597705275, 55.772085632 ], [ 37.598711103, 55.771497987 ] ] ] } },
{ "type": "Feature", "properties": { "datasetId": 897, "rowId": null, "releaseNumber": 193, "versionNumber": 6, "ID": 10017, "Name": "Чкаловский бульвар", "PortionName": "", "Type": "Велосипедная дорожка двухстороннего движения", "Width": 2.5, "Location": "Чкаловский бульвар", "OperOrgName": "ГБУ Жилищник района Покровское-Стрешнево", "DepartmentalAffiliation": "ПРЕФЕКТУРА СЕВЕРО-ЗАПАДНОГО АДМИНИСТРАТИВНОГО ОКРУГА ГОРОДА МОСКВЫ", "ObjectOperOrgPhone": "(499) 492-29-36", "global_id": 2763477749 }, "geometry": { "type": "MultiLineString", "coordinates": [ [ [ 37.430484295, 55.823041263 ], [ 37.430237532, 55.82283032 ], [ 37.43016243, 55.822679645 ], [ 37.429894209, 55.822414457 ], [ 37.429786921, 55.822336106 ], [ 37.429497242, 55.821878048 ], [ 37.428864241, 55.821190951 ], [ 37.428542376, 55.82079918 ], [ 37.427737713, 55.819822748 ], [ 37.427093983, 55.819346579 ], [ 37.426879406, 55.819105478 ], [ 37.426857948, 55.819021092 ], [ 37.426525354, 55.818798072 ], [ 37.426332235, 55.818490664 ], [ 37.426257133, 55.818273668 ], [ 37.426117659, 55.818074754 ], [ 37.425688505, 55.817809535 ], [ 37.425602674, 55.817556369 ], [ 37.425334454, 55.817375535 ], [ 37.425141335, 55.817116338 ], [ 37.424862385, 55.816748638 ], [ 37.424744368, 55.816483409 ], [ 37.424476147, 55.816284486 ], [ 37.424250841, 55.816067478 ], [ 37.424004078, 55.815784161 ], [ 37.423971891, 55.815518925 ], [ 37.423875332, 55.815374251 ], [ 37.423532009, 55.815169294 ], [ 37.422652245, 55.81409024 ], [ 37.422544956, 55.813704426 ], [ 37.422330379, 55.813384921 ] ] ] } },
{ "type": "Feature", "properties": { "datasetId": 897, "rowId": null, "releaseNumber": 193, "versionNumber": 6, "ID": 10018, "Name": "Сквер по Малой Набережной ул.", "PortionName": "", "Type": "Велосипедная дорожка двухстороннего движения", "Width": 1.5, "Location": "Сквер по Малой Набережной ул., напротив д.25/1 по Большой набережной ул.", "OperOrgName": "ГБУ Жилищник района Покровское-Стрешнево", "DepartmentalAffiliation": "ПРЕФЕКТУРА СЕВЕРО-ЗАПАДНОГО АДМИНИСТРАТИВНОГО ОКРУГА ГОРОДА МОСКВЫ", "ObjectOperOrgPhone": "(499) 492-29-36", "global_id": 2763478240 }, "geometry": { "type": "MultiLineString", "coordinates": [ [ [ 37.458845973, 55.834742297 ], [ 37.458931804, 55.83463987 ], [ 37.458883524, 55.834600706 ], [ 37.458899617, 55.834543468 ], [ 37.46094346, 55.834401876 ], [ 37.461147308, 55.834537442 ], [ 37.46127069, 55.834811586 ], [ 37.461184859, 55.835004389 ], [ 37.459951043, 55.834715184 ], [ 37.458953261, 55.834633845 ] ] ] } },
{ "type": "Feature", "properties": { "datasetId": 897, "rowId": null, "releaseNumber": 193, "versionNumber": 6, "ID": 10019, "Name": "Небесный бульвар", "PortionName": "", "Type": "Велосипедная дорожка двухстороннего движения", "Width": 2.5, "Location": "Небесный бульвар от ул. Виражная до Чкаловского бульвара", "OperOrgName": "ООО Ви Холдинг Девелопмент", "DepartmentalAffiliation": "ПРЕФЕКТУРА СЕВЕРО-ЗАПАДНОГО АДМИНИСТРАТИВНОГО ОКРУГА ГОРОДА МОСКВЫ", "ObjectOperOrgPhone": "(499) 492-29-36", "global_id": 2763478350 }, "geometry": { "type": "MultiLineString", "coordinates": [ [ [ 37.426758707, 55.819693912 ], [ 37.426528037, 55.819758707 ], [ 37.426310778, 55.819876242 ], [ 37.425951362, 55.819959119 ], [ 37.425388098, 55.820210762 ], [ 37.425082326, 55.820375008 ], [ 37.424846292, 55.820500075 ], [ 37.424553931, 55.82070199 ], [ 37.424229383, 55.82097171 ], [ 37.424073815, 55.821129925 ], [ 37.423987985, 55.821247456 ], [ 37.423939705, 55.82132581 ], [ 37.423907518, 55.82148101 ], [ 37.423878014, 55.821634702 ] ] ] } },
{ "type": "Feature", "properties": { "datasetId": 897, "rowId": null, "releaseNumber": 193, "versionNumber": 6, "ID": 10020, "Name": "ул. Свободы", "PortionName": "", "Type": "Велосипедная дорожка двухстороннего движения", "Width": 1.5, "Location": "ул. Свободы от сквара Салют до пр. Досфлота", "OperOrgName": "ГБУ Автомобильные дороги СЗАО", "DepartmentalAffiliation": "ПРЕФЕКТУРА СЕВЕРО-ЗАПАДНОГО АДМИНИСТРАТИВНОГО ОКРУГА ГОРОДА МОСКВЫ", "ObjectOperOrgPhone": "(499) 497-57-57", "global_id": 2763479028 }, "geometry": { "type": "MultiLineString", "coordinates": [ [ [ 37.454280853, 55.836569371 ], [ 37.454795837, 55.839167495 ], [ 37.454903126, 55.839800055 ], [ 37.455117702, 55.840785021 ] ] ] } },
{ "type": "Feature", "properties": { "datasetId": 897, "rowId": null, "releaseNumber": 193, "versionNumber": 6, "ID": 10021, "Name": "Маршала Жукова проспект, д. 39", "PortionName": "", "Type": "Велосипедная дорожка двухстороннего движения", "Width": 3.0, "Location": "Маршала Жукова проспект, д. 39", "OperOrgName": "ООО УК Уютный Квартал", "DepartmentalAffiliation": "ПРЕФЕКТУРА СЕВЕРО-ЗАПАДНОГО АДМИНИСТРАТИВНОГО ОКРУГА ГОРОДА МОСКВЫ", "ObjectOperOrgPhone": "(495) 609-68-59", "global_id": 2763480129 }, "geometry": { "type": "MultiLineString", "coordinates": [ [ [ 37.470052242, 55.774687308 ], [ 37.470481396, 55.774639033 ], [ 37.471007109, 55.775139887 ], [ 37.471489906, 55.775079543 ], [ 37.471028566, 55.774572654 ], [ 37.471425533, 55.774518344 ], [ 37.471790314, 55.774747652 ], [ 37.472058535, 55.774723515 ], [ 37.471876144, 55.774427827 ], [ 37.471704483, 55.774331276 ], [ 37.471436262, 55.774427827 ], [ 37.471404076, 55.774506275 ], [ 37.470470667, 55.774620929 ] ] ] } },
{ "type": "Feature", "properties": { "datasetId": 897, "rowId": null, "releaseNumber": 193, "versionNumber": 6, "ID": 45, "Name": "Михалковская ул.", "PortionName": "Михалковская ул.", "Type": "Велопешеходная дорожка с совмещенным движением", "Width": 1.5, "Location": "Михалковская улица", "OperOrgName": "ГБУ Автомобильные дороги САО", "DepartmentalAffiliation": "ПРЕФЕКТУРА СЕВЕРНОГО АДМИНИСТРАТИВНОГО ОКРУГА ГОРОДА МОСКВЫ", "ObjectOperOrgPhone": "(499) 152-23-29", "global_id": 2763480596 }, "geometry": { "type": "MultiLineString", "coordinates": [ [ [ 37.538180351, 55.836504604 ], [ 37.537423968, 55.836733548 ] ], [ [ 37.536667585, 55.836926341 ], [ 37.532343864, 55.838049946 ] ] ] } },
{ "type": "Feature", "properties": { "datasetId": 897, "rowId": null, "releaseNumber": 193, "versionNumber": 6, "ID": 10022, "Name": "2-й мкрн. Митино проезд от Митинская улица, 30с1 до Пятницкое шоссе, 21", "PortionName": "", "Type": "Велопешеходная дорожка с раздельным движением", "Width": 1.0, "Location": "Проезд от Митинская улица, 30с1 до Пятницкое шоссе, 21", "OperOrgName": "ГБУ Жилищник района Митино", "DepartmentalAffiliation": "ПРЕФЕКТУРА СЕВЕРО-ЗАПАДНОГО АДМИНИСТРАТИВНОГО ОКРУГА ГОРОДА МОСКВЫ", "ObjectOperOrgPhone": "(495) 753-12-22", "global_id": 2763480806 }, "geometry": { "type": "MultiLineString", "coordinates": [ [ [ 37.367280722, 55.843894881 ], [ 37.368021011, 55.844430987 ], [ 37.368729115, 55.845069485 ], [ 37.369222641, 55.845509199 ], [ 37.370885611, 55.846641592 ], [ 37.372044325, 55.847400517 ], [ 37.372162342, 55.847328239 ], [ 37.369544506, 55.84554534 ], [ 37.36913681, 55.845274284 ], [ 37.36858964, 55.844780355 ], [ 37.368139029, 55.844340633 ], [ 37.36738801, 55.843834644 ] ] ] } },
{ "type": "Feature", "properties": { "datasetId": 897, "rowId": null, "releaseNumber": 193, "versionNumber": 6, "ID": 46, "Name": "Валаамская ул.", "PortionName": "Валаамская ул.", "Type": "Велопешеходная дорожка с раздельным движением", "Width": 1.5, "Location": "Вдоль Валаамской улицы от м. Петровско-Разумовская до Большой Академической 72с2", "OperOrgName": "ГБУ Автомобильные дороги САО", "DepartmentalAffiliation": "ПРЕФЕКТУРА СЕВЕРНОГО АДМИНИСТРАТИВНОГО ОКРУГА ГОРОДА МОСКВЫ", "ObjectOperOrgPhone": "(499) 152-23-29", "global_id": 2763480905 }, "geometry": { "type": "MultiLineString", "coordinates": [ [ [ 37.5656569, 55.839938615 ], [ 37.565608621, 55.83989042 ], [ 37.56469667, 55.84039646 ], [ 37.563371658, 55.841315146 ], [ 37.562663555, 55.841944659 ], [ 37.562057376, 55.842441636 ], [ 37.561435103, 55.842935595 ], [ 37.560893297, 55.843294012 ], [ 37.560018897, 55.843866269 ], [ 37.559847236, 55.843986743 ], [ 37.559916973, 55.844016861 ] ] ] } },
{ "type": "Feature", "properties": { "datasetId": 897, "rowId": null, "releaseNumber": 193, "versionNumber": 6, "ID": 10023, "Name": "2-й мкрн. Митино проезд от Митинская улица, 24Ас1 до Пятницкое шоссе, 19к1", "PortionName": "", "Type": "Велопешеходная дорожка с раздельным движением", "Width": 1.0, "Location": "Проезд от Митинская улица, 24Ас1 до Пятницкое шоссе, 19к1", "OperOrgName": "ГБУ Жилищник района Митино", "DepartmentalAffiliation": "ПРЕФЕКТУРА СЕВЕРО-ЗАПАДНОГО АДМИНИСТРАТИВНОГО ОКРУГА ГОРОДА МОСКВЫ", "ObjectOperOrgPhone": "(495) 753-12-22", "global_id": 2763481212 }, "geometry": { "type": "MultiLineString", "coordinates": [ [ [ 37.371550798, 55.843503339 ], [ 37.372130156, 55.843563576 ], [ 37.372516394, 55.843696099 ], [ 37.37375021, 55.844491223 ], [ 37.375509739, 55.845713996 ], [ 37.375638485, 55.845659785 ], [ 37.372763157, 55.843702122 ], [ 37.372430563, 55.843533458 ], [ 37.371926308, 55.843485267 ], [ 37.371529341, 55.843406958 ], [ 37.370263338, 55.842575668 ] ] ] } },
{ "type": "Feature", "properties": { "datasetId": 897, "rowId": null, "releaseNumber": 193, "versionNumber": 6, "ID": 47, "Name": "Дмитровское шоссе", "PortionName": "Дмитровское шоссе", "Type": "Велопешеходная дорожка с раздельным движением", "Width": 1.5, "Location": "от д.25к1 Дмитровское шоссе до д.13А", "OperOrgName": "ГБУ Автомобильные дороги города Москвы", "DepartmentalAffiliation": "ПРЕФЕКТУРА СЕВЕРНОГО АДМИНИСТРАТИВНОГО ОКРУГА ГОРОДА МОСКВЫ", "ObjectOperOrgPhone": "(495) 940-06-94", "global_id": 2763482007 }, "geometry": { "type": "MultiLineString", "coordinates": [ [ [ 37.572475076, 55.824329498 ], [ 37.572491169, 55.824287311 ], [ 37.572464347, 55.823738874 ], [ 37.572555542, 55.82296442 ], [ 37.572829127, 55.821975988 ], [ 37.572979331, 55.821554089 ], [ 37.573617697, 55.820200968 ], [ 37.574111223, 55.819251645 ], [ 37.574250698, 55.819022599 ] ] ] } },
{ "type": "Feature", "properties": { "datasetId": 897, "rowId": null, "releaseNumber": 193, "versionNumber": 6, "ID": 10024, "Name": "Сквер на Химкинском бульваре", "PortionName": "", "Type": "Велосипедная дорожка одностороннего движения", "Width": 0.8, "Location": "Сквер на Химкинском бульваре Химкинский бульвар, 16к1", "OperOrgName": "ГБУ Жилищник района Северное Тушино", "DepartmentalAffiliation": "ПРЕФЕКТУРА СЕВЕРО-ЗАПАДНОГО АДМИНИСТРАТИВНОГО ОКРУГА ГОРОДА МОСКВЫ", "ObjectOperOrgPhone": "(495) 494-35-11", "global_id": 2763482140 }, "geometry": { "type": "MultiLineString", "coordinates": [ [ [ 37.440682054, 55.851437328 ], [ 37.440800071, 55.851045862 ], [ 37.44094491, 55.850976602 ], [ 37.441733479, 55.851060918 ], [ 37.441889048, 55.851121144 ], [ 37.442366481, 55.851172336 ], [ 37.442736626, 55.851337956 ], [ 37.442629337, 55.851533689 ], [ 37.442350388, 55.851611981 ], [ 37.440687418, 55.85144034 ] ] ] } },
{ "type": "Feature", "properties": { "datasetId": 897, "rowId": null, "releaseNumber": 193, "versionNumber": 6, "ID": 10025, "Name": "Куркинское шоссе", "PortionName": "", "Type": "Велосипедная дорожка двухстороннего движения", "Width": 0.8, "Location": "Тротуар вдоль Куркинского шоссе от Новокуркинское шоссе, 1 до ул. Ландышевая", "OperOrgName": "ГБУ Жилищник района Куркино", "DepartmentalAffiliation": "ПРЕФЕКТУРА СЕВЕРО-ЗАПАДНОГО АДМИНИСТРАТИВНОГО ОКРУГА ГОРОДА МОСКВЫ", "ObjectOperOrgPhone": "(495) 744-13-50", "global_id": 2763482351 }, "geometry": { "type": "MultiLineString", "coordinates": [ [ [ 37.409648895, 55.884419269 ], [ 37.394049168, 55.885839354 ], [ 37.393813133, 55.88580325 ], [ 37.393416166, 55.885712992 ] ] ] } },
{ "type": "Feature", "properties": { "datasetId": 897, "rowId": null, "releaseNumber": 193, "versionNumber": 6, "ID": 10026, "Name": "Строгинский мост", "PortionName": "", "Type": "Велопешеходная зона", "Width": 2.0, "Location": "Строгинский мост", "OperOrgName": "ГБУ Автомобильные дороги СЗАО", "DepartmentalAffiliation": "ПРЕФЕКТУРА СЕВЕРО-ЗАПАДНОГО АДМИНИСТРАТИВНОГО ОКРУГА ГОРОДА МОСКВЫ", "ObjectOperOrgPhone": "(499) 497-57-57", "global_id": 2763484619 }, "geometry": { "type": "MultiLineString", "coordinates": [ [ [ 37.428829372, 55.803788742 ], [ 37.43108511, 55.804123401 ], [ 37.432973385, 55.804424893 ], [ 37.434681952, 55.804672115 ], [ 37.435725331, 55.804768591 ], [ 37.438589931, 55.804860545 ], [ 37.44050771, 55.804946468 ], [ 37.451426983, 55.805363272 ] ] ] } },
{ "type": "Feature", "properties": { "datasetId": 897, "rowId": null, "releaseNumber": 193, "versionNumber": 6, "ID": 10027, "Name": "ул. Живописная", "PortionName": "", "Type": "Велосипедная полоса попутного движения", "Width": 1.2, "Location": "ул. Живописная от Новощукинской ул. до ул. Академика Бочвара", "OperOrgName": "ГБУ Автомобильные дороги СЗАО", "DepartmentalAffiliation": "ПРЕФЕКТУРА СЕВЕРО-ЗАПАДНОГО АДМИНИСТРАТИВНОГО ОКРУГА ГОРОДА МОСКВЫ", "ObjectOperOrgPhone": "(499) 497-57-57", "global_id": 2763484774 }, "geometry": { "type": "MultiLineString", "coordinates": [ [ [ 37.451716661, 55.805360257 ], [ 37.451705933, 55.805263782 ], [ 37.451448441, 55.80509495 ], [ 37.450847626, 55.804751255 ], [ 37.450643778, 55.804401527 ], [ 37.450504303, 55.803074945 ] ] ] } },
{ "type": "Feature", "properties": { "datasetId": 897, "rowId": null, "releaseNumber": 193, "versionNumber": 6, "ID": 10028, "Name": "Академика Бочвара ул.", "PortionName": "", "Type": "Велопешеходная дорожка с совмещенным движением", "Width": 1.2, "Location": "Академика Бочвара ул.", "OperOrgName": "ГБУ Жилищник района Щукино", "DepartmentalAffiliation": "ПРЕФЕКТУРА СЕВЕРО-ЗАПАДНОГО АДМИНИСТРАТИВНОГО ОКРУГА ГОРОДА МОСКВЫ", "ObjectOperOrgPhone": "(499) 194-86-37", "global_id": 2763485006 }, "geometry": { "type": "MultiLineString", "coordinates": [ [ [ 37.450697422, 55.803068915 ], [ 37.454227209, 55.803038765 ], [ 37.454634905, 55.803050825 ], [ 37.458132505, 55.803696032 ], [ 37.459452152, 55.804775374 ], [ 37.460342646, 55.80548085 ], [ 37.462713718, 55.807386173 ], [ 37.462992668, 55.807669552 ], [ 37.462338209, 55.807868519 ], [ 37.461833954, 55.808013221 ], [ 37.46122241, 55.808290566 ], [ 37.460610867, 55.808688492 ] ] ] } },
{ "type": "Feature", "properties": { "datasetId": 897, "rowId": null, "releaseNumber": 193, "versionNumber": 6, "ID": 10029, "Name": "ул. Авиационная", "PortionName": "", "Type": [ "Велопешеходная дорожка с совмещенным движением", "Велосипедная дорожка двухстороннего движения" ], "Width": 1.2, "Location": "ул. Авиационная, д.66", "OperOrgName": "ГБУ Жилищник района Щукино", "DepartmentalAffiliation": "ПРЕФЕКТУРА СЕВЕРО-ЗАПАДНОГО АДМИНИСТРАТИВНОГО ОКРУГА ГОРОДА МОСКВЫ", "ObjectOperOrgPhone": "(499) 194-86-37", "global_id": 2763485466 }, "geometry": { "type": "MultiLineString", "coordinates": [ [ [ 37.460181713, 55.808790988 ], [ 37.459580898, 55.809333607 ], [ 37.459806204, 55.809405955 ], [ 37.46029973, 55.809122589 ], [ 37.461061478, 55.809369781 ], [ 37.461072206, 55.809512971 ], [ 37.461195588, 55.809515985 ], [ 37.461313605, 55.809654653 ], [ 37.461329699, 55.809739059 ], [ 37.461329699, 55.809947058 ], [ 37.461249232, 55.810670527 ], [ 37.461308241, 55.810733829 ], [ 37.461469173, 55.810797132 ], [ 37.461833954, 55.81080919 ], [ 37.461828589, 55.810869478 ], [ 37.462676167, 55.810920723 ], [ 37.46329844, 55.811195033 ] ] ] } },
{ "type": "Feature", "properties": { "datasetId": 897, "rowId": null, "releaseNumber": 193, "versionNumber": 6, "ID": 10030, "Name": "Щукинская ул.", "PortionName": "", "Type": "Велосипедная полоса попутного движения", "Width": 1.2, "Location": "Щукинская ул.", "OperOrgName": "ГБУ Жилищник района Щукино", "DepartmentalAffiliation": "ПРЕФЕКТУРА СЕВЕРО-ЗАПАДНОГО АДМИНИСТРАТИВНОГО ОКРУГА ГОРОДА МОСКВЫ", "ObjectOperOrgPhone": "(499) 194-86-37", "global_id": 2763485840 }, "geometry": { "type": "MultiLineString", "coordinates": [ [ [ 37.465621233, 55.808277 ], [ 37.475937009, 55.80861765 ], [ 37.476473451, 55.80861765 ], [ 37.480931282, 55.808765364 ] ] ] } },
{ "type": "Feature", "properties": { "datasetId": 897, "rowId": null, "releaseNumber": 193, "versionNumber": 6, "ID": 10031, "Name": "Светлогорский проезд", "PortionName": "", "Type": "Велосипедная полоса попутного движения", "Width": 1.2, "Location": "Светлогорский проезд", "OperOrgName": "ГБУ Жилищник района Южное Тушино", "DepartmentalAffiliation": "ПРЕФЕКТУРА СЕВЕРО-ЗАПАДНОГО АДМИНИСТРАТИВНОГО ОКРУГА ГОРОДА МОСКВЫ", "ObjectOperOrgPhone": "(499) 492-01-72", "global_id": 2763486076 }, "geometry": { "type": "MultiLineString", "coordinates": [ [ [ 37.402385473, 55.850574591 ], [ 37.402750254, 55.850080729 ], [ 37.403683662, 55.847563142 ], [ 37.403919697, 55.845599551 ], [ 37.403479815, 55.843015411 ], [ 37.403737307, 55.842509405 ] ] ] } },
{ "type": "Feature", "properties": { "datasetId": 897, "rowId": null, "releaseNumber": 193, "versionNumber": 6, "ID": 10032, "Name": "Исаковского ул.", "PortionName": "", "Type": "Велосипедная полоса попутного движения", "Width": 1.2, "Location": "Исаковского ул.", "OperOrgName": "ГБУ Автомобильные дороги СЗАО", "DepartmentalAffiliation": "ПРЕФЕКТУРА СЕВЕРО-ЗАПАДНОГО АДМИНИСТРАТИВНОГО ОКРУГА ГОРОДА МОСКВЫ", "ObjectOperOrgPhone": "(499) 497-57-57", "global_id": 2763486182 }, "geometry": { "type": "MultiLineString", "coordinates": [ [ [ 37.416729927, 55.805700932 ], [ 37.417910099, 55.807437423 ], [ 37.418274879, 55.807919768 ], [ 37.418103218, 55.808510632 ], [ 37.417459488, 55.809077371 ], [ 37.415442467, 55.809849087 ], [ 37.413876057, 55.810572558 ], [ 37.411837578, 55.811850656 ], [ 37.409820557, 55.813297508 ], [ 37.406408787, 55.81570881 ], [ 37.404820919, 55.816817959 ], [ 37.402997017, 55.818119962 ], [ 37.402524948, 55.818300793 ], [ 37.4000144, 55.81891561 ], [ 37.396752834, 55.819530417 ], [ 37.396044731, 55.819530417 ], [ 37.395122051, 55.819289317 ], [ 37.394435406, 55.818758893 ], [ 37.394199371, 55.818083796 ], [ 37.392890453, 55.813912404 ] ] ] } },
{ "type": "Feature", "properties": { "datasetId": 897, "rowId": null, "releaseNumber": 193, "versionNumber": 6, "ID": 10033, "Name": "Сквер у Лодочной ул.", "PortionName": "", "Type": "Велосипедная дорожка двухстороннего движения", "Width": 1.2, "Location": "Сквер у Лодочной ул. от улю Свободы до ул. Лодочная д.29, с.1", "OperOrgName": "ГБУ Жилищник района Южное Тушино", "DepartmentalAffiliation": "ПРЕФЕКТУРА СЕВЕРО-ЗАПАДНОГО АДМИНИСТРАТИВНОГО ОКРУГА ГОРОДА МОСКВЫ", "ObjectOperOrgPhone": "(499) 492-01-72", "global_id": 2763486445 }, "geometry": { "type": "MultiLineString", "coordinates": [ [ [ 37.454414964, 55.835643042 ], [ 37.454715371, 55.835573755 ], [ 37.457923293, 55.835356854 ], [ 37.458706498, 55.835347817 ], [ 37.459543347, 55.835456267 ], [ 37.460144162, 55.835576767 ], [ 37.462413311, 55.836329883 ], [ 37.464103103, 55.836902242 ], [ 37.464521527, 55.837402296 ], [ 37.464907765, 55.837896319 ], [ 37.464323044, 55.838348163 ] ] ] } },
{ "type": "Feature", "properties": { "datasetId": 897, "rowId": null, "releaseNumber": 193, "versionNumber": 6, "ID": 10034, "Name": "1-й Лыковский проезд", "PortionName": "", "Type": [ "Велопешеходная дорожка с совмещенным движением", "Велосипедная дорожка двухстороннего движения" ], "Width": 1.2, "Location": "1-й Лыковский проезд, ул. Одинцовская", "OperOrgName": "ГБУ Жилищник района Строгино", "DepartmentalAffiliation": "ПРЕФЕКТУРА СЕВЕРО-ЗАПАДНОГО АДМИНИСТРАТИВНОГО ОКРУГА ГОРОДА МОСКВЫ", "ObjectOperOrgPhone": "(495) 758-67-07", "global_id": 2763486724 }, "geometry": { "type": "MultiLineString", "coordinates": [ [ [ 37.387139797, 55.77087035 ], [ 37.387225628, 55.774177396 ], [ 37.387418747, 55.774418775 ], [ 37.38941431, 55.775311865 ], [ 37.390401363, 55.776229072 ], [ 37.391195297, 55.777013508 ], [ 37.3924613, 55.778365114 ], [ 37.393877506, 55.779342585 ], [ 37.394907475, 55.780151092 ], [ 37.397224903, 55.783216027 ], [ 37.397482395, 55.783602144 ], [ 37.398040295, 55.78484493 ], [ 37.398405075, 55.785303424 ], [ 37.39928484, 55.785062112 ], [ 37.40029335, 55.785749847 ], [ 37.402803898, 55.788536858 ], [ 37.403361797, 55.788971179 ], [ 37.404241562, 55.790684289 ], [ 37.404799461, 55.791070331 ], [ 37.405936718, 55.79103414 ], [ 37.406644821, 55.790913502 ], [ 37.407996655, 55.791070331 ] ] ] } },
{ "type": "Feature", "properties": { "datasetId": 897, "rowId": null, "releaseNumber": 193, "versionNumber": 6, "ID": 17246, "Name": "Грина ул.", "PortionName": "Грина ул.", "Type": "Велопешеходная дорожка с раздельным движением", "Width": 1.0, "Location": "от ул. Грина, д.42 до бульвара Дмитрия Донского, д.10", "OperOrgName": "Государственное бюджетное учреждение «Автомобильные дороги ЮЗАО»", "DepartmentalAffiliation": "ПРЕФЕКТУРА ЮГО-ЗАПАДНОГО АДМИНИСТРАТИВНОГО ОКРУГА ГОРОДА МОСКВЫ", "ObjectOperOrgPhone": "(499) 128-17-63", "global_id": 2763887681 }, "geometry": { "type": "MultiLineString", "coordinates": [ [ [ 37.562826872, 55.569449954 ], [ 37.574068309, 55.566760532 ] ] ] } },
{ "type": "Feature", "properties": { "datasetId": 897, "rowId": null, "releaseNumber": 193, "versionNumber": 6, "ID": 17247, "Name": "бульвар Дмитрия Донского", "PortionName": "бульвар Дмитрия Донского", "Type": "Велопешеходная дорожка с совмещенным движением", "Width": 2.5, "Location": "от ул. Старобитцевская до ул. Знаменские Садки", "OperOrgName": "Государственное бюджетное учреждение «Автомобильные дороги ЮЗАО»", "DepartmentalAffiliation": "ПРЕФЕКТУРА ЮГО-ЗАПАДНОГО АДМИНИСТРАТИВНОГО ОКРУГА ГОРОДА МОСКВЫ", "ObjectOperOrgPhone": "(499) 128-17-63", "global_id": 2763889032 }, "geometry": { "type": "MultiLineString", "coordinates": [ [ [ 37.57873416, 55.577705127 ], [ 37.579274178, 55.574167119 ], [ 37.579250336, 55.573742537 ], [ 37.579001189, 55.573331429 ], [ 37.578405143, 55.572563118 ], [ 37.578142882, 55.572192436 ], [ 37.577998639, 55.572057641 ] ] ] } },
{ "type": "Feature", "properties": { "datasetId": 897, "rowId": null, "releaseNumber": 193, "versionNumber": 6, "ID": 17248, "Name": "Дмитрия Донского бульвар", "PortionName": "Дмитрия Донского бульвар", "Type": "Велопешеходная дорожка с совмещенным движением", "Width": 3.0, "Location": "от ул. Знаменские Садки до ул. Академика Глушко", "OperOrgName": "Государственное бюджетное учреждение «Автомобильные дороги ЮЗАО»", "DepartmentalAffiliation": "ПРЕФЕКТУРА ЮГО-ЗАПАДНОГО АДМИНИСТРАТИВНОГО ОКРУГА ГОРОДА МОСКВЫ", "ObjectOperOrgPhone": "(499) 128-17-63", "global_id": 2763889317 }, "geometry": { "type": "MultiLineString", "coordinates": [ [ [ 37.576830389, 55.571707806 ], [ 37.577087881, 55.571039213 ], [ 37.575914264, 55.569411556 ], [ 37.570607662, 55.562365348 ] ] ] } },
{ "type": "Feature", "properties": { "datasetId": 897, "rowId": null, "releaseNumber": 193, "versionNumber": 6, "ID": 17249, "Name": "ул. Академика Глушко", "PortionName": "ул. Академика Глушко", "Type": "Велопешеходная дорожка с совмещенным движением", "Width": 2.0, "Location": "от б. Дмитрия Донского до Куликовской ул.", "OperOrgName": "Государственное бюджетное учреждение «Автомобильные дороги ЮЗАО»", "DepartmentalAffiliation": "ПРЕФЕКТУРА ЮГО-ЗАПАДНОГО АДМИНИСТРАТИВНОГО ОКРУГА ГОРОДА МОСКВЫ", "ObjectOperOrgPhone": "(499) 128-17-63", "global_id": 2763890227 }, "geometry": { "type": "MultiLineString", "coordinates": [ [ [ 37.570407391, 55.56235865 ], [ 37.566643955, 55.564817833 ], [ 37.560956478, 55.566240826 ] ] ] } },
{ "type": "Feature", "properties": { "datasetId": 897, "rowId": null, "releaseNumber": 193, "versionNumber": 6, "ID": 17250, "Name": "Нахимовский проспект", "PortionName": "Нахимовский проспект", "Type": "Велопешеходная дорожка с раздельным движением", "Width": 2.0, "Location": "озелененная территория Нахимовский проспект", "OperOrgName": "Государственное бюджетное учреждение «Автомобильные дороги ЮЗАО»", "DepartmentalAffiliation": "ПРЕФЕКТУРА ЮГО-ЗАПАДНОГО АДМИНИСТРАТИВНОГО ОКРУГА ГОРОДА МОСКВЫ", "ObjectOperOrgPhone": "(499) 128-17-63", "global_id": 2763890448 }, "geometry": { "type": "MultiLineString", "coordinates": [ [ [ 37.552778125, 55.683955954 ], [ 37.553849817, 55.683351775 ], [ 37.554082871, 55.683432422 ], [ 37.556210757, 55.682237145 ], [ 37.55587697, 55.682005277 ], [ 37.561558485, 55.678685038 ] ] ] } },
{ "type": "Feature", "properties": { "datasetId": 897, "rowId": null, "releaseNumber": 193, "versionNumber": 6, "ID": 15, "Name": "Временная полоса", "PortionName": "ул. Чусовская", "Type": "Двустороняя велополоса", "Width": 1.5, "Location": "Район Гольяново ВАО г. Москвы", "OperOrgName": "Государственное бюджетное учреждение города Москвы «Жилищник района Гольяново»", "DepartmentalAffiliation": "ПРЕФЕКТУРА ВОСТОЧНОГО АДМИНИСТРАТИВНОГО ОКРУГА ГОРОДА МОСКВЫ", "ObjectOperOrgPhone": "(495) 469-82-81", "global_id": 2763895316 }, "geometry": { "type": "MultiLineString", "coordinates": [ [ [ 37.811722755, 55.810970461 ], [ 37.812151909, 55.812887572 ], [ 37.811830044, 55.817167575 ] ] ] } },
{ "type": "Feature", "properties": { "datasetId": 897, "rowId": null, "releaseNumber": 193, "versionNumber": 6, "ID": 16, "Name": "Временная велополоса", "PortionName": "ул. Малая Семеновская", "Type": "Двустороняя велополоса", "Width": 1.5, "Location": "района Соколиная гора, ВАО г. Москва", "OperOrgName": "Государственное бюджетное учреждение города Москвы «Жилищник района Соколиная гора»", "DepartmentalAffiliation": "ПРЕФЕКТУРА ВОСТОЧНОГО АДМИНИСТРАТИВНОГО ОКРУГА ГОРОДА МОСКВЫ", "ObjectOperOrgPhone": "(495) 366-93-41", "global_id": 2763895706 }, "geometry": { "type": "MultiLineString", "coordinates": [ [ [ 37.714304924, 55.785250637 ], [ 37.717571855, 55.785549259 ] ] ] } },
{ "type": "Feature", "properties": { "datasetId": 897, "rowId": null, "releaseNumber": 193, "versionNumber": 6, "ID": 17, "Name": "Временная велополоса", "PortionName": "ул. Байкальская", "Type": "Двустороняя велополоса", "Width": 1.5, "Location": "Район Гольяново ВАО г. Москвы", "OperOrgName": "Государственное бюджетное учреждение города Москвы «Жилищник района Гольяново»", "DepartmentalAffiliation": "ПРЕФЕКТУРА ВОСТОЧНОГО АДМИНИСТРАТИВНОГО ОКРУГА ГОРОДА МОСКВЫ", "ObjectOperOrgPhone": "(495) 469-82-81", "global_id": 2763896008 }, "geometry": { "type": "MultiLineString", "coordinates": [ [ [ 37.799384594, 55.816854126 ], [ 37.827022076, 55.817577466 ] ] ] } },
{ "type": "Feature", "properties": { "datasetId": 897, "rowId": null, "releaseNumber": 193, "versionNumber": 6, "ID": 18, "Name": "Велополоса", "PortionName": "Олений Вал", "Type": "Велосипедная дорожка двухстороннего движения", "Width": 1.5, "Location": "район Сокольники, ВАО г. Москвы", "OperOrgName": "Государственное бюджетное учреждение города Москвы «Автомобильные дороги ВАО»", "DepartmentalAffiliation": "ПРЕФЕКТУРА ВОСТОЧНОГО АДМИНИСТРАТИВНОГО ОКРУГА ГОРОДА МОСКВЫ", "ObjectOperOrgPhone": "(495) 223-31-77", "global_id": 2763896506 }, "geometry": { "type": "MultiLineString", "coordinates": [ [ [ 37.698249221, 55.801318661 ], [ 37.696495056, 55.801122675 ], [ 37.694161534, 55.800481194 ], [ 37.691195011, 55.800077907 ] ] ] } },
{ "type": "Feature", "properties": { "datasetId": 897, "rowId": null, "releaseNumber": 193, "versionNumber": 6, "ID": 19, "Name": "Велопешеходная дорожка с разделением", "PortionName": "Новокосинская ул.", "Type": "Велопешеходная дорожка с раздельным движением", "Width": 2.0, "Location": "район Новокосино, ВАО г. Москва", "OperOrgName": "Государственное бюджетное учреждение города Москвы «Жилищник района Новокосино»", "DepartmentalAffiliation": "ПРЕФЕКТУРА ВОСТОЧНОГО АДМИНИСТРАТИВНОГО ОКРУГА ГОРОДА МОСКВЫ", "ObjectOperOrgPhone": "(495) 701-07-35", "global_id": 2763896736 }, "geometry": { "type": "MultiLineString", "coordinates": [ [ [ 37.878831625, 55.744533723 ], [ 37.871417999, 55.743090354 ], [ 37.8668046, 55.743235297 ], [ 37.866021395, 55.743072236 ], [ 37.864723206, 55.742782348 ] ] ] } },
{ "type": "Feature", "properties": { "datasetId": 897, "rowId": null, "releaseNumber": 193, "versionNumber": 6, "ID": 20, "Name": "Велопешеходная дорожка с разделением", "PortionName": "ул. Медведева", "Type": "Велопешеходная дорожка с раздельным движением", "Width": 2.0, "Location": "район Косино-Ухтомский, ВАО г. Москвы", "OperOrgName": "Государственное бюджетное учреждение города Москвы «Жилищник района Косино-Ухтомский»", "DepartmentalAffiliation": "ПРЕФЕКТУРА ВОСТОЧНОГО АДМИНИСТРАТИВНОГО ОКРУГА ГОРОДА МОСКВЫ", "ObjectOperOrgPhone": "(499) 673-91-88", "global_id": 2763897456 }, "geometry": { "type": "MultiLineString", "coordinates": [ [ [ 37.896866798, 55.716317967 ], [ 37.896437645, 55.718010098 ], [ 37.895579338, 55.71839686 ], [ 37.893004417, 55.718614412 ], [ 37.890944481, 55.71849355 ], [ 37.889657021, 55.718372688 ], [ 37.888841629, 55.718348515 ], [ 37.888026237, 55.718614412 ], [ 37.886481285, 55.718783619 ], [ 37.885365486, 55.718783619 ], [ 37.883648872, 55.718251825 ], [ 37.882704735, 55.717768369 ], [ 37.881803513, 55.717381601 ], [ 37.880516052, 55.717139868 ], [ 37.87961483, 55.717067348 ], [ 37.878627777, 55.716898134 ], [ 37.878198624, 55.715955358 ], [ 37.87832737, 55.714674113 ] ] ] } },
{ "type": "Feature", "properties": { "datasetId": 897, "rowId": null, "releaseNumber": 193, "versionNumber": 6, "ID": 21, "Name": "Велодорожка в парке", "PortionName": "Черкизовский детский парк", "Type": "Велосипедная дорожка одностороннего движения", "Width": 0.7, "Location": "район Преображенское, ВАО г. Москва", "OperOrgName": "Государственное бюджетное учреждение города Москвы «Жилищник района Преображенское»", "DepartmentalAffiliation": "ПРЕФЕКТУРА ВОСТОЧНОГО АДМИНИСТРАТИВНОГО ОКРУГА ГОРОДА МОСКВЫ", "ObjectOperOrgPhone": "(499) 161-53-97", "global_id": 2763900023 }, "geometry": { "type": "MultiLineString", "coordinates": [ [ [ 37.736202478, 55.804696987 ], [ 37.736331224, 55.804039737 ], [ 37.736567259, 55.803949288 ], [ 37.737425566, 55.804196513 ], [ 37.737125158, 55.805414524 ], [ 37.736771107, 55.80548085 ], [ 37.736535072, 55.805444672 ], [ 37.736363411, 55.805287901 ], [ 37.735279799, 55.805426583 ], [ 37.734775543, 55.804980386 ], [ 37.734678984, 55.804757285 ], [ 37.736073732, 55.804745226 ], [ 37.736223936, 55.804703017 ] ] ] } },
{ "type": "Feature", "properties": { "datasetId": 897, "rowId": null, "releaseNumber": 193, "versionNumber": 6, "ID": 22, "Name": "Велодорожка в парке", "PortionName": "Суздальский пруд", "Type": "Велосипедная дорожка одностороннего движения", "Width": 0.7, "Location": "район Новокосино, ВАО г. Москва", "OperOrgName": "Государственное бюджетное учреждение города Москвы «Жилищник района Новокосино»", "DepartmentalAffiliation": "ПРЕФЕКТУРА ВОСТОЧНОГО АДМИНИСТРАТИВНОГО ОКРУГА ГОРОДА МОСКВЫ", "ObjectOperOrgPhone": "(495) 701-07-35", "global_id": 2763900202 }, "geometry": { "type": "MultiLineString", "coordinates": [ [ [ 37.848415375, 55.734936432 ], [ 37.848147154, 55.735063284 ], [ 37.846763134, 55.734930391 ], [ 37.847213745, 55.733643728 ], [ 37.847524881, 55.733547076 ], [ 37.849252224, 55.733692054 ], [ 37.849638462, 55.733619565 ], [ 37.8500247, 55.733692054 ], [ 37.850625515, 55.733975969 ], [ 37.850593328, 55.73415115 ], [ 37.850378752, 55.734302167 ], [ 37.850003242, 55.734374655 ], [ 37.84928441, 55.734386736 ], [ 37.849123478, 55.734392777 ], [ 37.848769426, 55.734495468 ], [ 37.84855485, 55.734731052 ], [ 37.848404646, 55.734984757 ], [ 37.84855485, 55.735256581 ] ] ] } },
{ "type": "Feature", "properties": { "datasetId": 897, "rowId": null, "releaseNumber": 193, "versionNumber": 6, "ID": 23, "Name": "Велодорожка в парке", "PortionName": "Парк у Святого озера", "Type": "Велосипедная дорожка одностороннего движения", "Width": 0.7, "Location": "район Косино-Ухтомский, ВАО г. Москва", "OperOrgName": "Государственное бюджетное учреждение города Москвы «Жилищник района Косино-Ухтомский»", "DepartmentalAffiliation": "ПРЕФЕКТУРА ВОСТОЧНОГО АДМИНИСТРАТИВНОГО ОКРУГА ГОРОДА МОСКВЫ", "ObjectOperOrgPhone": "(499) 673-91-88", "global_id": 2763900837 }, "geometry": { "type": "MultiLineString", "coordinates": [ [ [ 37.872748375, 55.713341453 ], [ 37.87307024, 55.713262882 ], [ 37.874765396, 55.713371672 ], [ 37.876793146, 55.714024409 ], [ 37.876878977, 55.714205723 ], [ 37.876417637, 55.71519689 ], [ 37.875108719, 55.716369337 ], [ 37.874625921, 55.716659421 ], [ 37.873907089, 55.716846766 ] ] ] } },
{ "type": "Feature", "properties": { "datasetId": 897, "rowId": null, "releaseNumber": 193, "versionNumber": 6, "ID": 24, "Name": "Велодорожка в парке", "PortionName": "Кожуховская ул.", "Type": "Велосипедная дорожка одностороннего движения", "Width": 0.7, "Location": "район Косино-Ухтомский, ВАО г. Москва", "OperOrgName": "Государственное бюджетное учреждение города Москвы «Автомобильные дороги ВАО»", "DepartmentalAffiliation": "ПРЕФЕКТУРА ВОСТОЧНОГО АДМИНИСТРАТИВНОГО ОКРУГА ГОРОДА МОСКВЫ", "ObjectOperOrgPhone": "(495) 223-31-77", "global_id": 2763901627 }, "geometry": { "type": "MultiLineString", "coordinates": [ [ [ 37.895203829, 55.706287567 ], [ 37.89473176, 55.706245252 ], [ 37.894560099, 55.706057857 ], [ 37.88947463, 55.70555007 ], [ 37.889270782, 55.705755603 ], [ 37.888734341, 55.705755603 ], [ 37.888208628, 55.706251297 ], [ 37.88818717, 55.706577727 ], [ 37.887318134, 55.706934378 ] ] ] } },
{ "type": "Feature", "properties": { "datasetId": 897, "rowId": null, "releaseNumber": 193, "versionNumber": 6, "ID": 25, "Name": "Велодорожка", "PortionName": "ул. Юности", "Type": "Велосипедная дорожка одностороннего движения", "Width": 0.7, "Location": "район Вешняки, ВАО г. Москва", "OperOrgName": "Государственное бюджетное учреждение города Москвы «Автомобильные дороги ВАО»", "DepartmentalAffiliation": "ПРЕФЕКТУРА ВОСТОЧНОГО АДМИНИСТРАТИВНОГО ОКРУГА ГОРОДА МОСКВЫ", "ObjectOperOrgPhone": "(495) 223-31-77", "global_id": 2763902195 }, "geometry": { "type": "MultiLineString", "coordinates": [ [ [ 37.799727917, 55.724820182 ], [ 37.804276943, 55.72768405 ], [ 37.810671329, 55.732082157 ], [ 37.815349102, 55.736902589 ], [ 37.815542221, 55.737132119 ] ] ] } },
{ "type": "Feature", "properties": { "datasetId": 897, "rowId": null, "releaseNumber": 193, "versionNumber": 6, "ID": 26, "Name": "Велодорожка", "PortionName": "Татьяны Макаровой ул.", "Type": "Двустороняя велополоса", "Width": 1.5, "Location": "район Косино-Ухтомский, ВАО г. Москвы", "OperOrgName": "Государственное бюджетное учреждение города Москвы «Жилищник района Косино-Ухтомский»", "DepartmentalAffiliation": "ПРЕФЕКТУРА ВОСТОЧНОГО АДМИНИСТРАТИВНОГО ОКРУГА ГОРОДА МОСКВЫ", "ObjectOperOrgPhone": "(499) 673-91-88", "global_id": 2763902282 }, "geometry": { "type": "MultiLineString", "coordinates": [ [ [ 37.883691788, 55.709515467 ], [ 37.884324789, 55.710361689 ], [ 37.884335518, 55.71106283 ], [ 37.885526419, 55.711703517 ], [ 37.88569808, 55.713129915 ], [ 37.885601521, 55.713474419 ] ] ] } },
{ "type": "Feature", "properties": { "datasetId": 897, "rowId": null, "releaseNumber": 193, "versionNumber": 6, "ID": 27, "Name": "Велодорожка", "PortionName": "Сиреневый бульвар", "Type": "Велосипедная дорожка двухстороннего движения", "Width": 1.5, "Location": "пересечение районов Восточное Измайлово и Северное Измайлово, ВАО г. Москва", "OperOrgName": "Государственное бюджетное учреждение города Москвы «Автомобильные дороги ВАО»", "DepartmentalAffiliation": "ПРЕФЕКТУРА ВОСТОЧНОГО АДМИНИСТРАТИВНОГО ОКРУГА ГОРОДА МОСКВЫ", "ObjectOperOrgPhone": "(495) 223-31-77", "global_id": 2763902392 }, "geometry": { "type": "MultiLineString", "coordinates": [ [ [ 37.774697542, 55.802791533 ], [ 37.780126333, 55.802821683 ], [ 37.780233622, 55.802761382 ], [ 37.780115604, 55.802544299 ], [ 37.776017189, 55.802465907 ], [ 37.775845528, 55.802664901 ], [ 37.776049376, 55.802797563 ] ] ] } },
{ "type": "Feature", "properties": { "datasetId": 897, "rowId": null, "releaseNumber": 193, "versionNumber": 6, "ID": 28, "Name": "Велодорожка", "PortionName": "Дмитриевского ул.", "Type": "Велосипедная дорожка двухстороннего движения", "Width": 1.5, "Location": "район Косино-Ухтомский, ВАО г. Москвы", "OperOrgName": "Государственное бюджетное учреждение города Москвы «Жилищник района Косино-Ухтомский»", "DepartmentalAffiliation": "ПРЕФЕКТУРА ВОСТОЧНОГО АДМИНИСТРАТИВНОГО ОКРУГА ГОРОДА МОСКВЫ", "ObjectOperOrgPhone": "(499) 673-91-88", "global_id": 2763903243 }, "geometry": { "type": "MultiLineString", "coordinates": [ [ [ 37.886685133, 55.707641625 ], [ 37.886556387, 55.708294458 ], [ 37.886095047, 55.708687361 ], [ 37.885107994, 55.70893519 ], [ 37.885193825, 55.709116528 ], [ 37.884292603, 55.709370399 ] ] ] } },
{ "type": "Feature", "properties": { "datasetId": 897, "rowId": null, "releaseNumber": 193, "versionNumber": 6, "ID": 12525, "Name": "Велополоса по ул. Касаткина", "PortionName": "ул. Касаткина", "Type": "Велосипедная полоса попутного движения", "Width": 1.0, "Location": "ул. Касаткина до пересечения с ул. Ярославская", "OperOrgName": "Жилищник Алексеевского района", "DepartmentalAffiliation": "ПРЕФЕКТУРА СЕВЕРО-ВОСТОЧНОГО АДМИНИСТРАТИВНОГО ОКРУГА ГОРОДА МОСКВЫ", "ObjectOperOrgPhone": "(495) 682-45-84", "global_id": 2763976823 }, "geometry": { "type": "MultiLineString", "coordinates": [ [ [ 37.648978829, 55.827644311 ], [ 37.650028467, 55.827285372 ], [ 37.650083005, 55.827267294 ], [ 37.65011698, 55.82725725 ], [ 37.650147378, 55.827249215 ], [ 37.650170624, 55.827243691 ], [ 37.65021354, 55.827235656 ], [ 37.650297582, 55.827223101 ], [ 37.650351226, 55.827219585 ], [ 37.650404871, 55.827217074 ], [ 37.650446892, 55.82721155 ], [ 37.650469244, 55.827210546 ], [ 37.650511265, 55.827204018 ], [ 37.650547028, 55.827197991 ], [ 37.650618553, 55.827188073 ], [ 37.650715113, 55.827165977 ], [ 37.650915384, 55.82712781 ], [ 37.65104413, 55.827085626 ], [ 37.652863562, 55.826355306 ] ] ] } },
{ "type": "Feature", "properties": { "datasetId": 897, "rowId": null, "releaseNumber": 193, "versionNumber": 6, "ID": 1065, "Name": "Палиха ул.", "PortionName": "Палиха ул.", "Type": "Велосипедная полоса попутного движения", "Width": 1.0, "Location": "Палиха ул.", "OperOrgName": "ГБУ Автомобильные дороги ЦАО", "DepartmentalAffiliation": "ПРЕФЕКТУРА ЦЕНТРАЛЬНОГО АДМИНИСТРАТИВНОГО ОКРУГА ГОРОДА МОСКВЫ", "ObjectOperOrgPhone": "(495) 670-02-60", "global_id": 2764015352 }, "geometry": { "type": "MultiLineString", "coordinates": [ [ [ 37.596952915, 55.784178295 ], [ 37.599484921, 55.784606632 ], [ 37.601566315, 55.784986702 ], [ 37.601695061, 55.785173719 ] ] ] } },
{ "type": "Feature", "properties": { "datasetId": 897, "rowId": null, "releaseNumber": 193, "versionNumber": 6, "ID": 1066, "Name": "Бресткая 2-я ул.", "PortionName": "Бресткая 2-я ул.", "Type": "Велосипедная полоса попутного движения", "Width": 1.0, "Location": "Бресткая 2-я ул.", "OperOrgName": "ГБУ Автомобильные дороги ЦАО", "DepartmentalAffiliation": "ПРЕФЕКТУРА ЦЕНТРАЛЬНОГО АДМИНИСТРАТИВНОГО ОКРУГА ГОРОДА МОСКВЫ", "ObjectOperOrgPhone": "(495) 670-02-60", "global_id": 2764015405 }, "geometry": { "type": "MultiLineString", "coordinates": [ [ [ 37.583327293, 55.775106698 ], [ 37.593637705, 55.769159387 ] ] ] } },
{ "type": "Feature", "properties": { "datasetId": 897, "rowId": null, "releaseNumber": 193, "versionNumber": 6, "ID": 1067, "Name": "Цветной б-р", "PortionName": "Цветной б-р", "Type": "Велосипедная полоса попутного движения", "Width": 1.0, "Location": "Цветной б-р", "OperOrgName": "ГБУ Автомобильные дороги ЦАО", "DepartmentalAffiliation": "ПРЕФЕКТУРА ЦЕНТРАЛЬНОГО АДМИНИСТРАТИВНОГО ОКРУГА ГОРОДА МОСКВЫ", "ObjectOperOrgPhone": "(495) 670-02-60", "global_id": 2764015427 }, "geometry": { "type": "MultiLineString", "coordinates": [ [ [ 37.622723579, 55.768130359 ], [ 37.621672153, 55.773163587 ], [ 37.62152195, 55.773356696 ], [ 37.621028423, 55.77328428 ], [ 37.621114254, 55.769856455 ], [ 37.621114254, 55.767587166 ] ] ] } },
{ "type": "Feature", "properties": { "datasetId": 897, "rowId": null, "releaseNumber": 193, "versionNumber": 6, "ID": 1068, "Name": "Дурова ул.", "PortionName": "Дурова ул.", "Type": "Велосипедная полоса попутного движения", "Width": 1.0, "Location": "Дурова ул.", "OperOrgName": "ГБУ Автомобильные дороги ЦАО", "DepartmentalAffiliation": "ПРЕФЕКТУРА ЦЕНТРАЛЬНОГО АДМИНИСТРАТИВНОГО ОКРУГА ГОРОДА МОСКВЫ", "ObjectOperOrgPhone": "(495) 670-02-60", "global_id": 2764015775 }, "geometry": { "type": "MultiLineString", "coordinates": [ [ [ 37.616651058, 55.780709194 ], [ 37.617638111, 55.780709194 ], [ 37.620277405, 55.779948967 ] ] ] } },
{ "type": "Feature", "properties": { "datasetId": 897, "rowId": null, "releaseNumber": 193, "versionNumber": 6, "ID": 1069, "Name": "Ростовская наб.", "PortionName": "Ростовская наб.", "Type": "Велопешеходная дорожка с раздельным движением", "Width": 2.5, "Location": "Ростовская наб.", "OperOrgName": "ГБУ Автомобильные дороги ЦАО", "DepartmentalAffiliation": "ПРЕФЕКТУРА ЦЕНТРАЛЬНОГО АДМИНИСТРАТИВНОГО ОКРУГА ГОРОДА МОСКВЫ", "ObjectOperOrgPhone": "(495) 670-02-60", "global_id": 2764015872 }, "geometry": { "type": "MultiLineString", "coordinates": [ [ [ 37.575581074, 55.745285582 ], [ 37.571117878, 55.73982597 ] ] ] } },
{ "type": "Feature", "properties": { "datasetId": 897, "rowId": null, "releaseNumber": 193, "versionNumber": 6, "ID": 1070, "Name": "Саввинская наб.", "PortionName": "Саввинская наб.", "Type": "Велопешеходная дорожка с раздельным движением", "Width": 2.5, "Location": "Саввинская наб.", "OperOrgName": "ГБУ Автомобильные дороги ЦАО", "DepartmentalAffiliation": "ПРЕФЕКТУРА ЦЕНТРАЛЬНОГО АДМИНИСТРАТИВНОГО ОКРУГА ГОРОДА МОСКВЫ", "ObjectOperOrgPhone": "(495) 670-02-60", "global_id": 2764015898 }, "geometry": { "type": "MultiLineString", "coordinates": [ [ [ 37.570924759, 55.739596456 ], [ 37.568757534, 55.737313325 ], [ 37.565925121, 55.735259601 ], [ 37.560796738, 55.732698336 ], [ 37.556483746, 55.73026981 ] ] ] } },
{ "type": "Feature", "properties": { "datasetId": 897, "rowId": null, "releaseNumber": 193, "versionNumber": 6, "ID": 1071, "Name": "Смоленская наб.", "PortionName": "Смоленская наб.", "Type": "Велопешеходная дорожка с раздельным движением", "Width": 2.5, "Location": "Смоленская наб.", "OperOrgName": "ГБУ Автомобильные дороги ЦАО", "DepartmentalAffiliation": "ПРЕФЕКТУРА ЦЕНТРАЛЬНОГО АДМИНИСТРАТИВНОГО ОКРУГА ГОРОДА МОСКВЫ", "ObjectOperOrgPhone": "(495) 670-02-60", "global_id": 2764015947 }, "geometry": { "type": "MultiLineString", "coordinates": [ [ [ 37.573757172, 55.752344501 ], [ 37.574872971, 55.751475037 ], [ 37.575645447, 55.750194957 ], [ 37.575902939, 55.748286835 ], [ 37.575945854, 55.746716792 ], [ 37.575688362, 55.745726424 ] ] ] } },
{ "type": "Feature", "properties": { "datasetId": 897, "rowId": null, "releaseNumber": 193, "versionNumber": 6, "ID": 1, "Name": "Яблоневый сад", "PortionName": "Яблоневый сад", "Type": "Велопешеходная дорожка с совмещенным движением", "Width": 2.0, "Location": "Яблоневый сад", "OperOrgName": "ГБУ Жилищник Бутырского района", "DepartmentalAffiliation": "ПРЕФЕКТУРА СЕВЕРО-ВОСТОЧНОГО АДМИНИСТРАТИВНОГО ОКРУГА ГОРОДА МОСКВЫ", "ObjectOperOrgPhone": "(495) 610-40-00", "global_id": 2764016000 }, "geometry": { "type": "MultiLineString", "coordinates": [ [ [ 37.579239607, 55.813252295 ], [ 37.579550743, 55.813409034 ], [ 37.57994771, 55.813493432 ], [ 37.58040905, 55.813529603 ], [ 37.580741644, 55.813475347 ], [ 37.580966949, 55.813354779 ], [ 37.58123517, 55.813192011 ], [ 37.581406832, 55.813059384 ], [ 37.581578493, 55.812872501 ], [ 37.581653595, 55.812685617 ], [ 37.581707239, 55.812438446 ], [ 37.581728697, 55.812239503 ], [ 37.581492662, 55.812010415 ], [ 37.581267357, 55.811877785 ], [ 37.580977678, 55.811690896 ], [ 37.580688, 55.81157635 ], [ 37.580280304, 55.811654724 ], [ 37.5801301, 55.811739125 ], [ 37.579915524, 55.811877785 ], [ 37.579743862, 55.812040558 ], [ 37.579561472, 55.812215388 ], [ 37.579421997, 55.812432417 ], [ 37.579314709, 55.812595189 ], [ 37.579261065, 55.812878529 ], [ 37.579196692, 55.813041299 ], [ 37.579228878, 55.813246267 ] ] ] } },
{ "type": "Feature", "properties": { "datasetId": 897, "rowId": null, "releaseNumber": 193, "versionNumber": 6, "ID": 1072, "Name": "Самотечная ул.", "PortionName": "Самотечная ул.", "Type": "Велопешеходная дорожка с совмещенным движением", "Width": 2.5, "Location": "Самотечная ул.", "OperOrgName": "ГБУ Автомобильные дороги ЦАО", "DepartmentalAffiliation": "ПРЕФЕКТУРА ЦЕНТРАЛЬНОГО АДМИНИСТРАТИВНОГО ОКРУГА ГОРОДА МОСКВЫ", "ObjectOperOrgPhone": "(495) 670-02-60", "global_id": 2764016055 }, "geometry": { "type": "MultiLineString", "coordinates": [ [ [ 37.616463304, 55.780650367 ], [ 37.61705339, 55.780273272 ], [ 37.617343068, 55.77963371 ], [ 37.617664933, 55.778785972 ], [ 37.618051171, 55.777696859 ], [ 37.618394494, 55.776824943 ], [ 37.618641257, 55.776176273 ], [ 37.618737817, 55.775458198 ], [ 37.618871927, 55.774456491 ], [ 37.618904114, 55.77426037 ] ] ] } },
{ "type": "Feature", "properties": { "datasetId": 897, "rowId": null, "releaseNumber": 193, "versionNumber": 6, "ID": 1073, "Name": "Бронная Б. ул.", "PortionName": "Бронная Б. ул.", "Type": "Велосипедная полоса попутного движения", "Width": 1.0, "Location": "Бронная Б. ул.", "OperOrgName": "ГБУ Автомобильные дороги ЦАО", "DepartmentalAffiliation": "ПРЕФЕКТУРА ЦЕНТРАЛЬНОГО АДМИНИСТРАТИВНОГО ОКРУГА ГОРОДА МОСКВЫ", "ObjectOperOrgPhone": "(495) 670-02-60", "global_id": 2764016105 }, "geometry": { "type": "MultiLineString", "coordinates": [ [ [ 37.604162693, 55.765212117 ], [ 37.603250742, 55.764530056 ], [ 37.60253191, 55.763950596 ], [ 37.601394653, 55.76317797 ], [ 37.599935532, 55.762308747 ], [ 37.599130869, 55.761560234 ], [ 37.598068714, 55.760509877 ], [ 37.59681344, 55.760014872 ] ] ] } },
{ "type": "Feature", "properties": { "datasetId": 897, "rowId": null, "releaseNumber": 193, "versionNumber": 6, "ID": 65343, "Name": "парк Битцевский лес", "PortionName": "Зеленое кольцо", "Type": "Велопешеходная дорожка с совмещенным движением", "Width": 1.5, "Location": "парк Битцевский лес", "OperOrgName": "ГБУ Автомобильные дороги", "DepartmentalAffiliation": "ДЕПАРТАМЕНТ ЖИЛИЩНО-КОММУНАЛЬНОГО ХОЗЯЙСТВА ГОРОДА МОСКВЫ", "ObjectOperOrgPhone": "(495) 940-06-94", "global_id": 2764016624 }, "geometry": { "type": "MultiLineString", "coordinates": [ [ [ 37.544859052, 55.638085804 ], [ 37.545298934, 55.637904137 ], [ 37.545695901, 55.63763769 ], [ 37.545985579, 55.637449966 ], [ 37.547723651, 55.636959455 ], [ 37.551071048, 55.636063197 ], [ 37.553603053, 55.635530277 ], [ 37.55455792, 55.635245647 ], [ 37.555223107, 55.635070023 ], [ 37.556317449, 55.634640043 ], [ 37.556800246, 55.634464416 ], [ 37.558012605, 55.633798238 ], [ 37.559074759, 55.633416695 ], [ 37.559975982, 55.633192612 ], [ 37.560469508, 55.633095711 ], [ 37.561199069, 55.633077542 ], [ 37.561756968, 55.632986697 ], [ 37.562357783, 55.632823175 ], [ 37.562958598, 55.632671766 ], [ 37.563945651, 55.632453735 ], [ 37.564514279, 55.632296268 ], [ 37.564975619, 55.632150913 ], [ 37.565447688, 55.632096405 ], [ 37.566059232, 55.632096405 ], [ 37.566681504, 55.632193308 ], [ 37.56736815, 55.632235703 ], [ 37.56829083, 55.632399227 ], [ 37.568762898, 55.632423453 ], [ 37.573247552, 55.632441622 ], [ 37.573783994, 55.632471904 ], [ 37.573934197, 55.632471904 ], [ 37.574148774, 55.632435566 ], [ 37.574492097, 55.632350776 ], [ 37.575318217, 55.632175139 ], [ 37.575682998, 55.632156969 ], [ 37.576047778, 55.632205421 ], [ 37.57640183, 55.632302324 ], [ 37.576745152, 55.632435566 ], [ 37.577281594, 55.632738386 ], [ 37.577742934, 55.632574864 ], [ 37.578579783, 55.632459792 ], [ 37.579513192, 55.632284155 ], [ 37.580189109, 55.632156969 ], [ 37.581551671, 55.631781466 ], [ 37.582806945, 55.631533148 ], [ 37.583492249, 55.63138779 ], [ 37.583824843, 55.631339338 ], [ 37.584255338, 55.631357507 ], [ 37.584498078, 55.631381734 ], [ 37.58465901, 55.631463498 ], [ 37.584750205, 55.631587657 ], [ 37.584866881, 55.631696675 ], [ 37.584972829, 55.63175724 ], [ 37.585187405, 55.631811749 ], [ 37.585532069, 55.631884427 ], [ 37.585839182, 55.631931365 ], [ 37.586108744, 55.631999501 ], [ 37.586387694, 55.632123659 ], [ 37.586682737, 55.632338663 ], [ 37.586800754, 55.632505215 ], [ 37.586967051, 55.632550638 ] ] ] } },
{ "type": "Feature", "properties": { "datasetId": 897, "rowId": null, "releaseNumber": 193, "versionNumber": 6, "ID": 17, "Name": "Архитектора Мельникова ул.", "PortionName": "", "Type": [ "Велопешеходная дорожка с совмещенным движением", "Велосипедная полоса попутного движения" ], "Width": 2.0, "Location": "Архитектора Мельникова ул.", "OperOrgName": "ГБУ Жилищник Даниловского района", "DepartmentalAffiliation": "ПРЕФЕКТУРА ЮЖНОГО АДМИНИСТРАТИВНОГО ОКРУГА ГОРОДА МОСКВЫ", "ObjectOperOrgPhone": "(495) 958-28-48", "global_id": 2767219057 }, "geometry": { "type": "MultiLineString", "coordinates": [ [ [ 37.638011573, 55.699981146 ], [ 37.638172505, 55.699938734 ], [ 37.638226149, 55.699859968 ], [ 37.637528775, 55.698866289 ], [ 37.637045977, 55.698151309 ], [ 37.636820672, 55.698163427 ], [ 37.636166213, 55.698284611 ], [ 37.635018227, 55.698557274 ] ], [ [ 37.636670468, 55.698002192 ], [ 37.636874316, 55.697947659 ], [ 37.636852858, 55.69785677 ], [ 37.635747788, 55.696190441 ], [ 37.635501025, 55.69620256 ], [ 37.633720038, 55.696614604 ] ], [ [ 37.633312342, 55.696681258 ], [ 37.633044122, 55.696753971 ] ], [ [ 37.632829545, 55.696778209 ], [ 37.632336018, 55.696881219 ] ], [ [ 37.632003424, 55.696953931 ], [ 37.630587218, 55.697244781 ] ], [ [ 37.630905992, 55.699261669 ], [ 37.63166774, 55.699079898 ], [ 37.634543068, 55.698461869 ] ], [ [ 37.630380279, 55.699364673 ], [ 37.630905992, 55.699249551 ] ] ] } },
{ "type": "Feature", "properties": { "datasetId": 897, "rowId": null, "releaseNumber": 193, "versionNumber": 6, "ID": 18, "Name": "Лихачева проспект (ЖК Зиларт)", "PortionName": "", "Type": "Велопешеходная дорожка с совмещенным движением", "Width": 2.0, "Location": "Лихачева проспект (ЖК Зиларт)", "OperOrgName": "ГБУ «Автомобильные дороги ЮАО»", "DepartmentalAffiliation": "ПРЕФЕКТУРА ЮЖНОГО АДМИНИСТРАТИВНОГО ОКРУГА ГОРОДА МОСКВЫ", "ObjectOperOrgPhone": "(495) 958-28-48", "global_id": 2767219226 }, "geometry": { "type": "MultiLineString", "coordinates": [ [ [ 37.630354569, 55.700848417 ], [ 37.632645176, 55.700854476 ] ], [ [ 37.632967041, 55.700839329 ], [ 37.634560273, 55.7006818 ], [ 37.634790943, 55.700654535 ], [ 37.635842369, 55.700433388 ] ] ] } },
{ "type": "Feature", "properties": { "datasetId": 897, "rowId": null, "releaseNumber": 193, "versionNumber": 6, "ID": 19, "Name": "Бирюлёвский дендропарк", "PortionName": "", "Type": "Велопешеходная дорожка с совмещенным движением", "Width": 2.0, "Location": "Бирюлёвский дендропарк", "OperOrgName": "ГБУ Жилищник Бирюлево Восточное", "DepartmentalAffiliation": "ПРЕФЕКТУРА ЮЖНОГО АДМИНИСТРАТИВНОГО ОКРУГА ГОРОДА МОСКВЫ", "ObjectOperOrgPhone": "(495) 326-61-26", "global_id": 2767219361 }, "geometry": { "type": "MultiLineString", "coordinates": [ [ [ 37.674144486, 55.591705138 ], [ 37.675088623, 55.591778047 ], [ 37.675721625, 55.591656532 ], [ 37.677856663, 55.591261604 ], [ 37.679165581, 55.590982115 ], [ 37.680453041, 55.590568953 ] ], [ [ 37.676837424, 55.591407424 ], [ 37.678282709, 55.590266024 ], [ 37.678990812, 55.589415376 ], [ 37.679441423, 55.588996121 ] ], [ [ 37.674570531, 55.591669553 ], [ 37.674817295, 55.591450824 ], [ 37.674774379, 55.591359687 ], [ 37.674795837, 55.591250322 ], [ 37.674849481, 55.591183488 ], [ 37.67486021, 55.591104502 ], [ 37.674935312, 55.590982984 ], [ 37.674999685, 55.590873618 ], [ 37.675064058, 55.590709569 ], [ 37.675106973, 55.59061843 ], [ 37.675675601, 55.590266024 ], [ 37.676984954, 55.589422392 ], [ 37.677553582, 55.589136814 ], [ 37.678057838, 55.589057823 ], [ 37.679377484, 55.588997062 ] ] ] } },
{ "type": "Feature", "properties": { "datasetId": 897, "rowId": null, "releaseNumber": 193, "versionNumber": 6, "ID": 22, "Name": "Парк Садовники", "PortionName": "", "Type": "Велопешеходная дорожка с совмещенным движением", "Width": 2.0, "Location": "Парк Садовники", "OperOrgName": "Парк Садовники", "DepartmentalAffiliation": "ПРЕФЕКТУРА ЮЖНОГО АДМИНИСТРАТИВНОГО ОКРУГА ГОРОДА МОСКВЫ", "ObjectOperOrgPhone": "(499) 175-33-69", "global_id": 2767219630 }, "geometry": { "type": "MultiLineString", "coordinates": [ [ [ 37.650656333, 55.661182722 ], [ 37.650881639, 55.662244076 ] ], [ [ 37.650897732, 55.662250141 ], [ 37.651068666, 55.662292532 ], [ 37.651110853, 55.662334924 ], [ 37.651195228, 55.662428803 ], [ 37.651374707, 55.662616563 ], [ 37.651739028, 55.662989046 ], [ 37.652043975, 55.663288661 ], [ 37.65236448, 55.663660292 ], [ 37.652711807, 55.66400766 ], [ 37.653237011, 55.664688124 ], [ 37.65332016, 55.66474422 ], [ 37.653462317, 55.664785155 ], [ 37.654299166, 55.664918571 ], [ 37.654760506, 55.6649307 ], [ 37.655470246, 55.665028994 ], [ 37.656179986, 55.665169738 ], [ 37.657683377, 55.665442822 ] ], [ [ 37.657777254, 55.665445855 ], [ 37.657830898, 55.665359438 ], [ 37.656682913, 55.664020719 ], [ 37.656350319, 55.663608329 ], [ 37.656281858, 55.663487428 ], [ 37.656299228, 55.663342268 ], [ 37.656245583, 55.66321491 ], [ 37.656063193, 55.663123941 ], [ 37.655698413, 55.662820707 ], [ 37.655140513, 55.66208687 ], [ 37.654428793, 55.661155219 ], [ 37.653889669, 55.660404673 ], [ 37.653481973, 55.659889137 ], [ 37.652966989, 55.659325073 ], [ 37.652838243, 55.659203768 ], [ 37.652795328, 55.659082462 ], [ 37.652623666, 55.658894438 ], [ 37.651006219, 55.657676945 ], [ 37.650856015, 55.657573831 ] ], [ [ 37.650631369, 55.65780757 ], [ 37.651092708, 55.659706021 ], [ 37.65098542, 55.659881911 ], [ 37.650459707, 55.660166973 ], [ 37.650223673, 55.66085839 ], [ 37.65034169, 55.661010015 ], [ 37.651146353, 55.661343588 ], [ 37.651711969, 55.661640163 ], [ 37.652248411, 55.662058638 ], [ 37.653082349, 55.662871473 ], [ 37.653736808, 55.66337484 ] ], [ [ 37.653160133, 55.662882087 ], [ 37.656064965, 55.663174707 ] ], [ [ 37.653092403, 55.662851881 ], [ 37.653148729, 55.662873108 ] ] ] } },
{ "type": "Feature", "properties": { "datasetId": 897, "rowId": null, "releaseNumber": 193, "versionNumber": 6, "ID": 23, "Name": "Макеевская ул.", "PortionName": "", "Type": "Велопешеходная дорожка с совмещенным движением", "Width": 2.0, "Location": "Макеевская ул.", "OperOrgName": "ГБУ Жилищник района Царицыно", "DepartmentalAffiliation": "ПРЕФЕКТУРА ЮЖНОГО АДМИНИСТРАТИВНОГО ОКРУГА ГОРОДА МОСКВЫ", "ObjectOperOrgPhone": "(499) 218-18-04", "global_id": 2767220538 }, "geometry": { "type": "MultiLineString", "coordinates": [ [ [ 37.663632138, 55.617141329 ], [ 37.662843446, 55.61832218 ], [ 37.662746887, 55.618540758 ], [ 37.662382106, 55.618826122 ], [ 37.661945827, 55.619046218 ], [ 37.660722739, 55.619343721 ], [ 37.660454518, 55.619404436 ], [ 37.659631963, 55.619814976 ], [ 37.659020419, 55.620173186 ], [ 37.657667896, 55.620905397 ], [ 37.657410404, 55.621038964 ] ] ] } },
{ "type": "Feature", "properties": { "datasetId": 897, "rowId": null, "releaseNumber": 193, "versionNumber": 6, "ID": 24, "Name": "Садово-Крестьянская ул.", "PortionName": "", "Type": "Велопешеходная дорожка с совмещенным движением", "Width": 3.0, "Location": "Садово-Крестьянская ул.", "OperOrgName": "ГБУ Жилищник района Орехово-Борисово Северное", "DepartmentalAffiliation": "ПРЕФЕКТУРА ЮЖНОГО АДМИНИСТРАТИВНОГО ОКРУГА ГОРОДА МОСКВЫ", "ObjectOperOrgPhone": "(495) 199-83-89", "global_id": 2767221268 }, "geometry": { "type": "MultiLineString", "coordinates": [ [ [ 37.686589429, 55.619763563 ], [ 37.689303824, 55.620437483 ], [ 37.690934608, 55.620826044 ], [ 37.691492436, 55.621104778 ], [ 37.691889403, 55.621280842 ], [ 37.692329285, 55.621384052 ], [ 37.693369982, 55.621523688 ] ] ] } },
{ "type": "Feature", "properties": { "datasetId": 897, "rowId": null, "releaseNumber": 193, "versionNumber": 6, "ID": 25, "Name": "Мусы Джалиля ул.", "PortionName": "", "Type": "Велопешеходная дорожка с совмещенным движением", "Width": 3.0, "Location": "Мусы Джалиля ул.", "OperOrgName": "ГБУ «Автомобильные дороги ЮАО»", "DepartmentalAffiliation": "ПРЕФЕКТУРА ЮЖНОГО АДМИНИСТРАТИВНОГО ОКРУГА ГОРОДА МОСКВЫ", "ObjectOperOrgPhone": "(495) 394-93-54", "global_id": 2767221380 }, "geometry": { "type": "MultiLineString", "coordinates": [ [ [ 37.742930702, 55.63052478 ], [ 37.744110874, 55.630558164 ], [ 37.74488335, 55.630627965 ], [ 37.745199851, 55.630688663 ], [ 37.74534469, 55.630688663 ], [ 37.745629004, 55.630624931 ], [ 37.745929412, 55.630615826 ], [ 37.748161547, 55.630642126 ], [ 37.749454371, 55.630672474 ], [ 37.749835245, 55.630730136 ], [ 37.749872796, 55.630766555 ], [ 37.750173203, 55.630681579 ] ] ] } },
{ "type": "Feature", "properties": { "datasetId": 897, "rowId": null, "releaseNumber": 193, "versionNumber": 6, "ID": 26, "Name": "Коломенская ул.", "PortionName": "", "Type": "Велопешеходная дорожка с совмещенным движением", "Width": 2.5, "Location": "Коломенская ул.", "OperOrgName": "ГБУ Жилищник района Нагатинский Затон", "DepartmentalAffiliation": "ПРЕФЕКТУРА ЮЖНОГО АДМИНИСТРАТИВНОГО ОКРУГА ГОРОДА МОСКВЫ", "ObjectOperOrgPhone": "(499) 617-21-11", "global_id": 2767221529 }, "geometry": { "type": "MultiLineString", "coordinates": [ [ [ 37.679424253, 55.674198161 ], [ 37.679472533, 55.674255759 ], [ 37.682594624, 55.675086371 ] ], [ [ 37.682642904, 55.675253098 ], [ 37.682787743, 55.675350102 ], [ 37.683173981, 55.67543498 ], [ 37.683442202, 55.675441043 ], [ 37.683609832, 55.675479388 ], [ 37.684489597, 55.675721897 ], [ 37.687159477, 55.676442787 ] ], [ [ 37.686521018, 55.676890688 ], [ 37.686966264, 55.676411746 ] ], [ [ 37.686746323, 55.676945251 ], [ 37.687148654, 55.676457216 ] ], [ [ 37.687196934, 55.676448122 ], [ 37.687357867, 55.676423871 ], [ 37.68755635, 55.676481466 ], [ 37.687770927, 55.67658453 ], [ 37.687813842, 55.676639093 ], [ 37.68801769, 55.676587561 ], [ 37.688173258, 55.676626968 ], [ 37.68834492, 55.676690624 ] ], [ [ 37.686842883, 55.676332933 ], [ 37.687137926, 55.675999488 ], [ 37.687116468, 55.675950987 ], [ 37.683074132, 55.674862524 ], [ 37.682886377, 55.674804927 ], [ 37.682795182, 55.674744299 ], [ 37.682687894, 55.674717016 ], [ 37.68217291, 55.674571507 ], [ 37.682189003, 55.674519973 ], [ 37.682146088, 55.674371432 ], [ 37.682092443, 55.67432596 ], [ 37.681716934, 55.674225922 ], [ 37.681571459, 55.674201251 ], [ 37.681346154, 55.674207313 ] ], [ [ 37.679463243, 55.67415881 ], [ 37.679672455, 55.673919323 ], [ 37.679736828, 55.67391326 ], [ 37.682129359, 55.674555931 ] ], [ [ 37.687196562, 55.676024988 ], [ 37.687411138, 55.676079551 ], [ 37.687572071, 55.676125021 ], [ 37.687572071, 55.676176553 ], [ 37.687384316, 55.676422089 ] ], [ [ 37.687625715, 55.676182616 ], [ 37.690825093, 55.677084962 ], [ 37.690943111, 55.677097087 ], [ 37.691114772, 55.677139524 ], [ 37.691184509, 55.677200149 ], [ 37.693289748, 55.677790032 ], [ 37.694630853, 55.678159835 ], [ 37.6960628, 55.678567542 ], [ 37.698033059, 55.679129343 ], [ 37.698708976, 55.679359704 ], [ 37.699567431, 55.679798789 ], [ 37.699814194, 55.679904875 ], [ 37.699916118, 55.679950341 ], [ 37.700071686, 55.680089767 ], [ 37.700953121, 55.680964415 ], [ 37.70229198, 55.682672065 ], [ 37.702774778, 55.683150929 ] ], [ [ 37.701272741, 55.682465969 ], [ 37.700285688, 55.681029332 ], [ 37.699684873, 55.68051407 ], [ 37.699631229, 55.680314025 ], [ 37.699566856, 55.680247343 ], [ 37.69925572, 55.680065483 ], [ 37.699599043, 55.679871498 ] ], [ [ 37.679514315, 55.673796504 ], [ 37.679669883, 55.673617645 ], [ 37.679857637, 55.67380863 ] ] ] } },
{ "type": "Feature", "properties": { "datasetId": 897, "rowId": null, "releaseNumber": 193, "versionNumber": 6, "ID": 27, "Name": "Лентулова ул.", "PortionName": "", "Type": "Велопешеходная дорожка с совмещенным движением", "Width": 2.0, "Location": "Лентулова ул.", "OperOrgName": "ГБУ Жилищник района Даниловский", "DepartmentalAffiliation": "ПРЕФЕКТУРА ЮЖНОГО АДМИНИСТРАТИВНОГО ОКРУГА ГОРОДА МОСКВЫ", "ObjectOperOrgPhone": "(495) 958-28-48", "global_id": 2767221586 }, "geometry": { "type": "MultiLineString", "coordinates": [ [ [ 37.630627078, 55.697247623 ], [ 37.632054013, 55.696938595 ] ], [ [ 37.632365149, 55.696878001 ], [ 37.632901591, 55.696768931 ] ], [ [ 37.633041066, 55.696732575 ], [ 37.633320015, 55.696684099 ] ], [ [ 37.63373844, 55.696593208 ], [ 37.63566963, 55.696187223 ] ] ] } },
{ "type": "Feature", "properties": { "datasetId": 897, "rowId": null, "releaseNumber": 193, "versionNumber": 6, "ID": 28, "Name": "улица Родченко", "PortionName": "", "Type": "Велопешеходная дорожка с совмещенным движением", "Width": 2.0, "Location": "улица Родченко", "OperOrgName": "ГБУ Жилищник района Даниловский", "DepartmentalAffiliation": "ПРЕФЕКТУРА ЮЖНОГО АДМИНИСТРАТИВНОГО ОКРУГА ГОРОДА МОСКВЫ", "ObjectOperOrgPhone": "(495) 958-28-48", "global_id": 2767221708 }, "geometry": { "type": "MultiLineString", "coordinates": [ [ [ 37.630359902, 55.699373811 ], [ 37.633406892, 55.698707314 ] ], [ [ 37.634866013, 55.698386179 ], [ 37.636872306, 55.697943857 ] ], [ [ 37.63687272, 55.69787416 ], [ 37.635746193, 55.696201772 ], [ 37.635649633, 55.696159355 ], [ 37.633675527, 55.696601697 ] ], [ [ 37.633310747, 55.696674411 ], [ 37.633053255, 55.696747124 ] ], [ [ 37.632838678, 55.69678348 ], [ 37.632377338, 55.69689255 ] ], [ [ 37.6319911, 55.696965262 ], [ 37.63060708, 55.697250053 ] ] ] } },
{ "type": "Feature", "properties": { "datasetId": 897, "rowId": null, "releaseNumber": 193, "versionNumber": 6, "ID": 29, "Name": "Новоцарицынское шоссе", "PortionName": "", "Type": "Велопешеходная дорожка с совмещенным движением", "Width": 2.0, "Location": "Новоцарицынское шоссе", "OperOrgName": "ГБУ «Автомобильные дороги ЮАО»", "DepartmentalAffiliation": "ПРЕФЕКТУРА ЮЖНОГО АДМИНИСТРАТИВНОГО ОКРУГА ГОРОДА МОСКВЫ", "ObjectOperOrgPhone": "(499) 322-44-33", "global_id": 2767221747 }, "geometry": { "type": "MultiLineString", "coordinates": [ [ [ 37.673177665, 55.619753113 ], [ 37.675087398, 55.621531994 ], [ 37.675763315, 55.621817336 ], [ 37.676289028, 55.621932687 ], [ 37.676932758, 55.621944829 ], [ 37.681159919, 55.621531994 ], [ 37.682211345, 55.621289148 ], [ 37.68328141, 55.620965473 ], [ 37.686038721, 55.619811925 ] ] ] } },
{ "type": "Feature", "properties": { "datasetId": 897, "rowId": null, "releaseNumber": 193, "versionNumber": 6, "ID": 30, "Name": "Сумской проезд", "PortionName": "", "Type": "Велопешеходная дорожка с совмещенным движением", "Width": 2.0, "Location": "Сумской проезд", "OperOrgName": "ГБУ Жилищник района Чертаново Северное", "DepartmentalAffiliation": "ПРЕФЕКТУРА ЮЖНОГО АДМИНИСТРАТИВНОГО ОКРУГА ГОРОДА МОСКВЫ", "ObjectOperOrgPhone": "(495) 315-50-36", "global_id": 2767221790 }, "geometry": { "type": "MultiLineString", "coordinates": [ [ [ 37.593694135, 55.6322763 ], [ 37.595882818, 55.633295956 ], [ 37.597009346, 55.633617627 ], [ 37.5980715, 55.633775427 ], [ 37.599208757, 55.633915019 ], [ 37.600999246, 55.634128637 ] ], [ [ 37.594519029, 55.632593107 ], [ 37.595677744, 55.633090795 ], [ 37.596342932, 55.633357845 ], [ 37.597136865, 55.633558131 ], [ 37.598306309, 55.633740208 ], [ 37.59921826, 55.633843385 ], [ 37.599915634, 55.633934423 ], [ 37.601042162, 55.634055807 ] ], [ [ 37.605004875, 55.634581148 ], [ 37.60541257, 55.634629701 ], [ 37.606742946, 55.634411213 ], [ 37.606850234, 55.634411213 ], [ 37.607096998, 55.634386936 ], [ 37.60735449, 55.634380867 ], [ 37.607633439, 55.634326245 ], [ 37.607955305, 55.634253415 ], [ 37.608717052, 55.634089548 ], [ 37.609865037, 55.63392568 ], [ 37.612719597, 55.633490946 ], [ 37.612934174, 55.633478807 ], [ 37.613116564, 55.633460599 ], [ 37.614157261, 55.633290659 ], [ 37.61731981, 55.632803706 ], [ 37.617566573, 55.632809775 ], [ 37.6180601, 55.632743012 ], [ 37.618446338, 55.632658041 ], [ 37.618843305, 55.632603416 ] ] ] } },
{ "type": "Feature", "properties": { "datasetId": 897, "rowId": null, "releaseNumber": 193, "versionNumber": 6, "ID": 31, "Name": "Товарищеская ул.", "PortionName": "", "Type": "Велопешеходная дорожка с совмещенным движением", "Width": 2.0, "Location": "Товарищеская ул.", "OperOrgName": "ГБУ Жилищник района Царицыно", "DepartmentalAffiliation": "ПРЕФЕКТУРА ЮЖНОГО АДМИНИСТРАТИВНОГО ОКРУГА ГОРОДА МОСКВЫ", "ObjectOperOrgPhone": "(499) 218-18-04", "global_id": 2767221831 }, "geometry": { "type": "MultiLineString", "coordinates": [ [ [ 37.665772086, 55.618959859 ], [ 37.666131502, 55.619117718 ], [ 37.666453367, 55.619278613 ], [ 37.667156106, 55.619636828 ], [ 37.667970537, 55.620051095 ], [ 37.668077825, 55.620078416 ], [ 37.668737649, 55.620336448 ], [ 37.669382487, 55.620588977 ], [ 37.669886743, 55.620792364 ] ] ] } },
{ "type": "Feature", "properties": { "datasetId": 897, "rowId": null, "releaseNumber": 193, "versionNumber": 6, "ID": 32, "Name": "Гурьевский проезд", "PortionName": "", "Type": "Велопешеходная дорожка с совмещенным движением", "Width": 2.3, "Location": "Гурьевский проезд", "OperOrgName": "ГБУ Жилищник района Орехово-Борисово Южное", "DepartmentalAffiliation": "ПРЕФЕКТУРА ЮЖНОГО АДМИНИСТРАТИВНОГО ОКРУГА ГОРОДА МОСКВЫ", "ObjectOperOrgPhone": "(495) 398-99-44", "global_id": 2767221953 }, "geometry": { "type": "MultiLineString", "coordinates": [ [ [ 37.746285009, 55.601791162 ], [ 37.747454452, 55.603406866 ], [ 37.747733402, 55.603838113 ], [ 37.748130932, 55.604033357 ], [ 37.748463526, 55.604221645 ], [ 37.74889268, 55.604464597 ], [ 37.749514952, 55.604750064 ], [ 37.75332871, 55.60673702 ], [ 37.754294306, 55.607150011 ], [ 37.757167118, 55.608163113 ], [ 37.758787172, 55.608606455 ], [ 37.760675447, 55.608970842 ], [ 37.761158245, 55.609080157 ], [ 37.761411174, 55.609096955 ] ], [ [ 37.746534275, 55.601768633 ], [ 37.747628616, 55.603378264 ], [ 37.748019299, 55.603813068 ], [ 37.748456516, 55.604086087 ], [ 37.750366249, 55.605100406 ], [ 37.753121866, 55.60651946 ], [ 37.75396027, 55.606901251 ], [ 37.755859274, 55.607593613 ], [ 37.757512866, 55.608138163 ], [ 37.758007533, 55.608334394 ], [ 37.759337908, 55.608644125 ], [ 37.760393424, 55.608832336 ] ] ] } },
{ "type": "Feature", "properties": { "datasetId": 897, "rowId": null, "releaseNumber": 193, "versionNumber": 6, "ID": 33, "Name": "Загородное шоссе", "PortionName": "", "Type": "Велопешеходная дорожка с совмещенным движением", "Width": 2.3, "Location": "Загородное шоссе", "OperOrgName": "ГБУ «Автомобильные дороги ЮАО»", "DepartmentalAffiliation": "ПРЕФЕКТУРА ЮЖНОГО АДМИНИСТРАТИВНОГО ОКРУГА ГОРОДА МОСКВЫ", "ObjectOperOrgPhone": "(495) 958-20-36", "global_id": 2767222037 }, "geometry": { "type": "MultiLineString", "coordinates": [ [ [ 37.605571073, 55.690515706 ], [ 37.608853886, 55.694013843 ] ], [ [ 37.605928131, 55.690322668 ], [ 37.609278337, 55.693919158 ] ] ] } },
{ "type": "Feature", "properties": { "datasetId": 897, "rowId": null, "releaseNumber": 193, "versionNumber": 6, "ID": 34, "Name": "Луганская улица", "PortionName": "", "Type": "Велопешеходная дорожка с совмещенным движением", "Width": 3.0, "Location": "Луганская улица", "OperOrgName": "ГБУ «Автомобильные дороги ЮАО»", "DepartmentalAffiliation": "ПРЕФЕКТУРА ЮЖНОГО АДМИНИСТРАТИВНОГО ОКРУГА ГОРОДА МОСКВЫ", "ObjectOperOrgPhone": "(499) 218-18-04", "global_id": 2767222080 }, "geometry": { "type": "MultiLineString", "coordinates": [ [ [ 37.663464987, 55.628292521 ], [ 37.665397069, 55.626144725 ], [ 37.666837623, 55.624478548 ], [ 37.668040708, 55.623140819 ], [ 37.668233827, 55.62287977 ] ], [ [ 37.663625933, 55.628345103 ], [ 37.664387681, 55.627464934 ], [ 37.665232759, 55.626458403 ], [ 37.665807417, 55.625833156 ], [ 37.666936632, 55.624577077 ], [ 37.66799144, 55.623399871 ], [ 37.668399136, 55.622889918 ] ] ] } },
{ "type": "Feature", "properties": { "datasetId": 897, "rowId": null, "releaseNumber": 193, "versionNumber": 6, "ID": 35, "Name": "Свержевского ул.", "PortionName": "", "Type": "Велопешеходная дорожка с совмещенным движением", "Width": 2.5, "Location": "Свержевского ул.", "OperOrgName": "ГБУ Жилищник района Донской", "DepartmentalAffiliation": "ПРЕФЕКТУРА ЮЖНОГО АДМИНИСТРАТИВНОГО ОКРУГА ГОРОДА МОСКВЫ", "ObjectOperOrgPhone": "(495) 958-20-36", "global_id": 2767222134 }, "geometry": { "type": "MultiLineString", "coordinates": [ [ [ 37.602304025, 55.691723632 ], [ 37.603570027, 55.691072155 ], [ 37.604106469, 55.690775199 ], [ 37.604728742, 55.690520663 ], [ 37.605329557, 55.690302488 ], [ 37.605967922, 55.690102493 ], [ 37.606241508, 55.690149462 ], [ 37.606386347, 55.690357032 ], [ 37.606721623, 55.690950948 ] ], [ [ 37.606867281, 55.690922538 ], [ 37.606725124, 55.69095284 ] ] ] } },
{ "type": "Feature", "properties": { "datasetId": 897, "rowId": null, "releaseNumber": 193, "versionNumber": 6, "ID": 17251, "Name": "Введенского ул.", "PortionName": "Введенского ул.", "Type": [ "Велопешеходная дорожка с совмещенным движением", "Велосипедная дорожка двухстороннего движения" ], "Width": 1.0, "Location": "Введенского ул.", "OperOrgName": "Государственное бюджетное учреждение «Автомобильные дороги ЮЗАО»", "DepartmentalAffiliation": "ПРЕФЕКТУРА ЮГО-ЗАПАДНОГО АДМИНИСТРАТИВНОГО ОКРУГА ГОРОДА МОСКВЫ", "ObjectOperOrgPhone": "(499) 128-17-63", "global_id": 2767244477 }, "geometry": { "type": "MultiLineString", "coordinates": [ [ [ 37.538630962, 55.63974499 ], [ 37.542858124, 55.644443618 ], [ 37.544231415, 55.645896688 ], [ 37.549510002, 55.649286974 ] ], [ [ 37.52869606, 55.63264754 ], [ 37.529468536, 55.633689226 ], [ 37.531142235, 55.634173722 ], [ 37.533888817, 55.634827781 ], [ 37.537493706, 55.638679244 ], [ 37.537837029, 55.63921212 ] ] ] } },
{ "type": "Feature", "properties": { "datasetId": 897, "rowId": null, "releaseNumber": 193, "versionNumber": 6, "ID": 17252, "Name": "Винокурова ул.", "PortionName": "Винокурова ул.", "Type": "Велосипедная дорожка двухстороннего движения", "Width": 1.0, "Location": "Винокурова ул.", "OperOrgName": "Государственное бюджетное учреждение «Автомобильные дороги ЮЗАО»", "DepartmentalAffiliation": "ПРЕФЕКТУРА ЮГО-ЗАПАДНОГО АДМИНИСТРАТИВНОГО ОКРУГА ГОРОДА МОСКВЫ", "ObjectOperOrgPhone": "(499) 128-17-63", "global_id": 2767244518 }, "geometry": { "type": "MultiLineString", "coordinates": [ [ [ 37.59967804, 55.68394791 ], [ 37.584502101, 55.68906155 ], [ 37.584292889, 55.689463718 ], [ 37.582888752, 55.689917286 ], [ 37.582829744, 55.689930893 ], [ 37.582776099, 55.689942232 ], [ 37.582735866, 55.689949792 ], [ 37.582698315, 55.689955083 ], [ 37.582584321, 55.689954327 ], [ 37.582466304, 55.689935429 ], [ 37.582381815, 55.689913506 ], [ 37.582348287, 55.689906703 ], [ 37.582219541, 55.689899899 ], [ 37.582088113, 55.689905191 ] ], [ [ 37.580473423, 55.690443418 ], [ 37.582055926, 55.68989612 ], [ 37.582163215, 55.689802383 ], [ 37.582211494, 55.689596765 ], [ 37.582308054, 55.689500004 ], [ 37.582474351, 55.689421385 ], [ 37.583193183, 55.689176456 ], [ 37.583810091, 55.68898293 ], [ 37.584115863, 55.689010145 ], [ 37.584255338, 55.689028288 ], [ 37.584502101, 55.689052478 ] ] ] } },
{ "type": "Feature", "properties": { "datasetId": 897, "rowId": null, "releaseNumber": 193, "versionNumber": 6, "ID": 17253, "Name": "Гримау ул.", "PortionName": "Гримау ул.", "Type": "Велосипедная дорожка двухстороннего движения", "Width": 1.0, "Location": "Гримау ул.", "OperOrgName": "Государственное бюджетное учреждение «Автомобильные дороги ЮЗАО»", "DepartmentalAffiliation": "ПРЕФЕКТУРА ЮГО-ЗАПАДНОГО АДМИНИСТРАТИВНОГО ОКРУГА ГОРОДА МОСКВЫ", "ObjectOperOrgPhone": "(499) 128-17-63", "global_id": 2767244532 }, "geometry": { "type": "MultiLineString", "coordinates": [ [ [ 37.576611042, 55.687020408 ], [ 37.583305836, 55.693237244 ] ] ] } },
{ "type": "Feature", "properties": { "datasetId": 897, "rowId": null, "releaseNumber": 193, "versionNumber": 6, "ID": 18, "Name": "ул. Римского-Корсакова", "PortionName": "временная велополоса вдоль ул. Римского-Корсакова", "Type": "Велосипедная полоса попутного движения", "Width": 1.2, "Location": "ул. Римского-Корсакова", "OperOrgName": "Государственное бюджетное учреждение города Москвы «Жилищник района Отрадное»", "DepartmentalAffiliation": "ПРЕФЕКТУРА СЕВЕРО-ВОСТОЧНОГО АДМИНИСТРАТИВНОГО ОКРУГА ГОРОДА МОСКВЫ", "ObjectOperOrgPhone": "(495) 708-44-69", "global_id": 2767247403 }, "geometry": { "type": "MultiLineString", "coordinates": [ [ [ 37.588632703, 55.869309973 ], [ 37.589842379, 55.869871688 ], [ 37.590491474, 55.870177185 ], [ 37.590864301, 55.870353259 ], [ 37.591698468, 55.870755065 ], [ 37.592111528, 55.870938661 ], [ 37.592141032, 55.870955214 ], [ 37.592183948, 55.870971768 ], [ 37.592800856, 55.871232863 ], [ 37.593254149, 55.871414199 ], [ 37.593806684, 55.87161585 ], [ 37.594195604, 55.871751286 ], [ 37.594278753, 55.871776868 ], [ 37.595000267, 55.872002594 ], [ 37.595346272, 55.872107933 ], [ 37.595552802, 55.872166621 ], [ 37.59612143, 55.872311085 ], [ 37.596842945, 55.872493168 ], [ 37.597894371, 55.87271889 ], [ 37.597929239, 55.872724909 ], [ 37.598980665, 55.872943106 ], [ 37.599307895, 55.873010822 ], [ 37.601952553, 55.873578878 ], [ 37.608593702, 55.874982808 ], [ 37.609961629, 55.875267951 ], [ 37.61073947, 55.875404127 ], [ 37.611234337, 55.875458673 ], [ 37.61176005, 55.875451149 ], [ 37.612273693, 55.875404127 ], [ 37.612960339, 55.875229581 ], [ 37.613518238, 55.87502494 ], [ 37.614119053, 55.874681863 ] ], [ [ 37.589130253, 55.869151954 ], [ 37.589374334, 55.869294171 ], [ 37.589584887, 55.869411557 ], [ 37.590132058, 55.869659118 ], [ 37.590424418, 55.869775749 ], [ 37.590715438, 55.869859273 ], [ 37.591034621, 55.869961607 ], [ 37.591475844, 55.870150473 ], [ 37.591911703, 55.870340091 ], [ 37.592340857, 55.870523689 ], [ 37.593517005, 55.871018419 ], [ 37.593825459, 55.871143324 ], [ 37.594174147, 55.871269732 ], [ 37.594496012, 55.871376578 ], [ 37.595421374, 55.871688082 ], [ 37.595654726, 55.87176182 ], [ 37.59665519, 55.87204473 ], [ 37.597902417, 55.872327638 ], [ 37.598653436, 55.87247812 ], [ 37.600069642, 55.87277833 ], [ 37.603052258, 55.873410343 ], [ 37.605037093, 55.873834689 ], [ 37.60861516, 55.874608131 ], [ 37.610444427, 55.874987322 ], [ 37.610838711, 55.875061806 ], [ 37.611324191, 55.875110333 ], [ 37.61163801, 55.875115599 ], [ 37.611859292, 55.875107323 ], [ 37.61199072, 55.875094533 ], [ 37.612330019, 55.875051273 ], [ 37.612941563, 55.874894782 ], [ 37.613440454, 55.874716848 ], [ 37.613995671, 55.87449979 ] ] ] } },
{ "type": "Feature", "properties": { "datasetId": 897, "rowId": null, "releaseNumber": 193, "versionNumber": 6, "ID": 19, "Name": "Юрловский проезд", "PortionName": "временная велополоса вдоль Юрловского проезда", "Type": "Велосипедная полоса попутного движения", "Width": 1.0, "Location": "Юрловский проезд", "OperOrgName": "Государственное бюджетное учреждение города Москвы «Жилищник района Отрадное»", "DepartmentalAffiliation": "ПРЕФЕКТУРА СЕВЕРО-ВОСТОЧНОГО АДМИНИСТРАТИВНОГО ОКРУГА ГОРОДА МОСКВЫ", "ObjectOperOrgPhone": "(495) 708-44-69", "global_id": 2767247436 }, "geometry": { "type": "MultiLineString", "coordinates": [ [ [ 37.614100277, 55.874670201 ], [ 37.614719868, 55.874234955 ], [ 37.615529895, 55.873657127 ], [ 37.616758347, 55.872791121 ], [ 37.618346214, 55.871642185 ], [ 37.619593441, 55.870780648 ], [ 37.6220977, 55.869006253 ], [ 37.623925209, 55.867711317 ], [ 37.626339197, 55.865951177 ], [ 37.626733482, 55.865647152 ], [ 37.627218962, 55.865230242 ], [ 37.627489865, 55.864945777 ], [ 37.627594471, 55.864796771 ], [ 37.627621293, 55.864646259 ] ], [ [ 37.627509981, 55.864575142 ], [ 37.627404034, 55.86472001 ], [ 37.627339661, 55.864807307 ], [ 37.627237737, 55.8649232 ], [ 37.626956105, 55.86521218 ], [ 37.626644969, 55.865475572 ], [ 37.626301646, 55.865764548 ], [ 37.625757158, 55.866154361 ], [ 37.624547482, 55.867028793 ], [ 37.622686028, 55.868365988 ], [ 37.621792853, 55.869013875 ], [ 37.620851398, 55.869677553 ], [ 37.620357871, 55.870027071 ], [ 37.619681954, 55.870508264 ], [ 37.618391709, 55.871420094 ], [ 37.616967559, 55.872444261 ], [ 37.614226341, 55.874391448 ], [ 37.613888383, 55.874559979 ] ] ] } },
{ "type": "Feature", "properties": { "datasetId": 897, "rowId": null, "releaseNumber": 193, "versionNumber": 6, "ID": 20, "Name": "ул. Мусоргского", "PortionName": "временная велополоса вдоль ул. Мусоргского", "Type": "Велосипедная полоса попутного движения", "Width": 1.3, "Location": "ул. Мусоргского", "OperOrgName": "Государственное бюджетное учреждение города Москвы «Жилищник района Отрадное»", "DepartmentalAffiliation": "ПРЕФЕКТУРА СЕВЕРО-ВОСТОЧНОГО АДМИНИСТРАТИВНОГО ОКРУГА ГОРОДА МОСКВЫ", "ObjectOperOrgPhone": "(495) 708-44-69", "global_id": 2767247497 }, "geometry": { "type": "MultiLineString", "coordinates": [ [ [ 37.627594471, 55.864775699 ], [ 37.627594471, 55.864643249 ], [ 37.627559602, 55.864533375 ], [ 37.627503276, 55.864406944 ], [ 37.627353072, 55.864217297 ], [ 37.627181411, 55.864090865 ], [ 37.62707144, 55.864038185 ], [ 37.62686491, 55.863990021 ], [ 37.626180947, 55.863869609 ], [ 37.625156343, 55.863692001 ], [ 37.624067366, 55.863494824 ], [ 37.622490227, 55.863215239 ], [ 37.621924281, 55.863107242 ], [ 37.621729821, 55.863051174 ], [ 37.621495128, 55.862968765 ], [ 37.621165216, 55.862823515 ], [ 37.620913088, 55.86267149 ], [ 37.620591223, 55.862415605 ], [ 37.620459795, 55.862265084 ], [ 37.620384693, 55.86216574 ], [ 37.620317638, 55.862046828 ], [ 37.620282769, 55.861948988 ], [ 37.620263994, 55.861812013 ], [ 37.620347142, 55.860144933 ], [ 37.620373964, 55.859511575 ], [ 37.620373964, 55.859224811 ] ], [ [ 37.627511322, 55.864581539 ], [ 37.627454996, 55.864446077 ], [ 37.62735039, 55.864298574 ], [ 37.627269924, 55.864219931 ], [ 37.627158612, 55.864133386 ], [ 37.627064735, 55.864085974 ], [ 37.626969516, 55.864054366 ], [ 37.62685284, 55.864022758 ], [ 37.626712024, 55.86399416 ], [ 37.626340538, 55.863933201 ], [ 37.625086606, 55.863716083 ], [ 37.622667253, 55.863285982 ], [ 37.622625679, 55.863278456 ], [ 37.622290403, 55.863219002 ], [ 37.621975243, 55.863161805 ], [ 37.621717751, 55.863090309 ], [ 37.621436119, 55.862988709 ], [ 37.621276528, 55.86291947 ], [ 37.62115851, 55.862867541 ], [ 37.620937228, 55.8627396 ], [ 37.620768249, 55.862631226 ], [ 37.620573789, 55.86247318 ], [ 37.620412856, 55.862300833 ], [ 37.620277405, 55.86213827 ], [ 37.620234489, 55.862061504 ], [ 37.620192915, 55.861940333 ], [ 37.620178163, 55.861798842 ], [ 37.620195597, 55.861424037 ], [ 37.620231807, 55.860931442 ], [ 37.620254606, 55.860565285 ], [ 37.620270699, 55.860214553 ], [ 37.620274723, 55.860167137 ], [ 37.620293498, 55.859742265 ], [ 37.620304227, 55.859564638 ], [ 37.62030825, 55.859240617 ] ] ] } },
{ "type": "Feature", "properties": { "datasetId": 897, "rowId": null, "releaseNumber": 193, "versionNumber": 6, "ID": 24, "Name": "Велосипедная дорожка на Проектируемом проезде № 625", "PortionName": "", "Type": "Велосипедная дорожка двухстороннего движения", "Width": 3.0, "Location": "Проектируемый проезд № 625", "OperOrgName": "ГБУ «Автомобильные дороги ЮВАО»", "DepartmentalAffiliation": "ПРЕФЕКТУРА ЮГО-ВОСТОЧНОГО АДМИНИСТРАТИВНОГО ОКРУГА ГОРОДА МОСКВЫ", "ObjectOperOrgPhone": "(495) 351-19-91", "global_id": 2773396615 }, "geometry": { "type": "MultiLineString", "coordinates": [ [ [ 37.920367634, 55.707198028 ], [ 37.919654166, 55.70757361 ], [ 37.919631803, 55.70761986 ], [ 37.919655943, 55.707657721 ], [ 37.920009995, 55.707728899 ], [ 37.920436466, 55.707777361 ], [ 37.920750284, 55.707790991 ], [ 37.920994365, 55.707828852 ], [ 37.921305501, 55.707895486 ], [ 37.921505955, 55.707953127 ], [ 37.921672252, 55.708021276 ], [ 37.921811726, 55.70808791 ], [ 37.922164933, 55.708294739 ], [ 37.922392498, 55.708502647 ], [ 37.922587876, 55.708713582 ], [ 37.92313872, 55.709321072 ], [ 37.92352764, 55.709298356 ] ] ] } },
{ "type": "Feature", "properties": { "datasetId": 897, "rowId": null, "releaseNumber": 193, "versionNumber": 6, "ID": 58, "Name": "Велосипедная дорожка в НП «Лосиный Остров»", "PortionName": "", "Type": [ "Велопешеходная дорожка с совмещенным движением", "Велосипедная дорожка двухстороннего движения" ], "Width": 2.0, "Location": "город Москва, Лосиноостровская улица, з/у 1", "OperOrgName": "Государственное бюджетное учреждение культуры города Москвы «Парк культуры и отдыха «Сокольники»", "DepartmentalAffiliation": "ДЕПАРТАМЕНТ КУЛЬТУРЫ ГОРОДА МОСКВЫ", "ObjectOperOrgPhone": "(499) 268-54-30", "global_id": 2781515218 }, "geometry": { "type": "MultiLineString", "coordinates": [ [ [ 37.72629657, 55.845671184 ], [ 37.72629657, 55.845671184 ], [ 37.726008289, 55.848621986 ], [ 37.725454588, 55.852326824 ], [ 37.725188157, 55.854217927 ], [ 37.724784389, 55.857149743 ], [ 37.724767217, 55.857294308 ], [ 37.724339673, 55.860900504 ], [ 37.723869931, 55.865598265 ] ], [ [ 37.723869931, 55.865598265 ], [ 37.723651162, 55.86825272 ], [ 37.723472995, 55.870149707 ], [ 37.723396933, 55.87045809 ] ], [ [ 37.723396933, 55.87045809 ], [ 37.717790126, 55.870296161 ], [ 37.715940377, 55.870247193 ], [ 37.715179132, 55.869660708 ], [ 37.714429249, 55.869243151 ], [ 37.714575593, 55.866339212 ], [ 37.714584188, 55.866122193 ] ], [ [ 37.714584188, 55.866122193 ], [ 37.714619513, 55.865228003 ] ], [ [ 37.714619513, 55.865228003 ], [ 37.717570997, 55.865343367 ], [ 37.723869931, 55.865598265 ] ], [ [ 37.726773977, 55.842453997 ], [ 37.726773977, 55.842490969 ], [ 37.72629657, 55.845671184 ] ], [ [ 37.764439461, 55.833875519 ], [ 37.76269829, 55.842872738 ], [ 37.757684696, 55.842844232 ], [ 37.750272193, 55.842723082 ], [ 37.741726522, 55.8425925 ] ], [ [ 37.741726522, 55.8425925 ], [ 37.733658582, 55.84248578 ] ], [ [ 37.733658582, 55.84248578 ], [ 37.730888264, 55.84244919 ], [ 37.726688761, 55.842393097 ], [ 37.726796049, 55.841378051 ], [ 37.726898143, 55.840482223 ], [ 37.728071252, 55.832106649 ], [ 37.7109002, 55.831282132 ], [ 37.703742174, 55.831053652 ], [ 37.703087715, 55.830417936 ] ] ] } },
{ "type": "Feature", "properties": { "datasetId": 897, "rowId": null, "releaseNumber": 193, "versionNumber": 6, "ID": 83862, "Name": "Набережная Говорухина", "PortionName": "", "Type": "Выделенная полоса для ОТ и велосипедистов с совмещенным движением", "Width": 6.2, "Location": "ул. Сельскохозяйственная, вл. 24", "OperOrgName": "ГБУ Жилищник района Ростокино", "DepartmentalAffiliation": "ПРЕФЕКТУРА СЕВЕРО-ВОСТОЧНОГО АДМИНИСТРАТИВНОГО ОКРУГА ГОРОДА МОСКВЫ", "ObjectOperOrgPhone": "(499) 187-99-86", "global_id": 2781606220 }, "geometry": { "type": "MultiLineString", "coordinates": [ [ [ 37.646963015, 55.838332415 ], [ 37.64834167, 55.837894704 ], [ 37.648845925, 55.837770936 ], [ 37.649135604, 55.837746786 ], [ 37.649393096, 55.837779992 ], [ 37.649639859, 55.837888666 ], [ 37.649763241, 55.837952059 ] ] ] } },
{ "type": "Feature", "properties": { "datasetId": 897, "rowId": null, "releaseNumber": 193, "versionNumber": 6, "ID": 11001, "Name": "улица Академика Комарова", "PortionName": "улица Академика Комарова", "Type": "Велопешеходная дорожка с совмещенным движением", "Width": 1.1, "Location": "улица Академика Комарова от Ботанического сада до улицы Комдива Орлова", "OperOrgName": "Жилищник района Марфино", "DepartmentalAffiliation": "ПРЕФЕКТУРА СЕВЕРО-ВОСТОЧНОГО АДМИНИСТРАТИВНОГО ОКРУГА ГОРОДА МОСКВЫ", "ObjectOperOrgPhone": "(495) 619-32-97", "global_id": 2781620806 }, "geometry": { "type": "MultiLineString", "coordinates": [ [ [ 37.600774737, 55.830270611 ], [ 37.592470618, 55.829980756 ], [ 37.586038714, 55.829816946 ], [ 37.58275569, 55.832014968 ], [ 37.579022055, 55.834116257 ] ] ] } },
{ "type": "Feature", "properties": { "datasetId": 897, "rowId": null, "releaseNumber": 193, "versionNumber": 6, "ID": 56165, "Name": "5-й проезд Марьиной Рощи", "PortionName": "5-й проезд Марьиной Рощи", "Type": "Велосипедная полоса попутного движения", "Width": 1.0, "Location": "От улицы Шереметьевская до 1-го Стрелецкого проезда", "OperOrgName": "Жилищник района Марьина Роща", "DepartmentalAffiliation": "ПРЕФЕКТУРА СЕВЕРО-ВОСТОЧНОГО АДМИНИСТРАТИВНОГО ОКРУГА ГОРОДА МОСКВЫ", "ObjectOperOrgPhone": "(495) 631-07-56", "global_id": 2781622586 }, "geometry": { "type": "MultiLineString", "coordinates": [ [ [ 37.615667, 55.798462276 ], [ 37.608339205, 55.798250751 ] ] ] } },
{ "type": "Feature", "properties": { "datasetId": 897, "rowId": null, "releaseNumber": 193, "versionNumber": 6, "ID": 46465, "Name": "1-й Стрелецкий проезд", "PortionName": "1-й Стрелецкий проезд", "Type": "Велосипедная полоса попутного движения", "Width": 1.0, "Location": "1-й Стрелецкий проезд", "OperOrgName": "Жилищник района Марьина Роща", "DepartmentalAffiliation": "ПРЕФЕКТУРА СЕВЕРО-ВОСТОЧНОГО АДМИНИСТРАТИВНОГО ОКРУГА ГОРОДА МОСКВЫ", "ObjectOperOrgPhone": "(495) 631-07-56", "global_id": 2781622612 }, "geometry": { "type": "MultiLineString", "coordinates": [ [ [ 37.608149187, 55.799797612 ], [ 37.608363764, 55.796159331 ] ] ] } },
{ "type": "Feature", "properties": { "datasetId": 897, "rowId": null, "releaseNumber": 193, "versionNumber": 6, "ID": 48657, "Name": "Стрелецкая улица", "PortionName": "Стрелецкая улица", "Type": "Двустороняя велополоса", "Width": 1.5, "Location": "Стрелецкая улица", "OperOrgName": "Жилищник района Марьина Роща", "DepartmentalAffiliation": "ПРЕФЕКТУРА СЕВЕРО-ВОСТОЧНОГО АДМИНИСТРАТИВНОГО ОКРУГА ГОРОДА МОСКВЫ", "ObjectOperOrgPhone": "(495) 631-07-56", "global_id": 2781622625 }, "geometry": { "type": "MultiLineString", "coordinates": [ [ [ 37.595038509, 55.795488721 ], [ 37.599716281, 55.795984329 ], [ 37.608363723, 55.796177736 ] ] ] } },
{ "type": "Feature", "properties": { "datasetId": 897, "rowId": null, "releaseNumber": 193, "versionNumber": 6, "ID": 26599, "Name": "Савеловский проезд", "PortionName": "Савеловский проезд", "Type": "Двустороняя велополоса", "Width": 1.5, "Location": "Савеловский проезд", "OperOrgName": "Жилищник района Марьина Роща", "DepartmentalAffiliation": "ПРЕФЕКТУРА СЕВЕРО-ВОСТОЧНОГО АДМИНИСТРАТИВНОГО ОКРУГА ГОРОДА МОСКВЫ", "ObjectOperOrgPhone": "(495) 631-07-56", "global_id": 2781622640 }, "geometry": { "type": "MultiLineString", "coordinates": [ [ [ 37.594981804, 55.795470589 ], [ 37.59575428, 55.792339646 ] ] ] } },
{ "type": "Feature", "properties": { "datasetId": 897, "rowId": null, "releaseNumber": 193, "versionNumber": 6, "ID": 84950, "Name": "Дорога от Пр.пр.5557 до Дмитровского шоссе (Дмитровское шоссе вл.167,1 очередь)", "PortionName": "Ул. Мерянка", "Type": "Велопешеходная зона", "Width": 2.5, "Location": "правая сторона ул.Мерянка", "OperOrgName": "ГБУ Жилищник района Северный", "DepartmentalAffiliation": "ПРЕФЕКТУРА СЕВЕРО-ВОСТОЧНОГО АДМИНИСТРАТИВНОГО ОКРУГА ГОРОДА МОСКВЫ", "ObjectOperOrgPhone": "(499) 767-79-81", "global_id": 2781719857 }, "geometry": { "type": "MultiLineString", "coordinates": [ [ [ 37.539874493, 55.926937665 ], [ 37.539531171, 55.927226794 ], [ 37.539037644, 55.928106214 ], [ 37.538865983, 55.92855194 ], [ 37.538908898, 55.928997661 ], [ 37.538908898, 55.929298821 ], [ 37.53916639, 55.929925226 ], [ 37.539187848, 55.930551621 ], [ 37.539102663, 55.931404358 ], [ 37.538831991, 55.931799624 ], [ 37.539720173, 55.932510681 ], [ 37.541436786, 55.932847949 ], [ 37.543067569, 55.933040673 ], [ 37.544269199, 55.933185214 ], [ 37.545026738, 55.932145486 ], [ 37.54537006, 55.931157746 ], [ 37.545233846, 55.929880874 ] ] ] } },
{ "type": "Feature", "properties": { "datasetId": 897, "rowId": null, "releaseNumber": 193, "versionNumber": 6, "ID": 128, "Name": "Озелененная территория по улице Череповецкая", "PortionName": "Озелененная территория по улице Череповецкая", "Type": "Велопешеходная дорожка с раздельным движением", "Width": 2.0, "Location": "от ул. Череповецкая д.4 до ул. Череповецкая д.24", "OperOrgName": "Государственное бюджетное учреждение Жилищник района Лианозово", "DepartmentalAffiliation": "ПРЕФЕКТУРА СЕВЕРО-ВОСТОЧНОГО АДМИНИСТРАТИВНОГО ОКРУГА ГОРОДА МОСКВЫ", "ObjectOperOrgPhone": "(499) 908-80-79", "global_id": 2781720205 }, "geometry": { "type": "MultiLineString", "coordinates": [ [ [ 37.56658806, 55.89844234 ], [ 37.573636905, 55.89838206 ] ], [ [ 37.574157462, 55.898517544 ], [ 37.57477437, 55.898506995 ], [ 37.574921892, 55.89840904 ], [ 37.5751016, 55.898339718 ], [ 37.57530813, 55.89830355 ], [ 37.575636701, 55.898305057 ], [ 37.576013551, 55.898321634 ], [ 37.576040373, 55.898330676 ], [ 37.576796756, 55.898321634 ] ], [ [ 37.576786027, 55.898327662 ], [ 37.578545556, 55.898309578 ], [ 37.578596518, 55.898280945 ], [ 37.579071269, 55.898274917 ], [ 37.579135642, 55.898308071 ], [ 37.579551385, 55.898297522 ], [ 37.579870715, 55.898234961 ] ], [ [ 37.580171799, 55.898226454 ], [ 37.580539262, 55.898282214 ], [ 37.585796872, 55.898221836 ] ] ] } },
{ "type": "Feature", "properties": { "datasetId": 897, "rowId": null, "releaseNumber": 193, "versionNumber": 6, "ID": 45457, "Name": "Новодачная улица", "PortionName": "новодачная", "Type": "Велопешеходная дорожка с раздельным движением", "Width": 1.0, "Location": "Вдоль ул.Новодачная , левая сторона", "OperOrgName": "ГБУ Жилищник района Северный", "DepartmentalAffiliation": "ПРЕФЕКТУРА СЕВЕРО-ВОСТОЧНОГО АДМИНИСТРАТИВНОГО ОКРУГА ГОРОДА МОСКВЫ", "ObjectOperOrgPhone": "(499) 767-79-81", "global_id": 2781811542 }, "geometry": { "type": "MultiLineString", "coordinates": [ [ [ 37.525032738, 55.932099213 ], [ 37.525461892, 55.932219668 ], [ 37.52593396, 55.932364213 ], [ 37.526706437, 55.932653301 ], [ 37.527264336, 55.932990568 ], [ 37.527049759, 55.933279652 ], [ 37.526620606, 55.93405053 ], [ 37.526620606, 55.934508233 ], [ 37.526320199, 55.935158642 ], [ 37.526363114, 55.935929483 ], [ 37.526706437, 55.936194456 ], [ 37.527264336, 55.936531692 ], [ 37.527607659, 55.936820749 ], [ 37.528036812, 55.937013453 ], [ 37.528508881, 55.937278419 ], [ 37.528788444, 55.93740687 ], [ 37.529088852, 55.937623659 ] ] ] } },
{ "type": "Feature", "properties": { "datasetId": 897, "rowId": null, "releaseNumber": 193, "versionNumber": 6, "ID": 45558, "Name": "Долгопрудненское шоссе левая сторона", "PortionName": "Долгопрудненское шоссе", "Type": "Велопешеходная дорожка с раздельным движением", "Width": 1.0, "Location": "Вдоль Долгопрудненского шоссе до Физтеха", "OperOrgName": "ГБУ Жилищник района Северный", "DepartmentalAffiliation": "ПРЕФЕКТУРА СЕВЕРО-ВОСТОЧНОГО АДМИНИСТРАТИВНОГО ОКРУГА ГОРОДА МОСКВЫ", "ObjectOperOrgPhone": "(499) 767-79-81", "global_id": 2781811665 }, "geometry": { "type": "MultiLineString", "coordinates": [ [ [ 37.530214323, 55.922993425 ], [ 37.530450357, 55.923041618 ], [ 37.530729307, 55.923053667 ], [ 37.530986799, 55.92310186 ], [ 37.531244291, 55.923125956 ], [ 37.531737818, 55.923162101 ], [ 37.532038225, 55.923150053 ], [ 37.532295717, 55.923162101 ], [ 37.532767786, 55.923138005 ], [ 37.533089651, 55.923125956 ] ] ] } },
{ "type": "Feature", "properties": { "datasetId": 897, "rowId": null, "releaseNumber": 193, "versionNumber": 6, "ID": 48578, "Name": "Долгопрудная аллея", "PortionName": "Долгопрудная аллея вдоль микрорайона", "Type": "Велопешеходная дорожка с раздельным движением", "Width": 1.0, "Location": "Вдоль Долгопрудной аллеи от новодачной улицы", "OperOrgName": "ГБУ Жилищник района Северный", "DepartmentalAffiliation": "ПРЕФЕКТУРА СЕВЕРО-ВОСТОЧНОГО АДМИНИСТРАТИВНОГО ОКРУГА ГОРОДА МОСКВЫ", "ObjectOperOrgPhone": "(499) 767-79-81", "global_id": 2781811805 }, "geometry": { "type": "MultiLineString", "coordinates": [ [ [ 37.524241058, 55.941308049 ], [ 37.524304886, 55.940890484 ], [ 37.524283428, 55.940155871 ], [ 37.524648209, 55.939758451 ], [ 37.525120278, 55.939529632 ], [ 37.525554795, 55.939321887 ], [ 37.525727002, 55.939245699 ] ], [ [ 37.530935852, 55.941031068 ], [ 37.530850021, 55.941392347 ], [ 37.531300632, 55.939489574 ], [ 37.531279175, 55.939260753 ], [ 37.531021682, 55.938851281 ], [ 37.530528156, 55.938465891 ], [ 37.530099003, 55.938164803 ], [ 37.529326526, 55.937815538 ], [ 37.528017608, 55.938297282 ], [ 37.527320234, 55.938592348 ], [ 37.526923267, 55.938748912 ], [ 37.526467292, 55.938929563 ], [ 37.526317088, 55.938986769 ], [ 37.526129333, 55.93906505 ], [ 37.52601668, 55.939125266 ], [ 37.525818197, 55.93921258 ], [ 37.525732366, 55.939242688 ] ], [ [ 37.530710546, 55.941729537 ], [ 37.530807106, 55.941428475 ] ] ] } },
{ "type": "Feature", "properties": { "datasetId": 897, "rowId": null, "releaseNumber": 193, "versionNumber": 6, "ID": 25, "Name": "Велосипедная дорожка на 1-й Капотнинском проезде", "PortionName": "", "Type": "Велопешеходная дорожка с совмещенным движением", "Width": 4.5, "Location": "1-й Капотнинский проезд", "OperOrgName": "ГБУ «Жилищник района Капотня»", "DepartmentalAffiliation": "ПРЕФЕКТУРА ЮГО-ВОСТОЧНОГО АДМИНИСТРАТИВНОГО ОКРУГА ГОРОДА МОСКВЫ", "ObjectOperOrgPhone": "(495) 355-75-92", "global_id": 2781915533 }, "geometry": { "type": "MultiLineString", "coordinates": [ [ [ 37.793025579, 55.639613409 ], [ 37.793073859, 55.639570931 ], [ 37.79306313, 55.639209864 ], [ 37.793025579, 55.63911277 ], [ 37.793095317, 55.638945888 ], [ 37.79327838, 55.637938518 ], [ 37.793519106, 55.637037324 ] ] ] } },
{ "type": "Feature", "properties": { "datasetId": 897, "rowId": null, "releaseNumber": 193, "versionNumber": 6, "ID": 26, "Name": "Велосипедная дорожка на 1-й Карачаровский проезде", "PortionName": "", "Type": "Велопешеходная дорожка с раздельным движением", "Width": 3.1, "Location": "1-й Карачаровский проезд (ЖК Среда)", "OperOrgName": "ГБУ «Автомобильные дороги ЮВАО»", "DepartmentalAffiliation": "ПРЕФЕКТУРА ЮГО-ВОСТОЧНОГО АДМИНИСТРАТИВНОГО ОКРУГА ГОРОДА МОСКВЫ", "ObjectOperOrgPhone": "(495) 351-19-91", "global_id": 2781915557 }, "geometry": { "type": "MultiLineString", "coordinates": [ [ [ 37.737538415, 55.726630339 ], [ 37.737429382, 55.72685225 ], [ 37.737396323, 55.727305295 ], [ 37.737288163, 55.72774017 ], [ 37.737099953, 55.728062604 ], [ 37.736771269, 55.728264303 ], [ 37.736421127, 55.728417564 ], [ 37.736274833, 55.728501199 ], [ 37.736192912, 55.728615105 ], [ 37.736055891, 55.72906239 ], [ 37.736069075, 55.729146409 ], [ 37.736070302, 55.729306478 ], [ 37.736092987, 55.729412057 ], [ 37.736224188, 55.729677704 ] ], [ [ 37.736076438, 55.729110309 ], [ 37.736172998, 55.728904459 ], [ 37.736533755, 55.728645632 ], [ 37.736615562, 55.728568438 ], [ 37.736662501, 55.72840648 ], [ 37.736773813, 55.728262686 ] ] ] } },
{ "type": "Feature", "properties": { "datasetId": 897, "rowId": null, "releaseNumber": 193, "versionNumber": 6, "ID": 27, "Name": "Велосипедная дорожка на Ферганская улице", "PortionName": "", "Type": "Велосипедная дорожка двухстороннего движения", "Width": 2.0, "Location": "Ферганская ул.", "OperOrgName": "ГБУ «Автомобильные дороги ЮВАО»", "DepartmentalAffiliation": "ПРЕФЕКТУРА ЮГО-ВОСТОЧНОГО АДМИНИСТРАТИВНОГО ОКРУГА ГОРОДА МОСКВЫ", "ObjectOperOrgPhone": "(495) 351-19-91", "global_id": 2781915613 }, "geometry": { "type": "MultiLineString", "coordinates": [ [ [ 37.822981548, 55.702905878 ], [ 37.822964711, 55.702931007 ], [ 37.822967021, 55.70304808 ], [ 37.822937145, 55.703113656 ], [ 37.822871285, 55.703157855 ], [ 37.822803936, 55.70329472 ], [ 37.822728542, 55.703352826 ], [ 37.822551223, 55.70345637 ], [ 37.821670729, 55.703884524 ], [ 37.820650748, 55.704378399 ], [ 37.820569541, 55.704442137 ], [ 37.820575919, 55.704591066 ], [ 37.819489292, 55.704959808 ], [ 37.81902253, 55.705247253 ], [ 37.818972018, 55.705230593 ], [ 37.818073929, 55.705535011 ], [ 37.818123353, 55.705777333 ] ] ] } },
{ "type": "Feature", "properties": { "datasetId": 897, "rowId": null, "releaseNumber": 193, "versionNumber": 6, "ID": 28, "Name": "Велосипедная дорожка на улице Заречье", "PortionName": "", "Type": "Велопешеходная дорожка с совмещенным движением", "Width": 3.9, "Location": "Заречье ул.", "OperOrgName": "ГБУ «Жилищник района Люблино»", "DepartmentalAffiliation": "ПРЕФЕКТУРА ЮГО-ВОСТОЧНОГО АДМИНИСТРАТИВНОГО ОКРУГА ГОРОДА МОСКВЫ", "ObjectOperOrgPhone": "(495) 350-01-45", "global_id": 2781915648 }, "geometry": { "type": "MultiLineString", "coordinates": [ [ [ 37.774745439, 55.689942606 ], [ 37.773759194, 55.689530631 ], [ 37.77275149, 55.689139864 ], [ 37.771519289, 55.688752264 ], [ 37.76725908, 55.687487369 ], [ 37.76679053, 55.687358681 ], [ 37.766590201, 55.687242113 ], [ 37.766336228, 55.687107363 ], [ 37.766125171, 55.686942308 ], [ 37.766117789, 55.68688818 ], [ 37.766027923, 55.686749619 ], [ 37.76595548, 55.686327031 ], [ 37.76602942, 55.686194357 ], [ 37.765419934, 55.684598573 ], [ 37.76546495, 55.684503107 ], [ 37.764456776, 55.681967292 ] ] ] } },
{ "type": "Feature", "properties": { "datasetId": 897, "rowId": null, "releaseNumber": 193, "versionNumber": 6, "ID": 29, "Name": "Велосипедная дорожка на Ставропольской улице", "PortionName": "", "Type": "Велосипедная дорожка одностороннего движения", "Width": 1.0, "Location": "Ставропольская ул.", "OperOrgName": "ГБУ «Автомобильные дороги ЮВАО»", "DepartmentalAffiliation": "ПРЕФЕКТУРА ЮГО-ВОСТОЧНОГО АДМИНИСТРАТИВНОГО ОКРУГА ГОРОДА МОСКВЫ", "ObjectOperOrgPhone": "(495) 351-19-91", "global_id": 2781915659 }, "geometry": { "type": "MultiLineString", "coordinates": [ [ [ 37.761162143, 55.681688023 ], [ 37.764195721, 55.681877453 ] ] ] } },
{ "type": "Feature", "properties": { "datasetId": 897, "rowId": null, "releaseNumber": 193, "versionNumber": 6, "ID": 30, "Name": "Велосипедная дорожка на Братиславской улице", "PortionName": "", "Type": "Велосипедная дорожка двухстороннего движения", "Width": 2.0, "Location": "Братиславская ул.", "OperOrgName": "ГБУ «Автомобильные дороги ЮВАО»", "DepartmentalAffiliation": "ПРЕФЕКТУРА ЮГО-ВОСТОЧНОГО АДМИНИСТРАТИВНОГО ОКРУГА ГОРОДА МОСКВЫ", "ObjectOperOrgPhone": "(495) 351-19-91", "global_id": 2781915698 }, "geometry": { "type": "MultiLineString", "coordinates": [ [ [ 37.767652994, 55.651487171 ], [ 37.767614184, 55.651712924 ], [ 37.767239542, 55.65198656 ], [ 37.766990946, 55.65218698 ], [ 37.76595378, 55.653069854 ], [ 37.765735538, 55.653173437 ], [ 37.765241771, 55.653671886 ], [ 37.765043223, 55.653799787 ], [ 37.763924271, 55.654744613 ], [ 37.763059024, 55.655462684 ], [ 37.762719489, 55.65568335 ], [ 37.761716343, 55.6557986 ], [ 37.761544682, 55.655792534 ], [ 37.761314012, 55.655989672 ], [ 37.76137302, 55.65603744 ], [ 37.761485673, 55.6563521 ], [ 37.761566139, 55.656597002 ], [ 37.761592961, 55.656690262 ], [ 37.760197109, 55.657833424 ], [ 37.75891377, 55.658888704 ], [ 37.758515929, 55.659220758 ], [ 37.758300478, 55.65943757 ], [ 37.757950043, 55.659795375 ], [ 37.757691315, 55.659719584 ], [ 37.757432587, 55.659692313 ], [ 37.756861486, 55.659601381 ], [ 37.75619919, 55.659571101 ], [ 37.755547623, 55.659595408 ], [ 37.754633163, 55.659706425 ], [ 37.75392917, 55.659931758 ], [ 37.753502072, 55.660044424 ], [ 37.752935499, 55.660147992 ], [ 37.75263724, 55.660424135 ], [ 37.752680668, 55.660622002 ], [ 37.752548397, 55.66076339 ], [ 37.752621527, 55.661079716 ], [ 37.752501515, 55.661204521 ], [ 37.752463919, 55.661615538 ], [ 37.752522882, 55.662026551 ], [ 37.752784286, 55.662530044 ], [ 37.753067149, 55.662797009 ], [ 37.753805987, 55.663203458 ], [ 37.754239052, 55.663370352 ], [ 37.751835793, 55.666229715 ] ], [ [ 37.75228104, 55.666314613 ], [ 37.753468497, 55.664915169 ], [ 37.754317797, 55.664092736 ], [ 37.754791588, 55.663506805 ], [ 37.755402462, 55.663591506 ], [ 37.755938235, 55.66362769 ], [ 37.757170713, 55.663475667 ], [ 37.758006223, 55.663208416 ], [ 37.758311661, 55.663191637 ], [ 37.758477623, 55.663132404 ], [ 37.758895379, 55.66280774 ], [ 37.759294623, 55.66246067 ], [ 37.759468563, 55.661986235 ], [ 37.759583493, 55.661566379 ], [ 37.759565857, 55.661335221 ], [ 37.759398017, 55.661182907 ], [ 37.759348797, 55.660925418 ], [ 37.759232993, 55.660726924 ], [ 37.759074272, 55.6605163 ], [ 37.758713917, 55.660301261 ], [ 37.758240908, 55.659925495 ], [ 37.761976323, 55.656839072 ], [ 37.762447869, 55.656784481 ], [ 37.763183957, 55.656702953 ], [ 37.763405061, 55.656512242 ], [ 37.763272114, 55.656157755 ], [ 37.763189547, 55.655919853 ], [ 37.763203539, 55.655821463 ], [ 37.762774386, 55.655651621 ] ], [ [ 37.758250754, 55.659923654 ], [ 37.757928889, 55.659802351 ] ], [ [ 37.761973301, 55.656833046 ], [ 37.761592428, 55.656693536 ] ], [ [ 37.75427834, 55.663385285 ], [ 37.754514374, 55.663464125 ], [ 37.754804053, 55.663500513 ] ] ] } },
{ "type": "Feature", "properties": { "datasetId": 897, "rowId": null, "releaseNumber": 193, "versionNumber": 6, "ID": 31, "Name": "Велосипедная дорожка на улице Капотня", "PortionName": "", "Type": "Велосипедная дорожка двухстороннего движения", "Width": 2.5, "Location": "Капотня ул.", "OperOrgName": "ГБУ «Жилищник района Капотня»", "DepartmentalAffiliation": "ПРЕФЕКТУРА ЮГО-ВОСТОЧНОГО АДМИНИСТРАТИВНОГО ОКРУГА ГОРОДА МОСКВЫ", "ObjectOperOrgPhone": "(495) 355-75-92", "global_id": 2781915705 }, "geometry": { "type": "MultiLineString", "coordinates": [ [ [ 37.788156761, 55.643337692 ], [ 37.788054837, 55.64274305 ], [ 37.788099093, 55.642614108 ], [ 37.788272096, 55.642448759 ], [ 37.788458509, 55.64238808 ], [ 37.788644923, 55.642351673 ], [ 37.789110292, 55.64234231 ], [ 37.789849247, 55.642323846 ], [ 37.789987387, 55.64228111 ], [ 37.790157714, 55.642256578 ], [ 37.791514937, 55.642237332 ], [ 37.79452979, 55.642162432 ], [ 37.795165473, 55.642125599 ], [ 37.79530763, 55.642088766 ], [ 37.79569521, 55.642062764 ], [ 37.796050602, 55.642012491 ], [ 37.796202147, 55.641840859 ], [ 37.796289319, 55.641814857 ] ] ] } },
{ "type": "Feature", "properties": { "datasetId": 897, "rowId": null, "releaseNumber": 193, "versionNumber": 6, "ID": 32, "Name": "Велосипедная дорожка на Самаркандском бульваре", "PortionName": "", "Type": "Велопешеходная дорожка с совмещенным движением", "Width": 1.5, "Location": "Самаркандский бульвар", "OperOrgName": "ГБУ «Автомобильные дороги ЮВАО»", "DepartmentalAffiliation": "ПРЕФЕКТУРА ЮГО-ВОСТОЧНОГО АДМИНИСТРАТИВНОГО ОКРУГА ГОРОДА МОСКВЫ", "ObjectOperOrgPhone": "(495) 351-19-91", "global_id": 2781915712 }, "geometry": { "type": "MultiLineString", "coordinates": [ [ [ 37.823696119, 55.702022468 ], [ 37.811632003, 55.695583631 ] ] ] } },
{ "type": "Feature", "properties": { "datasetId": 897, "rowId": null, "releaseNumber": 193, "versionNumber": 6, "ID": 33, "Name": "Велосипедная дорожка на улице Перерва", "PortionName": "", "Type": "Велосипедная дорожка одностороннего движения", "Width": 1.2, "Location": "Перерва ул.", "OperOrgName": "ГБУ «Автомобильные дороги ЮВАО»", "DepartmentalAffiliation": "ПРЕФЕКТУРА ЮГО-ВОСТОЧНОГО АДМИНИСТРАТИВНОГО ОКРУГА ГОРОДА МОСКВЫ", "ObjectOperOrgPhone": "(495) 351-19-91", "global_id": 2781915722 }, "geometry": { "type": "MultiLineString", "coordinates": [ [ [ 37.749136637, 55.658820452 ], [ 37.743450354, 55.656661136 ] ], [ [ 37.74007077, 55.65552684 ], [ 37.735333989, 55.653681264 ], [ 37.731297265, 55.652118447 ], [ 37.730103682, 55.65178707 ], [ 37.728843043, 55.651664225 ], [ 37.726488064, 55.651614177 ] ], [ [ 37.720756011, 55.653163011 ], [ 37.716802972, 55.65498465 ], [ 37.716583567, 55.655059261 ], [ 37.715908723, 55.655390459 ] ] ] } },
{ "type": "Feature", "properties": { "datasetId": 897, "rowId": null, "releaseNumber": 193, "versionNumber": 6, "ID": 34, "Name": "Велосипедная дорожка на Новочеркасском бульваре", "PortionName": "", "Type": "Велосипедная дорожка одностороннего движения", "Width": 1.2, "Location": "Новочеркасский бульвар", "OperOrgName": "ГБУ «Жилищник района Марьино»", "DepartmentalAffiliation": "ПРЕФЕКТУРА ЮГО-ВОСТОЧНОГО АДМИНИСТРАТИВНОГО ОКРУГА ГОРОДА МОСКВЫ", "ObjectOperOrgPhone": "(495) 348-43-90", "global_id": 2781915736 }, "geometry": { "type": "MultiLineString", "coordinates": [ [ [ 37.743292985, 55.64747374 ], [ 37.741706815, 55.647337386 ], [ 37.74016356, 55.647188897 ], [ 37.739973837, 55.647243813 ], [ 37.736383073, 55.64682549 ], [ 37.73573201, 55.646783331 ], [ 37.733299419, 55.646699635 ], [ 37.724573067, 55.646470747 ], [ 37.715965859, 55.646263986 ], [ 37.714730701, 55.646330489 ], [ 37.713581375, 55.646433396 ], [ 37.712481669, 55.646881424 ] ] ] } },
{ "type": "Feature", "properties": { "datasetId": 897, "rowId": null, "releaseNumber": 193, "versionNumber": 6, "ID": 35, "Name": "Велосипедная дорожка на Новороссийской улице", "PortionName": "", "Type": "Велосипедная дорожка одностороннего движения", "Width": 1.3, "Location": "Новороссийская ул.", "OperOrgName": "ГБУ «Жилищник района Люблино»", "DepartmentalAffiliation": "ПРЕФЕКТУРА ЮГО-ВОСТОЧНОГО АДМИНИСТРАТИВНОГО ОКРУГА ГОРОДА МОСКВЫ", "ObjectOperOrgPhone": "(495) 350-01-45", "global_id": 2781915772 }, "geometry": { "type": "MultiLineString", "coordinates": [ [ [ 37.760878602, 55.681527441 ], [ 37.760888171, 55.681443543 ], [ 37.760704622, 55.680977748 ], [ 37.760649626, 55.680827443 ], [ 37.760589267, 55.680755941 ], [ 37.759989736, 55.679189872 ], [ 37.75966962, 55.678402508 ], [ 37.759658581, 55.678101899 ], [ 37.759502702, 55.677683071 ], [ 37.759398864, 55.677543588 ], [ 37.759295025, 55.677264669 ], [ 37.75921725, 55.677231136 ], [ 37.759086623, 55.677248945 ], [ 37.759072036, 55.677167859 ], [ 37.759102679, 55.677134137 ], [ 37.759111863, 55.677097383 ], [ 37.758958571, 55.676693468 ], [ 37.758963976, 55.67661617 ], [ 37.758354654, 55.675095671 ], [ 37.758239585, 55.674798469 ], [ 37.758145973, 55.674567958 ], [ 37.758099141, 55.674538912 ], [ 37.757987935, 55.674255225 ], [ 37.757810481, 55.67381855 ], [ 37.757751045, 55.673668348 ], [ 37.757696296, 55.673634433 ], [ 37.758206623, 55.673546898 ], [ 37.758220645, 55.67335667 ], [ 37.758469748, 55.673311955 ], [ 37.758665208, 55.673218735 ], [ 37.760432188, 55.671642301 ] ] ] } },
{ "type": "Feature", "properties": { "datasetId": 897, "rowId": null, "releaseNumber": 193, "versionNumber": 6, "ID": 36, "Name": "Велосипедная дорожка на улице Вертолетчиков", "PortionName": "", "Type": "Велосипедная дорожка двухстороннего движения", "Width": 2.6, "Location": "Вертолетчиков ул.", "OperOrgName": "ГБУ «Жилищник района Некрасовка»", "DepartmentalAffiliation": "ПРЕФЕКТУРА ЮГО-ВОСТОЧНОГО АДМИНИСТРАТИВНОГО ОКРУГА ГОРОДА МОСКВЫ", "ObjectOperOrgPhone": "(499) 746-73-81", "global_id": 2781915818 }, "geometry": { "type": "MultiLineString", "coordinates": [ [ [ 37.94690244, 55.704716885 ], [ 37.951472924, 55.703444646 ] ], [ [ 37.949080394, 55.70390508 ], [ 37.947610543, 55.702202658 ], [ 37.947405354, 55.70211708 ], [ 37.947163285, 55.702092467 ], [ 37.946910487, 55.702092089 ], [ 37.946710327, 55.702148699 ], [ 37.946510167, 55.702235601 ], [ 37.946388797, 55.702366996 ], [ 37.946231888, 55.702460147 ], [ 37.946104483, 55.702509372 ], [ 37.945890241, 55.702532281 ], [ 37.945654542, 55.702530956 ], [ 37.945408449, 55.702594949 ], [ 37.94527568, 55.702735052 ], [ 37.945255564, 55.702878183 ], [ 37.945921969, 55.703635485 ], [ 37.94672005, 55.704583605 ] ] ] } },
{ "type": "Feature", "properties": { "datasetId": 897, "rowId": null, "releaseNumber": 193, "versionNumber": 6, "ID": 37, "Name": "Велосипедная дорожка на Волжском бульваре", "PortionName": "", "Type": "Велопешеходная дорожка с раздельным движением", "Width": 3.0, "Location": "Волжский бульвар", "OperOrgName": "ГБУ «Автомобильные дороги ЮВАО»", "DepartmentalAffiliation": "ПРЕФЕКТУРА ЮГО-ВОСТОЧНОГО АДМИНИСТРАТИВНОГО ОКРУГА ГОРОДА МОСКВЫ", "ObjectOperOrgPhone": "(495) 351-19-91", "global_id": 2781915852 }, "geometry": { "type": "MultiLineString", "coordinates": [ [ [ 37.745910188, 55.710012452 ], [ 37.745902092, 55.710636521 ], [ 37.746172946, 55.710721489 ], [ 37.745684685, 55.712072564 ], [ 37.744339205, 55.714458331 ], [ 37.743460452, 55.715901646 ], [ 37.743366837, 55.715915709 ], [ 37.743208849, 55.715899489 ], [ 37.743171822, 55.715921558 ], [ 37.742772623, 55.716506458 ], [ 37.742954562, 55.716619692 ], [ 37.74296484, 55.716757151 ], [ 37.74238458, 55.717655859 ], [ 37.742227206, 55.717781751 ], [ 37.742220037, 55.717904614 ], [ 37.742116307, 55.718063814 ], [ 37.740874721, 55.720015939 ] ] ] } },
{ "type": "Feature", "properties": { "datasetId": 897, "rowId": null, "releaseNumber": 193, "versionNumber": 6, "ID": 38, "Name": "Велосипедная дорожка на Графитном проезде", "PortionName": "", "Type": "Велосипедная дорожка одностороннего движения", "Width": 1.5, "Location": "Графитный проезд", "OperOrgName": "ГБУ «Автомобильные дороги ЮВАО»", "DepartmentalAffiliation": "ПРЕФЕКТУРА ЮГО-ВОСТОЧНОГО АДМИНИСТРАТИВНОГО ОКРУГА ГОРОДА МОСКВЫ", "ObjectOperOrgPhone": "(495) 351-19-91", "global_id": 2781915911 }, "geometry": { "type": "MultiLineString", "coordinates": [ [ [ 37.727279955, 55.656424866 ], [ 37.730331232, 55.654695259 ], [ 37.730510402, 55.654470396 ], [ 37.730668113, 55.654378984 ], [ 37.731170214, 55.654219578 ], [ 37.733054181, 55.653100034 ] ] ] } },
{ "type": "Feature", "properties": { "datasetId": 897, "rowId": null, "releaseNumber": 193, "versionNumber": 6, "ID": 39, "Name": "Велосипедная дорожка на Люблинской улице (дублер №1)", "PortionName": "", "Type": "Велопешеходная дорожка с раздельным движением", "Width": 3.4, "Location": "Люблинская улица (дублер №1)", "OperOrgName": "ГБУ «Автомобильные дороги ЮВАО»", "DepartmentalAffiliation": "ПРЕФЕКТУРА ЮГО-ВОСТОЧНОГО АДМИНИСТРАТИВНОГО ОКРУГА ГОРОДА МОСКВЫ", "ObjectOperOrgPhone": "(495) 351-19-91", "global_id": 2781915943 }, "geometry": { "type": "MultiLineString", "coordinates": [ [ [ 37.74513868, 55.650861995 ], [ 37.745911156, 55.648805375 ] ] ] } },
{ "type": "Feature", "properties": { "datasetId": 897, "rowId": null, "releaseNumber": 193, "versionNumber": 6, "ID": 40, "Name": "Велосипедная дорожка на Люблинской улице (дублер №2)", "PortionName": "", "Type": "Велосипедная дорожка одностороннего движения", "Width": 1.5, "Location": "Люблинская улица (дублер №2)", "OperOrgName": "ГБУ «Автомобильные дороги ЮВАО»", "DepartmentalAffiliation": "ПРЕФЕКТУРА ЮГО-ВОСТОЧНОГО АДМИНИСТРАТИВНОГО ОКРУГА ГОРОДА МОСКВЫ", "ObjectOperOrgPhone": "(495) 351-19-91", "global_id": 2781915951 }, "geometry": { "type": "MultiLineString", "coordinates": [ [ [ 37.745830732, 55.648672594 ], [ 37.747686821, 55.64398866 ] ] ] } },
{ "type": "Feature", "properties": { "datasetId": 897, "rowId": null, "releaseNumber": 193, "versionNumber": 6, "ID": 41, "Name": "Велосипедная дорожка на проезде Завода Серп и Молот", "PortionName": "", "Type": "Велопешеходная дорожка с раздельным движением", "Width": 2.0, "Location": "Завода Серп и Молот проезд", "OperOrgName": "ГБУ «Автомобильные дороги ЮВАО»", "DepartmentalAffiliation": "ПРЕФЕКТУРА ЮГО-ВОСТОЧНОГО АДМИНИСТРАТИВНОГО ОКРУГА ГОРОДА МОСКВЫ", "ObjectOperOrgPhone": "(495) 351-19-91", "global_id": 2781915957 }, "geometry": { "type": "MultiLineString", "coordinates": [ [ [ 37.705723567, 55.751553876 ], [ 37.706640882, 55.751051649 ], [ 37.707386537, 55.750488905 ] ] ] } },
{ "type": "Feature", "properties": { "datasetId": 897, "rowId": null, "releaseNumber": 193, "versionNumber": 6, "ID": 42, "Name": "Велосипедная дорожка на улице Крузенштерна", "PortionName": "", "Type": "Велопешеходная дорожка с раздельным движением", "Width": 2.0, "Location": "Крузенштерна ул.", "OperOrgName": "ГБУ «Жилищник района Лефортово»", "DepartmentalAffiliation": "ПРЕФЕКТУРА ЮГО-ВОСТОЧНОГО АДМИНИСТРАТИВНОГО ОКРУГА ГОРОДА МОСКВЫ", "ObjectOperOrgPhone": "(495) 362-23-87", "global_id": 2781915965 }, "geometry": { "type": "MultiLineString", "coordinates": [ [ [ 37.693240401, 55.751876942 ], [ 37.693859992, 55.751886018 ], [ 37.69509344, 55.751855465 ], [ 37.695265469, 55.751858789 ], [ 37.695567704, 55.751869346 ], [ 37.696103291, 55.751928309 ], [ 37.696311531, 55.751964679 ], [ 37.696479839, 55.751983588 ], [ 37.698154544, 55.752281968 ], [ 37.699813155, 55.752592447 ], [ 37.700448168, 55.75271573 ], [ 37.700600383, 55.752761867 ], [ 37.70103134, 55.752699306 ], [ 37.701216192, 55.752655314 ], [ 37.70138981, 55.752588347 ], [ 37.701541971, 55.752509278 ], [ 37.701840927, 55.752351141 ], [ 37.702331925, 55.752127196 ], [ 37.703026771, 55.751936529 ], [ 37.704541383, 55.751516455 ], [ 37.704873098, 55.75142505 ], [ 37.705038955, 55.751389936 ], [ 37.70522627, 55.751372976 ], [ 37.705378716, 55.751390052 ], [ 37.705515069, 55.751437382 ], [ 37.705728767, 55.751565322 ] ] ] } },
{ "type": "Feature", "properties": { "datasetId": 897, "rowId": null, "releaseNumber": 193, "versionNumber": 6, "ID": 43, "Name": "Велосипедная дорожка на улице Льва Яшина (№2)", "PortionName": "", "Type": "Велопешеходная дорожка с раздельным движением", "Width": 2.0, "Location": "Льва Яшина ул.", "OperOrgName": "ГБУ «Жилищник района Некрасовка»", "DepartmentalAffiliation": "ПРЕФЕКТУРА ЮГО-ВОСТОЧНОГО АДМИНИСТРАТИВНОГО ОКРУГА ГОРОДА МОСКВЫ", "ObjectOperOrgPhone": "(499) 746-73-81", "global_id": 2781915974 }, "geometry": { "type": "MultiLineString", "coordinates": [ [ [ 37.926478385, 55.698268623 ], [ 37.92666614, 55.698373144 ], [ 37.927862405, 55.698532197 ] ] ] } },
{ "type": "Feature", "properties": { "datasetId": 897, "rowId": null, "releaseNumber": 193, "versionNumber": 6, "ID": 44, "Name": "Велосипедная дорожка на Люблинской улице", "PortionName": "", "Type": "Велопешеходная дорожка с раздельным движением", "Width": 2.5, "Location": "Люблинская ул.", "OperOrgName": "ГБУ «Автомобильные дороги ЮВАО»", "DepartmentalAffiliation": "ПРЕФЕКТУРА ЮГО-ВОСТОЧНОГО АДМИНИСТРАТИВНОГО ОКРУГА ГОРОДА МОСКВЫ", "ObjectOperOrgPhone": "(495) 351-19-91", "global_id": 2781915985 }, "geometry": { "type": "MultiLineString", "coordinates": [ [ [ 37.745212616, 55.643741556 ], [ 37.744951767, 55.644452289 ], [ 37.74479843, 55.64499942 ], [ 37.744763001, 55.645492132 ], [ 37.744716207, 55.645910245 ], [ 37.744638934, 55.646150351 ], [ 37.74447306, 55.646606289 ], [ 37.744225489, 55.647294785 ], [ 37.74413382, 55.647321831 ], [ 37.744102181, 55.647363789 ], [ 37.744582297, 55.647397159 ], [ 37.744638623, 55.647369857 ], [ 37.745040954, 55.647418393 ], [ 37.749393589, 55.636401632 ] ] ] } },
{ "type": "Feature", "properties": { "datasetId": 897, "rowId": null, "releaseNumber": 193, "versionNumber": 6, "ID": 45, "Name": "Велосипедная дорожка на Марьинском бульваре", "PortionName": "", "Type": "Велопешеходная зона", "Width": 1.2, "Location": "Марьинский бульвар", "OperOrgName": "ГБУ «Жилищник района Марьино»", "DepartmentalAffiliation": "ПРЕФЕКТУРА ЮГО-ВОСТОЧНОГО АДМИНИСТРАТИВНОГО ОКРУГА ГОРОДА МОСКВЫ", "ObjectOperOrgPhone": "(495) 348-43-90", "global_id": 2781915996 }, "geometry": { "type": "MultiLineString", "coordinates": [ [ [ 37.746320236, 55.647687587 ], [ 37.752357564, 55.648436202 ], [ 37.752580438, 55.648462959 ], [ 37.752640914, 55.648323906 ], [ 37.753092258, 55.648366617 ], [ 37.754863249, 55.648567069 ], [ 37.75632143, 55.649196722 ], [ 37.756644085, 55.649295415 ], [ 37.758208521, 55.649891528 ], [ 37.759281752, 55.650299337 ], [ 37.759629805, 55.650463379 ], [ 37.760646443, 55.650883612 ], [ 37.76098649, 55.650956471 ], [ 37.761605944, 55.651165403 ], [ 37.76228977, 55.651419832 ], [ 37.765090687, 55.652496907 ], [ 37.765109943, 55.652517851 ], [ 37.76502191, 55.65260249 ], [ 37.765824852, 55.652912809 ] ] ] } },
{ "type": "Feature", "properties": { "datasetId": 897, "rowId": null, "releaseNumber": 193, "versionNumber": 6, "ID": 46, "Name": "Велосипедная дорожка на Мячковском бульваре (запад)", "PortionName": "", "Type": "Велосипедная дорожка одностороннего движения", "Width": 1.2, "Location": "Мячковский бульвар (запад)", "OperOrgName": "ГБУ «Жилищник района Марьино»", "DepartmentalAffiliation": "ПРЕФЕКТУРА ЮГО-ВОСТОЧНОГО АДМИНИСТРАТИВНОГО ОКРУГА ГОРОДА МОСКВЫ", "ObjectOperOrgPhone": "(495) 348-43-90", "global_id": 2781916024 }, "geometry": { "type": "MultiLineString", "coordinates": [ [ [ 37.749395376, 55.658793717 ], [ 37.758498105, 55.651205762 ], [ 37.758601732, 55.651096565 ], [ 37.758821822, 55.650947176 ], [ 37.759401976, 55.650461603 ], [ 37.759471699, 55.650377155 ], [ 37.759568245, 55.650292706 ], [ 37.760178303, 55.64979372 ], [ 37.760420913, 55.649601101 ], [ 37.760907772, 55.649206001 ], [ 37.762018298, 55.648280641 ], [ 37.762012969, 55.648248789 ], [ 37.762460934, 55.647881736 ] ] ] } },
{ "type": "Feature", "properties": { "datasetId": 897, "rowId": null, "releaseNumber": 193, "versionNumber": 6, "ID": 47, "Name": "Велосипедная дорожка на проезде Невельского", "PortionName": "", "Type": "Велопешеходная дорожка с раздельным движением", "Width": 2.0, "Location": "Невельского проезд", "OperOrgName": "ГБУ «Жилищник района Лефортово»", "DepartmentalAffiliation": "ПРЕФЕКТУРА ЮГО-ВОСТОЧНОГО АДМИНИСТРАТИВНОГО ОКРУГА ГОРОДА МОСКВЫ", "ObjectOperOrgPhone": "(495) 362-23-87", "global_id": 2781916030 }, "geometry": { "type": "MultiLineString", "coordinates": [ [ [ 37.698726077, 55.752381232 ], [ 37.699216921, 55.751553782 ], [ 37.699218933, 55.751460371 ], [ 37.699376513, 55.751176356 ], [ 37.69955555, 55.750883262 ], [ 37.699632664, 55.75082313 ], [ 37.700056453, 55.750879102 ], [ 37.701191027, 55.751091642 ], [ 37.701420356, 55.751101097 ], [ 37.701917906, 55.751201316 ] ] ] } },
{ "type": "Feature", "properties": { "datasetId": 897, "rowId": null, "releaseNumber": 193, "versionNumber": 6, "ID": 48, "Name": "Велосипедная дорожка на улице Недорубова", "PortionName": "", "Type": "Велопешеходная дорожка с раздельным движением", "Width": 2.0, "Location": "Недорубова ул.", "OperOrgName": "ГБУ «Жилищник района Некрасовка»", "DepartmentalAffiliation": "ПРЕФЕКТУРА ЮГО-ВОСТОЧНОГО АДМИНИСТРАТИВНОГО ОКРУГА ГОРОДА МОСКВЫ", "ObjectOperOrgPhone": "(499) 746-73-81", "global_id": 2781916035 }, "geometry": { "type": "MultiLineString", "coordinates": [ [ [ 37.923145529, 55.709323136 ], [ 37.925959166, 55.709180786 ], [ 37.926888551, 55.709142926 ], [ 37.927115533, 55.709122861 ], [ 37.927127938, 55.709096738 ], [ 37.927689191, 55.709056607 ], [ 37.927657004, 55.708674982 ] ] ] } },
{ "type": "Feature", "properties": { "datasetId": 897, "rowId": null, "releaseNumber": 193, "versionNumber": 6, "ID": 49, "Name": "Велосипедная дорожка в сквере у метро Лефортово", "PortionName": "", "Type": "Велосипедная дорожка двухстороннего движения", "Width": 2.0, "Location": "Сквер у метро Лефортово", "OperOrgName": "ГБУ «Жилищник района Лефортово»", "DepartmentalAffiliation": "ПРЕФЕКТУРА ЮГО-ВОСТОЧНОГО АДМИНИСТРАТИВНОГО ОКРУГА ГОРОДА МОСКВЫ", "ObjectOperOrgPhone": "(495) 362-23-87", "global_id": 2781916162 }, "geometry": { "type": "MultiLineString", "coordinates": [ [ [ 37.705814335, 55.765067495 ], [ 37.705793352, 55.765023689 ], [ 37.705681174, 55.764964761 ], [ 37.705478275, 55.764862027 ], [ 37.705447038, 55.764800123 ], [ 37.705469445, 55.764738218 ], [ 37.70581774, 55.764590117 ], [ 37.706332333, 55.764384551 ], [ 37.706495555, 55.764295426 ], [ 37.706605134, 55.764218398 ], [ 37.706675655, 55.764138058 ], [ 37.706746177, 55.763797613 ], [ 37.706790659, 55.763751862 ], [ 37.706922656, 55.763724266 ], [ 37.706994019, 55.76373164 ], [ 37.707054653, 55.763751112 ], [ 37.707404476, 55.764004419 ], [ 37.707604096, 55.764153381 ], [ 37.707567114, 55.764356401 ], [ 37.707594504, 55.764435418 ], [ 37.707623906, 55.764476251 ], [ 37.707749868, 55.764559426 ], [ 37.707806092, 55.764613869 ], [ 37.707819401, 55.764674361 ], [ 37.707781441, 55.764722765 ], [ 37.70694891, 55.765076568 ], [ 37.706895266, 55.765195275 ], [ 37.706785295, 55.765247446 ], [ 37.706187162, 55.765197543 ] ] ] } },
{ "type": "Feature", "properties": { "datasetId": 897, "rowId": null, "releaseNumber": 193, "versionNumber": 6, "ID": 48579, "Name": "Сигнальный проезд", "PortionName": "Сигнальный проезд д.17", "Type": "Велосипедная дорожка двухстороннего движения", "Width": 1.5, "Location": "Сигнальный проезд", "OperOrgName": "ГБУ Автомобильные дороги СВАО", "DepartmentalAffiliation": "ПРЕФЕКТУРА СЕВЕРО-ВОСТОЧНОГО АДМИНИСТРАТИВНОГО ОКРУГА ГОРОДА МОСКВЫ", "ObjectOperOrgPhone": "(499) 903-16-28", "global_id": 2782210307 }, "geometry": { "type": "MultiLineString", "coordinates": [ [ [ 37.597452957, 55.849620147 ], [ 37.597576338, 55.849636745 ], [ 37.598061818, 55.849941541 ], [ 37.598764557, 55.850382134 ], [ 37.598933051, 55.85047463 ], [ 37.599002789, 55.850506316 ], [ 37.599378298, 55.850732645 ], [ 37.599727536, 55.850942535 ], [ 37.599812143, 55.851123257 ], [ 37.600074999, 55.851289229 ], [ 37.600361995, 55.851465762 ], [ 37.600412957, 55.851486886 ], [ 37.600568525, 55.851498957 ] ] ] } },
{ "type": "Feature", "properties": { "datasetId": 897, "rowId": null, "releaseNumber": 193, "versionNumber": 6, "ID": 48580, "Name": "Берёзовая аллея", "PortionName": "Берёзовая аллея д 17-19", "Type": "Велосипедная дорожка двухстороннего движения", "Width": 1.2, "Location": "Берёзовая аллея", "OperOrgName": "ГБУ Автомобильные дороги СВАО", "DepartmentalAffiliation": "ПРЕФЕКТУРА СЕВЕРО-ВОСТОЧНОГО АДМИНИСТРАТИВНОГО ОКРУГА ГОРОДА МОСКВЫ", "ObjectOperOrgPhone": "(499) 903-16-28", "global_id": 2782210352 }, "geometry": { "type": "MultiLineString", "coordinates": [ [ [ 37.61618014, 55.850293725 ], [ 37.61666562, 55.850136801 ], [ 37.616727311, 55.850088517 ], [ 37.618138153, 55.84963585 ], [ 37.618245441, 55.849620761 ], [ 37.618312496, 55.849573985 ], [ 37.619007188, 55.849344631 ], [ 37.620169297, 55.848977389 ], [ 37.621990874, 55.848391139 ], [ 37.623026206, 55.848054642 ], [ 37.623567546, 55.847881921 ], [ 37.62359705, 55.847857777 ] ] ] } },
{ "type": "Feature", "properties": { "datasetId": 897, "rowId": null, "releaseNumber": 193, "versionNumber": 6, "ID": 89767, "Name": "Ярославская улица", "PortionName": "Ярославская улица", "Type": "Велосипедная полоса попутного движения", "Width": 2.0, "Location": "Ярославская улица", "OperOrgName": "Жилищник Алексеевского района", "DepartmentalAffiliation": "ПРЕФЕКТУРА СЕВЕРО-ВОСТОЧНОГО АДМИНИСТРАТИВНОГО ОКРУГА ГОРОДА МОСКВЫ", "ObjectOperOrgPhone": "(495) 620-28-20", "global_id": 2782214903 }, "geometry": { "type": "MultiLineString", "coordinates": [ [ [ 37.651808852, 55.825373826 ], [ 37.652516955, 55.826053251 ], [ 37.652908558, 55.826415606 ], [ 37.653267974, 55.826750782 ], [ 37.654028712, 55.827476163 ] ] ] } },
{ "type": "Feature", "properties": { "datasetId": 897, "rowId": null, "releaseNumber": 193, "versionNumber": 6, "ID": 84987, "Name": "Лазоревый проезд", "PortionName": "Вдоль сквера по Лазоревому проезду", "Type": "Велопешеходная дорожка с совмещенным движением", "Width": 2.0, "Location": "От ул. Седова до пр-да Русанова", "OperOrgName": "Жилищник района Свиблово", "DepartmentalAffiliation": "ПРЕФЕКТУРА СЕВЕРО-ВОСТОЧНОГО АДМИНИСТРАТИВНОГО ОКРУГА ГОРОДА МОСКВЫ", "ObjectOperOrgPhone": "(499) 180-01-64", "global_id": 2782214938 }, "geometry": { "type": "MultiLineString", "coordinates": [ [ [ 37.636486971, 55.852578627 ], [ 37.636372148, 55.852652594 ], [ 37.636329881, 55.853361348 ], [ 37.636356796, 55.853526961 ], [ 37.63668445, 55.853688478 ], [ 37.637135061, 55.853910262 ], [ 37.637382182, 55.854090944 ], [ 37.637674942, 55.854265776 ], [ 37.637824354, 55.854411846 ], [ 37.637962624, 55.854680957 ], [ 37.638110786, 55.855204167 ], [ 37.638193549, 55.855460032 ], [ 37.637806734, 55.855771744 ], [ 37.63770923, 55.855950637 ], [ 37.637682635, 55.856197678 ], [ 37.637407484, 55.856528862 ], [ 37.63711528, 55.85671965 ], [ 37.636969553, 55.856856646 ], [ 37.636935782, 55.856943825 ], [ 37.637075257, 55.857413001 ] ] ] } },
{ "type": "Feature", "properties": { "datasetId": 897, "rowId": null, "releaseNumber": 193, "versionNumber": 6, "ID": 78901, "Name": "Академика Королева ул.", "PortionName": "Академика Королева ул.", "Type": "Велосипедная полоса попутного движения", "Width": 2.0, "Location": "Академика Королева ул", "OperOrgName": "Жилищник района Марфино", "DepartmentalAffiliation": "ПРЕФЕКТУРА СЕВЕРО-ВОСТОЧНОГО АДМИНИСТРАТИВНОГО ОКРУГА ГОРОДА МОСКВЫ", "ObjectOperOrgPhone": "(495) 619-32-97", "global_id": 2782223451 }, "geometry": { "type": "MultiLineString", "coordinates": [ [ [ 37.578892762, 55.83416088 ], [ 37.580115849, 55.833629531 ], [ 37.581317479, 55.832868723 ], [ 37.582111413, 55.832518505 ], [ 37.582583482, 55.832192437 ], [ 37.582755143, 55.831975057 ], [ 37.583591992, 55.831540293 ], [ 37.584557588, 55.830888137 ], [ 37.585265691, 55.830344666 ], [ 37.585887963, 55.829849497 ] ] ] } },
{ "type": "Feature", "properties": { "datasetId": 897, "rowId": null, "releaseNumber": 193, "versionNumber": 6, "ID": 50, "Name": "Велосипедная дорожка в Дюссельдорфском парке", "PortionName": "", "Type": "Велопешеходная дорожка с совмещенным движением", "Width": 1.1, "Location": "Дюссельдорфский парк", "OperOrgName": "ГБУ «Жилищник района Марьино»", "DepartmentalAffiliation": "ПРЕФЕКТУРА ЮГО-ВОСТОЧНОГО АДМИНИСТРАТИВНОГО ОКРУГА ГОРОДА МОСКВЫ", "ObjectOperOrgPhone": "(495) 348-43-90", "global_id": 2783157233 }, "geometry": { "type": "MultiLineString", "coordinates": [ [ [ 37.770615102, 55.663248391 ], [ 37.769320452, 55.66275591 ], [ 37.768047259, 55.662287683 ], [ 37.767877348, 55.662215318 ], [ 37.767702072, 55.662170244 ], [ 37.767657292, 55.662137713 ], [ 37.767676885, 55.662068792 ], [ 37.767642834, 55.662042325 ], [ 37.76713755, 55.661849837 ], [ 37.766975589, 55.661868103 ], [ 37.766943135, 55.661856275 ], [ 37.766862401, 55.661783799 ], [ 37.766588281, 55.661637329 ], [ 37.766549661, 55.661556661 ], [ 37.766891914, 55.661301626 ], [ 37.767258842, 55.661074036 ], [ 37.767470202, 55.660979874 ], [ 37.767472485, 55.660821616 ], [ 37.767517683, 55.660642129 ], [ 37.767736274, 55.66051154 ], [ 37.76796023, 55.660399147 ], [ 37.768015881, 55.66033082 ], [ 37.768071532, 55.66021094 ], [ 37.768137913, 55.660144128 ], [ 37.768251569, 55.660106174 ], [ 37.768343768, 55.660116741 ], [ 37.768410488, 55.660156543 ], [ 37.76840747, 55.660205443 ], [ 37.768245867, 55.660333568 ], [ 37.767911932, 55.660529167 ], [ 37.768017879, 55.6606499 ], [ 37.768078899, 55.660689038 ], [ 37.768316945, 55.660788827 ], [ 37.768368578, 55.660826449 ], [ 37.768404117, 55.660870136 ], [ 37.768384001, 55.660912022 ], [ 37.768333039, 55.660941684 ], [ 37.768223068, 55.660956183 ], [ 37.767922661, 55.660933629 ], [ 37.767683944, 55.660945948 ], [ 37.767466685, 55.660982528 ] ], [ [ 37.767466685, 55.660950687 ], [ 37.767730212, 55.66092529 ], [ 37.767940095, 55.660915055 ], [ 37.767999774, 55.660863881 ], [ 37.767998601, 55.660816972 ], [ 37.767857952, 55.660679088 ], [ 37.767835321, 55.660621565 ], [ 37.767858874, 55.660571575 ], [ 37.76790925, 55.660527651 ] ], [ [ 37.77019948, 55.663086443 ], [ 37.770440879, 55.662996231 ], [ 37.770623269, 55.662946576 ], [ 37.770676913, 55.662942976 ], [ 37.770719829, 55.66295302 ], [ 37.77089149, 55.6630836 ], [ 37.770945134, 55.663140551 ], [ 37.770950499, 55.663218728 ], [ 37.770886126, 55.66326355 ], [ 37.770805659, 55.663278048 ], [ 37.7707091, 55.663276721 ], [ 37.770617905, 55.663253221 ] ] ] } },
{ "type": "Feature", "properties": { "datasetId": 897, "rowId": null, "releaseNumber": 193, "versionNumber": 6, "ID": 20251, "Name": "Сквер вдоль Олонецкого проезда", "PortionName": "Вдоль пр. Шокальского и Сухонской ул.", "Type": "Велопешеходная дорожка с совмещенным движением", "Width": 2.0, "Location": "вдоль Сухонской ул.", "OperOrgName": "ГАУ «Парк Яуза»", "DepartmentalAffiliation": "ПРЕФЕКТУРА СЕВЕРО-ВОСТОЧНОГО АДМИНИСТРАТИВНОГО ОКРУГА ГОРОДА МОСКВЫ", "ObjectOperOrgPhone": "(499) 476-22-59", "global_id": 2786348854 }, "geometry": { "type": "MultiLineString", "coordinates": [ [ [ 37.670822939, 55.882166043 ], [ 37.67031332, 55.882144936 ], [ 37.669320902, 55.882063524 ], [ 37.668720087, 55.882048448 ], [ 37.668087086, 55.882084631 ], [ 37.66786178, 55.882443446 ], [ 37.667293152, 55.882582147 ], [ 37.666778168, 55.882594208 ], [ 37.666284642, 55.882636421 ], [ 37.665887675, 55.88268165 ], [ 37.665648958, 55.882702756 ], [ 37.665249309, 55.882699741 ], [ 37.663559517, 55.882389172 ], [ 37.663334212, 55.882386157 ], [ 37.663001618, 55.882467568 ], [ 37.662711939, 55.882615315 ], [ 37.661993107, 55.882533904 ], [ 37.661724886, 55.882545964 ], [ 37.66131719, 55.882389172 ], [ 37.657916149, 55.881725812 ], [ 37.656553587, 55.881526802 ], [ 37.65671452, 55.88097198 ], [ 37.656972012, 55.88041715 ], [ 37.656658193, 55.880092993 ], [ 37.656510672, 55.879898498 ], [ 37.656344375, 55.879503473 ], [ 37.656317553, 55.879283343 ], [ 37.656306824, 55.879223033 ], [ 37.656231722, 55.879174785 ], [ 37.656060061, 55.879005917 ], [ 37.655625543, 55.878276157 ], [ 37.655942044, 55.87821283 ], [ 37.656011781, 55.878033403 ], [ 37.655995688, 55.87782985 ], [ 37.65592595, 55.877733351 ], [ 37.655909857, 55.877612726 ], [ 37.656097612, 55.877480039 ], [ 37.656145892, 55.877395601 ], [ 37.656317553, 55.876828657 ], [ 37.656565447, 55.876607086 ], [ 37.656415244, 55.876474395 ], [ 37.655889531, 55.876402018 ], [ 37.655685683, 55.876290436 ], [ 37.655277987, 55.875961721 ], [ 37.654430409, 55.875943627 ], [ 37.653861781, 55.875786808 ], [ 37.653582831, 55.87562094 ], [ 37.653518458, 55.875545546 ], [ 37.653855982, 55.874315573 ], [ 37.653818431, 55.87360382 ], [ 37.653394642, 55.873377625 ], [ 37.653180065, 55.873347465 ], [ 37.652986946, 55.873278098 ], [ 37.65277448, 55.872458767 ], [ 37.652658574, 55.871633385 ] ] ] } },
{ "type": "Feature", "properties": { "datasetId": 897, "rowId": null, "releaseNumber": 193, "versionNumber": 6, "ID": 51, "Name": "Велосипедная дорожка в парке Артема Боровика", "PortionName": "", "Type": "Велосипедная дорожка двухстороннего движения", "Width": 3.0, "Location": "Парк им. Артема Боровика", "OperOrgName": "ГБУ «Автомобильные дороги ЮВАО»", "DepartmentalAffiliation": "ПРЕФЕКТУРА ЮГО-ВОСТОЧНОГО АДМИНИСТРАТИВНОГО ОКРУГА ГОРОДА МОСКВЫ", "ObjectOperOrgPhone": "(495) 351-19-91", "global_id": 2798656496 }, "geometry": { "type": "MultiLineString", "coordinates": [ [ [ 37.754385072, 55.661764504 ], [ 37.754095393, 55.660922995 ], [ 37.754096734, 55.660894944 ], [ 37.754162449, 55.660854763 ], [ 37.754238891, 55.66084794 ], [ 37.754354897, 55.660868789 ], [ 37.754495042, 55.660919962 ], [ 37.755043554, 55.661100017 ], [ 37.755584019, 55.661252778 ], [ 37.755812678, 55.661286704 ], [ 37.756089616, 55.66129637 ], [ 37.756157006, 55.661304993 ], [ 37.756555482, 55.661436668 ], [ 37.756637457, 55.661456143 ], [ 37.75698145, 55.661415773 ], [ 37.757035094, 55.66155754 ], [ 37.757137018, 55.661693621 ], [ 37.757238942, 55.661753891 ], [ 37.757403898, 55.66179698 ], [ 37.75761244, 55.661789717 ], [ 37.757820982, 55.661752129 ], [ 37.757920223, 55.661676195 ], [ 37.757992643, 55.661566208 ], [ 37.757993984, 55.66142024 ], [ 37.757963474, 55.661361763 ], [ 37.75782752, 55.661276423 ], [ 37.757584277, 55.661091012 ], [ 37.757574386, 55.661041303 ], [ 37.757604309, 55.661002803 ], [ 37.757671784, 55.660940043 ], [ 37.75780405, 55.66087972 ], [ 37.757941681, 55.660843658 ], [ 37.75811663, 55.660836104 ], [ 37.758232569, 55.660867973 ], [ 37.758324369, 55.660949878 ], [ 37.758314245, 55.661031782 ], [ 37.758205747, 55.661265229 ], [ 37.758228395, 55.661341792 ], [ 37.758304687, 55.661421387 ], [ 37.758521643, 55.661556318 ], [ 37.758578564, 55.661593083 ], [ 37.758630121, 55.661654108 ], [ 37.758633398, 55.661706035 ], [ 37.75867527, 55.661728966 ], [ 37.758679591, 55.661757962 ], [ 37.758704921, 55.661822394 ], [ 37.7586927, 55.661956572 ], [ 37.758669565, 55.662024422 ], [ 37.758512321, 55.66225299 ], [ 37.758299756, 55.662449337 ], [ 37.758138488, 55.662567221 ], [ 37.757950398, 55.662682072 ], [ 37.757738168, 55.662786309 ], [ 37.757621325, 55.662818717 ], [ 37.757493752, 55.662826867 ], [ 37.757372382, 55.662800144 ], [ 37.757240283, 55.662749163 ], [ 37.757174569, 55.662671459 ], [ 37.757101479, 55.662562862 ], [ 37.756989832, 55.662522209 ], [ 37.756867456, 55.662508848 ], [ 37.756402764, 55.662557934 ], [ 37.756184834, 55.662549406 ], [ 37.755994397, 55.66250392 ], [ 37.755236673, 55.662164292 ], [ 37.754798803, 55.661933829 ], [ 37.754430669, 55.66178524 ] ], [ [ 37.756938259, 55.661296024 ], [ 37.756981174, 55.661411257 ] ], [ [ 37.757193764, 55.662403113 ], [ 37.757203152, 55.662244291 ], [ 37.757239026, 55.662203828 ], [ 37.75733391, 55.662175494 ], [ 37.757813354, 55.662203733 ], [ 37.757877392, 55.66217919 ], [ 37.757914608, 55.662145549 ], [ 37.757956853, 55.661984262 ], [ 37.757999097, 55.661936691 ], [ 37.758103368, 55.66188713 ], [ 37.758272012, 55.661828472 ], [ 37.758483054, 55.661727243 ], [ 37.758526884, 55.661703921 ], [ 37.758522434, 55.661559301 ] ], [ [ 37.757180353, 55.662660865 ], [ 37.757232656, 55.662564587 ], [ 37.757258808, 55.662537675 ], [ 37.757199129, 55.66241221 ], [ 37.757113298, 55.662494084 ], [ 37.756882628, 55.66250773 ] ], [ [ 37.757086476, 55.662553216 ], [ 37.757075747, 55.662524408 ], [ 37.757097205, 55.662495601 ] ], [ [ 37.757118662, 55.662575959 ], [ 37.757184376, 55.662583539 ], [ 37.757228633, 55.662566861 ] ], [ [ 37.757228633, 55.662498633 ], [ 37.757189741, 55.662477406 ], [ 37.757124027, 55.662483471 ] ], [ [ 37.758294446, 55.661826156 ], [ 37.75842118, 55.661803033 ], [ 37.758495276, 55.661794505 ], [ 37.758564008, 55.6618163 ], [ 37.758650509, 55.661879602 ], [ 37.758683366, 55.661942904 ] ], [ [ 37.758474154, 55.661757926 ], [ 37.758484883, 55.661786734 ], [ 37.758581442, 55.66181251 ], [ 37.758647156, 55.661801896 ], [ 37.758690742, 55.661740489 ], [ 37.758616311, 55.66170031 ], [ 37.758537186, 55.661695003 ], [ 37.75846879, 55.661741248 ] ] ] } },
{ "type": "Feature", "properties": { "datasetId": 897, "rowId": null, "releaseNumber": 193, "versionNumber": 6, "ID": 48, "Name": "3-я Ямского поля ул.", "PortionName": "3-я Ямского поля ул.", "Type": "Выделенная полоса для ОТ и велосипедистов с совмещенным движением", "Width": 1.0, "Location": "3-я Ямского поля ул.", "OperOrgName": "ГБУ Автомобильные дороги САО", "DepartmentalAffiliation": "ПРЕФЕКТУРА СЕВЕРНОГО АДМИНИСТРАТИВНОГО ОКРУГА ГОРОДА МОСКВЫ", "ObjectOperOrgPhone": "(499) 152-23-29", "global_id": 2836471788 }, "geometry": { "type": "MultiLineString", "coordinates": [ [ [ 37.58349159, 55.780833898 ], [ 37.582150485, 55.781462711 ], [ 37.581023957, 55.781946406 ], [ 37.580187108, 55.782333358 ], [ 37.577043559, 55.783820669 ] ] ] } },
{ "type": "Feature", "properties": { "datasetId": 897, "rowId": null, "releaseNumber": 193, "versionNumber": 6, "ID": 49, "Name": "Новопесчаная ул.", "PortionName": "Новопесчаная ул.", "Type": "Выделенная полоса для ОТ и велосипедистов с совмещенным движением", "Width": 1.0, "Location": "Новопесчаная улица", "OperOrgName": "ГБУ Автомобильные дороги САО", "DepartmentalAffiliation": "ПРЕФЕКТУРА СЕВЕРНОГО АДМИНИСТРАТИВНОГО ОКРУГА ГОРОДА МОСКВЫ", "ObjectOperOrgPhone": "(499) 152-23-29", "global_id": 2836471806 }, "geometry": { "type": "MultiLineString", "coordinates": [ [ [ 37.510543135, 55.793835657 ], [ 37.511337069, 55.794796689 ], [ 37.511862782, 55.795382967 ], [ 37.512420681, 55.796071984 ], [ 37.512442139, 55.796428576 ], [ 37.513010767, 55.797147793 ], [ 37.513214615, 55.797317019 ], [ 37.513504294, 55.797667555 ], [ 37.514781025, 55.799226799 ], [ 37.515360382, 55.799710273 ], [ 37.515499857, 55.799891575 ], [ 37.515757349, 55.799843228 ], [ 37.516433266, 55.800677203 ], [ 37.518439558, 55.803160893 ], [ 37.518716327, 55.803435986 ] ], [ [ 37.515621434, 55.79931558 ], [ 37.515310298, 55.798962037 ], [ 37.515042077, 55.798638708 ], [ 37.514289225, 55.797773399 ], [ 37.513763453, 55.797082633 ], [ 37.513591792, 55.796973845 ], [ 37.513463046, 55.796750223 ], [ 37.513409402, 55.796689785 ], [ 37.513194825, 55.796463139 ], [ 37.513098265, 55.796387591 ], [ 37.512674476, 55.796003801 ], [ 37.51236334, 55.79568347 ], [ 37.512197043, 55.795474951 ], [ 37.511311588, 55.794392807 ], [ 37.510775147, 55.793733982 ] ] ] } },
{ "type": "Feature", "properties": { "datasetId": 897, "rowId": null, "releaseNumber": 193, "versionNumber": 6, "ID": 50, "Name": "ул.Зорге", "PortionName": "ул.Зорге", "Type": "Выделенная полоса для ОТ и велосипедистов с совмещенным движением", "Width": 1.0, "Location": "ул.Зорге", "OperOrgName": "ГБУ Автомобильные дороги САО", "DepartmentalAffiliation": "ПРЕФЕКТУРА СЕВЕРНОГО АДМИНИСТРАТИВНОГО ОКРУГА ГОРОДА МОСКВЫ", "ObjectOperOrgPhone": "(499) 152-23-29", "global_id": 2836475071 }, "geometry": { "type": "MultiLineString", "coordinates": [ [ [ 37.513807873, 55.777900537 ], [ 37.513469915, 55.778453814 ], [ 37.513341169, 55.778756148 ], [ 37.513207058, 55.778982897 ], [ 37.513228516, 55.779143132 ] ], [ [ 37.513484465, 55.777921286 ], [ 37.513591754, 55.778084549 ], [ 37.513374495, 55.778445841 ], [ 37.513036536, 55.779113996 ], [ 37.512682485, 55.779763999 ], [ 37.51231163, 55.780479252 ], [ 37.512002552, 55.781066583 ], [ 37.511643136, 55.781746785 ], [ 37.51130786, 55.782407325 ], [ 37.511010135, 55.782971118 ], [ 37.510528298, 55.783905641 ], [ 37.509834726, 55.785237735 ], [ 37.509207089, 55.78645289 ], [ 37.508893271, 55.787040806 ] ], [ [ 37.502520402, 55.797779158 ], [ 37.502885182, 55.797138522 ], [ 37.50327142, 55.796715454 ], [ 37.504214352, 55.795226873 ], [ 37.504643505, 55.794664769 ], [ 37.504911726, 55.794332338 ], [ 37.505907549, 55.792940644 ], [ 37.50607921, 55.792571931 ], [ 37.506304515, 55.792082324 ], [ 37.50654055, 55.791737782 ], [ 37.507563801, 55.789766447 ], [ 37.509076567, 55.786992989 ], [ 37.510617194, 55.783990951 ], [ 37.511067805, 55.783174754 ], [ 37.512183604, 55.781004193 ], [ 37.512108502, 55.780955822 ] ], [ [ 37.506552782, 55.791408055 ], [ 37.505898323, 55.792647195 ], [ 37.504964914, 55.794031358 ], [ 37.504535761, 55.794617648 ], [ 37.503420833, 55.796277471 ], [ 37.503066781, 55.796779113 ], [ 37.502852205, 55.797075261 ], [ 37.502240661, 55.797909296 ], [ 37.502111915, 55.798060387 ] ] ] } },
{ "type": "Feature", "properties": { "datasetId": 897, "rowId": null, "releaseNumber": 193, "versionNumber": 6, "ID": 51, "Name": "ул. Маргелова", "PortionName": "ул. Маргелова", "Type": "Выделенная полоса для ОТ и велосипедистов с совмещенным движением", "Width": 1.5, "Location": "ул. Маргелова", "OperOrgName": "ГБУ Автомобильные дороги САО", "DepartmentalAffiliation": "ПРЕФЕКТУРА СЕВЕРНОГО АДМИНИСТРАТИВНОГО ОКРУГА ГОРОДА МОСКВЫ", "ObjectOperOrgPhone": "(499) 152-23-29", "global_id": 2836475097 }, "geometry": { "type": "MultiLineString", "coordinates": [ [ [ 37.540555963, 55.776235668 ], [ 37.542240391, 55.777209229 ], [ 37.543141613, 55.777892522 ], [ 37.54362332, 55.778519393 ], [ 37.543687693, 55.778984985 ], [ 37.543548218, 55.779734759 ], [ 37.54316732, 55.780226306 ], [ 37.542648262, 55.780659394 ], [ 37.541199869, 55.781517967 ], [ 37.540223545, 55.781838416 ], [ 37.539397425, 55.781953293 ], [ 37.538506931, 55.78198957 ], [ 37.537483012, 55.781934612 ], [ 37.536416177, 55.781746639 ], [ 37.536491279, 55.781625715 ], [ 37.537317399, 55.781819193 ], [ 37.538894538, 55.781891747 ], [ 37.539903049, 55.781801054 ], [ 37.540707711, 55.781643853 ], [ 37.541018848, 55.781504791 ], [ 37.542120873, 55.780864784 ], [ 37.542721688, 55.780465724 ], [ 37.543097197, 55.780066661 ], [ 37.54344052, 55.779570849 ], [ 37.543494164, 55.779062938 ], [ 37.543429791, 55.77855521 ], [ 37.542946993, 55.777829602 ], [ 37.542410552, 55.777503073 ], [ 37.541723906, 55.777019322 ], [ 37.540342957, 55.776281164 ] ] ] } },
{ "type": "Feature", "properties": { "datasetId": 897, "rowId": null, "releaseNumber": 193, "versionNumber": 6, "ID": 60, "Name": "Зона отдыха Борисовские пруды", "PortionName": "", "Type": "Велосипедная дорожка двухстороннего движения", "Width": 1.5, "Location": "от улицы Борисовские Пруды и Каширского шоссе до Наташинской улицы", "OperOrgName": "Государственное бюджетное учреждение культуры города Москвы «Государственный историко-архитектурный, художественный и ландшафтный музей-заповедник «Царицыно»", "DepartmentalAffiliation": "ДЕПАРТАМЕНТ КУЛЬТУРЫ ГОРОДА МОСКВЫ", "ObjectOperOrgPhone": "(495) 322-44-33", "global_id": 2850128918 }, "geometry": { "type": "MultiLineString", "coordinates": [ [ [ 37.706252933, 55.632421939 ], [ 37.706197109, 55.632356454 ], [ 37.706182357, 55.632340556 ], [ 37.706150338, 55.632296363 ], [ 37.706146985, 55.63229182 ], [ 37.706118822, 55.632247816 ], [ 37.706039767, 55.632107405 ], [ 37.705959231, 55.632024862 ], [ 37.705914675, 55.632003425 ], [ 37.705858668, 55.631985782 ], [ 37.705772482, 55.631973571 ], [ 37.705662176, 55.631985874 ], [ 37.705548853, 55.632007829 ], [ 37.705397308, 55.632069529 ], [ 37.705058679, 55.632213749 ], [ 37.70501107, 55.632238732 ], [ 37.704555094, 55.632444651 ], [ 37.704321742, 55.63260136 ], [ 37.703975737, 55.63283983 ], [ 37.703777924, 55.632970042 ], [ 37.703716904, 55.63306278 ], [ 37.70372428, 55.633187313 ], [ 37.703740373, 55.633244469 ], [ 37.703746408, 55.63331828 ], [ 37.703739703, 55.633370516 ], [ 37.703641802, 55.633619579 ], [ 37.703574747, 55.633786126 ], [ 37.703333798, 55.63388816 ], [ 37.703063451, 55.633941505 ], [ 37.702796236, 55.634038215 ], [ 37.702689953, 55.634072659 ], [ 37.70255886, 55.634116567 ], [ 37.702403963, 55.634259265 ], [ 37.702409998, 55.634360705 ], [ 37.70240061, 55.634381523 ], [ 37.702381834, 55.634479178 ], [ 37.702365741, 55.634520057 ], [ 37.702318802, 55.634552987 ], [ 37.702099314, 55.634638945 ], [ 37.701919153, 55.634711959 ], [ 37.701886296, 55.634727099 ], [ 37.701783702, 55.634790309 ], [ 37.701718658, 55.634827403 ], [ 37.701594606, 55.634904239 ], [ 37.701561078, 55.634947767 ], [ 37.701558396, 55.634994322 ], [ 37.701644927, 55.635179704 ], [ 37.702393234, 55.635430733 ], [ 37.702560872, 55.635488264 ], [ 37.702820376, 55.635561314 ], [ 37.702975273, 55.635580996 ], [ 37.703129472, 55.63559166 ], [ 37.703374922, 55.635565099 ], [ 37.7036336, 55.635520464 ], [ 37.704121247, 55.635510217 ], [ 37.704811027, 55.635506486 ], [ 37.705765894, 55.635495865 ], [ 37.708045771, 55.635461034 ], [ 37.709724834, 55.635435306 ], [ 37.711379975, 55.6354137 ], [ 37.711845338, 55.635404616 ], [ 37.712101489, 55.635406887 ], [ 37.712467611, 55.635412186 ], [ 37.712810124, 55.635401965 ], [ 37.714778116, 55.635367199 ], [ 37.715998521, 55.635327789 ], [ 37.717334261, 55.635305096 ], [ 37.718511751, 55.635300583 ], [ 37.719927957, 55.635276359 ], [ 37.721357575, 55.635233915 ], [ 37.722199788, 55.635221803 ], [ 37.723326316, 55.635206657 ], [ 37.725588977, 55.635185087 ], [ 37.726822793, 55.635168433 ], [ 37.727333754, 55.635155564 ], [ 37.727331072, 55.634985995 ], [ 37.727349848, 55.634855033 ], [ 37.727384716, 55.634794473 ], [ 37.727440825, 55.63473889 ], [ 37.727577618, 55.634622307 ], [ 37.727962732, 55.634266835 ], [ 37.728225589, 55.634030645 ], [ 37.728342265, 55.633836089 ], [ 37.728382498, 55.633770228 ], [ 37.728562206, 55.633570372 ], [ 37.728587687, 55.633554475 ], [ 37.728925645, 55.633433349 ], [ 37.729042321, 55.633360485 ], [ 37.729236111, 55.63323917 ], [ 37.729372233, 55.633180878 ], [ 37.729568034, 55.63309344 ], [ 37.72996366, 55.633007894 ], [ 37.730164188, 55.632896536 ], [ 37.730395496, 55.632699398 ], [ 37.730426341, 55.632664574 ], [ 37.730518878, 55.632504458 ], [ 37.730686298, 55.632232979 ], [ 37.730787098, 55.632103975 ], [ 37.730803192, 55.632031297 ], [ 37.730773687, 55.63199193 ], [ 37.730828673, 55.631993444 ], [ 37.731196135, 55.632011614 ], [ 37.731226494, 55.63199076 ], [ 37.731220569, 55.63196728 ], [ 37.731225304, 55.631951238 ], [ 37.731233016, 55.631933258 ], [ 37.731254473, 55.631912249 ], [ 37.731288001, 55.631883481 ], [ 37.731468379, 55.631792822 ], [ 37.732010186, 55.631589171 ], [ 37.732498348, 55.631408231 ], [ 37.732627094, 55.631389304 ], [ 37.732619047, 55.631359021 ], [ 37.732479572, 55.631387033 ], [ 37.731995434, 55.631566459 ], [ 37.731543481, 55.631733771 ], [ 37.731403336, 55.631786387 ], [ 37.731292695, 55.631840896 ], [ 37.731058002, 55.63169024 ], [ 37.730960101, 55.631629296 ], [ 37.730832696, 55.631549047 ], [ 37.73074016, 55.631467661 ], [ 37.730605379, 55.631346151 ], [ 37.730514854, 55.631203821 ], [ 37.730454504, 55.631101994 ], [ 37.730394246, 55.63106291 ], [ 37.730308995, 55.631028557 ], [ 37.73023054, 55.630997895 ], [ 37.730144147, 55.630952851 ], [ 37.730137442, 55.630933924 ] ], [ [ 37.711963326, 55.635405662 ], [ 37.711649537, 55.635100303 ], [ 37.711279392, 55.634765707 ], [ 37.71107935, 55.634607173 ], [ 37.7110219, 55.634566234 ], [ 37.710875049, 55.634492804 ], [ 37.710760167, 55.634434555 ], [ 37.71063365, 55.63437225 ], [ 37.710651755, 55.634307335 ], [ 37.710604599, 55.634245323 ], [ 37.710492562, 55.63418329 ], [ 37.710116655, 55.634100291 ], [ 37.709796131, 55.634027617 ], [ 37.709556073, 55.6339504 ], [ 37.709324062, 55.633848959 ], [ 37.709137648, 55.633727077 ], [ 37.70907864, 55.633672571 ], [ 37.708996832, 55.633587027 ], [ 37.708687037, 55.633333421 ], [ 37.70855695, 55.633225165 ], [ 37.708391994, 55.633070728 ], [ 37.708007097, 55.632933704 ], [ 37.707226574, 55.632730059 ], [ 37.70654127, 55.63255518 ], [ 37.706332058, 55.632495373 ], [ 37.706252933, 55.632421939 ], [ 37.706192583, 55.632413611 ], [ 37.706008852, 55.632481746 ], [ 37.705947161, 55.632476447 ], [ 37.705897322, 55.632488976 ], [ 37.705874741, 55.632505972 ], [ 37.70586133, 55.632530197 ], [ 37.705846578, 55.632619529 ], [ 37.705843896, 55.632754284 ], [ 37.7058734, 55.633139619 ], [ 37.705880105, 55.633200182 ], [ 37.70588854, 55.633411527 ], [ 37.705907263, 55.633699067 ], [ 37.705934085, 55.63394794 ], [ 37.706006169, 55.634690763 ], [ 37.706054449, 55.635139667 ] ], [ [ 37.73020282, 55.630732351 ], [ 37.730380517, 55.630659481 ], [ 37.730403986, 55.630389768 ], [ 37.730380517, 55.630240242 ], [ 37.730762732, 55.630236456 ], [ 37.731176798, 55.630257276 ], [ 37.731540572, 55.630302702 ], [ 37.731728327, 55.630309326 ], [ 37.73188423, 55.63030838 ], [ 37.732150775, 55.630282828 ], [ 37.732335177, 55.630247812 ], [ 37.732677158, 55.630197655 ], [ 37.732828032, 55.630085037 ], [ 37.733020816, 55.630179674 ], [ 37.733054344, 55.630213743 ], [ 37.733126428, 55.630399231 ] ] ] } },
{ "type": "Feature", "properties": { "datasetId": 897, "rowId": null, "releaseNumber": 193, "versionNumber": 6, "ID": 59, "Name": "Парк по Борисовским прудам", "PortionName": "", "Type": "Велосипедная дорожка двухстороннего движения", "Width": 1.5, "Location": "от улицы Маршала Захарова, дом 18 до Борисовского проезда, дом 15, корпус 2", "OperOrgName": "Государственное бюджетное учреждение культуры города Москвы «Государственный историко-архитектурный, художественный и ландшафтный музей-заповедник «Царицыно»", "DepartmentalAffiliation": "ДЕПАРТАМЕНТ КУЛЬТУРЫ ГОРОДА МОСКВЫ", "ObjectOperOrgPhone": "(495) 322-44-33", "global_id": 2850128946 }, "geometry": { "type": "MultiLineString", "coordinates": [ [ [ 37.706633806, 55.629125589 ], [ 37.706462145, 55.628992337 ], [ 37.706424594, 55.62888634 ], [ 37.706247568, 55.628780342 ], [ 37.706032991, 55.628689487 ], [ 37.705791593, 55.628619832 ], [ 37.705657482, 55.628486577 ], [ 37.70563066, 55.628389665 ], [ 37.705619931, 55.62831698 ], [ 37.705646753, 55.628262466 ], [ 37.705823779, 55.628210981 ], [ 37.705904245, 55.62819281 ], [ 37.706183195, 55.628153439 ], [ 37.706494331, 55.628168582 ], [ 37.706676722, 55.628135268 ], [ 37.70678401, 55.628014126 ], [ 37.706961036, 55.627808183 ], [ 37.707191706, 55.627653726 ], [ 37.707347274, 55.62758104 ], [ 37.707481384, 55.627514411 ], [ 37.707728148, 55.62745081 ], [ 37.708114386, 55.627432639 ], [ 37.708264589, 55.627426582 ], [ 37.708361149, 55.627411439 ], [ 37.708586454, 55.627314523 ], [ 37.708956599, 55.626560392 ], [ 37.707926631, 55.626415016 ], [ 37.707942724, 55.626345356 ], [ 37.707132697, 55.626206037 ], [ 37.706204653, 55.626066717 ], [ 37.704262733, 55.6257275 ], [ 37.702921629, 55.625518517 ], [ 37.700593472, 55.625161123 ], [ 37.698984146, 55.624912763 ], [ 37.69857645, 55.624821899 ], [ 37.698286772, 55.62474315 ], [ 37.697669864, 55.624519018 ], [ 37.697149515, 55.624319115 ], [ 37.696784735, 55.624137384 ], [ 37.696269751, 55.623783006 ], [ 37.696092725, 55.623655793 ], [ 37.695894241, 55.623431655 ], [ 37.695711851, 55.623171168 ], [ 37.695604563, 55.622937939 ], [ 37.695459723, 55.622613841 ], [ 37.695368528, 55.622368493 ], [ 37.695304155, 55.622047419 ], [ 37.695153952, 55.621683935 ], [ 37.695068121, 55.621350739 ], [ 37.695009112, 55.621105384 ], [ 37.694993019, 55.620696454 ], [ 37.695025206, 55.620569231 ], [ 37.695239782, 55.620027013 ], [ 37.695277333, 55.619957342 ], [ 37.695298791, 55.619908875 ], [ 37.695250511, 55.619863438 ], [ 37.695143223, 55.619842233 ], [ 37.695062757, 55.619875554 ], [ 37.695009112, 55.619933109 ], [ 37.695046663, 55.619978546 ], [ 37.695132494, 55.620011867 ], [ 37.695202231, 55.620005809 ] ], [ [ 37.708554268, 55.629122561 ], [ 37.708919048, 55.629122561 ], [ 37.709197998, 55.629110447 ], [ 37.709519863, 55.629086219 ], [ 37.709723711, 55.629068048 ], [ 37.710131407, 55.629001422 ], [ 37.710571289, 55.62888634 ], [ 37.710989714, 55.628753086 ], [ 37.711375952, 55.628662231 ], [ 37.711601257, 55.628631946 ], [ 37.712019682, 55.628619832 ], [ 37.712295949, 55.628636489 ], [ 37.712824345, 55.628703116 ], [ 37.713138163, 55.628778828 ], [ 37.713414431, 55.628889368 ], [ 37.713556588, 55.629052906 ], [ 37.713594139, 55.629113476 ], [ 37.713776529, 55.629190701 ], [ 37.713953555, 55.629234614 ], [ 37.714377344, 55.629254299 ], [ 37.714549005, 55.629330011 ], [ 37.71471262, 55.629425407 ], [ 37.714793086, 55.629548059 ], [ 37.714962065, 55.629675253 ], [ 37.715013027, 55.629696452 ], [ 37.715219557, 55.629743392 ], [ 37.715396583, 55.629758534 ], [ 37.715546787, 55.629775191 ], [ 37.715852559, 55.6298615 ], [ 37.71609664, 55.629993236 ], [ 37.716348767, 55.630232479 ], [ 37.716678679, 55.630297589 ], [ 37.716962993, 55.630433866 ], [ 37.71699518, 55.630406611 ], [ 37.717038095, 55.630388441 ], [ 37.717099786, 55.630383898 ], [ 37.717180252, 55.630402068 ], [ 37.71728754, 55.630356643 ], [ 37.717453837, 55.630327873 ], [ 37.717652321, 55.630261249 ], [ 37.717783749, 55.630165855 ], [ 37.718255818, 55.62997658 ], [ 37.718414068, 55.629893299 ], [ 37.71844089, 55.629853929 ], [ 37.718438208, 55.629432978 ], [ 37.718524039, 55.629336067 ], [ 37.718617916, 55.629263384 ], [ 37.718738616, 55.629208872 ], [ 37.718891501, 55.629258842 ], [ 37.719089985, 55.629305783 ], [ 37.71938771, 55.629473862 ], [ 37.719486952, 55.629508689 ], [ 37.719607651, 55.629508689 ], [ 37.719755173, 55.629495061 ], [ 37.720114589, 55.629440549 ], [ 37.720664442, 55.629343639 ], [ 37.721037269, 55.629280041 ], [ 37.72169441, 55.629227043 ], [ 37.721833885, 55.629246728 ], [ 37.721919715, 55.629281555 ], [ 37.721981406, 55.629472348 ], [ 37.722040415, 55.629535945 ], [ 37.722161114, 55.629585914 ], [ 37.722474933, 55.629561686 ], [ 37.722761929, 55.629484461 ], [ 37.723140121, 55.629328496 ], [ 37.723421752, 55.629299726 ], [ 37.723647058, 55.629254299 ], [ 37.723740935, 55.629202815 ], [ 37.723810673, 55.629169502 ], [ 37.723893821, 55.629155874 ], [ 37.724006474, 55.629180102 ], [ 37.724172771, 55.629269441 ], [ 37.724282742, 55.629331525 ], [ 37.72469312, 55.629496575 ], [ 37.724977434, 55.629561686 ], [ 37.725492418, 55.629661625 ], [ 37.725642622, 55.629693423 ], [ 37.725841105, 55.629702508 ], [ 37.726181746, 55.629673738 ], [ 37.726584077, 55.629635883 ], [ 37.7268067, 55.629625284 ], [ 37.726959586, 55.629593485 ], [ 37.727080286, 55.629504146 ], [ 37.72729218, 55.629331525 ], [ 37.727651596, 55.629122561 ], [ 37.727796435, 55.629043821 ], [ 37.727898359, 55.628955995 ], [ 37.727882266, 55.628722801 ], [ 37.727528214, 55.628289723 ], [ 37.727538943, 55.628041383 ], [ 37.727565765, 55.627905097 ], [ 37.727458477, 55.62766584 ], [ 37.727469206, 55.62745081 ], [ 37.727426291, 55.627347838 ], [ 37.727270722, 55.627317552 ], [ 37.727115154, 55.627308466 ], [ 37.726997137, 55.627350867 ], [ 37.72669673, 55.627547725 ], [ 37.726412416, 55.627732469 ], [ 37.7263695, 55.627777898 ], [ 37.72572577, 55.628062582 ], [ 37.725377083, 55.628204924 ], [ 37.725173235, 55.628307894 ], [ 37.725087404, 55.628389665 ], [ 37.725006938, 55.62858349 ], [ 37.72480309, 55.628792456 ], [ 37.724711895, 55.628834855 ], [ 37.724481225, 55.628898454 ], [ 37.723917961, 55.628919653 ], [ 37.723354697, 55.628934795 ], [ 37.723231316, 55.62888634 ], [ 37.722893357, 55.628698573 ], [ 37.722426653, 55.628441149 ], [ 37.722045779, 55.628268523 ], [ 37.721943855, 55.628144353 ], [ 37.721777558, 55.628098925 ], [ 37.721605897, 55.628138296 ], [ 37.72153616, 55.628353322 ], [ 37.721348405, 55.628553205 ], [ 37.721278667, 55.628592575 ], [ 37.720683217, 55.628753086 ], [ 37.720339894, 55.629022621 ], [ 37.720221877, 55.629052906 ], [ 37.720044851, 55.629016564 ], [ 37.719814181, 55.628955995 ], [ 37.719578147, 55.628937824 ], [ 37.719331384, 55.628971137 ], [ 37.718870044, 55.629137703 ], [ 37.718762755, 55.629192216 ], [ 37.718717158, 55.629192216 ], [ 37.718644738, 55.62915436 ], [ 37.718591094, 55.629072591 ], [ 37.718526721, 55.628851512 ], [ 37.718403339, 55.628806085 ], [ 37.718223631, 55.628760657 ], [ 37.717939317, 55.628522919 ], [ 37.71774888, 55.628466892 ], [ 37.71705446, 55.628521002 ], [ 37.716882228, 55.628539195 ], [ 37.716872116, 55.628200442 ], [ 37.716296464, 55.628215524 ], [ 37.715922296, 55.628223095 ], [ 37.715694025, 55.628227698 ], [ 37.715588361, 55.628234452 ], [ 37.715518295, 55.628232421 ], [ 37.715438157, 55.628238238 ], [ 37.714315653, 55.628262466 ], [ 37.714208364, 55.628232181 ], [ 37.714090347, 55.628108011 ], [ 37.713950872, 55.627865726 ], [ 37.713848948, 55.62794144 ], [ 37.713419795, 55.628165553 ], [ 37.713060379, 55.628259438 ], [ 37.712738514, 55.628256409 ], [ 37.712062597, 55.628201896 ], [ 37.711767554, 55.628301837 ], [ 37.711630762, 55.628524434 ] ] ] } },
{ "type": "Feature", "properties": { "datasetId": 897, "rowId": null, "releaseNumber": 193, "versionNumber": 6, "ID": 694, "Name": "Бакунинская ул.", "PortionName": "Бакунинская ул.", "Type": "Выделенная полоса для ОТ и велосипедистов с совмещенным движением", "Width": 1.0, "Location": "Бакунинская ул.", "OperOrgName": "ГБУ Автомобильные дороги ЦАО", "DepartmentalAffiliation": "ПРЕФЕКТУРА ЦЕНТРАЛЬНОГО АДМИНИСТРАТИВНОГО ОКРУГА ГОРОДА МОСКВЫ", "ObjectOperOrgPhone": "(495) 670-02-60", "global_id": 5068413190 }, "geometry": { "type": "MultiLineString", "coordinates": [ [ [ 37.684583891, 55.775035319 ], [ 37.688440582, 55.777079689 ] ], [ [ 37.689470551, 55.777817405 ], [ 37.684373939, 55.775174724 ] ], [ [ 37.683440531, 55.774485336 ], [ 37.678676927, 55.773148856 ] ], [ [ 37.678623283, 55.773269807 ], [ 37.683193767, 55.774594188 ] ] ] } },
{ "type": "Feature", "properties": { "datasetId": 897, "rowId": null, "releaseNumber": 193, "versionNumber": 6, "ID": 61, "Name": "Велосипедная дорожка Альфа-Битца", "PortionName": "", "Type": [ "Велопешеходная зона", "Велопешеходная дорожка с раздельным движением" ], "Width": 3.0, "Location": "МКАД 36 км (внешняя сторона)", "OperOrgName": "ГАУК г. Москвы «Парки Москвы»", "DepartmentalAffiliation": "ДЕПАРТАМЕНТ КУЛЬТУРЫ ГОРОДА МОСКВЫ", "ObjectOperOrgPhone": "(910) 458-53-00", "global_id": 5070248028 }, "geometry": { "type": "MultiLineString", "coordinates": [ [ [ 37.554881309, 55.584710197 ], [ 37.554970932, 55.584684425 ], [ 37.555035305, 55.584608628 ], [ 37.55499239, 55.584538894 ], [ 37.553753209, 55.584168998 ], [ 37.553635192, 55.584150807 ], [ 37.553431344, 55.584165967 ], [ 37.553275776, 55.584165967 ], [ 37.552905631, 55.584029529 ], [ 37.552573037, 55.583908251 ], [ 37.552369189, 55.583874899 ], [ 37.552127791, 55.583911283 ], [ 37.551816654, 55.583887027 ], [ 37.551661086, 55.583856707 ], [ 37.550743771, 55.583856707 ], [ 37.550866012, 55.583912913 ] ], [ [ 37.554231367, 55.584531038 ], [ 37.552884067, 55.584553225 ], [ 37.552599753, 55.584601735 ], [ 37.552277888, 55.584777586 ], [ 37.552218879, 55.584853383 ], [ 37.552127684, 55.584992849 ], [ 37.551929201, 55.585059551 ], [ 37.551628793, 55.585047423 ], [ 37.55128547, 55.584992849 ], [ 37.551038707, 55.585014073 ], [ 37.550829495, 55.585089869 ], [ 37.550394745, 55.58528634 ], [ 37.550212355, 55.585346977 ], [ 37.550099702, 55.585352373 ], [ 37.549802317, 55.584978021 ], [ 37.549687419, 55.584836684 ], [ 37.549268377, 55.584576927 ], [ 37.548991268, 55.584298068 ] ] ] } },
{ "type": "Feature", "properties": { "datasetId": 897, "rowId": null, "releaseNumber": 193, "versionNumber": 6, "ID": 62, "Name": "Велосипедная дорожка Лысая гора", "PortionName": "", "Type": [ "Велопешеходная зона", "Велопешеходная дорожка с раздельным движением" ], "Width": 3.0, "Location": "Севастопольский проспект - район Северное Чертаново", "OperOrgName": "ГАУК г. Москвы «Парки Москвы»", "DepartmentalAffiliation": "ДЕПАРТАМЕНТ КУЛЬТУРЫ ГОРОДА МОСКВЫ", "ObjectOperOrgPhone": "(910) 458-53-00", "global_id": 5070248737 }, "geometry": { "type": "MultiLineString", "coordinates": [ [ [ 37.543953929, 55.636820944 ], [ 37.544211421, 55.636836083 ], [ 37.544334802, 55.636905724 ], [ 37.544425997, 55.637041978 ], [ 37.544640574, 55.637223649 ], [ 37.545321855, 55.637229705 ], [ 37.545847568, 55.637226677 ], [ 37.546534214, 55.637214566 ], [ 37.54689363, 55.637217593 ], [ 37.547017011, 55.637211538 ], [ 37.547092113, 55.637241816 ] ], [ [ 37.544872858, 55.638107477 ], [ 37.545098164, 55.637904616 ], [ 37.545382478, 55.637798643 ], [ 37.545848929, 55.637551145 ], [ 37.546245896, 55.637402781 ], [ 37.550003283, 55.636350382 ], [ 37.552746274, 55.635698975 ], [ 37.554897884, 55.635152957 ], [ 37.556587676, 55.634526156 ], [ 37.556966324, 55.634346614 ], [ 37.557341833, 55.63410134 ], [ 37.557808538, 55.63388029 ], [ 37.558334251, 55.633668322 ], [ 37.559058447, 55.6334291 ], [ 37.559836288, 55.633220158 ], [ 37.560473391, 55.633111144 ], [ 37.561101028, 55.633086919 ], [ 37.561492631, 55.633042209 ], [ 37.561932513, 55.632951364 ], [ 37.562367031, 55.632806011 ], [ 37.563064405, 55.632654602 ], [ 37.563842246, 55.632478966 ], [ 37.564502069, 55.632288188 ], [ 37.564711281, 55.632212483 ], [ 37.565102884, 55.63213072 ], [ 37.565612504, 55.632091353 ], [ 37.566197225, 55.632124664 ], [ 37.566840955, 55.632206426 ], [ 37.567286202, 55.632236709 ], [ 37.568173729, 55.632370627 ], [ 37.56849023, 55.632413022 ], [ 37.568919383, 55.632422107 ], [ 37.573345028, 55.632431192 ], [ 37.573908292, 55.632458445 ], [ 37.574240886, 55.632419079 ], [ 37.574718319, 55.63229795 ], [ 37.575185024, 55.632185905 ], [ 37.57535132, 55.63216168 ], [ 37.575929415, 55.632179849 ], [ 37.576514137, 55.632355486 ], [ 37.576996935, 55.632543235 ], [ 37.577275884, 55.632730984 ], [ 37.577356351, 55.634411593 ] ] ] } },
{ "type": "Feature", "properties": { "datasetId": 897, "rowId": null, "releaseNumber": 193, "versionNumber": 6, "ID": 63, "Name": "Велосипедная дорожка Теплый стан", "PortionName": "", "Type": "Велопешеходная зона", "Width": 3.0, "Location": "Островитянова - Академика Бакулева", "OperOrgName": "ГАУК г. Москвы «Парки Москвы»", "DepartmentalAffiliation": "ДЕПАРТАМЕНТ КУЛЬТУРЫ ГОРОДА МОСКВЫ", "ObjectOperOrgPhone": "(910) 458-53-00", "global_id": 5070249554 }, "geometry": { "type": "MultiLineString", "coordinates": [ [ [ 37.508608099, 55.635504359 ], [ 37.507884914, 55.635599734 ], [ 37.507411802, 55.635672219 ], [ 37.504532577, 55.636255909 ], [ 37.501849356, 55.636801441 ], [ 37.501335691, 55.637022704 ], [ 37.499896079, 55.637324077 ], [ 37.499210436, 55.637392006 ], [ 37.49768296, 55.637643784 ], [ 37.497216607, 55.638521179 ], [ 37.496723219, 55.639108641 ], [ 37.495925687, 55.639883009 ], [ 37.494845841, 55.640903552 ], [ 37.49409562, 55.641540565 ], [ 37.49387934, 55.641632111 ], [ 37.493629267, 55.641677884 ], [ 37.493331882, 55.641696956 ], [ 37.493068291, 55.641746544 ], [ 37.492351864, 55.642189012 ], [ 37.491966616, 55.642494159 ], [ 37.490858182, 55.642932805 ], [ 37.49043914, 55.643012905 ], [ 37.490053892, 55.643093005 ], [ 37.489999822, 55.642906105 ], [ 37.490047133, 55.642684875 ], [ 37.489403412, 55.641245966 ], [ 37.488741056, 55.64009017 ], [ 37.488477465, 55.639651493 ], [ 37.488004353, 55.639826964 ], [ 37.485841555, 55.640288527 ], [ 37.485503618, 55.640387705 ], [ 37.485287338, 55.640387705 ], [ 37.484902089, 55.640288527 ], [ 37.484057247, 55.640418221 ], [ 37.484070764, 55.640196978 ], [ 37.484334355, 55.639460762 ], [ 37.484489806, 55.639205181 ], [ 37.484733121, 55.638903823 ], [ 37.485692862, 55.638171397 ], [ 37.486330255, 55.637989457 ], [ 37.48721565, 55.637829237 ], [ 37.48770228, 55.637794904 ], [ 37.490351707, 55.63620029 ] ] ] } },
{ "type": "Feature", "properties": { "datasetId": 897, "rowId": null, "releaseNumber": 193, "versionNumber": 6, "ID": 64, "Name": "Велосипедная дорожка на территории ПИП «Москворецкий»", "PortionName": "От Троице-Лыкова до Строгинского моста.", "Type": [ "Велопешеходная дорожка с раздельным движением", "Велопешеходная зона", "Велосипедная дорожка двухстороннего движения" ], "Width": 3.0, "Location": "Строгинское шоссе", "OperOrgName": "ГАУК г. Москвы «Парки Москвы»", "DepartmentalAffiliation": "ДЕПАРТАМЕНТ КУЛЬТУРЫ ГОРОДА МОСКВЫ", "ObjectOperOrgPhone": "(910) 458-53-00", "global_id": 5070249615 }, "geometry": { "type": "MultiLineString", "coordinates": [ [ [ 37.444645774, 55.804602813 ], [ 37.444115125, 55.804526436 ], [ 37.443209138, 55.804511888 ], [ 37.441151254, 55.804428237 ], [ 37.440607662, 55.804366408 ], [ 37.440361752, 55.804297304 ], [ 37.43894453, 55.804282756 ], [ 37.438575363, 55.804353404 ], [ 37.437886206, 55.804579087 ], [ 37.437598605, 55.80466143 ], [ 37.437381547, 55.804688877 ], [ 37.436220917, 55.804644023 ], [ 37.435879332, 55.804610923 ], [ 37.435631978, 55.804617543 ], [ 37.435361065, 55.804511625 ], [ 37.435143158, 55.804505005 ], [ 37.434683785, 55.804521555 ], [ 37.433181988, 55.804286548 ], [ 37.432704947, 55.804217038 ], [ 37.431768533, 55.804097879 ], [ 37.430944017, 55.803968789 ], [ 37.429028201, 55.80358978 ], [ 37.427676196, 55.803518263 ], [ 37.426292379, 55.803464625 ], [ 37.42605379, 55.803366289 ], [ 37.425457317, 55.803303711 ], [ 37.424725644, 55.80332606 ], [ 37.424105313, 55.803352879 ], [ 37.423182768, 55.803397578 ], [ 37.422260224, 55.803486974 ], [ 37.421449021, 55.803567431 ], [ 37.42066963, 55.803549552 ], [ 37.41927221, 55.803438397 ], [ 37.419031303, 55.803404547 ], [ 37.419553268, 55.804008192 ], [ 37.417917108, 55.802095678 ], [ 37.4171705, 55.801088501 ], [ 37.41221492, 55.797284067 ], [ 37.411014281, 55.7964305 ], [ 37.409788053, 55.794642469 ], [ 37.410040766, 55.794159444 ], [ 37.409157124, 55.793045965 ], [ 37.409080257, 55.792341575 ], [ 37.409464623, 55.792462146 ] ] ] } },
{ "type": "Feature", "properties": { "datasetId": 897, "rowId": null, "releaseNumber": 193, "versionNumber": 6, "ID": 3547, "Name": "Велодорожка вдоль улицы Малая Филевская", "PortionName": "", "Type": "Велосипедная дорожка двухстороннего движения", "Width": 2.0, "Location": "Вдоль Малой Филевской улицы", "OperOrgName": "ГБУ Автомобильные дороги ЗАО", "DepartmentalAffiliation": "ПРЕФЕКТУРА ЗАПАДНОГО АДМИНИСТРАТИВНОГО ОКРУГА ГОРОДА МОСКВЫ", "ObjectOperOrgPhone": "(499) 792-65-06", "global_id": 5095096881 }, "geometry": { "type": "MultiLineString", "coordinates": [ [ [ 37.482013929, 55.740394058 ], [ 37.481995153, 55.740328992 ], [ 37.481938827, 55.740274518 ], [ 37.480766702, 55.739982477 ], [ 37.479919123, 55.739769119 ], [ 37.475804615, 55.738747708 ], [ 37.470102238, 55.737328281 ], [ 37.467994022, 55.73680771 ], [ 37.46773653, 55.736792577 ], [ 37.465880442, 55.736320426 ], [ 37.465435195, 55.736178174 ], [ 37.462082434, 55.735333731 ], [ 37.460918355, 55.73506738 ], [ 37.457179355, 55.734171458 ], [ 37.456299591, 55.733956555 ], [ 37.455768514, 55.733835482 ], [ 37.455285716, 55.733714409 ], [ 37.454127002, 55.733345133 ], [ 37.452480125, 55.732773052 ], [ 37.44994812, 55.73190432 ], [ 37.449009347, 55.731580432 ] ], [ [ 37.449057627, 55.731528973 ], [ 37.454789507, 55.73349799 ], [ 37.455250847, 55.733637224 ], [ 37.455921399, 55.73379462 ], [ 37.456382739, 55.733892992 ], [ 37.456768977, 55.734001957 ], [ 37.457841861, 55.734260749 ], [ 37.460671592, 55.734934204 ], [ 37.461095381, 55.735034086 ], [ 37.461318004, 55.735070407 ], [ 37.461942959, 55.73522023 ], [ 37.463943887, 55.735734768 ], [ 37.4656605, 55.736156987 ], [ 37.466290819, 55.736318912 ], [ 37.466569769, 55.736393065 ] ], [ [ 37.467009652, 55.736492943 ], [ 37.471073198, 55.737496254 ], [ 37.471333372, 55.737525006 ], [ 37.472347247, 55.73779588 ], [ 37.474055815, 55.738246829 ], [ 37.476826536, 55.738935347 ], [ 37.480576265, 55.739870502 ], [ 37.48234384, 55.740307808 ] ] ] } },
{ "type": "Feature", "properties": { "datasetId": 897, "rowId": null, "releaseNumber": 193, "versionNumber": 6, "ID": 54878, "Name": "Велополоса вдоль улицы Нежинская", "PortionName": "", "Type": "Двустороняя велополоса", "Width": 1.0, "Location": "На проезжей части улицы Нежинская", "OperOrgName": "ГБУ Автомобильные дороги ЗАО", "DepartmentalAffiliation": "ПРЕФЕКТУРА ЗАПАДНОГО АДМИНИСТРАТИВНОГО ОКРУГА ГОРОДА МОСКВЫ", "ObjectOperOrgPhone": "(499) 792-65-06", "global_id": 5095097033 }, "geometry": { "type": "MultiLineString", "coordinates": [ [ [ 37.458668176, 55.708457454 ], [ 37.458861295, 55.708674012 ], [ 37.459000769, 55.708801221 ], [ 37.459247533, 55.708955688 ], [ 37.459464792, 55.709067752 ], [ 37.459738377, 55.709176787 ], [ 37.460046831, 55.70925402 ], [ 37.460325781, 55.709300966 ], [ 37.460559133, 55.709317624 ], [ 37.460889045, 55.709314595 ], [ 37.461176041, 55.709285822 ], [ 37.461543504, 55.709213132 ], [ 37.462471548, 55.708948116 ], [ 37.46388239, 55.708546803 ], [ 37.464300815, 55.708431709 ], [ 37.464558307, 55.708383248 ], [ 37.464880172, 55.708328729 ], [ 37.465191308, 55.708293898 ], [ 37.465666059, 55.708248466 ], [ 37.466151539, 55.70822575 ], [ 37.466513637, 55.708218178 ], [ 37.467066172, 55.708227264 ], [ 37.467438999, 55.708245437 ], [ 37.468122962, 55.708299956 ], [ 37.468863252, 55.708396878 ], [ 37.469461385, 55.70851803 ], [ 37.470032695, 55.708661897 ], [ 37.470477942, 55.70880425 ], [ 37.470893684, 55.708966289 ], [ 37.471234325, 55.70910864 ], [ 37.471548143, 55.709282793 ], [ 37.471845868, 55.709464517 ], [ 37.472138229, 55.709678041 ], [ 37.47245473, 55.709986968 ], [ 37.472768548, 55.710295892 ], [ 37.473020676, 55.710591185 ], [ 37.473747555, 55.711396794 ], [ 37.474120382, 55.71183442 ], [ 37.474399331, 55.712282641 ], [ 37.474624637, 55.712800512 ], [ 37.474699739, 55.713221466 ], [ 37.474699739, 55.713466768 ], [ 37.474651459, 55.713760522 ], [ 37.47459245, 55.714033076 ], [ 37.474377874, 55.714620575 ], [ 37.474141839, 55.715205037 ], [ 37.474077466, 55.715371591 ], [ 37.474050644, 55.715665332 ], [ 37.474120382, 55.716074142 ], [ 37.474313501, 55.716452666 ], [ 37.474630001, 55.716809989 ], [ 37.475091341, 55.71716731 ], [ 37.475606326, 55.717533711 ], [ 37.475896004, 55.717775957 ], [ 37.47635198, 55.718181717 ], [ 37.476845506, 55.718675285 ], [ 37.477494601, 55.719408056 ], [ 37.477961305, 55.720022724 ], [ 37.478358272, 55.720576826 ], [ 37.478529933, 55.720858416 ], [ 37.478749874, 55.721503339 ], [ 37.478782061, 55.721948421 ], [ 37.478798154, 55.722463135 ], [ 37.478800836, 55.722852194 ] ], [ [ 37.478634539, 55.72287793 ], [ 37.478623811, 55.722308722 ], [ 37.478588942, 55.721630506 ], [ 37.478374365, 55.720985585 ], [ 37.478170517, 55.720604077 ], [ 37.477875474, 55.720180175 ], [ 37.477194193, 55.719256658 ], [ 37.47671676, 55.718744929 ], [ 37.476212505, 55.718236222 ], [ 37.475804809, 55.717842575 ], [ 37.475477579, 55.717579132 ], [ 37.474855307, 55.717170338 ], [ 37.47445834, 55.71682513 ], [ 37.474249128, 55.716573793 ], [ 37.474002365, 55.71622858 ], [ 37.473873618, 55.7158228 ], [ 37.473884347, 55.715498778 ], [ 37.473959449, 55.715174754 ], [ 37.474249128, 55.714450989 ], [ 37.474436882, 55.713966452 ], [ 37.474469069, 55.713818062 ], [ 37.474517349, 55.71350008 ], [ 37.474511984, 55.713106385 ], [ 37.474415425, 55.712703601 ], [ 37.474254492, 55.712352296 ], [ 37.473997, 55.711934362 ], [ 37.473675135, 55.711531565 ], [ 37.473288897, 55.711107564 ], [ 37.472918752, 55.71070173 ], [ 37.472516421, 55.710247434 ], [ 37.472087267, 55.709808275 ], [ 37.471663478, 55.709508433 ], [ 37.471255782, 55.709257049 ], [ 37.470778349, 55.709029893 ], [ 37.470182899, 55.708817879 ], [ 37.46966255, 55.708672498 ], [ 37.469029549, 55.708530145 ], [ 37.468230251, 55.708418079 ], [ 37.467463139, 55.708348417 ], [ 37.466814044, 55.708324186 ], [ 37.466277603, 55.708321157 ], [ 37.465671423, 55.708348417 ], [ 37.464839939, 55.708427166 ], [ 37.464099649, 55.708587692 ], [ 37.46316624, 55.708860282 ], [ 37.462152365, 55.709141957 ], [ 37.46141744, 55.709356997 ], [ 37.46113849, 55.709399399 ], [ 37.46072543, 55.7094206 ], [ 37.460371378, 55.709408486 ], [ 37.460060242, 55.709366083 ], [ 37.45980275, 55.709303994 ], [ 37.459435287, 55.709179816 ], [ 37.459145609, 55.709032922 ], [ 37.458842519, 55.708833023 ], [ 37.458700362, 55.708707329 ], [ 37.458509925, 55.708502886 ] ] ] } }
]
}
