{
"type": "FeatureCollection",
"name": "bike_routes",
"crs": { "type": "name", "properties": { "name": "urn:ogc:def:crs:OGC:1.3:CRS84" } },
"features": [
{ "type": "Feature", "properties": { "name": "Ракета", "km": 1.5 }, "geometry": { "type": "MultiLineString", "coordinates": [ [ [ 37.6802357, 55.5892766 ], [ 37.679998, 55.5889373 ] ], [ [ 37.6805918, 55.5897881 ], [ 37.6805524, 55.5897108 ], [ 37.6803723, 55.5894723 ], [ 37.6802357, 55.5892766 ] ], [ [ 37.6804738, 55.5905399 ], [ 37.6805036, 55.5904603 ], [ 37.6805843, 55.5902293 ], [ 37.6806015, 55.5900116 ], [ 37.6805874, 55.5899218 ], [ 37.6805918, 55.5897881 ] ], [ [ 37.6789746, 55.591035 ], [ 37.679097, 55.5909825 ], [ 37.6795103, 55.5908619 ], [ 37.679796, 55.5907899 ], [ 37.6798977, 55.5907543 ], [ 37.680229, 55.5906123 ], [ 37.6804738, 55.5905399 ] ], [ [ 37.6789746, 55.591035 ], [ 37.6785802, 55.591109 ] ], [ [ 37.6785802, 55.591109 ], [ 37.6786536, 55.5910506 ], [ 37.6787193, 55.5909814 ], [ 37.678777, 55.5909221 ], [ 37.6788417, 55.5908555 ], [ 37.678991, 55.5906677 ], [ 37.6791049, 55.5904965 ], [ 37.6791811, 55.5904062 ], [ 37.6793016, 55.5902615 ], [ 37.6794066, 55.5902312 ], [ 37.6794835, 55.5901977 ], [ 37.6796834, 55.5899591 ] ], [ [ 37.6796834, 55.5899591 ], [ 37.6801423, 55.5893648 ] ], [ [ 37.6801423, 55.5893648 ], [ 37.6795743, 55.5890727 ] ], [ [ 37.6794493, 55.5890728 ], [ 37.6795118, 55.5890828 ], [ 37.6795743, 55.5890727 ] ], [ [ 37.677231, 55.5911843 ], [ 37.6773117, 55.591095 ], [ 37.6774707, 55.5909317 ], [ 37.6777659, 55.5906616 ], [ 37.677931, 55.5905382 ], [ 37.6780824, 55.5904278 ], [ 37.6782253, 55.5903337 ], [ 37.6782949, 55.5902562 ], [ 37.6783282, 55.5902219 ], [ 37.6783439, 55.5902064 ], [ 37.6783666, 55.5901662 ], [ 37.6784358, 55.590084 ], [ 37.6786889, 55.5897912 ], [ 37.6787477, 55.5897287 ], [ 37.679036, 55.5894083 ], [ 37.6792503, 55.5892062 ], [ 37.6794493, 55.5890728 ] ], [ [ 37.6769239, 55.591445 ], [ 37.677231, 55.5911843 ] ], [ [ 37.6769239, 55.591445 ], [ 37.6764103, 55.5915499 ], [ 37.675367, 55.5917784 ], [ 37.6753247, 55.5917802 ], [ 37.6750856, 55.5918006 ] ], [ [ 37.6750856, 55.5918006 ], [ 37.6750622, 55.5918045 ], [ 37.674861, 55.5918003 ], [ 37.6745982, 55.5917673 ] ], [ [ 37.6745982, 55.5917673 ], [ 37.6744934, 55.5917591 ] ], [ [ 37.6744934, 55.5917591 ], [ 37.6741824, 55.5917388 ], [ 37.6741426, 55.5917362 ], [ 37.6740866, 55.5917316 ] ], [ [ 37.679998, 55.5889373 ], [ 37.6796161, 55.5889856 ] ], [ [ 37.6796161, 55.5889856 ], [ 37.679599, 55.5889701 ], [ 37.679553, 55.5889527 ], [ 37.6794879, 55.5889498 ], [ 37.6794299, 55.5889669 ], [ 37.6793966, 55.5889987 ] ], [ [ 37.6771968, 55.5893466 ], [ 37.6773913, 55.5892701 ], [ 37.6776259, 55.5891706 ], [ 37.677803, 55.5891379 ], [ 37.6778408, 55.5891309 ], [ 37.6781437, 55.5891027 ], [ 37.6793966, 55.5889987 ] ], [ [ 37.6749826, 55.5906886 ], [ 37.6750235, 55.590682 ], [ 37.6750455, 55.5906757 ], [ 37.6750741, 55.5906585 ], [ 37.6752853, 55.590543 ], [ 37.675633, 55.5903104 ], [ 37.6756555, 55.5902907 ], [ 37.6759918, 55.5900954 ], [ 37.6762555, 55.5899268 ], [ 37.676395, 55.5898305 ], [ 37.676987, 55.5894523 ], [ 37.6770586, 55.5894243 ], [ 37.6771968, 55.5893466 ] ] ] } },
{ "type": "Feature", "properties": { "name": "Ароматы мира", "km": 2.9 }, "geometry": { "type": "MultiLineString", "coordinates": [ [ [ 37.6744934, 55.5917591 ], [ 37.6741824, 55.5917388 ], [ 37.6741426, 55.5917362 ], [ 37.6740866, 55.5917316 ] ], [ [ 37.6745982, 55.5917673 ], [ 37.6744934, 55.5917591 ] ], [ [ 37.6750856, 55.5918006 ], [ 37.6750622, 55.5918045 ], [ 37.674861, 55.5918003 ], [ 37.6745982, 55.5917673 ] ], [ [ 37.6769239, 55.591445 ], [ 37.6764103, 55.5915499 ], [ 37.675367, 55.5917784 ], [ 37.6753247, 55.5917802 ], [ 37.6750856, 55.5918006 ] ], [ [ 37.6769239, 55.591445 ], [ 37.6772086, 55.5913983 ], [ 37.6773458, 55.5913768 ] ], [ [ 37.6773458, 55.5913768 ], [ 37.677793, 55.5913038 ] ], [ [ 37.677793, 55.5913038 ], [ 37.6779115, 55.5912801 ], [ 37.6780425, 55.5912344 ], [ 37.6782444, 55.5911902 ], [ 37.6785802, 55.591109 ] ], [ [ 37.6789746, 55.591035 ], [ 37.6785802, 55.591109 ] ], [ [ 37.6799284, 55.5920506 ], [ 37.6796575, 55.5918721 ], [ 37.6796012, 55.5918294 ], [ 37.6794433, 55.5916756 ], [ 37.679314, 55.5915054 ], [ 37.6791848, 55.5913028 ], [ 37.6789746, 55.591035 ] ], [ [ 37.6799508, 55.5921573 ], [ 37.6799458, 55.5920867 ], [ 37.6799284, 55.5920506 ] ], [ [ 37.6795805, 55.5927987 ], [ 37.6796513, 55.5926117 ], [ 37.6796682, 55.5925669 ], [ 37.6797158, 55.5924725 ], [ 37.6798458, 55.5923156 ], [ 37.6799124, 55.5922553 ], [ 37.6799472, 55.5921934 ], [ 37.6799508, 55.5921573 ] ], [ [ 37.6795766, 55.5928352 ], [ 37.6795805, 55.5927987 ] ], [ [ 37.6795755, 55.5928997 ], [ 37.6795766, 55.5928352 ] ], [ [ 37.6795614, 55.5932238 ], [ 37.6795461, 55.5932016 ], [ 37.6795832, 55.5930559 ], [ 37.6795772, 55.5929596 ], [ 37.6795755, 55.5928997 ] ], [ [ 37.6795677, 55.5932651 ], [ 37.6795614, 55.5932238 ] ], [ [ 37.679765, 55.5932483 ], [ 37.6795677, 55.5932651 ] ], [ [ 37.6801861, 55.5931522 ], [ 37.6798481, 55.5932325 ], [ 37.679765, 55.5932483 ] ], [ [ 37.681624, 55.5933654 ], [ 37.6815126, 55.5933477 ], [ 37.681485, 55.5933368 ], [ 37.681341, 55.5933218 ], [ 37.6810161, 55.5932618 ], [ 37.6805551, 55.5931888 ], [ 37.6801861, 55.5931522 ] ], [ [ 37.6830846, 55.5936489 ], [ 37.683009, 55.5935936 ], [ 37.6829496, 55.593577 ], [ 37.6828556, 55.5935628 ], [ 37.6827375, 55.5935376 ], [ 37.68232, 55.5934626 ], [ 37.6819432, 55.5934122 ], [ 37.6818117, 55.5933909 ], [ 37.6817111, 55.5933858 ], [ 37.681624, 55.5933654 ] ], [ [ 37.6830846, 55.5936489 ], [ 37.6831519, 55.5937187 ], [ 37.6832036, 55.5937335 ] ], [ [ 37.6832036, 55.5937335 ], [ 37.6832337, 55.5937805 ], [ 37.6832976, 55.5938157 ], [ 37.6833171, 55.5938866 ], [ 37.6832974, 55.5939596 ], [ 37.6832785, 55.5940086 ], [ 37.6832656, 55.5940375 ], [ 37.6833298, 55.5941387 ] ], [ [ 37.6821587, 55.5950305 ], [ 37.6832173, 55.5942243 ], [ 37.6833298, 55.5941387 ] ], [ [ 37.682139, 55.5950451 ], [ 37.6821587, 55.5950305 ] ], [ [ 37.682147, 55.595136 ], [ 37.6821657, 55.5951225 ], [ 37.6821769, 55.5951066 ], [ 37.6821797, 55.5950895 ], [ 37.6821739, 55.5950727 ], [ 37.68216, 55.5950575 ], [ 37.682139, 55.5950451 ] ], [ [ 37.682147, 55.595136 ], [ 37.6844071, 55.5968662 ] ], [ [ 37.6819846, 55.5968688 ], [ 37.6844071, 55.5968662 ] ], [ [ 37.6797765, 55.5968955 ], [ 37.6798138, 55.5968964 ], [ 37.6798517, 55.5968959 ], [ 37.6819846, 55.5968688 ] ], [ [ 37.6797765, 55.5968955 ], [ 37.679769, 55.5969225 ], [ 37.6797484, 55.5969472 ], [ 37.6797163, 55.5969676 ] ], [ [ 37.6797163, 55.5969676 ], [ 37.6796693, 55.5969835 ], [ 37.6796158, 55.5969902 ] ], [ [ 37.6796158, 55.5969902 ], [ 37.6796157, 55.5970077 ], [ 37.6796162, 55.5970288 ], [ 37.6796162, 55.597725 ], [ 37.6796222, 55.5984231 ], [ 37.6796229, 55.5984996 ] ], [ [ 37.6796229, 55.5984996 ], [ 37.6795287, 55.5985446 ] ], [ [ 37.6793834, 55.598607 ], [ 37.6793744, 55.5986123 ] ], [ [ 37.6793744, 55.5986123 ], [ 37.6793747, 55.5994772 ] ], [ [ 37.6793747, 55.5994772 ], [ 37.6793742, 55.599494 ], [ 37.679344, 55.6004767 ] ], [ [ 37.6776776, 55.6004923 ], [ 37.6779885, 55.6004824 ], [ 37.6781865, 55.6004949 ], [ 37.6784729, 55.600491 ], [ 37.679344, 55.6004767 ] ], [ [ 37.6774478, 55.6004989 ], [ 37.6776776, 55.6004923 ] ], [ [ 37.6772008, 55.6004858 ], [ 37.6772477, 55.6004883 ], [ 37.6774478, 55.6004989 ] ], [ [ 37.6771965, 55.5995192 ], [ 37.6772004, 55.6004022 ], [ 37.6772008, 55.6004858 ] ], [ [ 37.6771917, 55.5986146 ], [ 37.6771937, 55.598984 ], [ 37.6771957, 55.5993625 ], [ 37.6771965, 55.5995192 ] ], [ [ 37.6771926, 55.5985943 ], [ 37.6771917, 55.5986146 ] ], [ [ 37.6771878, 55.5977435 ], [ 37.6771926, 55.5985943 ] ], [ [ 37.6771828, 55.5970989 ], [ 37.6771846, 55.5973314 ], [ 37.6771858, 55.5974697 ], [ 37.6771878, 55.5977435 ] ], [ [ 37.6771846, 55.5968688 ], [ 37.6771828, 55.5970989 ] ], [ [ 37.6749884, 55.5968727 ], [ 37.6751388, 55.5968724 ], [ 37.6771846, 55.5968688 ] ], [ [ 37.6746056, 55.5968733 ], [ 37.6749884, 55.5968727 ] ], [ [ 37.6740844, 55.596876 ], [ 37.6746056, 55.5968733 ] ], [ [ 37.6738978, 55.5968755 ], [ 37.6740213, 55.5968753 ] ], [ [ 37.6737896, 55.5968765 ], [ 37.6738978, 55.5968755 ] ], [ [ 37.6735002, 55.5968759 ], [ 37.6737896, 55.5968765 ] ], [ [ 37.6729125, 55.5968554 ], [ 37.6730401, 55.5968629 ], [ 37.6730834, 55.5968631 ], [ 37.6732942, 55.5968718 ], [ 37.6733972, 55.5968761 ], [ 37.6735002, 55.5968759 ] ], [ [ 37.6726144, 55.5961368 ], [ 37.6726403, 55.5961411 ], [ 37.6726653, 55.5961452 ], [ 37.6726994, 55.5961554 ], [ 37.6727271, 55.5961661 ], [ 37.6727529, 55.5961806 ], [ 37.6727722, 55.5961964 ], [ 37.6727922, 55.5962129 ], [ 37.6728084, 55.5962338 ], [ 37.6728164, 55.5962535 ], [ 37.6728196, 55.5962842 ], [ 37.6727752, 55.5967686 ], [ 37.6727853, 55.5968128 ], [ 37.6728111, 55.5968273 ], [ 37.6728358, 55.5968413 ], [ 37.6729125, 55.5968554 ] ] ] } },
{ "type": "Feature", "properties": { "name": "Обзорный", "km": 7.2 }, "geometry": { "type": "MultiLineString", "coordinates": [ [ [ 37.366555, 55.6989089 ], [ 37.3665176, 55.6989636 ], [ 37.3664739, 55.6990279 ] ], [ [ 37.366555, 55.6989089 ], [ 37.3665891, 55.6988804 ], [ 37.3666394, 55.6984018 ], [ 37.3666607, 55.6981988 ], [ 37.3667821, 55.6976241 ], [ 37.3669097, 55.6969324 ], [ 37.3669216, 55.6968734 ], [ 37.3669405, 55.6968053 ], [ 37.3669561, 55.6967494 ] ], [ [ 37.3578042, 55.6962686 ], [ 37.3578537, 55.6962688 ], [ 37.3588248, 55.6962738 ], [ 37.3594972, 55.6962729 ], [ 37.361256, 55.6962744 ], [ 37.3613709, 55.6962778 ], [ 37.3614663, 55.6962834 ], [ 37.3615875, 55.6963003 ], [ 37.3617095, 55.6963222 ], [ 37.3618477, 55.696363 ], [ 37.3619751, 55.6964038 ], [ 37.3620877, 55.6964544 ], [ 37.3621937, 55.6965036 ], [ 37.36289, 55.6969016 ], [ 37.3630268, 55.6969756 ], [ 37.3631971, 55.6970429 ], [ 37.3633593, 55.6970905 ], [ 37.3635082, 55.6971049 ], [ 37.3636383, 55.6971071 ], [ 37.3638233, 55.6970936 ], [ 37.3640446, 55.6970512 ], [ 37.3641868, 55.6970146 ], [ 37.3649539, 55.6968086 ], [ 37.3652905, 55.6967345 ], [ 37.3654488, 55.6967043 ], [ 37.3655996, 55.6966846 ], [ 37.3657961, 55.6966643 ], [ 37.3660409, 55.6966529 ], [ 37.3662843, 55.6966585 ], [ 37.3664351, 55.696668 ], [ 37.3667416, 55.6967058 ], [ 37.3669009, 55.696739 ], [ 37.3669561, 55.6967494 ] ], [ [ 37.3557935, 55.6910323 ], [ 37.3558605, 55.6910387 ], [ 37.3560074, 55.6910531 ], [ 37.3562052, 55.6910807 ], [ 37.3564794, 55.691135 ], [ 37.356737, 55.6912168 ], [ 37.3568731, 55.6912681 ], [ 37.3569877, 55.6913248 ], [ 37.3571876, 55.6914367 ], [ 37.357273, 55.6914943 ], [ 37.3574323, 55.691606 ], [ 37.3575108, 55.6916748 ], [ 37.3575711, 55.6917451 ], [ 37.3576168, 55.6918223 ], [ 37.3576437, 55.6918649 ], [ 37.3576659, 55.6919157 ], [ 37.3576851, 55.6919598 ], [ 37.3576985, 55.6920875 ], [ 37.3576891, 55.6921767 ], [ 37.3576736, 55.692242 ], [ 37.3576313, 55.6924343 ], [ 37.3575634, 55.6927499 ], [ 37.3575148, 55.6930181 ], [ 37.3574883, 55.693306 ], [ 37.3574865, 55.6934506 ], [ 37.3574862, 55.6934763 ], [ 37.3574705, 55.6939636 ], [ 37.357492, 55.6941254 ], [ 37.3578225, 55.6951016 ], [ 37.3578515, 55.6952859 ], [ 37.357873, 55.6954265 ], [ 37.3578693, 55.6955019 ], [ 37.3578051, 55.6962344 ], [ 37.3578042, 55.6962686 ] ], [ [ 37.3557935, 55.6910323 ], [ 37.3557774, 55.6909746 ], [ 37.3557602, 55.6909024 ], [ 37.3557083, 55.6907677 ], [ 37.355648, 55.6906672 ], [ 37.3556068, 55.6906017 ], [ 37.355538, 55.6905045 ], [ 37.3555032, 55.690465 ], [ 37.3552886, 55.6902673 ], [ 37.3551749, 55.6901793 ], [ 37.355075, 55.6901098 ], [ 37.3549955, 55.6900597 ], [ 37.3549171, 55.6900193 ], [ 37.3548098, 55.68996 ], [ 37.3546639, 55.6898957 ], [ 37.3545135, 55.6898364 ], [ 37.3542557, 55.6897554 ], [ 37.3541674, 55.6897291 ], [ 37.3539018, 55.6896675 ], [ 37.3536095, 55.6896175 ], [ 37.353293, 55.689576 ], [ 37.3530962, 55.6895546 ], [ 37.3526287, 55.6895191 ], [ 37.3526126, 55.6894934 ] ], [ [ 37.3525723, 55.6894913 ], [ 37.3526126, 55.6894934 ] ], [ [ 37.3524334, 55.6894839 ], [ 37.3525022, 55.6894875 ], [ 37.3525723, 55.6894913 ] ], [ [ 37.3523866, 55.6894814 ], [ 37.3524334, 55.6894839 ] ], [ [ 37.3523866, 55.6894814 ], [ 37.3523408, 55.6894816 ] ], [ [ 37.352215, 55.6894992 ], [ 37.3522972, 55.6895004 ], [ 37.3523408, 55.6894816 ] ], [ [ 37.3519616, 55.6894942 ], [ 37.352215, 55.6894992 ] ], [ [ 37.3508065, 55.689482 ], [ 37.350938, 55.6894762 ], [ 37.3511486, 55.6894781 ], [ 37.3518039, 55.6894911 ], [ 37.3519616, 55.6894942 ] ], [ [ 37.350531, 55.6894942 ], [ 37.3508065, 55.689482 ] ], [ [ 37.3498564, 55.689524 ], [ 37.3499578, 55.6895195 ], [ 37.3504028, 55.6894998 ], [ 37.350531, 55.6894942 ] ], [ [ 37.3496103, 55.6895349 ], [ 37.3498564, 55.689524 ] ], [ [ 37.3492861, 55.6895002 ], [ 37.3493267, 55.6895348 ], [ 37.3494306, 55.6895427 ], [ 37.3495212, 55.6895388 ], [ 37.3496103, 55.6895349 ] ], [ [ 37.3492861, 55.6895002 ], [ 37.3493564, 55.6894034 ] ], [ [ 37.3493564, 55.6894034 ], [ 37.349311, 55.6893923 ] ], [ [ 37.349311, 55.6893923 ], [ 37.3492487, 55.689377 ], [ 37.3491836, 55.6893611 ] ], [ [ 37.3491836, 55.6893611 ], [ 37.3491342, 55.689349 ] ], [ [ 37.3519968, 55.6873404 ], [ 37.3517923, 55.6874944 ], [ 37.3516756, 55.687564 ], [ 37.3503332, 55.6883177 ], [ 37.3501467, 55.6884356 ], [ 37.3498021, 55.6886783 ], [ 37.3496506, 55.6888053 ], [ 37.3494923, 55.6889466 ], [ 37.34933, 55.6891115 ], [ 37.3491342, 55.689349 ] ], [ [ 37.3521449, 55.6872019 ], [ 37.3520691, 55.6872725 ], [ 37.3519968, 55.6873404 ] ], [ [ 37.352197, 55.6851783 ], [ 37.3522164, 55.6852027 ], [ 37.3524776, 55.6855802 ], [ 37.3525608, 55.6857692 ], [ 37.3526224, 55.6859817 ], [ 37.3526359, 55.6861419 ], [ 37.3526332, 55.6863529 ], [ 37.3525876, 55.6865472 ], [ 37.3525192, 55.6867112 ], [ 37.3523971, 55.68691 ], [ 37.3522563, 55.6870884 ], [ 37.3521742, 55.6871743 ], [ 37.3521449, 55.6872019 ] ], [ [ 37.3486854, 55.6857922 ], [ 37.3487828, 55.6857914 ], [ 37.3488601, 55.6857907 ], [ 37.3492367, 55.6857866 ], [ 37.3495202, 55.6857692 ], [ 37.3495812, 55.6857614 ], [ 37.3496944, 55.6857428 ], [ 37.349853, 55.6857152 ], [ 37.3501928, 55.6856382 ], [ 37.3504169, 55.6855873 ], [ 37.3516135, 55.6853165 ], [ 37.3518999, 55.6852516 ], [ 37.3519987, 55.6852272 ], [ 37.3521316, 55.6851944 ], [ 37.352197, 55.6851783 ] ], [ [ 37.3486854, 55.6857922 ], [ 37.3486441, 55.6853927 ], [ 37.3485917, 55.6849697 ], [ 37.3485485, 55.6848298 ], [ 37.3484509, 55.6845958 ], [ 37.3482846, 55.6843252 ], [ 37.3481917, 55.6842093 ], [ 37.3481742, 55.6841966 ], [ 37.3481633, 55.6841887 ], [ 37.3480663, 55.6841351 ], [ 37.3479554, 55.6841041 ], [ 37.3477864, 55.6840677 ], [ 37.3475289, 55.6840205 ], [ 37.3470985, 55.6839381 ], [ 37.3454, 55.6835984 ], [ 37.3451718, 55.6835532 ], [ 37.3451137, 55.6835429 ], [ 37.3442325, 55.6833514 ], [ 37.3440896, 55.6833409 ], [ 37.3440316, 55.6833382 ], [ 37.34392, 55.6833407 ], [ 37.343802, 55.6833601 ], [ 37.3436672, 55.68343 ], [ 37.3430054, 55.6837075 ], [ 37.3425518, 55.6838653 ], [ 37.3420103, 55.6839967 ] ], [ [ 37.3424327, 55.6846259 ], [ 37.342027, 55.6840226 ], [ 37.3420103, 55.6839967 ] ], [ [ 37.3423343, 55.6846603 ], [ 37.3424327, 55.6846259 ] ], [ [ 37.3425293, 55.6856846 ], [ 37.3425118, 55.6855931 ], [ 37.342525, 55.6854245 ], [ 37.3425286, 55.685378 ], [ 37.3424703, 55.6850729 ], [ 37.342437, 55.6849401 ], [ 37.3424099, 55.6848318 ], [ 37.342361, 55.684707 ], [ 37.3423485, 55.6846851 ], [ 37.3423343, 55.6846603 ] ], [ [ 37.3425293, 55.6856846 ], [ 37.3421819, 55.6857601 ], [ 37.3419738, 55.6857844 ], [ 37.3418212, 55.6858022 ], [ 37.341634, 55.6858228 ], [ 37.3415616, 55.6858308 ], [ 37.3414437, 55.6858385 ], [ 37.3412348, 55.6859235 ], [ 37.3410809, 55.6859495 ], [ 37.3410273, 55.6859493 ], [ 37.340924, 55.6859488 ], [ 37.3407523, 55.6859548 ], [ 37.3404713, 55.6859953 ], [ 37.3403996, 55.6860157 ], [ 37.3399799, 55.6864894 ], [ 37.3399574, 55.6865176 ], [ 37.3397357, 55.6868546 ], [ 37.3397061, 55.6869112 ], [ 37.339662, 55.6870163 ], [ 37.3396486, 55.6871251 ], [ 37.3396861, 55.6871728 ], [ 37.3397546, 55.6872461 ], [ 37.339979, 55.6875263 ], [ 37.3402368, 55.6877571 ], [ 37.3402521, 55.6877708 ], [ 37.3403983, 55.6878834 ], [ 37.3404773, 55.6879303 ], [ 37.3408449, 55.6880615 ], [ 37.34116, 55.688148 ], [ 37.34128, 55.6881866 ], [ 37.3415206, 55.688265 ] ], [ [ 37.3438442, 55.6888174 ], [ 37.3434781, 55.6887864 ], [ 37.3434271, 55.6887131 ], [ 37.3431133, 55.6886919 ], [ 37.3423408, 55.6886277 ], [ 37.3419787, 55.6885793 ], [ 37.3418353, 55.6885588 ], [ 37.3416904, 55.6885309 ], [ 37.3415683, 55.6885007 ], [ 37.3415026, 55.6884606 ], [ 37.3414973, 55.6884198 ], [ 37.3415206, 55.688265 ] ], [ [ 37.3436451, 55.6876158 ], [ 37.3436437, 55.6877398 ], [ 37.3436706, 55.6878668 ], [ 37.343747, 55.6881846 ], [ 37.343806, 55.6882863 ], [ 37.3439549, 55.6885524 ], [ 37.3438442, 55.6888174 ] ], [ [ 37.344239, 55.6875799 ], [ 37.3440139, 55.6875633 ], [ 37.3438778, 55.6875901 ], [ 37.3437966, 55.6876048 ], [ 37.3436451, 55.6876158 ] ], [ [ 37.344239, 55.6875799 ], [ 37.3442969, 55.6875734 ], [ 37.3445956, 55.6876067 ] ], [ [ 37.3445956, 55.6876067 ], [ 37.3446518, 55.687613 ], [ 37.3447072, 55.6876192 ] ], [ [ 37.3447072, 55.6876192 ], [ 37.3448642, 55.6876033 ], [ 37.3449406, 55.6875664 ] ], [ [ 37.3449406, 55.6875664 ], [ 37.3449961, 55.6875721 ], [ 37.3451836, 55.6875912 ] ], [ [ 37.3451562, 55.6876808 ], [ 37.3451836, 55.6875912 ] ], [ [ 37.3451177, 55.6878071 ], [ 37.3451376, 55.6877419 ], [ 37.3451562, 55.6876808 ] ], [ [ 37.3451177, 55.6878071 ], [ 37.3461744, 55.6879185 ], [ 37.3466814, 55.6879956 ], [ 37.3467245, 55.6880189 ], [ 37.3467434, 55.6880492 ] ], [ [ 37.3467434, 55.6880492 ], [ 37.3465023, 55.6880742 ], [ 37.3463561, 55.6880973 ], [ 37.3462522, 55.6881151 ], [ 37.3461107, 55.6881488 ], [ 37.3459129, 55.6882081 ], [ 37.3458056, 55.6882519 ], [ 37.3457118, 55.6882965 ], [ 37.3455897, 55.6883623 ], [ 37.3454717, 55.6884383 ], [ 37.3453839, 55.6885134 ], [ 37.3452973, 55.6885974 ], [ 37.3451988, 55.6887206 ], [ 37.3451297, 55.688834 ], [ 37.345013, 55.6890638 ], [ 37.3447716, 55.6895658 ], [ 37.3446552, 55.6897895 ] ], [ [ 37.3446873, 55.6897949 ], [ 37.3446552, 55.6897895 ] ], [ [ 37.3448159, 55.6898168 ], [ 37.3447479, 55.6898053 ], [ 37.3446873, 55.6897949 ] ], [ [ 37.3448453, 55.6898218 ], [ 37.3448159, 55.6898168 ] ], [ [ 37.3448453, 55.6898218 ], [ 37.3447662, 55.6899476 ], [ 37.3444848, 55.6904474 ] ], [ [ 37.3483414, 55.6905676 ], [ 37.3483121, 55.6905666 ], [ 37.3470187, 55.6905321 ], [ 37.3445383, 55.6904502 ], [ 37.3444848, 55.6904474 ] ], [ [ 37.3483322, 55.6906445 ], [ 37.3483414, 55.6905676 ] ], [ [ 37.3483322, 55.6906445 ], [ 37.3483846, 55.6906459 ] ], [ [ 37.3483846, 55.6906459 ], [ 37.3484479, 55.6906475 ], [ 37.3485083, 55.6906491 ] ], [ [ 37.3485083, 55.6906491 ], [ 37.3485724, 55.6906507 ], [ 37.3486456, 55.6906526 ] ], [ [ 37.3486456, 55.6906526 ], [ 37.348592, 55.6912257 ], [ 37.3485609, 55.6915225 ], [ 37.3485236, 55.6919174 ], [ 37.3484324, 55.6929167 ], [ 37.3483949, 55.6932175 ], [ 37.3483275, 55.6938714 ], [ 37.3483219, 55.6939314 ], [ 37.348318, 55.6939734 ], [ 37.3483138, 55.694018 ], [ 37.3483103, 55.6940503 ], [ 37.3483058, 55.6940877 ], [ 37.3482673, 55.694454 ], [ 37.3482302, 55.6947652 ], [ 37.3481709, 55.6952686 ], [ 37.3481629, 55.6954168 ], [ 37.3481615, 55.6955394 ], [ 37.3481856, 55.6956398 ], [ 37.3482029, 55.6957176 ], [ 37.348255, 55.6958296 ], [ 37.348317, 55.695921 ], [ 37.3483729, 55.696001 ], [ 37.3484437, 55.6960654 ], [ 37.3485847, 55.6961904 ], [ 37.3487053, 55.6962674 ], [ 37.3488515, 55.6963451 ], [ 37.3490009, 55.6964188 ], [ 37.3492811, 55.6965399 ], [ 37.3495473, 55.6966583 ], [ 37.3497108, 55.6967531 ], [ 37.3497399, 55.6967739 ], [ 37.3498135, 55.6968267 ], [ 37.3499302, 55.6969031 ], [ 37.3500517, 55.697011 ], [ 37.3501137, 55.6970914 ], [ 37.3501578, 55.6971571 ], [ 37.3501972, 55.6972155 ], [ 37.3502492, 55.6973039 ], [ 37.3503225, 55.697411 ], [ 37.3503832, 55.6974873 ], [ 37.3504626, 55.6975768 ], [ 37.3505607, 55.6976531 ], [ 37.3506541, 55.6977216 ], [ 37.3507382, 55.6977768 ], [ 37.3508362, 55.6978321 ], [ 37.351009, 55.6979058 ], [ 37.3511685, 55.6979671 ], [ 37.3513212, 55.6980125 ], [ 37.3515087, 55.6980558 ], [ 37.3517095, 55.6980893 ], [ 37.3519184, 55.6981148 ], [ 37.3521965, 55.6981257 ], [ 37.3525427, 55.6981317 ], [ 37.3529598, 55.698131 ], [ 37.3533296, 55.6981336 ], [ 37.3534271, 55.6981335 ] ], [ [ 37.3534271, 55.6981335 ], [ 37.3535111, 55.6981334 ], [ 37.3535713, 55.6981333 ] ], [ [ 37.3535713, 55.6981333 ], [ 37.3536201, 55.6981333 ], [ 37.3536792, 55.6981332 ], [ 37.3544368, 55.6981295 ], [ 37.3549891, 55.698131 ], [ 37.3553494, 55.6981302 ], [ 37.3556249, 55.6981284 ], [ 37.3558651, 55.6981272 ], [ 37.3560686, 55.6981228 ], [ 37.3564145, 55.6980929 ], [ 37.3566991, 55.6980516 ], [ 37.3569321, 55.6980033 ], [ 37.3572547, 55.6979271 ], [ 37.3575718, 55.6978435 ], [ 37.3578862, 55.697763 ], [ 37.3585114, 55.6976084 ], [ 37.3587647, 55.6975482 ], [ 37.3590232, 55.6974996 ], [ 37.3593194, 55.6974638 ], [ 37.3594962, 55.6974514 ], [ 37.3597868, 55.6974455 ], [ 37.3599433, 55.6974507 ], [ 37.3602116, 55.6974651 ], [ 37.3604316, 55.6974918 ], [ 37.3605845, 55.6975208 ], [ 37.3608237, 55.6975727 ], [ 37.3609537, 55.6976032 ], [ 37.3613413, 55.6976979 ], [ 37.3621903, 55.6979208 ], [ 37.3638598, 55.6983484 ], [ 37.3643584, 55.6984686 ], [ 37.3649694, 55.6986337 ], [ 37.365392, 55.6987462 ], [ 37.3658733, 55.6988708 ], [ 37.366412, 55.699011 ], [ 37.3664739, 55.6990279 ] ] ] } },
{ "type": "Feature", "properties": { "name": "Зелёное кольцо", "km": 139.4 }, "geometry": { "type": "MultiLineString", "coordinates": [ [ [ 37.5594613, 55.6742587 ], [ 37.5590156, 55.6738107 ], [ 37.5584389, 55.6732798 ], [ 37.5579102, 55.6727931 ], [ 37.5567906, 55.6718522 ] ], [ [ 37.5561021, 55.6711401 ], [ 37.5567906, 55.6718522 ] ], [ [ 37.5557554, 55.67081 ], [ 37.5561021, 55.6711401 ] ], [ [ 37.5555272, 55.6705954 ], [ 37.5557554, 55.67081 ] ], [ [ 37.5553845, 55.6704602 ], [ 37.5554635, 55.670535 ], [ 37.5555272, 55.6705954 ] ], [ [ 37.5548864, 55.6699884 ], [ 37.5553845, 55.6704602 ] ], [ [ 37.5547333, 55.6698416 ], [ 37.5547848, 55.6698922 ], [ 37.5548864, 55.6699884 ] ], [ [ 37.5545789, 55.6696969 ], [ 37.5547333, 55.6698416 ] ], [ [ 37.5545789, 55.6696969 ], [ 37.5544995, 55.6696247 ], [ 37.5543191, 55.6694599 ], [ 37.5540449, 55.6692241 ] ], [ [ 37.5261094, 55.7116738 ], [ 37.526056, 55.7116504 ] ], [ [ 37.5236013, 55.7131049 ], [ 37.5236937, 55.7130604 ], [ 37.5242675, 55.7127333 ], [ 37.5254506, 55.7120609 ], [ 37.5261094, 55.7116738 ] ], [ [ 37.5233089, 55.7132183 ], [ 37.5234876, 55.7131554 ], [ 37.5236013, 55.7131049 ] ], [ [ 37.5233089, 55.7132183 ], [ 37.5232037, 55.7132808 ], [ 37.5226649, 55.7135908 ] ], [ [ 37.5226649, 55.7135908 ], [ 37.5223178, 55.7138069 ] ], [ [ 37.5195567, 55.7154469 ], [ 37.5204545, 55.7149088 ], [ 37.520567, 55.7148445 ], [ 37.5218162, 55.7141463 ], [ 37.5220312, 55.7140073 ], [ 37.5221336, 55.7139106 ], [ 37.5223178, 55.7138069 ] ], [ [ 37.5195567, 55.7154469 ], [ 37.5191962, 55.7156392 ] ], [ [ 37.5191962, 55.7156392 ], [ 37.5189197, 55.715788 ], [ 37.5185516, 55.7159494 ] ], [ [ 37.5173844, 55.7163187 ], [ 37.5181256, 55.7159754 ], [ 37.5185516, 55.7159494 ] ], [ [ 37.5173177, 55.7162778 ], [ 37.5173844, 55.7163187 ] ], [ [ 37.516879, 55.716516 ], [ 37.5170239, 55.7164401 ], [ 37.5171132, 55.7163897 ], [ 37.5172827, 55.7162939 ], [ 37.5173177, 55.7162778 ] ], [ [ 37.5166818, 55.7167185 ], [ 37.5167504, 55.7165992 ], [ 37.5168103, 55.7165557 ], [ 37.516879, 55.716516 ] ], [ [ 37.5110875, 55.7192134 ], [ 37.5117748, 55.7187939 ], [ 37.5118148, 55.7187711 ], [ 37.5122107, 55.7185775 ], [ 37.5131993, 55.7181517 ], [ 37.5137018, 55.7179246 ], [ 37.5139146, 55.7178775 ], [ 37.5142871, 55.7177232 ], [ 37.5166818, 55.7167185 ] ], [ [ 37.5110544, 55.7192336 ], [ 37.5110875, 55.7192134 ] ], [ [ 37.5110255, 55.7192511 ], [ 37.5110544, 55.7192336 ] ], [ [ 37.5109031, 55.7193237 ], [ 37.5110255, 55.7192511 ] ], [ [ 37.5101708, 55.7190657 ], [ 37.5102411, 55.7190432 ], [ 37.5102881, 55.7190207 ], [ 37.5103099, 55.7190164 ], [ 37.5103276, 55.7190203 ], [ 37.5109031, 55.7193237 ] ], [ [ 37.5098761, 55.7191254 ], [ 37.5099166, 55.7190865 ], [ 37.5099722, 55.719075 ], [ 37.5100395, 55.7190713 ], [ 37.5101708, 55.7190657 ] ], [ [ 37.5098139, 55.7197155 ], [ 37.5098961, 55.7194726 ], [ 37.5099061, 55.7193574 ], [ 37.5098672, 55.7191836 ], [ 37.5098761, 55.7191254 ] ], [ [ 37.5085272, 55.7194974 ], [ 37.5093528, 55.7196104 ], [ 37.5098139, 55.7197155 ] ], [ [ 37.5085272, 55.7194974 ], [ 37.5084819, 55.7196094 ], [ 37.5084202, 55.7196983 ], [ 37.5083402, 55.7197908 ], [ 37.5082076, 55.7198923 ], [ 37.5080594, 55.7199641 ], [ 37.507908, 55.7200212 ], [ 37.5077481, 55.7200682 ], [ 37.5075325, 55.7201277 ], [ 37.5073468, 55.7201849 ] ], [ [ 37.5073468, 55.7201849 ], [ 37.507132, 55.7203046 ] ], [ [ 37.507132, 55.7203046 ], [ 37.5066311, 55.7203856 ], [ 37.5061969, 55.7204339 ], [ 37.5057787, 55.7204616 ] ], [ [ 37.5057787, 55.7204616 ], [ 37.5056053, 55.7204386 ], [ 37.5054963, 55.7204583 ] ], [ [ 37.5054963, 55.7204583 ], [ 37.5054226, 55.7205113 ], [ 37.5053739, 55.720608 ], [ 37.505267, 55.7206852 ], [ 37.5051058, 55.7208015 ], [ 37.5051128, 55.7208219 ] ], [ [ 37.5051128, 55.7208219 ], [ 37.5049353, 55.7208571 ], [ 37.5047514, 55.720891 ], [ 37.504614, 55.7208966 ] ], [ [ 37.504614, 55.7208966 ], [ 37.5045243, 55.7208483 ], [ 37.5042731, 55.7207715 ], [ 37.50416, 55.7207502 ], [ 37.5038909, 55.7207704 ], [ 37.5037348, 55.7207684 ], [ 37.5036182, 55.7207381 ], [ 37.5034585, 55.7206512 ], [ 37.5032772, 55.7205805 ], [ 37.5030278, 55.72054 ], [ 37.5029238, 55.7205097 ], [ 37.5027587, 55.7204046 ], [ 37.5025362, 55.7203318 ], [ 37.5022814, 55.7203106 ], [ 37.5020835, 55.720328 ], [ 37.5019956, 55.7203209 ], [ 37.5018957, 55.7202806 ], [ 37.5018607, 55.7202616 ] ], [ [ 37.5018607, 55.7202616 ], [ 37.5018108, 55.720232 ] ], [ [ 37.5011188, 55.7201822 ], [ 37.5014952, 55.7202063 ], [ 37.5018108, 55.720232 ] ], [ [ 37.5010109, 55.7201744 ], [ 37.5011188, 55.7201822 ] ], [ [ 37.5005277, 55.7209021 ], [ 37.5006173, 55.7207937 ], [ 37.5007508, 55.7205838 ], [ 37.500943, 55.7202813 ], [ 37.500961, 55.720253 ], [ 37.5010109, 55.7201744 ] ], [ [ 37.5004032, 55.7210524 ], [ 37.500438, 55.7210104 ], [ 37.5005277, 55.7209021 ] ], [ [ 37.500051, 55.7214409 ], [ 37.5004032, 55.7210524 ] ], [ [ 37.4999783, 55.7215471 ], [ 37.5000013, 55.7214979 ], [ 37.500051, 55.7214409 ] ], [ [ 37.4999319, 55.7216001 ], [ 37.4999562, 55.7215739 ], [ 37.4999783, 55.7215471 ] ], [ [ 37.499816, 55.7217252 ], [ 37.4999319, 55.7216001 ] ], [ [ 37.4997684, 55.7217771 ], [ 37.4997931, 55.7217499 ], [ 37.499816, 55.7217252 ] ], [ [ 37.4996956, 55.7218382 ], [ 37.4997284, 55.7218048 ], [ 37.4997684, 55.7217771 ] ], [ [ 37.4992604, 55.7223806 ], [ 37.49938, 55.7222128 ], [ 37.4993972, 55.722192 ], [ 37.4996956, 55.7218382 ] ], [ [ 37.4990416, 55.7225724 ], [ 37.4992185, 55.7224394 ], [ 37.4992604, 55.7223806 ] ], [ [ 37.4990013, 55.7226246 ], [ 37.4990188, 55.7226026 ], [ 37.4990416, 55.7225724 ] ], [ [ 37.4989471, 55.7226379 ], [ 37.4990013, 55.7226246 ] ], [ [ 37.4985843, 55.723046 ], [ 37.4989471, 55.7226379 ] ], [ [ 37.4976875, 55.7241193 ], [ 37.4978251, 55.7239653 ], [ 37.4979062, 55.7238106 ], [ 37.4981825, 55.7235045 ], [ 37.4984237, 55.7232373 ], [ 37.4985843, 55.723046 ] ], [ [ 37.4967993, 55.7251272 ], [ 37.4969779, 55.72492 ], [ 37.4975499, 55.7242733 ], [ 37.4976875, 55.7241193 ] ], [ [ 37.4967993, 55.7251272 ], [ 37.4962307, 55.725736 ] ], [ [ 37.4949147, 55.7271274 ], [ 37.494946, 55.7270907 ], [ 37.4950333, 55.7269964 ], [ 37.4952042, 55.726807 ], [ 37.4956697, 55.7263104 ], [ 37.4962307, 55.725736 ] ], [ [ 37.4958167, 55.7275474 ], [ 37.4959205, 55.7274227 ], [ 37.4959019, 55.7273977 ], [ 37.4958489, 55.7273685 ], [ 37.4952336, 55.7271438 ], [ 37.4949975, 55.7271289 ], [ 37.4949147, 55.7271274 ] ], [ [ 37.4958167, 55.7275474 ], [ 37.4958839, 55.7275671 ], [ 37.4960245, 55.7276066 ] ], [ [ 37.4962259, 55.7273978 ], [ 37.4961559, 55.7274697 ], [ 37.496099, 55.7275286 ], [ 37.4960245, 55.7276066 ] ], [ [ 37.4996587, 55.728732 ], [ 37.4995081, 55.7286728 ], [ 37.4977941, 55.7279964 ], [ 37.4963831, 55.7274555 ], [ 37.4962259, 55.7273978 ] ], [ [ 37.4996587, 55.728732 ], [ 37.4995095, 55.7287687 ], [ 37.4993747, 55.7288048 ], [ 37.499229, 55.7288437 ], [ 37.4987083, 55.7290077 ], [ 37.4980934, 55.7292421 ], [ 37.4977533, 55.7293947 ], [ 37.4973073, 55.7296335 ], [ 37.4969042, 55.7298816 ], [ 37.4967525, 55.7299898 ], [ 37.4964644, 55.7301954 ], [ 37.4960005, 55.7305894 ], [ 37.4957117, 55.7308464 ], [ 37.49556, 55.7309422 ], [ 37.4954805, 55.7309761 ], [ 37.4954183, 55.7310027 ], [ 37.4951747, 55.7311315 ], [ 37.4950517, 55.7312249 ], [ 37.4950371, 55.7312355 ], [ 37.4949637, 55.7312873 ] ], [ [ 37.4949637, 55.7312873 ], [ 37.4949946, 55.731298 ], [ 37.495074, 55.7313094 ], [ 37.4951014, 55.7313172 ] ], [ [ 37.4951014, 55.7313172 ], [ 37.4951526, 55.7313537 ], [ 37.4951611, 55.7313813 ], [ 37.494847, 55.7316319 ] ], [ [ 37.494847, 55.7316319 ], [ 37.4947482, 55.7316129 ] ], [ [ 37.4947482, 55.7316129 ], [ 37.4946834, 55.7316742 ], [ 37.4943826, 55.731945 ], [ 37.4943217, 55.7320024 ] ], [ [ 37.4943217, 55.7320024 ], [ 37.4944254, 55.7320222 ], [ 37.4945012, 55.7320356 ] ], [ [ 37.4945012, 55.7320356 ], [ 37.4947909, 55.7320918 ] ], [ [ 37.4947909, 55.7320918 ], [ 37.494541, 55.7324803 ] ], [ [ 37.4944993, 55.7325328 ], [ 37.494541, 55.7324803 ] ], [ [ 37.4944993, 55.7325328 ], [ 37.4944589, 55.7325609 ], [ 37.4943822, 55.7326906 ], [ 37.4940036, 55.7326335 ], [ 37.4938638, 55.7326224 ], [ 37.4937193, 55.7326433 ], [ 37.4935796, 55.7327024 ] ], [ [ 37.4935796, 55.7327024 ], [ 37.4934549, 55.732741 ], [ 37.4932365, 55.7327056 ] ], [ [ 37.4927359, 55.7330775 ], [ 37.4928485, 55.7329821 ], [ 37.4930148, 55.7329328 ], [ 37.4930578, 55.7329034 ], [ 37.4931167, 55.7328633 ], [ 37.4932008, 55.7327556 ], [ 37.4932365, 55.7327056 ] ], [ [ 37.4927359, 55.7330775 ], [ 37.4926325, 55.7330653 ], [ 37.4923007, 55.7330263 ], [ 37.4906404, 55.7327662 ], [ 37.4904614, 55.7327421 ], [ 37.4902224, 55.7327254 ], [ 37.4900056, 55.7327401 ], [ 37.4899645, 55.7327522 ] ], [ [ 37.4899645, 55.7327522 ], [ 37.4898249, 55.7327933 ], [ 37.48963, 55.7328948 ] ], [ [ 37.48963, 55.7328948 ], [ 37.4895298, 55.7330108 ], [ 37.4892314, 55.73335 ] ], [ [ 37.4892314, 55.73335 ], [ 37.4892059, 55.7333983 ], [ 37.4892126, 55.7334414 ], [ 37.4892528, 55.7334814 ], [ 37.4893159, 55.7335108 ], [ 37.4894205, 55.7335252 ] ], [ [ 37.4894205, 55.7335252 ], [ 37.4894168, 55.7335785 ] ], [ [ 37.4894168, 55.7335785 ], [ 37.4898775, 55.7336543 ] ], [ [ 37.4898775, 55.7336543 ], [ 37.4900781, 55.7336832 ] ], [ [ 37.4900781, 55.7336832 ], [ 37.490279, 55.7337205 ], [ 37.4904941, 55.7337658 ], [ 37.4914455, 55.7340303 ] ], [ [ 37.4914455, 55.7340303 ], [ 37.491713, 55.7341102 ], [ 37.4923281, 55.7342909 ], [ 37.493003, 55.7344874 ] ], [ [ 37.493003, 55.7344874 ], [ 37.4932057, 55.7344361 ] ], [ [ 37.4947241, 55.7348844 ], [ 37.4941184, 55.7347085 ], [ 37.4938998, 55.734645 ], [ 37.4932057, 55.7344361 ] ], [ [ 37.552613, 55.8300302 ], [ 37.5527376, 55.8300632 ] ], [ [ 37.5527376, 55.8300632 ], [ 37.5528966, 55.8301054 ] ], [ [ 37.5525658, 55.8300818 ], [ 37.552613, 55.8300302 ] ], [ [ 37.5525213, 55.8301388 ], [ 37.5525658, 55.8300818 ] ], [ [ 37.5430022, 55.8253759 ], [ 37.5452457, 55.8264989 ], [ 37.5465696, 55.8271615 ], [ 37.5469544, 55.8273541 ], [ 37.5473477, 55.827551 ], [ 37.5477975, 55.8277761 ], [ 37.5478931, 55.827824 ], [ 37.5488697, 55.8283127 ], [ 37.5517318, 55.8297453 ], [ 37.5519327, 55.8298455 ], [ 37.5525213, 55.8301388 ] ], [ [ 37.5411587, 55.8244531 ], [ 37.5416716, 55.8247098 ], [ 37.5430022, 55.8253759 ] ], [ [ 37.5410058, 55.8243766 ], [ 37.5411587, 55.8244531 ] ], [ [ 37.5408365, 55.8242207 ], [ 37.5410058, 55.8243766 ] ], [ [ 37.5407565, 55.8241539 ], [ 37.5408365, 55.8242207 ] ], [ [ 37.540597, 55.8240546 ], [ 37.5407565, 55.8241539 ] ], [ [ 37.5398327, 55.8234526 ], [ 37.5403922, 55.8238932 ], [ 37.540597, 55.8240546 ] ], [ [ 37.5398327, 55.8234526 ], [ 37.5392346, 55.8237007 ], [ 37.538942, 55.8237741 ], [ 37.5380348, 55.8241195 ], [ 37.5379262, 55.8242257 ], [ 37.537402, 55.8248206 ], [ 37.5372697, 55.8250056 ], [ 37.5363062, 55.8257118 ], [ 37.5358121, 55.8261806 ], [ 37.5355136, 55.8265945 ], [ 37.5354095, 55.8267389 ] ], [ [ 37.5354903, 55.8268421 ], [ 37.5354095, 55.8267389 ] ], [ [ 37.5350538, 55.8270497 ], [ 37.5352683, 55.8269051 ], [ 37.5354903, 55.8268421 ] ], [ [ 37.5345954, 55.8270357 ], [ 37.5348584, 55.8270455 ], [ 37.5350538, 55.8270497 ] ], [ [ 37.5324271, 55.8269446 ], [ 37.5326883, 55.8269865 ], [ 37.532784, 55.826989 ], [ 37.5329281, 55.8269929 ], [ 37.5345954, 55.8270357 ] ], [ [ 37.5324271, 55.8269446 ], [ 37.5322369, 55.826851 ], [ 37.531836, 55.8266732 ] ], [ [ 37.531836, 55.8266732 ], [ 37.5317346, 55.8266283 ], [ 37.5314742, 55.8265069 ] ], [ [ 37.5314742, 55.8265069 ], [ 37.531378, 55.826462 ], [ 37.5303163, 55.8260165 ] ], [ [ 37.5303163, 55.8260165 ], [ 37.530284, 55.8260366 ] ], [ [ 37.5301083, 55.8260196 ], [ 37.5301701, 55.8260151 ], [ 37.5301926, 55.8260134 ], [ 37.5302393, 55.8260211 ], [ 37.530284, 55.8260366 ] ], [ [ 37.5301083, 55.8260196 ], [ 37.5300892, 55.8259803 ], [ 37.5300719, 55.8259363 ] ], [ [ 37.5300719, 55.8259363 ], [ 37.5298983, 55.8259579 ] ], [ [ 37.5295685, 55.8259898 ], [ 37.5297016, 55.8259769 ], [ 37.5298983, 55.8259579 ] ], [ [ 37.5295471, 55.8259727 ], [ 37.5295685, 55.8259898 ] ], [ [ 37.5292432, 55.8258959 ], [ 37.5295471, 55.8259727 ] ], [ [ 37.5293248, 55.8257972 ], [ 37.5292432, 55.8258959 ] ], [ [ 37.529429, 55.825676 ], [ 37.5293248, 55.8257972 ] ], [ [ 37.5291526, 55.8256066 ], [ 37.529429, 55.825676 ] ], [ [ 37.5274524, 55.8251698 ], [ 37.5276346, 55.8252175 ], [ 37.5280052, 55.8253124 ], [ 37.5291526, 55.8256066 ] ], [ [ 37.5270118, 55.8250541 ], [ 37.5274524, 55.8251698 ] ], [ [ 37.5234756, 55.8241425 ], [ 37.5237213, 55.8242062 ], [ 37.5258662, 55.8247593 ], [ 37.5259572, 55.8247828 ], [ 37.5261931, 55.8248431 ], [ 37.526926, 55.8250306 ], [ 37.5270118, 55.8250541 ] ], [ [ 37.5226218, 55.8239171 ], [ 37.5231625, 55.8240599 ], [ 37.5234756, 55.8241425 ] ], [ [ 37.5211443, 55.8235265 ], [ 37.5222179, 55.8238104 ], [ 37.5226218, 55.8239171 ] ], [ [ 37.5196324, 55.8231837 ], [ 37.51997, 55.8232139 ], [ 37.5200674, 55.8232416 ], [ 37.5211443, 55.8235265 ] ], [ [ 37.5181539, 55.8227912 ], [ 37.5183302, 55.8228311 ], [ 37.5189601, 55.8230017 ], [ 37.5196324, 55.8231837 ] ], [ [ 37.5181539, 55.8227912 ], [ 37.5179389, 55.8227354 ], [ 37.5177381, 55.8226832 ], [ 37.5170661, 55.8225087 ], [ 37.5168445, 55.8224512 ], [ 37.5166005, 55.8223878 ], [ 37.515439, 55.8220861 ], [ 37.5146888, 55.8218913 ], [ 37.514607, 55.8218701 ], [ 37.5125783, 55.8213433 ], [ 37.5121443, 55.8212306 ], [ 37.5119316, 55.8211753 ] ], [ [ 37.5119316, 55.8211753 ], [ 37.5113654, 55.8210282 ], [ 37.5112988, 55.8210109 ] ], [ [ 37.5112988, 55.8210109 ], [ 37.5111391, 55.8209696 ], [ 37.5107342, 55.8208643 ] ], [ [ 37.5107342, 55.8208643 ], [ 37.5098506, 55.8206344 ], [ 37.5085972, 55.8203019 ] ], [ [ 37.5085972, 55.8203019 ], [ 37.5080699, 55.8201742 ], [ 37.5079086, 55.8201334 ], [ 37.5067999, 55.8198527 ] ], [ [ 37.5067999, 55.8198527 ], [ 37.5055294, 55.8195266 ], [ 37.505129, 55.8194222 ] ], [ [ 37.505129, 55.8194222 ], [ 37.5049433, 55.819374 ], [ 37.5047576, 55.8193257 ], [ 37.5031471, 55.818916 ], [ 37.5023109, 55.8187032 ] ], [ [ 37.5023109, 55.8187032 ], [ 37.5023952, 55.818587 ] ], [ [ 37.5022483, 55.8185493 ], [ 37.5023952, 55.818587 ] ], [ [ 37.5015064, 55.818351 ], [ 37.5022483, 55.8185493 ] ], [ [ 37.5021436, 55.817567 ], [ 37.5015064, 55.818351 ] ], [ [ 37.5020513, 55.8175437 ], [ 37.5020732, 55.8175492 ], [ 37.5021436, 55.817567 ] ], [ [ 37.5027196, 55.8166752 ], [ 37.5020513, 55.8175437 ] ], [ [ 37.5026253, 55.8166496 ], [ 37.5026959, 55.8166687 ], [ 37.5027196, 55.8166752 ] ], [ [ 37.5009224, 55.8161875 ], [ 37.5009782, 55.8162027 ], [ 37.5026253, 55.8166496 ] ], [ [ 37.5009224, 55.8161875 ], [ 37.5009592, 55.8161467 ] ], [ [ 37.5009592, 55.8161467 ], [ 37.5009841, 55.8161191 ], [ 37.5012326, 55.8158437 ], [ 37.5013379, 55.815727 ], [ 37.501711, 55.8153135 ], [ 37.5017814, 55.8152354 ], [ 37.5017891, 55.8152289 ] ], [ [ 37.5017891, 55.8152289 ], [ 37.5018291, 55.8151953 ], [ 37.5018951, 55.815185 ] ], [ [ 37.5018951, 55.815185 ], [ 37.501887, 55.8150737 ] ], [ [ 37.5016397, 55.815075 ], [ 37.501887, 55.8150737 ] ], [ [ 37.5013434, 55.8150785 ], [ 37.5016397, 55.815075 ] ], [ [ 37.5007072, 55.8150827 ], [ 37.5007816, 55.8150811 ], [ 37.5013434, 55.8150785 ] ], [ [ 37.5002571, 55.8152397 ], [ 37.5002867, 55.8152112 ], [ 37.500331, 55.815174 ], [ 37.5003845, 55.8151423 ], [ 37.5004597, 55.8151139 ], [ 37.5005434, 55.8150958 ], [ 37.500646, 55.8150856 ], [ 37.5007072, 55.8150827 ] ], [ [ 37.5002571, 55.8152397 ], [ 37.4997483, 55.8152585 ] ], [ [ 37.4966901, 55.8152861 ], [ 37.4970749, 55.8152608 ], [ 37.4973142, 55.8152472 ], [ 37.4974151, 55.8152441 ], [ 37.4976119, 55.8152597 ], [ 37.498363, 55.8152416 ], [ 37.4986459, 55.8152371 ], [ 37.4988525, 55.8152107 ], [ 37.4992303, 55.8151979 ], [ 37.4996652, 55.8151836 ], [ 37.4997134, 55.8151904 ], [ 37.4997336, 55.8152062 ], [ 37.4997483, 55.8152585 ] ], [ [ 37.4966901, 55.8152861 ], [ 37.496513, 55.8152927 ] ], [ [ 37.496513, 55.8152927 ], [ 37.4940648, 55.8153661 ], [ 37.4939815, 55.8153509 ] ], [ [ 37.4939815, 55.8153509 ], [ 37.4937, 55.8153569 ], [ 37.4933415, 55.8153674 ], [ 37.4932828, 55.8153884 ] ], [ [ 37.4932828, 55.8153884 ], [ 37.493286, 55.8154356 ] ], [ [ 37.493286, 55.8154356 ], [ 37.4931682, 55.8154377 ] ], [ [ 37.4931682, 55.8154377 ], [ 37.4924457, 55.8154518 ], [ 37.4921366, 55.8154579 ], [ 37.4913984, 55.8154696 ], [ 37.4904844, 55.8154841 ], [ 37.4881681, 55.8155265 ], [ 37.4880014, 55.8155482 ] ], [ [ 37.4873103, 55.8160181 ], [ 37.4873304, 55.8159582 ], [ 37.4873752, 55.8158972 ], [ 37.4874335, 55.8158433 ], [ 37.4875818, 55.8157352 ], [ 37.4876055, 55.8157192 ], [ 37.4877616, 55.8156359 ], [ 37.4878866, 55.8155872 ], [ 37.4880014, 55.8155482 ] ], [ [ 37.4873498, 55.8164472 ], [ 37.4873337, 55.8162952 ], [ 37.4873201, 55.8161673 ], [ 37.4873103, 55.8160181 ] ], [ [ 37.487384, 55.8168254 ], [ 37.4873618, 55.8165849 ], [ 37.4873498, 55.8164472 ] ], [ [ 37.4873977, 55.816988 ], [ 37.4873918, 55.8169178 ], [ 37.487384, 55.8168254 ] ], [ [ 37.4867625, 55.8169959 ], [ 37.4867822, 55.8169957 ], [ 37.4872659, 55.8169896 ], [ 37.4873977, 55.816988 ] ], [ [ 37.4863394, 55.8169999 ], [ 37.4867625, 55.8169959 ] ], [ [ 37.4855723, 55.8172349 ], [ 37.4857093, 55.817191 ], [ 37.4858441, 55.8171477 ], [ 37.4859413, 55.8171165 ], [ 37.4859874, 55.8171017 ], [ 37.4861703, 55.8170431 ], [ 37.4863394, 55.8169999 ] ], [ [ 37.4855037, 55.8172521 ], [ 37.4855723, 55.8172349 ] ], [ [ 37.4851915, 55.8172874 ], [ 37.4855037, 55.8172521 ] ], [ [ 37.4835146, 55.8167313 ], [ 37.4839236, 55.8168374 ], [ 37.4842074, 55.8169199 ], [ 37.4844638, 55.8169911 ], [ 37.4847172, 55.8170908 ], [ 37.4849411, 55.817154 ], [ 37.4851915, 55.8172874 ] ], [ [ 37.4795123, 55.8155437 ], [ 37.4799377, 55.8155298 ], [ 37.4800784, 55.8155346 ], [ 37.4803761, 55.8155445 ], [ 37.480782, 55.815579 ], [ 37.4810842, 55.8156289 ], [ 37.481398, 55.815748 ], [ 37.4817385, 55.8158474 ], [ 37.4821315, 55.8159279 ], [ 37.4824544, 55.8160461 ], [ 37.482577, 55.8161161 ], [ 37.4826228, 55.8161582 ], [ 37.4827555, 55.8162692 ], [ 37.4827918, 55.8163007 ], [ 37.4828288, 55.8163393 ], [ 37.4835146, 55.8167313 ] ], [ [ 37.4762991, 55.8151075 ], [ 37.4764627, 55.8151105 ], [ 37.4766988, 55.8150909 ], [ 37.476908, 55.8150306 ], [ 37.4770474, 55.8149523 ], [ 37.4772084, 55.8149221 ], [ 37.4773639, 55.8149282 ], [ 37.477621, 55.8149627 ], [ 37.4779272, 55.8150819 ], [ 37.4785469, 55.8153215 ], [ 37.4788493, 55.8153861 ], [ 37.4793106, 55.8154886 ], [ 37.4795123, 55.8155437 ] ], [ [ 37.4745737, 55.8138802 ], [ 37.4748507, 55.8140004 ], [ 37.4751481, 55.8141841 ], [ 37.4756771, 55.8146308 ], [ 37.4759631, 55.8148639 ], [ 37.4761028, 55.814971 ], [ 37.4762991, 55.8151075 ] ], [ [ 37.4745737, 55.8138802 ], [ 37.474114, 55.8137477 ], [ 37.4739715, 55.8136933 ] ], [ [ 37.4739186, 55.8136788 ], [ 37.4739715, 55.8136933 ] ], [ [ 37.4711039, 55.8129775 ], [ 37.471228, 55.8129562 ], [ 37.4714679, 55.8129609 ], [ 37.4716523, 55.8130159 ], [ 37.4721253, 55.8132011 ], [ 37.4722593, 55.8132286 ], [ 37.4728573, 55.8132334 ], [ 37.4732095, 55.8133428 ], [ 37.47366, 55.8135584 ], [ 37.4739186, 55.8136788 ] ], [ [ 37.4635388, 55.8120635 ], [ 37.4637515, 55.8120929 ], [ 37.4639127, 55.8121134 ], [ 37.4640842, 55.8121209 ], [ 37.4644685, 55.8121127 ], [ 37.4647924, 55.8121204 ], [ 37.4649829, 55.812134 ], [ 37.4656239, 55.8122154 ], [ 37.4661684, 55.8123013 ], [ 37.4662488, 55.8123103 ], [ 37.466788, 55.8123706 ], [ 37.4671078, 55.8124224 ], [ 37.4674129, 55.81244 ], [ 37.4679977, 55.8124656 ], [ 37.468392, 55.8125048 ], [ 37.4684319, 55.8125111 ], [ 37.4685743, 55.8125334 ], [ 37.4688774, 55.8125937 ], [ 37.4691403, 55.8126374 ], [ 37.4696419, 55.8127037 ], [ 37.4700218, 55.8127124 ], [ 37.470181, 55.8127127 ], [ 37.4704305, 55.8127262 ], [ 37.4708194, 55.8127881 ], [ 37.4709699, 55.8128486 ], [ 37.4710531, 55.8129022 ], [ 37.4711039, 55.8129775 ] ], [ [ 37.4635388, 55.8120635 ], [ 37.4635519, 55.8120181 ], [ 37.4635883, 55.8118987 ], [ 37.4635976, 55.8118682 ] ], [ [ 37.4635976, 55.8118682 ], [ 37.4636205, 55.8117153 ] ], [ [ 37.4636205, 55.8117153 ], [ 37.4636725, 55.8111971 ] ], [ [ 37.463378, 55.8111877 ], [ 37.4636725, 55.8111971 ] ], [ [ 37.463378, 55.8111877 ], [ 37.463349, 55.8111861 ], [ 37.463319, 55.8111643 ] ], [ [ 37.463319, 55.8111643 ], [ 37.463226, 55.8111318 ], [ 37.4628301, 55.8109792 ], [ 37.462704, 55.8109355 ], [ 37.4626089, 55.8109159 ], [ 37.4623673, 55.8109063 ] ], [ [ 37.4623673, 55.8109063 ], [ 37.4617142, 55.810876 ], [ 37.4615533, 55.8108705 ] ], [ [ 37.4615533, 55.8108705 ], [ 37.4615107, 55.8108416 ], [ 37.4614462, 55.8108272 ], [ 37.4613994, 55.8108167 ], [ 37.4613069, 55.81077 ], [ 37.4612492, 55.8107233 ], [ 37.4612211, 55.810675 ], [ 37.4611916, 55.8106072 ], [ 37.4611983, 55.810507 ], [ 37.4612165, 55.8102339 ], [ 37.4612251, 55.8101061 ], [ 37.4612486, 55.8099233 ], [ 37.4612705, 55.8097759 ] ], [ [ 37.4612705, 55.8097759 ], [ 37.4612967, 55.8095641 ] ], [ [ 37.4612211, 55.8094904 ], [ 37.4612967, 55.8095641 ] ], [ [ 37.4612211, 55.8094904 ], [ 37.4611245, 55.8095077 ] ], [ [ 37.4611245, 55.8095077 ], [ 37.4610429, 55.8095046 ], [ 37.4609312, 55.8094995 ] ], [ [ 37.4608916, 55.8094977 ], [ 37.4609039, 55.8094177 ] ], [ [ 37.4609039, 55.8094177 ], [ 37.4603775, 55.8091222 ], [ 37.4602957, 55.8090978 ], [ 37.4602015, 55.8091133 ], [ 37.4601723, 55.8091181 ], [ 37.4600892, 55.8091588 ], [ 37.4597832, 55.8094083 ] ], [ [ 37.4597832, 55.8094083 ], [ 37.4596804, 55.8093736 ], [ 37.4595638, 55.809337 ] ], [ [ 37.4599348, 55.8090369 ], [ 37.4595638, 55.809337 ] ], [ [ 37.4599348, 55.8090369 ], [ 37.4601176, 55.8088784 ], [ 37.4601227, 55.8088181 ], [ 37.4601068, 55.8087911 ] ], [ [ 37.4601068, 55.8087911 ], [ 37.4602212, 55.808746 ], [ 37.4603173, 55.8087082 ], [ 37.4603657, 55.8086892 ], [ 37.4604811, 55.8086437 ], [ 37.4606238, 55.8085875 ] ], [ [ 37.4606238, 55.8085875 ], [ 37.4606683, 55.8086277 ] ], [ [ 37.4629383, 55.8076608 ], [ 37.4628751, 55.8076852 ], [ 37.4628495, 55.8076952 ], [ 37.4624453, 55.8078523 ], [ 37.4621502, 55.8078945 ], [ 37.4618484, 55.8079727 ], [ 37.461611, 55.8080616 ], [ 37.4615494, 55.8080841 ], [ 37.4613277, 55.8081713 ], [ 37.4611232, 55.8083045 ], [ 37.4606683, 55.8086277 ] ], [ [ 37.4629383, 55.8076608 ], [ 37.4627693, 55.8075161 ] ], [ [ 37.4627693, 55.8075161 ], [ 37.4627462, 55.8074963 ] ], [ [ 37.4627462, 55.8074963 ], [ 37.461949, 55.806814 ], [ 37.4614631, 55.8063945 ], [ 37.461365, 55.8063111 ], [ 37.4611363, 55.8061187 ], [ 37.4609883, 55.8059937 ] ], [ [ 37.4609883, 55.8059937 ], [ 37.4608078, 55.8058515 ] ], [ [ 37.4608078, 55.8058515 ], [ 37.460445, 55.8055656 ] ], [ [ 37.460445, 55.8055656 ], [ 37.4603106, 55.8054487 ] ], [ [ 37.4603106, 55.8054487 ], [ 37.4602189, 55.8053743 ], [ 37.4599348, 55.8051416 ], [ 37.4598147, 55.8050432 ], [ 37.4592831, 55.8045845 ] ], [ [ 37.4592831, 55.8045845 ], [ 37.4591828, 55.804502 ], [ 37.4590909, 55.8044265 ], [ 37.4583309, 55.803785 ], [ 37.4582084, 55.8036965 ] ], [ [ 37.4582084, 55.8036965 ], [ 37.4580118, 55.8036403 ], [ 37.4571323, 55.8034792 ], [ 37.4562374, 55.8033156 ] ], [ [ 37.4562374, 55.8033156 ], [ 37.4551436, 55.8031176 ], [ 37.4546265, 55.8030342 ], [ 37.4545069, 55.8030218 ], [ 37.4544632, 55.8030192 ], [ 37.4536823, 55.8030171 ], [ 37.4535688, 55.8030173 ], [ 37.4522653, 55.8030246 ], [ 37.4518025, 55.8030293 ], [ 37.450791, 55.8030401 ], [ 37.4507395, 55.8030407 ] ], [ [ 37.4507395, 55.8030407 ], [ 37.4507361, 55.8031087 ], [ 37.4506786, 55.8031322 ], [ 37.4506671, 55.8031633 ], [ 37.4506631, 55.8033174 ] ], [ [ 37.4505859, 55.8033197 ], [ 37.4506631, 55.8033174 ] ], [ [ 37.4506486, 55.8042293 ], [ 37.4506, 55.8035241 ], [ 37.4505916, 55.803403 ], [ 37.4505859, 55.8033197 ] ], [ [ 37.4517426, 55.8052781 ], [ 37.4517451, 55.8052239 ], [ 37.4517167, 55.8051976 ], [ 37.4512466, 55.804953 ], [ 37.451086, 55.8048471 ], [ 37.4509965, 55.8047837 ], [ 37.4509217, 55.8047149 ], [ 37.4508503, 55.8046405 ], [ 37.4507983, 55.8045749 ], [ 37.4507484, 55.8045101 ], [ 37.4507004, 55.8044264 ], [ 37.4506666, 55.8043344 ], [ 37.4506486, 55.8042293 ] ], [ [ 37.4377457, 55.8047976 ], [ 37.438485, 55.8048232 ], [ 37.4405422, 55.8048975 ] ], [ [ 37.4296752, 55.8038448 ], [ 37.430379, 55.8039539 ], [ 37.4343355, 55.804566 ], [ 37.4348618, 55.8046365 ], [ 37.43538, 55.8046907 ], [ 37.4358591, 55.804727 ], [ 37.4368022, 55.8047626 ], [ 37.437307, 55.8047794 ], [ 37.4377457, 55.8047976 ] ], [ [ 37.4296752, 55.8038448 ], [ 37.4297319, 55.8037284 ] ], [ [ 37.4297319, 55.8037284 ], [ 37.4289254, 55.8035889 ], [ 37.4288129, 55.803574 ], [ 37.4284699, 55.8035475 ], [ 37.428067, 55.8035225 ], [ 37.4279564, 55.803514 ], [ 37.4272454, 55.8034595 ], [ 37.4264668, 55.8034436 ], [ 37.4263424, 55.8034324 ] ], [ [ 37.4256767, 55.8032609 ], [ 37.4259044, 55.8032981 ], [ 37.4261273, 55.8033454 ], [ 37.4262697, 55.8033958 ], [ 37.4263424, 55.8034324 ] ], [ [ 37.4206247, 55.803509 ], [ 37.4211363, 55.8035181 ], [ 37.4216813, 55.8035016 ], [ 37.4222714, 55.8034654 ], [ 37.4231756, 55.8033647 ], [ 37.4233261, 55.8033445 ], [ 37.4240127, 55.8032756 ], [ 37.4241678, 55.8032656 ], [ 37.424886, 55.8032528 ], [ 37.4252875, 55.8032521 ], [ 37.4256767, 55.8032609 ] ], [ [ 37.4206247, 55.803509 ], [ 37.4201551, 55.8034805 ], [ 37.4197984, 55.8034446 ], [ 37.4194738, 55.8033945 ], [ 37.4192083, 55.8033508 ], [ 37.4189235, 55.8032786 ] ], [ [ 37.4144589, 55.7989833 ], [ 37.4148676, 55.7992917 ], [ 37.4157645, 55.7999689 ], [ 37.4160167, 55.8001576 ], [ 37.4169834, 55.8008993 ], [ 37.4171676, 55.8010847 ], [ 37.417295, 55.8012388 ], [ 37.4174846, 55.8014978 ], [ 37.4176886, 55.8017781 ], [ 37.418546, 55.802831 ], [ 37.4189235, 55.8032786 ] ], [ [ 37.4124135, 55.7974144 ], [ 37.4127303, 55.79767 ], [ 37.41286, 55.7977679 ], [ 37.4134499, 55.7982132 ], [ 37.4144589, 55.7989833 ] ], [ [ 37.4122675, 55.7972943 ], [ 37.412333, 55.7973462 ], [ 37.4123584, 55.7973677 ], [ 37.4124135, 55.7974144 ] ], [ [ 37.410151, 55.7942657 ], [ 37.4099399, 55.794531 ], [ 37.4099056, 55.7945944 ], [ 37.4100882, 55.7949279 ], [ 37.4101358, 55.7950021 ], [ 37.4106996, 55.7958517 ], [ 37.4108373, 55.7960349 ], [ 37.4111345, 55.7963802 ], [ 37.411434, 55.7966629 ], [ 37.4121099, 55.7971778 ], [ 37.4122675, 55.7972943 ] ], [ [ 37.410151, 55.7942657 ], [ 37.4101196, 55.7942166 ], [ 37.4100609, 55.7941389 ], [ 37.4098918, 55.7939112 ], [ 37.4097499, 55.7937219 ], [ 37.4095226, 55.7934048 ], [ 37.4092899, 55.793113 ], [ 37.4092392, 55.7930299 ], [ 37.4092138, 55.7929277 ], [ 37.4091987, 55.7928534 ], [ 37.4091249, 55.7925362 ], [ 37.4091051, 55.792379 ] ], [ [ 37.4089212, 55.7918244 ], [ 37.4091368, 55.792024 ], [ 37.409229, 55.7921637 ], [ 37.409246, 55.7922652 ], [ 37.4091671, 55.7923249 ], [ 37.4091051, 55.792379 ] ], [ [ 37.4089212, 55.7918244 ], [ 37.4089044, 55.7917471 ], [ 37.4087197, 55.7914268 ], [ 37.4082893, 55.7904332 ], [ 37.4076171, 55.7886448 ], [ 37.4070403, 55.7877983 ], [ 37.4057996, 55.7863211 ], [ 37.4048766, 55.7852905 ], [ 37.4038948, 55.7842689 ] ], [ [ 37.4038948, 55.7842689 ], [ 37.403064, 55.784003 ], [ 37.4026438, 55.7838921 ], [ 37.4022614, 55.7839415 ], [ 37.4010865, 55.7841998 ], [ 37.4004897, 55.7843726 ], [ 37.39995, 55.784635 ] ], [ [ 37.39995, 55.784635 ], [ 37.3998027, 55.7847159 ], [ 37.3995678, 55.7848448 ] ], [ [ 37.3995678, 55.7848448 ], [ 37.3991823, 55.7851022 ] ], [ [ 37.3991823, 55.7851022 ], [ 37.3983182, 55.7853129 ] ], [ [ 37.3953686, 55.7807796 ], [ 37.3957562, 55.7813064 ], [ 37.3958224, 55.7813963 ], [ 37.3960714, 55.7817409 ], [ 37.3970387, 55.7830797 ], [ 37.3972452, 55.7833453 ], [ 37.3974861, 55.7837799 ], [ 37.3975467, 55.7840786 ], [ 37.397606, 55.7843713 ], [ 37.3977317, 55.7845881 ], [ 37.3981912, 55.785156 ], [ 37.3983182, 55.7853129 ] ], [ [ 37.3953439, 55.7807461 ], [ 37.3953686, 55.7807796 ] ], [ [ 37.39477, 55.7801088 ], [ 37.3951583, 55.7805274 ], [ 37.3953439, 55.7807461 ] ], [ [ 37.3911235, 55.7771047 ], [ 37.3922764, 55.7783139 ], [ 37.3941124, 55.7796157 ], [ 37.39477, 55.7801088 ] ], [ [ 37.3872368, 55.7744296 ], [ 37.3873946, 55.7745229 ], [ 37.3892909, 55.7753828 ], [ 37.3896824, 55.7756461 ], [ 37.3904147, 55.7763284 ], [ 37.3904537, 55.7763692 ], [ 37.3911235, 55.7771047 ] ], [ [ 37.3872368, 55.7744296 ], [ 37.3872042, 55.7743207 ], [ 37.3871793, 55.7737954 ] ], [ [ 37.3871793, 55.7737954 ], [ 37.3871626, 55.7734324 ], [ 37.3870854, 55.772349 ], [ 37.3870298, 55.7715685 ], [ 37.387023, 55.7712075 ], [ 37.3871758, 55.7710235 ] ], [ [ 37.3871827, 55.770932 ], [ 37.3871758, 55.7710235 ] ], [ [ 37.3871863, 55.7709035 ], [ 37.3871827, 55.770932 ] ], [ [ 37.3872063, 55.770904 ], [ 37.3871863, 55.7709035 ] ], [ [ 37.3872784, 55.7709056 ], [ 37.3872348, 55.7709046 ], [ 37.3872063, 55.770904 ] ], [ [ 37.3877767, 55.7709147 ], [ 37.3875167, 55.7709112 ], [ 37.3873862, 55.7709082 ], [ 37.3872784, 55.7709056 ] ], [ [ 37.3877719, 55.7709728 ], [ 37.3877767, 55.7709147 ] ], [ [ 37.3891584, 55.7710215 ], [ 37.3878601, 55.7710007 ], [ 37.3878098, 55.7709942 ], [ 37.3877719, 55.7709728 ] ], [ [ 37.3891876, 55.7709775 ], [ 37.3891584, 55.7710215 ] ], [ [ 37.3891876, 55.7709775 ], [ 37.3905432, 55.7710048 ] ], [ [ 37.3905432, 55.7710048 ], [ 37.3907124, 55.771011 ], [ 37.3932361, 55.7711034 ], [ 37.393934, 55.7711342 ] ], [ [ 37.393934, 55.7711342 ], [ 37.3949748, 55.7711802 ] ], [ [ 37.3949748, 55.7711802 ], [ 37.3962309, 55.7711996 ] ], [ [ 37.3962309, 55.7711996 ], [ 37.3962144, 55.7711258 ] ], [ [ 37.3962661, 55.7711252 ], [ 37.3962144, 55.7711258 ] ], [ [ 37.4034226, 55.7715428 ], [ 37.4030279, 55.7715241 ], [ 37.4026367, 55.7714995 ], [ 37.4021143, 55.7714631 ], [ 37.4017225, 55.7714346 ], [ 37.4013294, 55.771399 ], [ 37.4000313, 55.7712814 ], [ 37.39895, 55.7711834 ], [ 37.3986898, 55.7711627 ], [ 37.3984906, 55.771147 ], [ 37.3981438, 55.7711297 ], [ 37.3974366, 55.7711167 ], [ 37.3967356, 55.7711159 ], [ 37.3965426, 55.7711195 ], [ 37.3962661, 55.7711252 ] ], [ [ 37.404381, 55.7715699 ], [ 37.4038728, 55.7715553 ], [ 37.4035847, 55.7715473 ], [ 37.4034226, 55.7715428 ] ], [ [ 37.4046907, 55.771577 ], [ 37.404381, 55.7715699 ] ], [ [ 37.4046835, 55.7717065 ], [ 37.4046907, 55.771577 ] ], [ [ 37.4046835, 55.7717065 ], [ 37.4047204, 55.7717178 ], [ 37.404974, 55.7717273 ] ], [ [ 37.404974, 55.7717273 ], [ 37.4065185, 55.7717853 ], [ 37.4073114, 55.7718105 ], [ 37.4079853, 55.771826 ] ], [ [ 37.4079853, 55.771826 ], [ 37.4079812, 55.7718759 ], [ 37.4080029, 55.771934 ], [ 37.4080557, 55.7719842 ], [ 37.4081281, 55.7720351 ], [ 37.4084307, 55.7721924 ], [ 37.4089055, 55.7723115 ], [ 37.4093163, 55.7723745 ], [ 37.4097115, 55.7723986 ], [ 37.4100156, 55.7723971 ], [ 37.4102945, 55.7724052 ], [ 37.4105774, 55.772427 ], [ 37.4112072, 55.7725362 ], [ 37.4113441, 55.7725593 ], [ 37.4119988, 55.7726163 ], [ 37.4125412, 55.7726359 ], [ 37.4129971, 55.7726126 ] ], [ [ 37.4129971, 55.7726126 ], [ 37.4133226, 55.7726296 ], [ 37.4135423, 55.7726523 ], [ 37.4139101, 55.7727249 ] ], [ [ 37.4139101, 55.7727249 ], [ 37.4143085, 55.7729361 ] ], [ [ 37.4143085, 55.7729361 ], [ 37.4145456, 55.7729217 ], [ 37.4147557, 55.7729126 ], [ 37.4149658, 55.7729174 ], [ 37.4153729, 55.7729714 ], [ 37.4158918, 55.7730535 ], [ 37.4160867, 55.7730839 ], [ 37.4162429, 55.7730949 ], [ 37.4164888, 55.7730883 ], [ 37.4169262, 55.7730537 ], [ 37.4171818, 55.7730361 ], [ 37.4173974, 55.7730233 ], [ 37.4176007, 55.7730313 ], [ 37.4177483, 55.7730558 ], [ 37.4182244, 55.7731887 ], [ 37.418873, 55.7733115 ], [ 37.4190323, 55.7733163 ], [ 37.4192317, 55.7733438 ], [ 37.4194805, 55.7733973 ], [ 37.419629, 55.7734398 ] ], [ [ 37.419629, 55.7734398 ], [ 37.4198764, 55.7734994 ], [ 37.4200127, 55.7735216 ], [ 37.4202439, 55.7735428 ], [ 37.4206926, 55.7735791 ], [ 37.4210278, 55.7735956 ], [ 37.4212893, 55.7736077 ], [ 37.4215458, 55.7736145 ], [ 37.4218272, 55.7736097 ], [ 37.4219933, 55.7735907 ], [ 37.4221273, 55.7735642 ], [ 37.4224865, 55.7735058 ], [ 37.4225754, 55.7734995 ], [ 37.4226482, 55.7735099 ], [ 37.4228904, 55.7736087 ], [ 37.4229518, 55.773619 ], [ 37.4230079, 55.7736187 ], [ 37.4230724, 55.773615 ], [ 37.4231289, 55.7736068 ], [ 37.4232983, 55.7735756 ], [ 37.4235084, 55.7735269 ], [ 37.4237118, 55.7734653 ], [ 37.4238899, 55.7733945 ], [ 37.4241338, 55.7732604 ], [ 37.4241835, 55.7732279 ], [ 37.424276, 55.7731785 ], [ 37.4243832, 55.7731419 ] ], [ [ 37.4243832, 55.7731419 ], [ 37.4245132, 55.7731666 ], [ 37.4245696, 55.7731906 ], [ 37.4246213, 55.7732259 ], [ 37.4246971, 55.7732801 ], [ 37.4247709, 55.7733315 ], [ 37.4248501, 55.7733709 ], [ 37.4249818, 55.7734125 ], [ 37.4251131, 55.7734473 ], [ 37.4252445, 55.7734707 ], [ 37.4254281, 55.7734942 ], [ 37.4256434, 55.7734936 ], [ 37.4260625, 55.773475 ], [ 37.4264789, 55.773467 ], [ 37.4269017, 55.773475 ], [ 37.4274247, 55.7734822 ], [ 37.4275092, 55.7734788 ], [ 37.4275901, 55.7734715 ], [ 37.4279225, 55.7734351 ], [ 37.4283235, 55.7733884 ], [ 37.4284315, 55.773377 ], [ 37.4285485, 55.7733726 ], [ 37.4296193, 55.7733144 ], [ 37.4297485, 55.7732999 ], [ 37.4298742, 55.7732775 ], [ 37.4304467, 55.7731592 ], [ 37.4305678, 55.7731342 ] ], [ [ 37.4379246, 55.7739259 ], [ 37.4377717, 55.773868 ], [ 37.4375194, 55.7737841 ], [ 37.436706, 55.773566 ], [ 37.4358048, 55.7733699 ], [ 37.4356695, 55.773344 ], [ 37.4350806, 55.7732311 ], [ 37.4348276, 55.7731912 ], [ 37.4345066, 55.7731406 ], [ 37.4339165, 55.7730984 ], [ 37.4333313, 55.7731009 ], [ 37.4328728, 55.7731028 ], [ 37.4310977, 55.7730902 ], [ 37.4308872, 55.7730951 ], [ 37.4307086, 55.7731119 ], [ 37.4305678, 55.7731342 ] ], [ [ 37.4379246, 55.7739259 ], [ 37.4379485, 55.7739098 ], [ 37.4383335, 55.7736571 ] ], [ [ 37.4383335, 55.7736571 ], [ 37.43838, 55.7736196 ] ], [ [ 37.4283492, 55.7694367 ], [ 37.4283857, 55.7694461 ], [ 37.4284669, 55.769467 ], [ 37.4288473, 55.7696103 ], [ 37.4291218, 55.7697783 ], [ 37.42953, 55.770188 ], [ 37.4304573, 55.7710565 ], [ 37.4316513, 55.7721459 ], [ 37.4319793, 55.7724082 ], [ 37.43207, 55.7724656 ], [ 37.4321932, 55.7724995 ], [ 37.4323088, 55.7725152 ], [ 37.4326074, 55.7725378 ], [ 37.4327571, 55.7725457 ], [ 37.4329506, 55.7725564 ], [ 37.4331389, 55.7725723 ], [ 37.4339006, 55.772623 ], [ 37.4341591, 55.7726449 ], [ 37.4344397, 55.7726718 ], [ 37.4348391, 55.7727208 ], [ 37.4350699, 55.7727509 ], [ 37.4354244, 55.7728055 ], [ 37.4358435, 55.7728795 ], [ 37.4359659, 55.7729002 ], [ 37.4360807, 55.7729272 ], [ 37.4362874, 55.7729706 ], [ 37.4370935, 55.7731743 ], [ 37.4374783, 55.7732935 ], [ 37.4378326, 55.7734195 ], [ 37.4382352, 55.7735671 ], [ 37.43838, 55.7736196 ] ], [ [ 37.4281889, 55.7694035 ], [ 37.4283492, 55.7694367 ] ], [ [ 37.4283595, 55.7689408 ], [ 37.4282468, 55.7692711 ], [ 37.4281889, 55.7694035 ] ], [ [ 37.4283974, 55.7688329 ], [ 37.4283595, 55.7689408 ] ], [ [ 37.4284385, 55.7687086 ], [ 37.4283974, 55.7688329 ] ], [ [ 37.428675, 55.7680147 ], [ 37.4284385, 55.7687086 ] ], [ [ 37.4289125, 55.7673086 ], [ 37.4287497, 55.7677954 ], [ 37.428675, 55.7680147 ] ], [ [ 37.4290422, 55.7669334 ], [ 37.4289413, 55.7672285 ], [ 37.4289125, 55.7673086 ] ], [ [ 37.4290422, 55.7669334 ], [ 37.4290708, 55.7665988 ] ], [ [ 37.4290708, 55.7665988 ], [ 37.4293175, 55.7659123 ], [ 37.4296749, 55.7649289 ], [ 37.4304651, 55.7627546 ], [ 37.4306533, 55.7621835 ], [ 37.4313043, 55.7604036 ], [ 37.4313374, 55.7603132 ], [ 37.432166, 55.7579289 ] ], [ [ 37.4322729, 55.7579406 ], [ 37.432166, 55.7579289 ] ], [ [ 37.433086, 55.7548426 ], [ 37.4331306, 55.7549782 ], [ 37.433178, 55.7551707 ], [ 37.4331665, 55.7553603 ], [ 37.4331365, 55.7555239 ], [ 37.4330821, 55.7557383 ], [ 37.4324955, 55.7573374 ], [ 37.4324395, 55.75749 ], [ 37.4324045, 55.7575855 ], [ 37.4322729, 55.7579406 ] ], [ [ 37.4328308, 55.7542223 ], [ 37.4328571, 55.7542863 ], [ 37.4329197, 55.7544383 ], [ 37.4329697, 55.7545599 ], [ 37.433086, 55.7548426 ] ], [ [ 37.4327892, 55.7541143 ], [ 37.4328308, 55.7542223 ] ], [ [ 37.4327207, 55.7539529 ], [ 37.4327892, 55.7541143 ] ], [ [ 37.4325924, 55.7536507 ], [ 37.4326419, 55.7537674 ], [ 37.4327207, 55.7539529 ] ], [ [ 37.4324365, 55.7533103 ], [ 37.4325924, 55.7536507 ] ], [ [ 37.4320582, 55.7524842 ], [ 37.4324365, 55.7533103 ] ], [ [ 37.4318051, 55.7519181 ], [ 37.4318556, 55.7520346 ], [ 37.4319146, 55.7521707 ], [ 37.4319762, 55.7523051 ], [ 37.4320582, 55.7524842 ] ], [ [ 37.4312871, 55.7507406 ], [ 37.4314422, 55.7510799 ], [ 37.4315283, 55.7512788 ], [ 37.4318051, 55.7519181 ] ], [ [ 37.4312871, 55.7507406 ], [ 37.4313833, 55.7507241 ] ], [ [ 37.4313833, 55.7507241 ], [ 37.4315081, 55.7507041 ], [ 37.4316053, 55.7509384 ], [ 37.432329, 55.7508317 ] ], [ [ 37.4322921, 55.7507444 ], [ 37.432329, 55.7508317 ] ], [ [ 37.4327076, 55.7506631 ], [ 37.4324785, 55.7506942 ], [ 37.4322922, 55.750723 ], [ 37.4322921, 55.7507444 ] ], [ [ 37.4354086, 55.7500791 ], [ 37.4329034, 55.7505932 ], [ 37.4327869, 55.7506214 ], [ 37.4327076, 55.7506631 ] ], [ [ 37.4354086, 55.7500791 ], [ 37.4355255, 55.7500742 ], [ 37.4356609, 55.7500885 ], [ 37.4357615, 55.7501178 ] ], [ [ 37.4358721, 55.7500673 ], [ 37.4357615, 55.7501178 ] ], [ [ 37.4358721, 55.7500673 ], [ 37.4358989, 55.7500865 ], [ 37.4359913, 55.7501522 ], [ 37.4365098, 55.7504971 ], [ 37.4368706, 55.7506916 ], [ 37.4372526, 55.7508753 ], [ 37.4384505, 55.7513504 ], [ 37.4388641, 55.7514954 ] ], [ [ 37.4388641, 55.7514954 ], [ 37.4389648, 55.7515307 ] ], [ [ 37.4389648, 55.7515307 ], [ 37.4390115, 55.7514848 ], [ 37.4390258, 55.7514694 ], [ 37.4390258, 55.7514499 ], [ 37.4390019, 55.7514276 ], [ 37.4379414, 55.7507922 ] ], [ [ 37.4354022, 55.7489939 ], [ 37.4354077, 55.7490043 ], [ 37.4355921, 55.7493489 ], [ 37.4358901, 55.7496881 ], [ 37.4364506, 55.7500324 ], [ 37.4365754, 55.7501068 ], [ 37.4376413, 55.7506484 ], [ 37.4376704, 55.7506628 ], [ 37.4379414, 55.7507922 ] ], [ [ 37.4359944, 55.746584 ], [ 37.435367, 55.747013 ], [ 37.4351284, 55.7472749 ], [ 37.4350144, 55.7475603 ], [ 37.4350165, 55.747798 ], [ 37.4351238, 55.7482448 ], [ 37.4353727, 55.7489316 ], [ 37.4354022, 55.7489939 ] ], [ [ 37.4359944, 55.746584 ], [ 37.4360966, 55.7463684 ], [ 37.4365019, 55.7461163 ], [ 37.4370842, 55.745754 ], [ 37.4376459, 55.7454045 ], [ 37.4380593, 55.745177 ], [ 37.4381273, 55.7451396 ], [ 37.4383162, 55.7450436 ], [ 37.4383116, 55.7449554 ] ], [ [ 37.4383116, 55.7449554 ], [ 37.4383269, 55.7449116 ], [ 37.4383662, 55.7448781 ], [ 37.438436, 55.7448556 ] ], [ [ 37.438436, 55.7448556 ], [ 37.438595, 55.7448698 ], [ 37.4388003, 55.7448227 ], [ 37.439293, 55.7445443 ], [ 37.4395004, 55.7444017 ], [ 37.4396744, 55.7442325 ], [ 37.4405307, 55.7437313 ], [ 37.4411695, 55.7433307 ], [ 37.4418226, 55.7430663 ], [ 37.4419461, 55.7429822 ], [ 37.4421628, 55.7428346 ], [ 37.4429486, 55.7424598 ], [ 37.4436235, 55.7420862 ], [ 37.4442781, 55.7418124 ], [ 37.4444693, 55.741656 ], [ 37.4445954, 55.7415639 ], [ 37.4447161, 55.7414884 ], [ 37.4448274, 55.7414325 ] ], [ [ 37.4448274, 55.7414325 ], [ 37.4448971, 55.7414069 ] ], [ [ 37.4448971, 55.7414069 ], [ 37.4449616, 55.7414035 ], [ 37.4450728, 55.7413978 ], [ 37.4452981, 55.7414371 ], [ 37.4455154, 55.7414114 ], [ 37.4457595, 55.7413148 ], [ 37.4461564, 55.7411743 ], [ 37.4464864, 55.7410868 ], [ 37.4468592, 55.7410339 ], [ 37.4472561, 55.7410294 ], [ 37.447468, 55.7410249 ], [ 37.4479844, 55.7408583 ], [ 37.4484665, 55.7407596 ], [ 37.4488468, 55.7406459 ], [ 37.449211, 55.7405463 ], [ 37.4505007, 55.7402326 ], [ 37.4513419, 55.7400998 ], [ 37.4520395, 55.7400565 ], [ 37.452567, 55.7400349 ], [ 37.4525917, 55.7400332 ] ], [ [ 37.4525917, 55.7400332 ], [ 37.4526715, 55.7400278 ] ], [ [ 37.4526715, 55.7400278 ], [ 37.4527354, 55.7400234 ], [ 37.4531713, 55.7400277 ], [ 37.4535911, 55.7400289 ], [ 37.45442, 55.7400551 ], [ 37.4553588, 55.7400823 ], [ 37.4554186, 55.740084 ] ], [ [ 37.4554186, 55.740084 ], [ 37.4555629, 55.7401612 ], [ 37.4557049, 55.7402197 ] ], [ [ 37.4568579, 55.7403212 ], [ 37.4563423, 55.7402765 ], [ 37.4557049, 55.7402197 ] ], [ [ 37.4579595, 55.7405383 ], [ 37.4575414, 55.7404429 ], [ 37.4568579, 55.7403212 ] ], [ [ 37.4579595, 55.7405383 ], [ 37.4588419, 55.7406376 ], [ 37.4596001, 55.7408011 ], [ 37.4598511, 55.7408758 ], [ 37.4602197, 55.7409856 ], [ 37.4607353, 55.7410663 ], [ 37.4622551, 55.7414348 ], [ 37.4633878, 55.7417488 ], [ 37.4642097, 55.7420209 ], [ 37.4650197, 55.7423017 ], [ 37.465819, 55.7426701 ], [ 37.4665003, 55.7429932 ], [ 37.4671342, 55.7433109 ], [ 37.4682129, 55.7437912 ], [ 37.4691413, 55.7441597 ], [ 37.4698857, 55.7446931 ], [ 37.4705261, 55.7450298 ], [ 37.4710041, 55.7452553 ], [ 37.4713186, 55.7454453 ], [ 37.4718855, 55.7458473 ], [ 37.4723014, 55.7460375 ], [ 37.4727267, 55.7463763 ], [ 37.4729739, 55.7465552 ], [ 37.4731437, 55.7466781 ], [ 37.4733348, 55.7468164 ], [ 37.4740578, 55.7470306 ], [ 37.4743877, 55.7472448 ], [ 37.4745822, 55.7472924 ], [ 37.4746151, 55.7473191 ], [ 37.4748401, 55.7475019 ], [ 37.4749531, 55.747564 ], [ 37.4751171, 55.747678 ], [ 37.4752131, 55.7477814 ], [ 37.4753794, 55.7479605 ], [ 37.4754681, 55.7480561 ], [ 37.4755082, 55.7480992 ] ], [ [ 37.4755082, 55.7480992 ], [ 37.4756055, 55.7481349 ], [ 37.4759576, 55.7481401 ] ], [ [ 37.4761037, 55.7475802 ], [ 37.4760831, 55.7478486 ], [ 37.4759576, 55.7481401 ] ], [ [ 37.4761037, 55.7475802 ], [ 37.4761378, 55.7471427 ], [ 37.4760652, 55.7470352 ], [ 37.4757495, 55.7467269 ], [ 37.4756723, 55.746547 ], [ 37.4757549, 55.7464045 ] ], [ [ 37.4759158, 55.7458859 ], [ 37.4758008, 55.7461341 ], [ 37.4757549, 55.7464045 ] ], [ [ 37.4763135, 55.7462105 ], [ 37.4760928, 55.7460192 ], [ 37.4759158, 55.7458859 ] ], [ [ 37.4808014, 55.7505278 ], [ 37.4808757, 55.7502417 ], [ 37.480915, 55.7501016 ], [ 37.4809201, 55.7499704 ], [ 37.4809187, 55.7498707 ], [ 37.4808889, 55.7497859 ], [ 37.4808453, 55.7497122 ], [ 37.4807069, 55.7496372 ], [ 37.4804823, 55.7495341 ], [ 37.4797699, 55.7492895 ], [ 37.4796004, 55.749194 ], [ 37.4794119, 55.7490333 ], [ 37.4792886, 55.7488568 ], [ 37.4789182, 55.7485436 ], [ 37.4781518, 55.7479421 ], [ 37.4777904, 55.7475187 ], [ 37.4776915, 55.7472931 ], [ 37.4775435, 55.7471304 ], [ 37.4770464, 55.7466707 ], [ 37.4768034, 55.7465349 ], [ 37.4764985, 55.7463439 ], [ 37.4763135, 55.7462105 ] ], [ [ 37.4800839, 55.7521209 ], [ 37.480089, 55.752084 ], [ 37.4802241, 55.7518474 ], [ 37.4804533, 55.7514431 ], [ 37.4805823, 55.7512454 ], [ 37.4806296, 55.7511249 ], [ 37.4806605, 55.7510181 ], [ 37.4806888, 55.7508325 ], [ 37.4807587, 55.7506041 ], [ 37.4808014, 55.7505278 ] ], [ [ 37.4800839, 55.7521209 ], [ 37.4801116, 55.7521566 ], [ 37.4803099, 55.75223 ], [ 37.4804925, 55.752284 ], [ 37.480621, 55.7523096 ], [ 37.4807253, 55.7523273 ], [ 37.4808638, 55.7523437 ], [ 37.4811086, 55.7523422 ] ], [ [ 37.4811086, 55.7523422 ], [ 37.4817988, 55.7522785 ], [ 37.481937, 55.7522746 ], [ 37.4822303, 55.7522983 ], [ 37.482393, 55.7523048 ], [ 37.4826071, 55.7523009 ], [ 37.4827235, 55.7523057 ], [ 37.4829589, 55.752332 ], [ 37.4833578, 55.7524001 ] ], [ [ 37.4833578, 55.7524001 ], [ 37.4837023, 55.7524763 ], [ 37.4841489, 55.7525751 ], [ 37.4843751, 55.752607 ], [ 37.4846447, 55.7526249 ], [ 37.4849376, 55.7526257 ], [ 37.4851719, 55.7526025 ], [ 37.485589, 55.752566 ], [ 37.4858777, 55.7525531 ], [ 37.4860583, 55.752561 ], [ 37.4861971, 55.7525541 ], [ 37.4863359, 55.7525314 ], [ 37.4869026, 55.7524092 ], [ 37.487152, 55.7523714 ], [ 37.4872722, 55.7523639 ], [ 37.4873698, 55.7523722 ], [ 37.4874406, 55.7523851 ], [ 37.4877155, 55.7524291 ], [ 37.4880272, 55.7524361 ], [ 37.4884036, 55.7523955 ], [ 37.4886894, 55.7523782 ], [ 37.4892215, 55.7523399 ], [ 37.4893816, 55.752344 ], [ 37.4895786, 55.7523314 ], [ 37.4896982, 55.7523409 ], [ 37.4898646, 55.7523766 ], [ 37.4899971, 55.75239 ], [ 37.4902923, 55.7523919 ], [ 37.49049, 55.7524118 ], [ 37.4907422, 55.7525103 ], [ 37.4909223, 55.7525908 ], [ 37.4911094, 55.752645 ], [ 37.4912296, 55.7526698 ], [ 37.4913505, 55.7526737 ], [ 37.4916208, 55.7526618 ], [ 37.4917343, 55.7526514 ], [ 37.4918268, 55.7526291 ], [ 37.491951, 55.7525279 ], [ 37.4920192, 55.7524266 ], [ 37.4920696, 55.7523615 ], [ 37.4920953, 55.7522924 ], [ 37.4920943, 55.7522373 ], [ 37.492051, 55.7521702 ], [ 37.492019, 55.7519956 ], [ 37.4919973, 55.7518815 ], [ 37.4919314, 55.7517655 ], [ 37.4917854, 55.7516708 ], [ 37.4916811, 55.7514934 ], [ 37.4914877, 55.7513123 ], [ 37.4914133, 55.7512317 ], [ 37.4914235, 55.7511398 ], [ 37.4914587, 55.7510341 ], [ 37.4914801, 55.7508978 ], [ 37.4913872, 55.7507955 ], [ 37.4913236, 55.7506857 ], [ 37.4913242, 55.7506497 ] ], [ [ 37.4916968, 55.7506529 ], [ 37.4913242, 55.7506497 ] ], [ [ 37.491949, 55.7506565 ], [ 37.491928, 55.7506562 ], [ 37.4916968, 55.7506529 ] ], [ [ 37.491949, 55.7506565 ], [ 37.4920675, 55.7507238 ] ], [ [ 37.4923615, 55.7506848 ], [ 37.4922162, 55.7507053 ], [ 37.4920675, 55.7507238 ] ], [ [ 37.4947834, 55.747414 ], [ 37.4936949, 55.7485961 ], [ 37.4923962, 55.7500013 ], [ 37.4922718, 55.7501636 ], [ 37.492228, 55.7502739 ], [ 37.4922284, 55.7503818 ], [ 37.4922661, 55.7505255 ], [ 37.4923439, 55.7506565 ], [ 37.4923615, 55.7506848 ] ], [ [ 37.4945187, 55.7473443 ], [ 37.4946604, 55.7473807 ], [ 37.4947834, 55.747414 ] ], [ [ 37.4945137, 55.747313 ], [ 37.4945187, 55.7473443 ] ], [ [ 37.494473, 55.7472922 ], [ 37.4945137, 55.747313 ] ], [ [ 37.494473, 55.7472922 ], [ 37.4917356, 55.7465019 ], [ 37.4910274, 55.7462965 ], [ 37.4900853, 55.7460192 ] ], [ [ 37.4900853, 55.7460192 ], [ 37.4882726, 55.7454779 ], [ 37.4880262, 55.7454043 ], [ 37.487547, 55.7452665 ], [ 37.4868972, 55.7450787 ], [ 37.485414, 55.7446502 ] ], [ [ 37.485414, 55.7446502 ], [ 37.4853545, 55.7446345 ] ], [ [ 37.4854732, 55.7444988 ], [ 37.4854141, 55.7445663 ], [ 37.4853545, 55.7446345 ] ], [ [ 37.4852516, 55.7444323 ], [ 37.4854732, 55.7444988 ] ], [ [ 37.4850618, 55.7444001 ], [ 37.4851809, 55.744433 ], [ 37.4852516, 55.7444323 ] ], [ [ 37.4850807, 55.7443809 ], [ 37.4850618, 55.7444001 ] ], [ [ 37.4880906, 55.7413305 ], [ 37.4879771, 55.7414459 ], [ 37.4879165, 55.7415076 ], [ 37.4871589, 55.7422782 ], [ 37.4864363, 55.7430116 ], [ 37.486384, 55.7430599 ], [ 37.485811, 55.7436407 ], [ 37.4851788, 55.7442814 ], [ 37.4851298, 55.7443312 ], [ 37.4850807, 55.7443809 ] ], [ [ 37.4880906, 55.7413305 ], [ 37.4881786, 55.7413546 ] ], [ [ 37.4881786, 55.7413546 ], [ 37.4883901, 55.7414124 ], [ 37.4886872, 55.7414983 ], [ 37.4888172, 55.7415402 ] ], [ [ 37.4888172, 55.7415402 ], [ 37.4888509, 55.7415058 ] ], [ [ 37.4888509, 55.7415058 ], [ 37.4888845, 55.7414714 ], [ 37.4889417, 55.7414115 ] ], [ [ 37.4889417, 55.7414115 ], [ 37.4887841, 55.7413649 ], [ 37.4885363, 55.741292 ] ], [ [ 37.4885363, 55.741292 ], [ 37.4887986, 55.7410133 ] ], [ [ 37.4887986, 55.7410133 ], [ 37.4889952, 55.7408172 ], [ 37.4894767, 55.7403426 ] ], [ [ 37.4897429, 55.7401346 ], [ 37.4896513, 55.7401861 ], [ 37.4894767, 55.7403426 ] ], [ [ 37.4897644, 55.7401404 ], [ 37.4897429, 55.7401346 ] ], [ [ 37.4897644, 55.7401404 ], [ 37.4897946, 55.7401255 ], [ 37.4899006, 55.740077 ] ], [ [ 37.4899006, 55.740077 ], [ 37.4898278, 55.7400581 ] ], [ [ 37.4898278, 55.7400581 ], [ 37.4898653, 55.7400158 ] ], [ [ 37.4898653, 55.7400158 ], [ 37.4900963, 55.7397402 ] ], [ [ 37.4900963, 55.7397402 ], [ 37.4901573, 55.7396679 ], [ 37.4902265, 55.739584 ], [ 37.4906316, 55.7390906 ], [ 37.4907256, 55.7389762 ] ], [ [ 37.4907256, 55.7389762 ], [ 37.4911461, 55.7384638 ], [ 37.4911723, 55.7384322 ], [ 37.4912518, 55.7383351 ] ], [ [ 37.4912518, 55.7383351 ], [ 37.4913405, 55.73824 ] ], [ [ 37.4913405, 55.73824 ], [ 37.4917626, 55.7377722 ] ], [ [ 37.4917626, 55.7377722 ], [ 37.4917726, 55.7377611 ] ], [ [ 37.4917726, 55.7377611 ], [ 37.49188, 55.7376416 ] ], [ [ 37.49188, 55.7376416 ], [ 37.4919784, 55.7375317 ], [ 37.491994, 55.7375152 ], [ 37.4921153, 55.7373848 ] ], [ [ 37.4921153, 55.7373848 ], [ 37.4921741, 55.7373217 ], [ 37.4922831, 55.7371973 ], [ 37.4924798, 55.7369794 ], [ 37.4928615, 55.7365567 ] ], [ [ 37.4928615, 55.7365567 ], [ 37.4929183, 55.7364938 ], [ 37.4929707, 55.7364359 ], [ 37.4930361, 55.7363637 ], [ 37.4931598, 55.7362271 ] ], [ [ 37.4931598, 55.7362271 ], [ 37.4933617, 55.7360041 ], [ 37.4937032, 55.735627 ], [ 37.4938722, 55.7354404 ], [ 37.4940014, 55.7353008 ] ], [ [ 37.4940014, 55.7353008 ], [ 37.4942951, 55.7349835 ] ], [ [ 37.4942951, 55.7349835 ], [ 37.4943095, 55.7349679 ] ], [ [ 37.4943095, 55.7349679 ], [ 37.4944001, 55.73487 ] ], [ [ 37.493003, 55.7344874 ], [ 37.4940552, 55.7347756 ], [ 37.4942244, 55.7348219 ], [ 37.4944001, 55.73487 ] ], [ [ 37.5293248, 55.8257972 ], [ 37.5283828, 55.825551 ], [ 37.5273557, 55.8252825 ] ], [ [ 37.5273557, 55.8252825 ], [ 37.5269143, 55.8251702 ] ], [ [ 37.5269143, 55.8251702 ], [ 37.52683, 55.8251482 ], [ 37.5259671, 55.8249273 ] ], [ [ 37.5259671, 55.8249273 ], [ 37.5258664, 55.8249015 ], [ 37.5255217, 55.8248134 ], [ 37.5250087, 55.8246824 ], [ 37.5244677, 55.8245429 ] ], [ [ 37.5244677, 55.8245429 ], [ 37.523621, 55.8243291 ], [ 37.5235695, 55.8243161 ], [ 37.522579, 55.8240549 ], [ 37.5221176, 55.8239332 ], [ 37.5220822, 55.8239262 ] ], [ [ 37.5220822, 55.8239262 ], [ 37.5214243, 55.8237546 ], [ 37.5199571, 55.8233731 ] ], [ [ 37.5199187, 55.8234188 ], [ 37.5199571, 55.8233731 ] ], [ [ 37.5198402, 55.8235066 ], [ 37.5199187, 55.8234188 ] ], [ [ 37.5198402, 55.8235066 ], [ 37.5197228, 55.8234738 ], [ 37.5196767, 55.823461 ] ], [ [ 37.5180783, 55.8230286 ], [ 37.5181548, 55.8230491 ], [ 37.5193562, 55.8233715 ], [ 37.5194944, 55.8234101 ], [ 37.5196767, 55.823461 ] ], [ [ 37.5179555, 55.8229962 ], [ 37.5180084, 55.8230099 ], [ 37.5180783, 55.8230286 ] ], [ [ 37.5175904, 55.8228996 ], [ 37.5177163, 55.8229343 ], [ 37.5178406, 55.8229659 ], [ 37.5178877, 55.8229775 ], [ 37.5179555, 55.8229962 ] ], [ [ 37.5169331, 55.822729 ], [ 37.5175904, 55.8228996 ] ], [ [ 37.516438, 55.8225481 ], [ 37.5169672, 55.8226883 ], [ 37.5169331, 55.822729 ] ], [ [ 37.5145498, 55.822053 ], [ 37.5154253, 55.8222845 ], [ 37.5157699, 55.8223742 ], [ 37.516438, 55.8225481 ] ], [ [ 37.5145148, 55.8220953 ], [ 37.5145498, 55.822053 ] ], [ [ 37.5117801, 55.8213827 ], [ 37.5144365, 55.8220811 ], [ 37.5145148, 55.8220953 ] ], [ [ 37.5119316, 55.8211753 ], [ 37.5118735, 55.8212539 ], [ 37.5118539, 55.8212809 ], [ 37.5117801, 55.8213827 ] ], [ [ 37.5528966, 55.8301054 ], [ 37.5529507, 55.8301202 ] ], [ [ 37.5529507, 55.8301202 ], [ 37.5529844, 55.8301295 ], [ 37.5530378, 55.8301441 ], [ 37.5530826, 55.8301564 ] ], [ [ 37.5530826, 55.8301564 ], [ 37.5530075, 55.8302439 ], [ 37.5529707, 55.8302867 ] ], [ [ 37.5537875, 55.8305612 ], [ 37.5529707, 55.8302867 ] ], [ [ 37.5542487, 55.8307163 ], [ 37.5540898, 55.8306629 ], [ 37.5540111, 55.8306364 ], [ 37.5539431, 55.8306132 ], [ 37.5538528, 55.8305832 ], [ 37.5537875, 55.8305612 ] ], [ [ 37.5553176, 55.8310755 ], [ 37.5545593, 55.8308207 ], [ 37.5542487, 55.8307163 ] ], [ [ 37.5578695, 55.8319796 ], [ 37.5566711, 55.8315744 ], [ 37.5561492, 55.8313817 ], [ 37.5553176, 55.8310755 ] ], [ [ 37.5638088, 55.8332906 ], [ 37.5623348, 55.833034 ], [ 37.5605616, 55.8327109 ], [ 37.5593685, 55.8324974 ], [ 37.5585006, 55.832193 ], [ 37.5578695, 55.8319796 ] ], [ [ 37.5641539, 55.8333573 ], [ 37.5639496, 55.8333151 ], [ 37.5638088, 55.8332906 ] ], [ [ 37.5644699, 55.8334225 ], [ 37.5643679, 55.8334015 ], [ 37.5641539, 55.8333573 ] ], [ [ 37.5659219, 55.8337176 ], [ 37.565302, 55.8335941 ], [ 37.5644699, 55.8334225 ] ], [ [ 37.5676478, 55.8340607 ], [ 37.5676015, 55.8340515 ], [ 37.5659219, 55.8337176 ] ], [ [ 37.568, 55.8341304 ], [ 37.5679432, 55.8341194 ], [ 37.5677786, 55.8340857 ], [ 37.5676478, 55.8340607 ] ], [ [ 37.5683867, 55.8342051 ], [ 37.568, 55.8341304 ] ], [ [ 37.5688183, 55.8342894 ], [ 37.5683867, 55.8342051 ] ], [ [ 37.5688764, 55.8341918 ], [ 37.5688183, 55.8342894 ] ], [ [ 37.5688764, 55.8341918 ], [ 37.5694278, 55.8342996 ], [ 37.5713625, 55.8346878 ], [ 37.5717657, 55.8347687 ] ], [ [ 37.5717657, 55.8347687 ], [ 37.5718786, 55.8347522 ] ], [ [ 37.5718786, 55.8347522 ], [ 37.5719708, 55.8346866 ], [ 37.5720754, 55.8345525 ], [ 37.5720829, 55.8343971 ] ], [ [ 37.5720829, 55.8343971 ], [ 37.5721022, 55.8339967 ], [ 37.5721404, 55.8330333 ] ], [ [ 37.5721404, 55.8330333 ], [ 37.5721573, 55.8324444 ] ], [ [ 37.5721573, 55.8324444 ], [ 37.5721599, 55.8322998 ] ], [ [ 37.5721599, 55.8322998 ], [ 37.5722897, 55.8322993 ] ], [ [ 37.5724363, 55.8292328 ], [ 37.572588, 55.8292327 ] ], [ [ 37.572588, 55.8292327 ], [ 37.5727382, 55.8292327 ], [ 37.5729736, 55.8292327 ], [ 37.5731318, 55.8292328 ] ], [ [ 37.5731318, 55.8292328 ], [ 37.5731325, 55.8291712 ] ], [ [ 37.5731325, 55.8291712 ], [ 37.5731933, 55.8291718 ], [ 37.5735272, 55.8291754 ] ], [ [ 37.5735272, 55.8291754 ], [ 37.5735291, 55.829143 ], [ 37.5735891, 55.8291442 ] ], [ [ 37.5735891, 55.8291442 ], [ 37.5736424, 55.8291452 ], [ 37.5736874, 55.829146 ] ], [ [ 37.5736874, 55.829146 ], [ 37.5737424, 55.829147 ], [ 37.5737399, 55.8292198 ] ], [ [ 37.5738359, 55.8292202 ], [ 37.5737399, 55.8292198 ] ], [ [ 37.5738359, 55.8292202 ], [ 37.5739818, 55.8292202 ], [ 37.57442, 55.8290315 ], [ 37.5745237, 55.8289856 ], [ 37.5747493, 55.8289666 ] ], [ [ 37.5779213, 55.8290353 ], [ 37.5775863, 55.829034 ], [ 37.5775023, 55.8290311 ], [ 37.5765946, 55.8290409 ], [ 37.5763082, 55.8290479 ], [ 37.5751808, 55.8289862 ], [ 37.5747493, 55.8289666 ] ], [ [ 37.5787988, 55.8283944 ], [ 37.5787675, 55.8285148 ], [ 37.578557, 55.8286552 ], [ 37.5784671, 55.8287152 ], [ 37.5779213, 55.8290353 ] ], [ [ 37.5791471, 55.8285488 ], [ 37.5789757, 55.8284729 ], [ 37.5789321, 55.8284535 ], [ 37.5787988, 55.8283944 ] ], [ [ 37.579276, 55.8286073 ], [ 37.5791471, 55.8285488 ] ], [ [ 37.579415, 55.828528 ], [ 37.579276, 55.8286073 ] ], [ [ 37.5800858, 55.82809 ], [ 37.579775, 55.828293 ], [ 37.579415, 55.828528 ] ], [ [ 37.5801956, 55.8280141 ], [ 37.5800858, 55.82809 ] ], [ [ 37.5801956, 55.8280141 ], [ 37.5804039, 55.8281173 ], [ 37.5807084, 55.828273 ], [ 37.5812758, 55.8285632 ], [ 37.5813439, 55.8285696 ] ], [ [ 37.5814427, 55.8285041 ], [ 37.5813439, 55.8285696 ] ], [ [ 37.5821944, 55.8279849 ], [ 37.581887, 55.8281945 ], [ 37.5816643, 55.8283497 ], [ 37.5814427, 55.8285041 ] ], [ [ 37.5837538, 55.8282482 ], [ 37.5834015, 55.8284594 ], [ 37.5832905, 55.8285259 ], [ 37.5831037, 55.8284361 ], [ 37.583044, 55.8284065 ], [ 37.582324, 55.8280492 ], [ 37.5821944, 55.8279849 ] ], [ [ 37.5837538, 55.8282482 ], [ 37.5838913, 55.8283457 ] ], [ [ 37.5838913, 55.8283457 ], [ 37.5840092, 55.8284324 ], [ 37.5843276, 55.8287389 ], [ 37.5847233, 55.8285354 ], [ 37.5848691, 55.828519 ], [ 37.5849866, 55.8285404 ], [ 37.5852316, 55.8286638 ], [ 37.5853113, 55.8287499 ], [ 37.5850842, 55.82892 ] ], [ [ 37.5850842, 55.82892 ], [ 37.5851722, 55.8289778 ] ], [ [ 37.5851722, 55.8289778 ], [ 37.5852901, 55.8290383 ] ], [ [ 37.5852901, 55.8290383 ], [ 37.5853511, 55.8290696 ] ], [ [ 37.5853511, 55.8290696 ], [ 37.585424, 55.829107 ] ], [ [ 37.585424, 55.829107 ], [ 37.585523, 55.8291578 ] ], [ [ 37.585523, 55.8291578 ], [ 37.5860142, 55.82941 ] ], [ [ 37.5857926, 55.8298608 ], [ 37.5862242, 55.8295164 ], [ 37.5860581, 55.8294327 ], [ 37.5860142, 55.82941 ] ], [ [ 37.5858708, 55.8298887 ], [ 37.5857926, 55.8298608 ] ], [ [ 37.5860278, 55.8298234 ], [ 37.5858911, 55.8298718 ], [ 37.5858708, 55.8298887 ] ], [ [ 37.5867634, 55.8298312 ], [ 37.5865077, 55.8298223 ], [ 37.5862778, 55.8298154 ], [ 37.5861514, 55.8298116 ], [ 37.5860278, 55.8298234 ] ], [ [ 37.5902257, 55.8299397 ], [ 37.5901934, 55.8299386 ], [ 37.5901634, 55.8299377 ], [ 37.5897948, 55.8299262 ], [ 37.5896275, 55.8299209 ], [ 37.5891549, 55.8299061 ], [ 37.5883818, 55.8298819 ], [ 37.5876279, 55.8298583 ], [ 37.5873132, 55.8298484 ], [ 37.587201, 55.8298449 ], [ 37.5870944, 55.8298416 ], [ 37.5870572, 55.8298404 ], [ 37.5868396, 55.8298336 ], [ 37.5867634, 55.8298312 ] ], [ [ 37.591091, 55.8299668 ], [ 37.5908882, 55.8299604 ], [ 37.5908239, 55.8299584 ], [ 37.5907278, 55.8299554 ], [ 37.5905044, 55.8299484 ], [ 37.5902257, 55.8299397 ] ], [ [ 37.5929281, 55.8300243 ], [ 37.5927961, 55.8300202 ], [ 37.5921864, 55.8300011 ], [ 37.5912487, 55.8299717 ], [ 37.591091, 55.8299668 ] ], [ [ 37.5942281, 55.8300603 ], [ 37.5941038, 55.8300572 ], [ 37.5939853, 55.8300539 ], [ 37.5935523, 55.8300418 ], [ 37.5931465, 55.8300304 ], [ 37.5929281, 55.8300243 ] ], [ [ 37.5991237, 55.8301967 ], [ 37.5983398, 55.8301714 ], [ 37.5982257, 55.830168 ], [ 37.5979321, 55.8301592 ], [ 37.5965689, 55.8301186 ], [ 37.5959456, 55.8301034 ], [ 37.5958425, 55.8301007 ], [ 37.5955548, 55.8300937 ], [ 37.5953943, 55.8300896 ], [ 37.5952339, 55.8300855 ], [ 37.5949719, 55.8300789 ], [ 37.5944105, 55.8300649 ], [ 37.5942281, 55.8300603 ] ], [ [ 37.6006612, 55.8302449 ], [ 37.6003838, 55.8302362 ], [ 37.6000438, 55.8302255 ], [ 37.5999128, 55.8302214 ], [ 37.5996314, 55.8302126 ], [ 37.5995195, 55.8302091 ], [ 37.5991237, 55.8301967 ] ], [ [ 37.6007286, 55.8301555 ], [ 37.6006612, 55.8302449 ] ], [ [ 37.6007286, 55.8301555 ], [ 37.6009152, 55.8301917 ], [ 37.6010937, 55.8302264 ] ], [ [ 37.6010937, 55.8302264 ], [ 37.601324, 55.8297665 ] ], [ [ 37.601324, 55.8297665 ], [ 37.6014009, 55.8297743 ] ], [ [ 37.6014009, 55.8297743 ], [ 37.6014577, 55.8297804 ], [ 37.6015097, 55.829786 ] ], [ [ 37.6015097, 55.829786 ], [ 37.6015278, 55.8298046 ], [ 37.6015498, 55.829823 ], [ 37.601578, 55.8298433 ], [ 37.6016138, 55.8298631 ], [ 37.6016486, 55.8298793 ], [ 37.6016862, 55.8298935 ], [ 37.6017297, 55.8299067 ], [ 37.6017595, 55.8299152 ], [ 37.6017914, 55.8299231 ], [ 37.6018554, 55.8299362 ], [ 37.6019497, 55.8299505 ], [ 37.6020316, 55.8299636 ], [ 37.6021296, 55.8299912 ], [ 37.602221, 55.8300217 ], [ 37.6024738, 55.8301171 ], [ 37.6026451, 55.8301749 ], [ 37.6027421, 55.8302044 ], [ 37.6028135, 55.8302273 ], [ 37.602925, 55.8302648 ], [ 37.6030138, 55.8302903 ], [ 37.6031014, 55.8303122 ], [ 37.6033912, 55.8303726 ], [ 37.6037216, 55.8304408 ], [ 37.6040595, 55.8305191 ], [ 37.6044058, 55.8306099 ], [ 37.604611, 55.8306717 ], [ 37.6046894, 55.8306953 ], [ 37.604778, 55.8307221 ], [ 37.6049922, 55.8307939 ], [ 37.605141, 55.8308467 ], [ 37.6052554, 55.830886 ], [ 37.6053361, 55.8309079 ], [ 37.6054118, 55.8309214 ], [ 37.6054562, 55.8309213 ] ], [ [ 37.6054562, 55.8309213 ], [ 37.6055205, 55.8309208 ], [ 37.6055832, 55.8309212 ] ], [ [ 37.6055832, 55.8309212 ], [ 37.6056321, 55.8309251 ], [ 37.6056772, 55.8309307 ], [ 37.6057229, 55.8309419 ], [ 37.6058387, 55.8309812 ], [ 37.6066834, 55.8312837 ], [ 37.6067617, 55.8313164 ], [ 37.6068341, 55.8313517 ], [ 37.6069078, 55.8313912 ], [ 37.6069726, 55.831431 ], [ 37.6071432, 55.8315591 ], [ 37.6072662, 55.8316594 ], [ 37.6077057, 55.8320336 ], [ 37.6078387, 55.8321353 ], [ 37.6080434, 55.8323157 ], [ 37.6080823, 55.8323505 ], [ 37.6085236, 55.8327329 ], [ 37.6088809, 55.8330307 ], [ 37.6091119, 55.8332248 ], [ 37.6091643, 55.8332661 ], [ 37.6092117, 55.8333015 ], [ 37.6093489, 55.833395 ], [ 37.6093812, 55.8334153 ], [ 37.6094187, 55.833437 ], [ 37.609457, 55.8334556 ], [ 37.6094847, 55.8334676 ], [ 37.6095146, 55.8334784 ], [ 37.6095744, 55.8334913 ], [ 37.6096388, 55.8334918 ] ], [ [ 37.6096388, 55.8334918 ], [ 37.6096767, 55.8335337 ], [ 37.6097223, 55.8335717 ], [ 37.6097527, 55.8336107 ], [ 37.6097753, 55.833667 ], [ 37.6097933, 55.833695 ], [ 37.6098102, 55.8337067 ], [ 37.6098318, 55.8337215 ], [ 37.6098505, 55.8337294 ] ], [ [ 37.6098505, 55.8337294 ], [ 37.6099563, 55.8337545 ], [ 37.6100741, 55.8337906 ], [ 37.6101533, 55.8338192 ], [ 37.6103638, 55.8338951 ], [ 37.6106424, 55.8339956 ], [ 37.6107922, 55.834036 ], [ 37.6108819, 55.8340537 ], [ 37.6109688, 55.8340843 ], [ 37.6110371, 55.8341175 ], [ 37.6112894, 55.83424 ], [ 37.6113876, 55.8342877 ], [ 37.6114878, 55.8343439 ], [ 37.6115613, 55.8344256 ], [ 37.6117891, 55.8347967 ], [ 37.6118405, 55.8348508 ], [ 37.611914, 55.8349105 ], [ 37.6120821, 55.8350356 ], [ 37.6122419, 55.8351456 ], [ 37.6124775, 55.8352899 ], [ 37.6127602, 55.8354705 ], [ 37.6129941, 55.835589 ], [ 37.613039, 55.8356103 ], [ 37.6131092, 55.8356393 ], [ 37.6132473, 55.8356788 ], [ 37.6132841, 55.8356925 ], [ 37.6133573, 55.8357196 ], [ 37.6134118, 55.8357396 ] ], [ [ 37.6134118, 55.8357396 ], [ 37.6132376, 55.8358376 ], [ 37.6130491, 55.8359436 ] ], [ [ 37.6130491, 55.8359436 ], [ 37.6127111, 55.8361337 ], [ 37.6126612, 55.8361584 ], [ 37.6126215, 55.8361805 ], [ 37.6125929, 55.8361988 ], [ 37.61256, 55.8362226 ], [ 37.6125439, 55.8362365 ], [ 37.6125298, 55.8362508 ], [ 37.6125181, 55.8362647 ], [ 37.6125064, 55.8362794 ], [ 37.612495, 55.8362994 ], [ 37.6124863, 55.8363216 ], [ 37.6124822, 55.8363474 ], [ 37.6124806, 55.8363702 ], [ 37.6124839, 55.8364073 ], [ 37.61255, 55.8367795 ], [ 37.61256, 55.8368646 ], [ 37.6125634, 55.8369098 ], [ 37.6125627, 55.8369565 ], [ 37.6125553, 55.8370216 ], [ 37.6125327, 55.8371592 ], [ 37.6125053, 55.8373385 ], [ 37.6124829, 55.8374851 ], [ 37.612452, 55.8377271 ], [ 37.6124589, 55.8378207 ], [ 37.6124709, 55.8378776 ], [ 37.6124932, 55.8379354 ], [ 37.6125568, 55.8380492 ], [ 37.6127549, 55.8384445 ], [ 37.6128603, 55.8386552 ], [ 37.6129071, 55.8387406 ], [ 37.612962, 55.8388168 ], [ 37.613017, 55.8388756 ], [ 37.6130771, 55.8389325 ], [ 37.6132692, 55.839099 ], [ 37.6136184, 55.8393645 ], [ 37.6136677, 55.8393983 ], [ 37.6137139, 55.8394258 ], [ 37.6137705, 55.8394541 ], [ 37.6138272, 55.8394768 ], [ 37.6139717, 55.8395284 ], [ 37.6140662, 55.8395582 ], [ 37.6141687, 55.8395868 ], [ 37.6148227, 55.8397485 ], [ 37.6149165, 55.8397705 ], [ 37.6149463, 55.8397768 ], [ 37.6150149, 55.8397911 ], [ 37.6150892, 55.8398049 ], [ 37.6152124, 55.8398238 ], [ 37.6153215, 55.8398362 ], [ 37.6155456, 55.8398581 ], [ 37.6158828, 55.8398887 ], [ 37.6161869, 55.8399189 ], [ 37.6162957, 55.839931 ], [ 37.6164063, 55.8399447 ], [ 37.6165176, 55.8399616 ], [ 37.616609, 55.8399762 ], [ 37.6169164, 55.8400279 ], [ 37.6170203, 55.8400471 ], [ 37.6171905, 55.8400837 ], [ 37.6172775, 55.8401024 ], [ 37.6173693, 55.8401222 ], [ 37.6176633, 55.8401905 ], [ 37.6181737, 55.8403007 ], [ 37.6188039, 55.8404299 ], [ 37.6189845, 55.840462 ], [ 37.6191199, 55.8404839 ], [ 37.619271, 55.8405032 ], [ 37.6194153, 55.8405186 ], [ 37.6195767, 55.8405321 ], [ 37.6197261, 55.8405418 ], [ 37.6198497, 55.8405475 ], [ 37.6202707, 55.8405729 ], [ 37.6207825, 55.8406074 ], [ 37.6209973, 55.8406218 ], [ 37.6211909, 55.8406334 ], [ 37.6214023, 55.8406387 ], [ 37.6216013, 55.8406391 ], [ 37.6218205, 55.8406355 ], [ 37.622228, 55.8406266 ], [ 37.6233854, 55.8405929 ], [ 37.6238577, 55.8405745 ] ], [ [ 37.6238577, 55.8405745 ], [ 37.6239664, 55.8405699 ], [ 37.624497, 55.8405474 ], [ 37.6246871, 55.8405398 ], [ 37.6248452, 55.8405218 ] ], [ [ 37.6248452, 55.8405218 ], [ 37.6249002, 55.8405906 ] ], [ [ 37.6249002, 55.8405906 ], [ 37.6250483, 55.8407756 ], [ 37.6252576, 55.8408567 ], [ 37.6257181, 55.840979 ], [ 37.6258227, 55.8410068 ], [ 37.6260564, 55.8410642 ], [ 37.6263442, 55.8411349 ], [ 37.6277708, 55.8413988 ], [ 37.6278679, 55.8414165 ], [ 37.6284188, 55.8415167 ] ], [ [ 37.6284565, 55.8414514 ], [ 37.6284188, 55.8415167 ] ], [ [ 37.6284565, 55.8414514 ], [ 37.6285722, 55.8414691 ], [ 37.6286829, 55.841486 ] ], [ [ 37.6286829, 55.841486 ], [ 37.6292557, 55.841504 ], [ 37.6299563, 55.841475 ], [ 37.6300834, 55.8414666 ], [ 37.6302104, 55.841453 ], [ 37.630354, 55.8414193 ], [ 37.6304833, 55.8413512 ], [ 37.6306522, 55.841486 ], [ 37.6307689, 55.8415561 ], [ 37.630911, 55.8416133 ], [ 37.6310369, 55.8416514 ] ], [ [ 37.6345823, 55.8426357 ], [ 37.6341471, 55.8424145 ], [ 37.6340318, 55.8423934 ], [ 37.6338896, 55.8423874 ], [ 37.6337957, 55.8423694 ], [ 37.6337287, 55.8423347 ], [ 37.6336643, 55.8422729 ], [ 37.6335838, 55.8422338 ], [ 37.6332499, 55.8421495 ], [ 37.6330366, 55.8421133 ], [ 37.632924, 55.8420742 ], [ 37.6326746, 55.8420034 ], [ 37.6323259, 55.8419228 ], [ 37.6317045, 55.8417662 ], [ 37.6314089, 55.8417211 ], [ 37.6310369, 55.8416514 ] ], [ [ 37.6352108, 55.8426087 ], [ 37.6345823, 55.8426357 ] ], [ [ 37.6352581, 55.8426947 ], [ 37.6352108, 55.8426087 ] ], [ [ 37.6360366, 55.8426345 ], [ 37.6357787, 55.8426225 ], [ 37.6355623, 55.8426682 ], [ 37.6352581, 55.8426947 ] ], [ [ 37.6363939, 55.8426442 ], [ 37.6362755, 55.842641 ], [ 37.6361332, 55.8426371 ], [ 37.6360831, 55.8426357 ], [ 37.6360366, 55.8426345 ] ], [ [ 37.6363939, 55.8426442 ], [ 37.6367878, 55.8427138 ] ], [ [ 37.6375763, 55.8427338 ], [ 37.6371391, 55.8427206 ], [ 37.6367878, 55.8427138 ] ], [ [ 37.6376489, 55.8427361 ], [ 37.6375763, 55.8427338 ] ], [ [ 37.6376489, 55.8427361 ], [ 37.6376033, 55.8426838 ], [ 37.6375674, 55.8425146 ], [ 37.6375367, 55.8423983 ], [ 37.6374985, 55.8422606 ], [ 37.6374559, 55.8421446 ], [ 37.6374078, 55.8420413 ], [ 37.637367, 55.8419589 ] ], [ [ 37.637367, 55.8419589 ], [ 37.6373993, 55.8419206 ], [ 37.6374114, 55.8419002 ], [ 37.6374207, 55.8418754 ], [ 37.6373966, 55.8418483 ], [ 37.6373631, 55.8418295 ], [ 37.6373389, 55.8418151 ], [ 37.637288, 55.8417976 ] ], [ [ 37.637288, 55.8417976 ], [ 37.6372669, 55.8417495 ], [ 37.6371571, 55.8415277 ], [ 37.637065, 55.8413405 ], [ 37.6367684, 55.8407062 ] ], [ [ 37.6367684, 55.8407062 ], [ 37.6367448, 55.8406348 ] ], [ [ 37.6367448, 55.8406348 ], [ 37.6368154, 55.8406323 ], [ 37.6375743, 55.8406101 ], [ 37.6383338, 55.8405751 ], [ 37.6385288, 55.8405658 ], [ 37.6387895, 55.8405574 ], [ 37.6390791, 55.8405514 ], [ 37.639323, 55.8405409 ], [ 37.6396071, 55.8405289 ], [ 37.6398549, 55.8405138 ], [ 37.6400368, 55.8404995 ], [ 37.6402738, 55.8404747 ], [ 37.6405285, 55.8404432 ], [ 37.6407338, 55.8404182 ], [ 37.6409407, 55.8403971 ], [ 37.6411142, 55.8403821 ], [ 37.6413365, 55.8403715 ], [ 37.6415212, 55.8403489 ], [ 37.6416919, 55.840333 ], [ 37.6418415, 55.8403415 ] ], [ [ 37.6418415, 55.8403415 ], [ 37.6419416, 55.8403543 ], [ 37.6419926, 55.8403599 ], [ 37.6422494, 55.8403577 ], [ 37.6425297, 55.8403562 ], [ 37.64259, 55.8403513 ], [ 37.6426611, 55.8403381 ], [ 37.6427583, 55.8403219 ], [ 37.6428764, 55.8403166 ], [ 37.6430038, 55.8403242 ], [ 37.6431754, 55.8403415 ], [ 37.6434128, 55.8403746 ], [ 37.6434131, 55.8404045 ] ], [ [ 37.6435161, 55.840405 ], [ 37.6434131, 55.8404045 ] ], [ [ 37.6435231, 55.8402673 ], [ 37.6435161, 55.840405 ] ], [ [ 37.6435231, 55.8402673 ], [ 37.6435374, 55.8401386 ] ], [ [ 37.6435374, 55.8401386 ], [ 37.643617, 55.8400355 ], [ 37.6439301, 55.8394372 ], [ 37.6439601, 55.8393892 ], [ 37.6439086, 55.8392815 ], [ 37.6438861, 55.8392614 ] ], [ [ 37.6438861, 55.8392614 ], [ 37.6447309, 55.8389764 ], [ 37.6449968, 55.838887 ], [ 37.6457602, 55.8386302 ], [ 37.6458614, 55.8385962 ], [ 37.6459887, 55.8385534 ], [ 37.6460548, 55.8385312 ], [ 37.6465187, 55.8382873 ] ], [ [ 37.6465187, 55.8382873 ], [ 37.6467696, 55.838312 ], [ 37.647038, 55.8382928 ], [ 37.6478521, 55.8379971 ] ], [ [ 37.6486999, 55.8377865 ], [ 37.6480567, 55.8379463 ], [ 37.6478521, 55.8379971 ] ], [ [ 37.6489605, 55.8377218 ], [ 37.6486999, 55.8377865 ] ], [ [ 37.6489605, 55.8377218 ], [ 37.6492801, 55.8377623 ], [ 37.6494062, 55.8377773 ], [ 37.6495267, 55.837813 ], [ 37.6497565, 55.8379556 ], [ 37.649895, 55.8379931 ] ], [ [ 37.649895, 55.8379931 ], [ 37.6501635, 55.8380207 ] ], [ [ 37.6501635, 55.8380207 ], [ 37.6503215, 55.8380339 ] ], [ [ 37.6512093, 55.8366414 ], [ 37.6509737, 55.8368222 ], [ 37.6506303, 55.8371898 ], [ 37.6504947, 55.8373937 ], [ 37.6504547, 55.8375468 ], [ 37.6504734, 55.837711 ], [ 37.6504265, 55.8378754 ], [ 37.6503673, 55.8379648 ], [ 37.6503215, 55.8380339 ] ], [ [ 37.6510256, 55.8365594 ], [ 37.6512093, 55.8366414 ] ], [ [ 37.6538093, 55.8343472 ], [ 37.652718, 55.8352743 ], [ 37.6521438, 55.8354316 ], [ 37.6518224, 55.8356067 ], [ 37.65145, 55.8358087 ], [ 37.6510343, 55.8361702 ], [ 37.6510048, 55.8362079 ], [ 37.6510061, 55.8362478 ], [ 37.6510343, 55.8362877 ], [ 37.6512505, 55.8363735 ], [ 37.6510256, 55.8365594 ] ], [ [ 37.6539221, 55.8338949 ], [ 37.6538919, 55.833983 ], [ 37.6538093, 55.8343472 ] ], [ [ 37.6539364, 55.8338643 ], [ 37.6539221, 55.8338949 ] ], [ [ 37.6539995, 55.8338 ], [ 37.653988, 55.8338062 ], [ 37.6539554, 55.8338328 ], [ 37.6539364, 55.8338643 ] ], [ [ 37.6540439, 55.8337671 ], [ 37.6539857, 55.8337865 ], [ 37.6539995, 55.8338 ] ], [ [ 37.6547774, 55.833189 ], [ 37.6546043, 55.8332646 ], [ 37.6544384, 55.8333655 ], [ 37.6541126, 55.8336492 ], [ 37.654063, 55.8336922 ], [ 37.6540435, 55.833731 ], [ 37.6540439, 55.8337671 ] ], [ [ 37.6553826, 55.8323266 ], [ 37.6553167, 55.8325562 ], [ 37.6552587, 55.8326909 ], [ 37.6551782, 55.8328138 ], [ 37.6549625, 55.8330182 ], [ 37.6547774, 55.833189 ] ], [ [ 37.6553826, 55.8323266 ], [ 37.6554776, 55.8323222 ], [ 37.6555615, 55.8322968 ], [ 37.6556203, 55.8322547 ], [ 37.6556442, 55.8322029 ], [ 37.6556262, 55.8321458 ], [ 37.6555662, 55.8320987 ], [ 37.6554759, 55.8320707 ], [ 37.6553729, 55.8320673 ] ], [ [ 37.6553729, 55.8320673 ], [ 37.6553057, 55.8320674 ] ], [ [ 37.6551999, 55.831846 ], [ 37.6552879, 55.83199 ], [ 37.6553057, 55.8320674 ] ], [ [ 37.6539653, 55.8306016 ], [ 37.6540474, 55.8307108 ], [ 37.6542931, 55.8309431 ], [ 37.6545116, 55.8311427 ], [ 37.6546521, 55.8312733 ], [ 37.6547237, 55.8313399 ], [ 37.6550142, 55.8316074 ], [ 37.6551999, 55.831846 ] ], [ [ 37.654595, 55.8290118 ], [ 37.6544051, 55.8290293 ], [ 37.6541675, 55.8291168 ], [ 37.6539966, 55.8292427 ], [ 37.6538524, 55.8294972 ], [ 37.6537184, 55.8300018 ], [ 37.653715, 55.8301393 ], [ 37.6537828, 55.8303194 ], [ 37.6538833, 55.8304924 ], [ 37.6539653, 55.8306016 ] ], [ [ 37.6549026, 55.8290144 ], [ 37.654595, 55.8290118 ] ], [ [ 37.6549026, 55.8290144 ], [ 37.6549816, 55.8289625 ], [ 37.6552785, 55.8286485 ] ], [ [ 37.6552785, 55.8286485 ], [ 37.6556999, 55.8284682 ], [ 37.65591, 55.8284056 ], [ 37.6563228, 55.828313 ], [ 37.6579621, 55.8279653 ], [ 37.658345, 55.8279106 ], [ 37.6602341, 55.8277053 ] ], [ [ 37.6602341, 55.8277053 ], [ 37.660437, 55.8277131 ] ], [ [ 37.660437, 55.8277131 ], [ 37.6606346, 55.8277082 ], [ 37.6613506, 55.8275613 ], [ 37.6623695, 55.8273741 ], [ 37.6638336, 55.8270392 ], [ 37.6645845, 55.8268595 ], [ 37.6647151, 55.8268282 ], [ 37.6649462, 55.8267729 ], [ 37.665922, 55.8265132 ], [ 37.6664649, 55.8262963 ], [ 37.6666823, 55.8262512 ], [ 37.6669299, 55.8262642 ], [ 37.667627, 55.826295 ] ], [ [ 37.667627, 55.826295 ], [ 37.6676767, 55.8262706 ], [ 37.6678436, 55.8261771 ], [ 37.6680546, 55.826059 ], [ 37.6681495, 55.8259409 ], [ 37.6682822, 55.8258474 ], [ 37.6686034, 55.8257406 ], [ 37.6689474, 55.8256677 ], [ 37.6691278, 55.8256295 ] ], [ [ 37.6691278, 55.8256295 ], [ 37.669161, 55.8256184 ], [ 37.6692133, 55.8255949 ], [ 37.6692554, 55.8255656 ], [ 37.6692852, 55.8255318 ], [ 37.6693012, 55.8254953 ], [ 37.6693028, 55.8254576 ], [ 37.6692575, 55.825163 ], [ 37.669255, 55.825106 ], [ 37.669265, 55.8250492 ], [ 37.6692873, 55.8249936 ], [ 37.6693215, 55.8249399 ], [ 37.6693719, 55.8248893 ], [ 37.669467, 55.8248178 ], [ 37.6695488, 55.8247532 ] ], [ [ 37.6695488, 55.8247532 ], [ 37.6696683, 55.8246855 ], [ 37.6698085, 55.8246261 ], [ 37.6699763, 55.8245883 ], [ 37.670297, 55.8245518 ] ], [ [ 37.670297, 55.8245518 ], [ 37.6705462, 55.8245322 ] ], [ [ 37.6705462, 55.8245322 ], [ 37.6707697, 55.8245067 ] ], [ [ 37.6707697, 55.8245067 ], [ 37.67097, 55.8244672 ] ], [ [ 37.67097, 55.8244672 ], [ 37.6712769, 55.8243025 ] ], [ [ 37.6712769, 55.8243025 ], [ 37.6715583, 55.8240353 ] ], [ [ 37.6715583, 55.8240353 ], [ 37.671778, 55.8238599 ] ], [ [ 37.671778, 55.8238599 ], [ 37.6723846, 55.8233207 ] ], [ [ 37.6723846, 55.8233207 ], [ 37.6725112, 55.8231446 ] ], [ [ 37.6725112, 55.8231446 ], [ 37.6725527, 55.8230869 ] ], [ [ 37.6725112, 55.8231446 ], [ 37.6727285, 55.8228427 ], [ 37.6729021, 55.822686 ], [ 37.6730663, 55.8225285 ], [ 37.6732976, 55.822332 ], [ 37.6737004, 55.8220053 ], [ 37.6740546, 55.8217641 ], [ 37.6741308, 55.8217253 ], [ 37.6745284, 55.8214678 ], [ 37.6749029, 55.8210832 ], [ 37.6751245, 55.8206275 ], [ 37.6753731, 55.820474 ], [ 37.6763103, 55.8198783 ], [ 37.6767166, 55.8196942 ], [ 37.6768731, 55.819687 ] ], [ [ 37.6768731, 55.819687 ], [ 37.6773109, 55.819429 ], [ 37.6775213, 55.81924 ], [ 37.677749, 55.8191426 ], [ 37.6783341, 55.8191051 ], [ 37.6785752, 55.8190239 ], [ 37.678945, 55.818786 ], [ 37.6791179, 55.8186672 ] ], [ [ 37.6791179, 55.8186672 ], [ 37.6797409, 55.818399 ], [ 37.6801518, 55.818328 ], [ 37.6804246, 55.8182994 ], [ 37.6809182, 55.8182805 ], [ 37.6812509, 55.8183309 ], [ 37.6814832, 55.81833 ], [ 37.681585, 55.8183094 ], [ 37.6821288, 55.8182062 ], [ 37.6826777, 55.8179885 ], [ 37.6827342, 55.8179661 ], [ 37.6830704, 55.8178023 ], [ 37.6833673, 55.8177393 ], [ 37.6839529, 55.8175961 ] ], [ [ 37.6839529, 55.8175961 ], [ 37.6845351, 55.8173725 ], [ 37.6847698, 55.8173339 ], [ 37.6852513, 55.8173464 ] ], [ [ 37.6863408, 55.8173845 ], [ 37.6862099, 55.8173297 ], [ 37.6860682, 55.8172801 ], [ 37.6859251, 55.8172619 ], [ 37.6857834, 55.8172635 ], [ 37.6852513, 55.8173464 ] ], [ [ 37.6874303, 55.8178532 ], [ 37.687128, 55.8177738 ], [ 37.6868942, 55.8176737 ], [ 37.6865478, 55.8174711 ], [ 37.6863408, 55.8173845 ] ], [ [ 37.6870604, 55.817985 ], [ 37.6874303, 55.8178532 ] ], [ [ 37.6848577, 55.8207087 ], [ 37.6848022, 55.8212667 ] ], [ [ 37.6848022, 55.8212667 ], [ 37.6847373, 55.8219193 ] ], [ [ 37.6847373, 55.8219193 ], [ 37.6847148, 55.8219489 ], [ 37.6846404, 55.8226269 ] ], [ [ 37.6846404, 55.8226269 ], [ 37.6843191, 55.8254708 ], [ 37.684148, 55.8269951 ], [ 37.6841151, 55.8272865 ], [ 37.6837813, 55.8302526 ], [ 37.6837664, 55.8303563 ], [ 37.6837615, 55.8303904 ], [ 37.6837584, 55.8304109 ] ], [ [ 37.6837584, 55.8304109 ], [ 37.6838947, 55.8304163 ], [ 37.6840876, 55.8304239 ], [ 37.6879346, 55.8305762 ], [ 37.6901339, 55.8306633 ], [ 37.6903879, 55.8306733 ], [ 37.691368, 55.8307121 ], [ 37.6915285, 55.8307185 ] ], [ [ 37.6915285, 55.8307185 ], [ 37.6922158, 55.8307457 ], [ 37.6930242, 55.8307777 ], [ 37.6938388, 55.8308099 ], [ 37.6939994, 55.8308163 ] ], [ [ 37.6939994, 55.8308163 ], [ 37.6940848, 55.8308193 ], [ 37.6941413, 55.8308208 ], [ 37.6950545, 55.8308451 ], [ 37.6961236, 55.8308734 ] ], [ [ 37.6961236, 55.8308734 ], [ 37.6963904, 55.8308454 ], [ 37.6965049, 55.8308267 ], [ 37.696699, 55.8307793 ], [ 37.6976467, 55.8304516 ] ], [ [ 37.6976467, 55.8304516 ], [ 37.6981725, 55.8302697 ] ], [ [ 37.6981725, 55.8302697 ], [ 37.699703, 55.8297407 ], [ 37.7006799, 55.8293967 ], [ 37.7011042, 55.8292473 ], [ 37.7016884, 55.8290614 ] ], [ [ 37.7016884, 55.8290614 ], [ 37.7017699, 55.8291378 ], [ 37.7018242, 55.8291215 ] ], [ [ 37.7018242, 55.8291215 ], [ 37.70206, 55.8290384 ] ], [ [ 37.7021604, 55.8290052 ], [ 37.70206, 55.8290384 ] ], [ [ 37.7028836, 55.8296795 ], [ 37.7025582, 55.829376 ], [ 37.702549, 55.8293675 ], [ 37.7024634, 55.8292891 ], [ 37.7024419, 55.8292676 ], [ 37.702433, 55.8292593 ], [ 37.7021604, 55.8290052 ] ], [ [ 37.7028018, 55.8297073 ], [ 37.7028836, 55.8296795 ] ], [ [ 37.702561, 55.8297854 ], [ 37.7028018, 55.8297073 ] ], [ [ 37.7025333, 55.8297946 ], [ 37.702561, 55.8297854 ] ], [ [ 37.702416, 55.829833 ], [ 37.7025333, 55.8297946 ] ], [ [ 37.702416, 55.829833 ], [ 37.70251, 55.8298723 ], [ 37.7027745, 55.8297823 ], [ 37.7027969, 55.8298033 ], [ 37.7024568, 55.829919 ] ], [ [ 37.7024568, 55.829919 ], [ 37.7027947, 55.8302313 ] ], [ [ 37.7027947, 55.8302313 ], [ 37.7032552, 55.8300762 ], [ 37.7032869, 55.8301058 ], [ 37.7029019, 55.8302355 ], [ 37.7029885, 55.8303166 ] ], [ [ 37.70291, 55.8303431 ], [ 37.7029885, 55.8303166 ] ], [ [ 37.70291, 55.8303431 ], [ 37.702994, 55.8304245 ] ], [ [ 37.702994, 55.8304245 ], [ 37.7033047, 55.8307181 ] ], [ [ 37.7033047, 55.8307181 ], [ 37.7033079, 55.8308322 ], [ 37.7034312, 55.8309719 ], [ 37.7034539, 55.8310306 ] ], [ [ 37.7034539, 55.8310306 ], [ 37.7036425, 55.8310191 ], [ 37.7106326, 55.8312907 ] ], [ [ 37.7106326, 55.8312907 ], [ 37.7107406, 55.831302 ], [ 37.7108083, 55.8313248 ] ], [ [ 37.7111039, 55.8313055 ], [ 37.7110691, 55.8313041 ], [ 37.7108083, 55.8313248 ] ], [ [ 37.7222122, 55.8318427 ], [ 37.7199017, 55.8317541 ], [ 37.7138108, 55.8314556 ], [ 37.7117179, 55.8313383 ], [ 37.7111039, 55.8313055 ] ], [ [ 37.7231145, 55.8318802 ], [ 37.7222122, 55.8318427 ] ], [ [ 37.7279508, 55.8321062 ], [ 37.7231145, 55.8318802 ] ], [ [ 37.7280542, 55.8321106 ], [ 37.7279508, 55.8321062 ] ], [ [ 37.7280542, 55.8321106 ], [ 37.7280041, 55.832413 ], [ 37.7272737, 55.8374732 ], [ 37.7267833, 55.8414435 ], [ 37.7267059, 55.8420541 ] ], [ [ 37.7267059, 55.8420541 ], [ 37.7266909, 55.8421796 ] ], [ [ 37.7266909, 55.8421796 ], [ 37.7266689, 55.8424114 ] ], [ [ 37.7266689, 55.8424114 ], [ 37.7359051, 55.8425363 ], [ 37.7360054, 55.842539 ], [ 37.738153, 55.8425609 ], [ 37.7389011, 55.8425698 ], [ 37.7395165, 55.8425793 ], [ 37.7443163, 55.8426455 ], [ 37.7460301, 55.8426802 ], [ 37.7474622, 55.8427279 ], [ 37.748349, 55.8427271 ], [ 37.7549459, 55.8428565 ], [ 37.7624877, 55.8429307 ], [ 37.7626257, 55.8429272 ], [ 37.7626698, 55.8429182 ], [ 37.7627144, 55.8429026 ] ], [ [ 37.7627144, 55.8429026 ], [ 37.7627439, 55.8428683 ], [ 37.7627592, 55.8428331 ], [ 37.7627784, 55.8427136 ], [ 37.7628828, 55.842131 ], [ 37.7629083, 55.8419647 ], [ 37.7629005, 55.8418085 ], [ 37.7629022, 55.8417266 ], [ 37.7629169, 55.8416686 ], [ 37.7631501, 55.8400218 ], [ 37.7634905, 55.8383682 ], [ 37.7639652, 55.8356744 ], [ 37.7643044, 55.8337518 ] ], [ [ 37.7650324, 55.8337775 ], [ 37.7643044, 55.8337518 ] ], [ [ 37.7718875, 55.8341181 ], [ 37.7654903, 55.8338041 ], [ 37.7651356, 55.8337852 ], [ 37.7650324, 55.8337775 ] ], [ [ 37.8062565, 55.8359948 ], [ 37.8024937, 55.8357649 ], [ 37.797945, 55.835487 ], [ 37.7890169, 55.8350196 ], [ 37.7800547, 55.8345333 ], [ 37.7734333, 55.8342004 ], [ 37.7728862, 55.8341729 ], [ 37.7728222, 55.8341697 ], [ 37.7718875, 55.8341181 ] ], [ [ 37.8062565, 55.8359948 ], [ 37.806879, 55.8321796 ], [ 37.8070174, 55.8312718 ], [ 37.8070634, 55.8311981 ] ], [ [ 37.8056328, 55.8308323 ], [ 37.8057486, 55.8308895 ], [ 37.8059471, 55.8309347 ], [ 37.8060671, 55.8309532 ], [ 37.8064353, 55.83101 ], [ 37.8068422, 55.8311476 ], [ 37.8070634, 55.8311981 ] ], [ [ 37.8056328, 55.8308323 ], [ 37.8055423, 55.830789 ], [ 37.805396, 55.8307083 ], [ 37.8052258, 55.8306155 ] ], [ [ 37.8082087, 55.8303065 ], [ 37.8079075, 55.8302797 ], [ 37.8078017, 55.8302703 ], [ 37.8076262, 55.8302568 ], [ 37.8074365, 55.8303038 ], [ 37.8070771, 55.830358 ], [ 37.8065942, 55.8303392 ], [ 37.8065105, 55.830326 ], [ 37.8063583, 55.830288 ], [ 37.806214, 55.8302726 ], [ 37.8061375, 55.8302689 ], [ 37.8060258, 55.8302488 ], [ 37.8058854, 55.8302387 ], [ 37.805768, 55.8302282 ], [ 37.805584, 55.8302473 ], [ 37.8053785, 55.830311 ], [ 37.8052582, 55.8304883 ], [ 37.8052258, 55.8306155 ] ], [ [ 37.8080667, 55.8300639 ], [ 37.8080985, 55.8301157 ], [ 37.8082087, 55.8303065 ] ], [ [ 37.808149, 55.8296361 ], [ 37.8080756, 55.8300194 ], [ 37.8080667, 55.8300639 ] ], [ [ 37.8085387, 55.8276051 ], [ 37.8085268, 55.8276767 ], [ 37.808515, 55.827748 ], [ 37.808483, 55.8279412 ], [ 37.8084523, 55.8281266 ], [ 37.8084064, 55.8283367 ], [ 37.8083804, 55.8284558 ], [ 37.8082876, 55.8288799 ], [ 37.8082465, 55.8290677 ], [ 37.8082429, 55.8290841 ], [ 37.8081685, 55.8295663 ], [ 37.808149, 55.8296361 ] ], [ [ 37.8087115, 55.8274462 ], [ 37.8086108, 55.8274978 ], [ 37.8085922, 55.8275254 ], [ 37.8085387, 55.8276051 ] ], [ [ 37.8087115, 55.8274462 ], [ 37.8086403, 55.8274084 ] ], [ [ 37.8086403, 55.8274084 ], [ 37.8078946, 55.8269714 ] ], [ [ 37.8078946, 55.8269714 ], [ 37.8068488, 55.8263821 ] ], [ [ 37.8068488, 55.8263821 ], [ 37.806095, 55.8259573 ], [ 37.8058955, 55.8258449 ], [ 37.80483, 55.8252445 ], [ 37.8046831, 55.825169 ], [ 37.8045216, 55.8250993 ], [ 37.8042204, 55.8249814 ], [ 37.8041347, 55.824949 ], [ 37.8034803, 55.8246917 ], [ 37.8033356, 55.8246304 ], [ 37.8032247, 55.824574 ], [ 37.8031286, 55.8245142 ], [ 37.8030583, 55.8244604 ], [ 37.8030079, 55.8244023 ], [ 37.8029835, 55.8243577 ], [ 37.8029734, 55.8243049 ], [ 37.8029704, 55.8242311 ], [ 37.8029718, 55.8242079 ], [ 37.802986, 55.82397 ], [ 37.8029926, 55.8238944 ], [ 37.8030212, 55.8235674 ], [ 37.8030592, 55.8231723 ] ], [ [ 37.8031934, 55.8231839 ], [ 37.8030592, 55.8231723 ] ], [ [ 37.8031934, 55.8231839 ], [ 37.8032336, 55.823187 ], [ 37.8032963, 55.8231918 ] ], [ [ 37.8033471, 55.8229229 ], [ 37.8033285, 55.8230062 ], [ 37.8032963, 55.8231918 ] ], [ [ 37.8038381, 55.8228954 ], [ 37.803366, 55.8228645 ], [ 37.8033471, 55.8229229 ] ], [ [ 37.8038381, 55.8228954 ], [ 37.8038494, 55.8226631 ] ], [ [ 37.8038494, 55.8226631 ], [ 37.8038555, 55.8225386 ] ], [ [ 37.8038555, 55.8225386 ], [ 37.8038567, 55.82253 ] ], [ [ 37.8026609, 55.8224124 ], [ 37.8038567, 55.82253 ] ], [ [ 37.8026609, 55.8224124 ], [ 37.8025359, 55.8222271 ], [ 37.8024942, 55.8221678 ] ], [ [ 37.8024942, 55.8221678 ], [ 37.8024128, 55.8221515 ], [ 37.8023618, 55.822135 ], [ 37.8023157, 55.8221204 ], [ 37.8022677, 55.8220953 ], [ 37.8022127, 55.8220638 ], [ 37.8021513, 55.8219996 ], [ 37.8021537, 55.8219116 ], [ 37.8021805, 55.8216504 ], [ 37.8021922, 55.8214681 ], [ 37.8022132, 55.8211412 ], [ 37.8022252, 55.8209543 ], [ 37.8022572, 55.8204567 ], [ 37.8022589, 55.8203659 ] ], [ [ 37.8022589, 55.8203659 ], [ 37.8022592, 55.8203583 ], [ 37.8022671, 55.820175 ], [ 37.8022854, 55.8199694 ] ], [ [ 37.8022854, 55.8199694 ], [ 37.8022931, 55.8198726 ] ], [ [ 37.8022931, 55.8198726 ], [ 37.8042264, 55.8199166 ], [ 37.8045395, 55.8199237 ], [ 37.8049151, 55.8199323 ], [ 37.8050571, 55.8199355 ], [ 37.805551, 55.8199457 ], [ 37.8061508, 55.8199581 ], [ 37.8072947, 55.8199818 ], [ 37.8087528, 55.8200145 ] ], [ [ 37.8087528, 55.8200145 ], [ 37.8096786, 55.8200355 ] ], [ [ 37.8096786, 55.8200355 ], [ 37.809804, 55.8200383 ], [ 37.8104893, 55.8200538 ], [ 37.810574, 55.8200557 ], [ 37.8107037, 55.8200592 ], [ 37.8112193, 55.8200722 ], [ 37.8115816, 55.8200814 ] ], [ [ 37.8115816, 55.8200814 ], [ 37.8121391, 55.8200967 ], [ 37.8128861, 55.8201171 ] ], [ [ 37.8128861, 55.8201171 ], [ 37.8130878, 55.8201215 ], [ 37.8136748, 55.8201342 ], [ 37.8140483, 55.8201423 ], [ 37.8163958, 55.8201932 ], [ 37.8172673, 55.8202137 ], [ 37.8173213, 55.8202149 ], [ 37.8184542, 55.8202398 ], [ 37.8185631, 55.8202422 ], [ 37.8194153, 55.8202579 ], [ 37.8195225, 55.8202598 ], [ 37.820147, 55.8202771 ], [ 37.8204551, 55.8202839 ], [ 37.823275, 55.8203461 ], [ 37.8236015, 55.8203533 ], [ 37.8237661, 55.8203569 ], [ 37.8245088, 55.8203733 ], [ 37.8249726, 55.8203835 ], [ 37.825713, 55.8203998 ] ], [ [ 37.8257467, 55.8203194 ], [ 37.825713, 55.8203998 ] ], [ [ 37.8257467, 55.8203194 ], [ 37.8258016, 55.8202456 ], [ 37.8258113, 55.8202325 ] ], [ [ 37.8259498, 55.8202456 ], [ 37.8258113, 55.8202325 ] ], [ [ 37.8259498, 55.8202456 ], [ 37.8260652, 55.8199821 ], [ 37.8262139, 55.8196426 ], [ 37.8266772, 55.8185846 ], [ 37.8268063, 55.8182897 ] ], [ [ 37.8268063, 55.8182897 ], [ 37.8270584, 55.817738 ] ], [ [ 37.8270584, 55.817738 ], [ 37.8271378, 55.8175494 ] ], [ [ 37.8271378, 55.8175494 ], [ 37.8271706, 55.8174811 ] ], [ [ 37.8271706, 55.8174811 ], [ 37.8273317, 55.8171038 ], [ 37.8273793, 55.8169921 ], [ 37.8274746, 55.8167689 ] ], [ [ 37.8274746, 55.8167689 ], [ 37.8278132, 55.8159654 ], [ 37.8279292, 55.8156595 ], [ 37.8281464, 55.8149875 ], [ 37.8281784, 55.8148883 ] ], [ [ 37.8279753, 55.8148682 ], [ 37.8281784, 55.8148883 ] ], [ [ 37.8279753, 55.8148682 ], [ 37.8280154, 55.8147435 ], [ 37.8281861, 55.814133 ], [ 37.828224, 55.8139974 ], [ 37.8283177, 55.8137215 ] ], [ [ 37.8283177, 55.8137215 ], [ 37.8283943, 55.8134746 ] ], [ [ 37.8283943, 55.8134746 ], [ 37.8282019, 55.8132958 ], [ 37.8276142, 55.8130112 ], [ 37.8276386, 55.8129404 ], [ 37.8276485, 55.8129118 ] ], [ [ 37.8276485, 55.8129118 ], [ 37.8276583, 55.8128832 ], [ 37.827575, 55.8128725 ] ], [ [ 37.827575, 55.8128725 ], [ 37.8275562, 55.8129087 ], [ 37.8268508, 55.8128184 ], [ 37.8268682, 55.8127805 ] ], [ [ 37.8268682, 55.8127805 ], [ 37.8269577, 55.8127929 ] ], [ [ 37.827139, 55.8128163 ], [ 37.8269577, 55.8127929 ] ], [ [ 37.827139, 55.8128163 ], [ 37.82722, 55.8128268 ] ], [ [ 37.8273575, 55.812494 ], [ 37.82722, 55.8128268 ] ], [ [ 37.8273575, 55.812494 ], [ 37.8272754, 55.8124833 ] ], [ [ 37.8272754, 55.8124833 ], [ 37.8270941, 55.8124599 ] ], [ [ 37.8270941, 55.8124599 ], [ 37.8271109, 55.81242 ], [ 37.8276357, 55.8124876 ], [ 37.8276186, 55.8125277 ] ], [ [ 37.8276186, 55.8125277 ], [ 37.8277613, 55.8125306 ], [ 37.8283979, 55.8126174 ] ], [ [ 37.8283979, 55.8126174 ], [ 37.8284221, 55.8125514 ] ], [ [ 37.8284221, 55.8125514 ], [ 37.8284356, 55.8125159 ] ], [ [ 37.8284356, 55.8125159 ], [ 37.8284672, 55.8125107 ], [ 37.8285503, 55.812493 ], [ 37.8285979, 55.812445 ], [ 37.8286237, 55.8124036 ], [ 37.8286311, 55.8123561 ] ], [ [ 37.8286311, 55.8123561 ], [ 37.8286848, 55.8123513 ], [ 37.8287538, 55.8123542 ] ], [ [ 37.8287538, 55.8123542 ], [ 37.828835, 55.8123569 ], [ 37.8288732, 55.8123678 ] ], [ [ 37.8288732, 55.8123678 ], [ 37.8288621, 55.8126664 ] ], [ [ 37.8288621, 55.8126664 ], [ 37.8291834, 55.8127089 ] ], [ [ 37.8291834, 55.8127089 ], [ 37.8292931, 55.8127231 ] ], [ [ 37.8293173, 55.8124998 ], [ 37.8292962, 55.8126941 ], [ 37.8292931, 55.8127231 ] ], [ [ 37.8293356, 55.8123318 ], [ 37.8293173, 55.8124998 ] ], [ [ 37.829369, 55.8119308 ], [ 37.829367, 55.8120449 ], [ 37.8293665, 55.8120707 ], [ 37.8293356, 55.8123318 ] ], [ [ 37.8293713, 55.8117979 ], [ 37.829369, 55.8119308 ] ], [ [ 37.8293958, 55.810619 ], [ 37.8294016, 55.811401 ], [ 37.8293713, 55.8117979 ] ], [ [ 37.8287997, 55.8117963 ], [ 37.8288029, 55.8117688 ], [ 37.8288201, 55.8115823 ], [ 37.8288802, 55.8114027 ], [ 37.8289833, 55.8112382 ], [ 37.8292625, 55.8109003 ], [ 37.8293373, 55.8107593 ], [ 37.8293958, 55.810619 ] ], [ [ 37.828753, 55.8123619 ], [ 37.8287538, 55.8123542 ] ], [ [ 37.8287538, 55.8123542 ], [ 37.8287839, 55.8119969 ], [ 37.8287997, 55.8117963 ] ], [ [ 37.8294744, 55.8099469 ], [ 37.8294466, 55.8102236 ] ], [ [ 37.829508, 55.8093349 ], [ 37.8295104, 55.8094704 ], [ 37.8295044, 55.8096219 ], [ 37.8294744, 55.8099469 ] ], [ [ 37.829503, 55.8090458 ], [ 37.829508, 55.8093349 ] ], [ [ 37.8295073, 55.808803 ], [ 37.829503, 55.8090458 ] ], [ [ 37.8295612, 55.8080476 ], [ 37.8295386, 55.8082477 ], [ 37.8295247, 55.8083599 ], [ 37.8295201, 55.8084528 ], [ 37.8295119, 55.808631 ], [ 37.8295073, 55.808803 ] ], [ [ 37.8296126, 55.8075877 ], [ 37.8295965, 55.8077361 ], [ 37.8295612, 55.8080476 ] ], [ [ 37.8299594, 55.8039098 ], [ 37.8299569, 55.8039225 ], [ 37.8298829, 55.8046514 ], [ 37.8298915, 55.8049809 ], [ 37.8298875, 55.8050517 ], [ 37.8297857, 55.80597 ], [ 37.8297668, 55.8061093 ], [ 37.8297086, 55.8066985 ], [ 37.8296938, 55.8068292 ], [ 37.8296548, 55.807173 ], [ 37.8296287, 55.8074393 ], [ 37.8296126, 55.8075877 ] ], [ [ 37.829964, 55.8038516 ], [ 37.8299594, 55.8039098 ] ], [ [ 37.8299695, 55.8037865 ], [ 37.829964, 55.8038516 ] ], [ [ 37.8299695, 55.8037865 ], [ 37.8299413, 55.8037437 ], [ 37.8299172, 55.8037119 ], [ 37.8298588, 55.8036483 ], [ 37.8297794, 55.8035813 ], [ 37.8296907, 55.8035095 ] ], [ [ 37.8296907, 55.8035095 ], [ 37.829619, 55.8034705 ] ], [ [ 37.829619, 55.8034705 ], [ 37.8295141, 55.8034322 ] ], [ [ 37.8295141, 55.8034322 ], [ 37.8291291, 55.8032608 ] ], [ [ 37.8291291, 55.8032608 ], [ 37.8292478, 55.8032113 ], [ 37.8293114, 55.8031845 ], [ 37.8294361, 55.8031288 ] ], [ [ 37.8294361, 55.8031288 ], [ 37.829555, 55.8030927 ] ], [ [ 37.829555, 55.8030927 ], [ 37.8296323, 55.8030342 ], [ 37.8297308, 55.8029868 ] ], [ [ 37.8297308, 55.8029868 ], [ 37.8298456, 55.8029529 ], [ 37.8299891, 55.8029327 ], [ 37.8301371, 55.8029337 ] ], [ [ 37.8300988, 55.8027434 ], [ 37.8301084, 55.8027912 ], [ 37.8301371, 55.8029337 ] ], [ [ 37.8299916, 55.8022429 ], [ 37.8300459, 55.8023959 ], [ 37.8300864, 55.8026608 ], [ 37.8300988, 55.8027434 ] ], [ [ 37.827172, 55.8001702 ], [ 37.827525, 55.8002845 ], [ 37.8277356, 55.8003583 ], [ 37.8279528, 55.8004561 ], [ 37.8283639, 55.800643 ], [ 37.8290173, 55.8010145 ], [ 37.829142, 55.8011203 ], [ 37.8292457, 55.8012126 ], [ 37.8294836, 55.8014305 ], [ 37.8296199, 55.8015741 ], [ 37.8296855, 55.8016788 ], [ 37.8298743, 55.8019802 ], [ 37.829973, 55.8021907 ], [ 37.8299916, 55.8022429 ] ], [ [ 37.8267242, 55.8000369 ], [ 37.8269395, 55.8001027 ], [ 37.8270033, 55.8001208 ], [ 37.827172, 55.8001702 ] ], [ [ 37.8248924, 55.7994145 ], [ 37.825101, 55.7995131 ], [ 37.8254028, 55.7996232 ], [ 37.8256205, 55.7996908 ], [ 37.8264506, 55.7999487 ], [ 37.8267242, 55.8000369 ] ], [ [ 37.8246043, 55.7992418 ], [ 37.8246665, 55.7992855 ], [ 37.824747, 55.7993327 ], [ 37.824806, 55.7993659 ], [ 37.8248924, 55.7994145 ] ], [ [ 37.8239373, 55.7986977 ], [ 37.824229, 55.7989779 ], [ 37.8246043, 55.7992418 ] ], [ [ 37.8238015, 55.7985553 ], [ 37.8238425, 55.7986054 ], [ 37.8238784, 55.7986412 ], [ 37.8239373, 55.7986977 ] ], [ [ 37.823455, 55.7970067 ], [ 37.8234548, 55.7971028 ], [ 37.8234662, 55.7977311 ], [ 37.8234668, 55.7977712 ], [ 37.8235461, 55.7981683 ], [ 37.823672, 55.7983878 ], [ 37.8237468, 55.7984886 ], [ 37.8238015, 55.7985553 ] ], [ [ 37.8233296, 55.7970062 ], [ 37.823455, 55.7970067 ] ], [ [ 37.8233296, 55.7970062 ], [ 37.8233317, 55.796877 ], [ 37.8233354, 55.7967827 ] ], [ [ 37.8233243, 55.7967824 ], [ 37.8233354, 55.7967827 ] ], [ [ 37.8233243, 55.7967824 ], [ 37.8233379, 55.7965442 ], [ 37.8233405, 55.7964996 ], [ 37.8233748, 55.7957524 ], [ 37.8233767, 55.7957099 ], [ 37.823404, 55.7952486 ], [ 37.8234161, 55.7949378 ], [ 37.8234277, 55.7945912 ], [ 37.8234273, 55.7945311 ], [ 37.8235344, 55.7944191 ] ], [ [ 37.8235335, 55.7938573 ], [ 37.8235344, 55.7944191 ] ], [ [ 37.823534, 55.7937176 ], [ 37.8235342, 55.7937476 ], [ 37.8235335, 55.7938573 ] ], [ [ 37.8235316, 55.7936006 ], [ 37.823534, 55.7937176 ] ], [ [ 37.8235284, 55.793485 ], [ 37.8235295, 55.7935305 ], [ 37.8235316, 55.7936006 ] ], [ [ 37.8235264, 55.7934051 ], [ 37.8235268, 55.7934175 ], [ 37.8235284, 55.793485 ] ], [ [ 37.8235055, 55.792605 ], [ 37.8235217, 55.7932135 ], [ 37.8235264, 55.7934051 ] ], [ [ 37.8234753, 55.7914556 ], [ 37.8234772, 55.7915484 ], [ 37.8234957, 55.7922383 ], [ 37.8235055, 55.792605 ] ], [ [ 37.8235586, 55.7899676 ], [ 37.8235545, 55.790013 ], [ 37.8235357, 55.7902185 ], [ 37.8235285, 55.7903267 ], [ 37.8235108, 55.7906671 ], [ 37.8234987, 55.7909438 ], [ 37.8234909, 55.7911205 ], [ 37.8234796, 55.7913618 ], [ 37.8234753, 55.7914556 ] ], [ [ 37.8236005, 55.7892097 ], [ 37.8235609, 55.7899256 ], [ 37.8235586, 55.7899676 ] ], [ [ 37.8231829, 55.788951 ], [ 37.8234342, 55.7889988 ], [ 37.8235439, 55.7890744 ], [ 37.8236005, 55.7892097 ] ], [ [ 37.81948, 55.7888719 ], [ 37.8195861, 55.7888745 ], [ 37.8196007, 55.7888749 ], [ 37.8209164, 55.7889029 ], [ 37.8231829, 55.788951 ] ], [ [ 37.8194517, 55.7891829 ], [ 37.81948, 55.7888719 ] ], [ [ 37.8194475, 55.7892652 ], [ 37.8194517, 55.7891829 ] ], [ [ 37.5001274, 55.8153969 ], [ 37.5002571, 55.8152397 ] ], [ [ 37.5000085, 55.8153673 ], [ 37.5001274, 55.8153969 ] ], [ [ 37.5000038, 55.8153419 ], [ 37.500011, 55.8153564 ], [ 37.5000085, 55.8153673 ] ], [ [ 37.4997498, 55.8153093 ], [ 37.4998154, 55.8153079 ], [ 37.4998979, 55.8153057 ], [ 37.4999394, 55.8153087 ], [ 37.4999696, 55.815317 ], [ 37.4999877, 55.8153256 ], [ 37.5000038, 55.8153419 ] ], [ [ 37.4997483, 55.8152585 ], [ 37.4997498, 55.8153093 ] ], [ [ 37.5540449, 55.6692241 ], [ 37.5539278, 55.6691233 ] ], [ [ 37.5539278, 55.6691233 ], [ 37.5538624, 55.6690641 ], [ 37.5537949, 55.669003 ] ], [ [ 37.5537949, 55.669003 ], [ 37.5524515, 55.6677267 ], [ 37.552159, 55.6674696 ], [ 37.5518118, 55.6671513 ], [ 37.5513298, 55.666697 ] ], [ [ 37.5513298, 55.666697 ], [ 37.5512538, 55.6666254 ], [ 37.5511817, 55.6665574 ], [ 37.5511239, 55.6665029 ], [ 37.5511077, 55.6664877 ] ], [ [ 37.5511077, 55.6664877 ], [ 37.5509355, 55.6663562 ], [ 37.5506142, 55.6660349 ], [ 37.5502439, 55.665683 ], [ 37.5498382, 55.6653004 ], [ 37.5494268, 55.664937 ], [ 37.5489284, 55.6644283 ], [ 37.5488851, 55.6643841 ] ], [ [ 37.5488851, 55.6643841 ], [ 37.5488244, 55.664324 ], [ 37.5487102, 55.6642109 ], [ 37.5486267, 55.6641281 ] ], [ [ 37.5486267, 55.6641281 ], [ 37.5482451, 55.6637871 ], [ 37.5478507, 55.6634323 ] ], [ [ 37.5478507, 55.6634323 ], [ 37.5469569, 55.6626284 ] ], [ [ 37.5469569, 55.6626284 ], [ 37.5460358, 55.6617998 ], [ 37.5453479, 55.661137 ], [ 37.5446402, 55.6604722 ], [ 37.5426589, 55.6586366 ], [ 37.5423017, 55.6582971 ], [ 37.5421978, 55.658191 ], [ 37.5421338, 55.6581257 ], [ 37.5420351, 55.6580241 ], [ 37.5419691, 55.6579562 ], [ 37.5419456, 55.657935 ] ], [ [ 37.5416482, 55.6575698 ], [ 37.5416397, 55.6576419 ], [ 37.5418943, 55.6578832 ], [ 37.5419456, 55.657935 ] ], [ [ 37.5416482, 55.6575698 ], [ 37.5416159, 55.6575178 ], [ 37.5413198, 55.6572422 ], [ 37.5409809, 55.6569267 ], [ 37.5406821, 55.6566486 ], [ 37.5404744, 55.6564552 ], [ 37.5403778, 55.656365 ], [ 37.5403278, 55.6563219 ] ], [ [ 37.5403278, 55.6563219 ], [ 37.5401712, 55.6561704 ] ], [ [ 37.5401712, 55.6561704 ], [ 37.5397531, 55.6563059 ] ], [ [ 37.5389447, 55.655558 ], [ 37.5393577, 55.6559944 ], [ 37.5395308, 55.6560984 ], [ 37.5397531, 55.6563059 ] ], [ [ 37.5393736, 55.6554242 ], [ 37.5389447, 55.655558 ] ], [ [ 37.5392495, 55.6553036 ], [ 37.5393736, 55.6554242 ] ], [ [ 37.5392218, 55.6552767 ], [ 37.5392495, 55.6553036 ] ], [ [ 37.5392218, 55.6552767 ], [ 37.5390784, 55.6551819 ], [ 37.538507, 55.6547047 ], [ 37.5379732, 55.6541732 ], [ 37.5376687, 55.6538988 ], [ 37.5369293, 55.6532373 ], [ 37.5366767, 55.6530048 ] ], [ [ 37.5366767, 55.6530048 ], [ 37.5366022, 55.6529367 ], [ 37.5361068, 55.6524836 ], [ 37.5359084, 55.6523023 ], [ 37.5356225, 55.6520407 ], [ 37.5347624, 55.6512542 ], [ 37.5344811, 55.6509969 ], [ 37.5343287, 55.6508576 ], [ 37.534327, 55.6508561 ], [ 37.5339249, 55.6504903 ], [ 37.5336919, 55.6502623 ] ], [ [ 37.5336919, 55.6502623 ], [ 37.5336438, 55.6502174 ] ], [ [ 37.5336438, 55.6502174 ], [ 37.5335404, 55.6501308 ], [ 37.5333935, 55.6499865 ] ], [ [ 37.5333935, 55.6499865 ], [ 37.532935, 55.6495642 ], [ 37.5324596, 55.6491251 ], [ 37.5316855, 55.6484499 ], [ 37.5314689, 55.648233 ], [ 37.531148, 55.6479222 ], [ 37.5304907, 55.6472768 ], [ 37.5304507, 55.6472375 ], [ 37.5302959, 55.6470855 ], [ 37.5299761, 55.6467715 ], [ 37.529928, 55.6467242 ], [ 37.5297363, 55.646536 ] ], [ [ 37.5295781, 55.6463711 ], [ 37.5296714, 55.6464667 ], [ 37.5297363, 55.646536 ] ], [ [ 37.5272081, 55.6432779 ], [ 37.5273182, 55.6434117 ], [ 37.5275431, 55.6437332 ], [ 37.5276153, 55.6438363 ], [ 37.5276353, 55.6438641 ], [ 37.5277765, 55.6440609 ], [ 37.5280074, 55.6443825 ], [ 37.5281559, 55.6446049 ], [ 37.5281983, 55.644663 ], [ 37.5283978, 55.6449298 ], [ 37.5289631, 55.6456641 ], [ 37.5291983, 55.6459292 ], [ 37.5295781, 55.6463711 ] ], [ [ 37.5267677, 55.6426441 ], [ 37.5270624, 55.6430682 ], [ 37.5272081, 55.6432779 ] ], [ [ 37.5270159, 55.6425715 ], [ 37.5267677, 55.6426441 ] ], [ [ 37.5270159, 55.6425715 ], [ 37.5271525, 55.6425031 ], [ 37.5278379, 55.642315 ], [ 37.5280482, 55.6422552 ], [ 37.5288032, 55.6420577 ], [ 37.5296743, 55.6418237 ], [ 37.5306958, 55.6415567 ], [ 37.5315014, 55.6413318 ], [ 37.5327534, 55.640982 ], [ 37.5328345, 55.6409612 ], [ 37.5340848, 55.6406196 ], [ 37.5350546, 55.640318 ], [ 37.536057, 55.6400505 ], [ 37.5365309, 55.6399368 ], [ 37.5366904, 55.6399161 ], [ 37.5367936, 55.6399069 ], [ 37.5372052, 55.6397974 ], [ 37.5372507, 55.6397865 ], [ 37.5372885, 55.6397563 ], [ 37.5373217, 55.6397081 ] ], [ [ 37.5373217, 55.6397081 ], [ 37.5374957, 55.6396734 ], [ 37.5378598, 55.6396382 ], [ 37.5380186, 55.6396581 ], [ 37.538245, 55.6397121 ], [ 37.5383798, 55.6397831 ], [ 37.538443, 55.639835 ] ], [ [ 37.5387256, 55.6397506 ], [ 37.5386017, 55.6397924 ], [ 37.538443, 55.639835 ] ], [ [ 37.5387256, 55.6397506 ], [ 37.5386782, 55.6396249 ], [ 37.5386924, 55.6395209 ], [ 37.5387428, 55.6394133 ], [ 37.5390243, 55.6393356 ], [ 37.539882, 55.6390988 ] ], [ [ 37.539882, 55.6390988 ], [ 37.5399597, 55.639101 ], [ 37.5400833, 55.6390694 ], [ 37.5401138, 55.6390371 ] ], [ [ 37.5401138, 55.6390371 ], [ 37.5412388, 55.6387454 ], [ 37.5414046, 55.6387018 ], [ 37.5426595, 55.6383613 ], [ 37.5427513, 55.6383351 ], [ 37.5432984, 55.6381979 ], [ 37.5433747, 55.6381789 ], [ 37.5436037, 55.6381319 ], [ 37.5437324, 55.6381428 ], [ 37.5441632, 55.6382185 ], [ 37.5442666, 55.6382348 ], [ 37.5443749, 55.6382361 ] ], [ [ 37.5448498, 55.6380966 ], [ 37.5447312, 55.6381296 ], [ 37.5445499, 55.6381829 ], [ 37.5443749, 55.6382361 ] ], [ [ 37.5448498, 55.6380966 ], [ 37.5449494, 55.6380087 ] ], [ [ 37.5449494, 55.6380087 ], [ 37.5451286, 55.6378719 ], [ 37.545394, 55.6378034 ], [ 37.5456848, 55.6376399 ] ], [ [ 37.5456848, 55.6376399 ], [ 37.5460231, 55.6374742 ], [ 37.5463904, 55.6373605 ], [ 37.546591, 55.6373017 ], [ 37.5467453, 55.637258 ], [ 37.5477223, 55.6369812 ], [ 37.5480608, 55.6368874 ], [ 37.5483649, 55.6368089 ], [ 37.5488365, 55.6366871 ], [ 37.5497287, 55.6364187 ], [ 37.5527954, 55.6356847 ] ], [ [ 37.5527954, 55.6356847 ], [ 37.5532563, 55.6355919 ], [ 37.5534776, 55.6355473 ], [ 37.5537488, 55.6354682 ], [ 37.5540514, 55.6353848 ], [ 37.5549208, 55.6351213 ], [ 37.5555371, 55.6349176 ], [ 37.5558133, 55.6347973 ], [ 37.5567826, 55.6344284 ], [ 37.557289, 55.6341514 ], [ 37.5574473, 55.6340537 ], [ 37.5578532, 55.6338713 ], [ 37.5583793, 55.6336678 ], [ 37.5589272, 55.6334746 ], [ 37.559431, 55.6333301 ], [ 37.5600648, 55.6331765 ], [ 37.5604013, 55.6331367 ], [ 37.560784, 55.6331155 ], [ 37.5610645, 55.6331134 ] ], [ [ 37.5613504, 55.6330731 ], [ 37.5610645, 55.6331134 ] ], [ [ 37.5670767, 55.6321725 ], [ 37.5668963, 55.6321641 ], [ 37.5665437, 55.6321147 ], [ 37.5661312, 55.6320988 ], [ 37.5655337, 55.6320757 ], [ 37.565109, 55.6321052 ], [ 37.5645808, 55.632245 ], [ 37.5644162, 55.632266 ], [ 37.5642764, 55.632301 ], [ 37.5633562, 55.6326111 ], [ 37.5629457, 55.6326976 ], [ 37.5626623, 55.6327573 ], [ 37.5624148, 55.6328094 ], [ 37.562021, 55.6329243 ], [ 37.5616441, 55.6329942 ], [ 37.5613504, 55.6330731 ] ], [ [ 37.5772254, 55.6326556 ], [ 37.5771376, 55.6326344 ], [ 37.5769812, 55.6325967 ], [ 37.5766114, 55.6324198 ], [ 37.5765625, 55.6323969 ], [ 37.576353, 55.632299 ], [ 37.5762274, 55.632256 ], [ 37.5761568, 55.6322417 ], [ 37.5759159, 55.6321931 ], [ 37.5756921, 55.6321681 ], [ 37.5753143, 55.6321801 ], [ 37.5750895, 55.6322126 ], [ 37.5744852, 55.6323304 ], [ 37.5738344, 55.6324786 ], [ 37.5736597, 55.6324923 ], [ 37.5733656, 55.6324771 ], [ 37.5728775, 55.6324518 ], [ 37.5721529, 55.6324144 ], [ 37.5716689, 55.6324189 ], [ 37.5713185, 55.6324493 ], [ 37.5699931, 55.6324423 ], [ 37.5683783, 55.6323784 ], [ 37.5682646, 55.6323723 ], [ 37.5681777, 55.6323563 ], [ 37.5677281, 55.6322413 ], [ 37.5672502, 55.6321806 ], [ 37.5670767, 55.6321725 ] ], [ [ 37.5772879, 55.632648 ], [ 37.5772254, 55.6326556 ] ], [ [ 37.5844667, 55.6312861 ], [ 37.584316, 55.631279 ], [ 37.5840559, 55.6312979 ], [ 37.5838958, 55.6313139 ], [ 37.5819414, 55.6316863 ], [ 37.5813645, 55.6318154 ], [ 37.5798932, 55.6321724 ], [ 37.5787502, 55.6324018 ], [ 37.5777038, 55.6325975 ], [ 37.5772879, 55.632648 ] ], [ [ 37.5844667, 55.6312861 ], [ 37.5846667, 55.6313034 ], [ 37.5856689, 55.6313903 ] ], [ [ 37.5859046, 55.6312107 ], [ 37.585778, 55.631326 ], [ 37.585733, 55.6313612 ], [ 37.5856689, 55.6313903 ] ], [ [ 37.58598, 55.6310847 ], [ 37.5859584, 55.6311363 ], [ 37.5859046, 55.6312107 ] ], [ [ 37.58598, 55.6310847 ], [ 37.5861681, 55.6310903 ], [ 37.5863106, 55.6311621 ], [ 37.586622, 55.631373 ], [ 37.58691, 55.63146 ], [ 37.587152, 55.631488 ], [ 37.587483, 55.631503 ], [ 37.587911, 55.63156 ], [ 37.5881176, 55.6315773 ], [ 37.588318, 55.631594 ], [ 37.58929, 55.631787 ] ], [ [ 37.58929, 55.631787 ], [ 37.5893696, 55.6318151 ], [ 37.5895036, 55.631858 ], [ 37.5895736, 55.6318838 ], [ 37.5896832, 55.6319045 ], [ 37.5897766, 55.6319165 ], [ 37.5899207, 55.6319297 ], [ 37.5899519, 55.6319323 ], [ 37.59038, 55.6319439 ] ], [ [ 37.59038, 55.6319439 ], [ 37.5907653, 55.6319951 ], [ 37.5914657, 55.6321144 ], [ 37.5916477, 55.6321501 ], [ 37.5919071, 55.632211 ], [ 37.5921306, 55.6322563 ], [ 37.5923732, 55.6323012 ], [ 37.59313, 55.632357 ], [ 37.5935612, 55.6323091 ], [ 37.593643, 55.6323 ] ], [ [ 37.5936678, 55.6322895 ], [ 37.593643, 55.6323 ] ], [ [ 37.5937898, 55.6322331 ], [ 37.5936678, 55.6322895 ] ], [ [ 37.5937898, 55.6322331 ], [ 37.5939368, 55.6323008 ], [ 37.594121, 55.632393 ] ], [ [ 37.594121, 55.632393 ], [ 37.5941519, 55.6324077 ], [ 37.5944323, 55.6325412 ], [ 37.5945474, 55.632596 ] ], [ [ 37.5945474, 55.632596 ], [ 37.5954116, 55.6330098 ], [ 37.5955004, 55.6330519 ], [ 37.5955562, 55.6330824 ] ], [ [ 37.5955562, 55.6330824 ], [ 37.5957248, 55.6331609 ], [ 37.5958628, 55.6332163 ], [ 37.5959173, 55.6332359 ] ], [ [ 37.5959173, 55.6332359 ], [ 37.5965277, 55.6334388 ], [ 37.5968172, 55.6335311 ], [ 37.5970889, 55.6335936 ], [ 37.5972705, 55.6336322 ], [ 37.5974592, 55.6336682 ], [ 37.5976517, 55.6336924 ], [ 37.5986968, 55.6338214 ], [ 37.5990162, 55.6338604 ] ], [ [ 37.5990162, 55.6338604 ], [ 37.5991861, 55.6338811 ], [ 37.6010531, 55.6340944 ] ], [ [ 37.6010531, 55.6340944 ], [ 37.6011787, 55.6341102 ] ], [ [ 37.6011787, 55.6341102 ], [ 37.6016658, 55.6341716 ], [ 37.602482, 55.634265 ] ], [ [ 37.6030574, 55.6343269 ], [ 37.602482, 55.634265 ] ], [ [ 37.6030574, 55.6343269 ], [ 37.6030975, 55.6343918 ] ], [ [ 37.6032322, 55.6344864 ], [ 37.6032162, 55.6344597 ], [ 37.6031951, 55.6344266 ], [ 37.603153, 55.6344059 ], [ 37.6030975, 55.6343918 ] ], [ [ 37.6039599, 55.6345338 ], [ 37.603762, 55.6345199 ], [ 37.6036993, 55.6345159 ], [ 37.6036346, 55.6345118 ], [ 37.6035851, 55.6345087 ], [ 37.6034128, 55.6344978 ], [ 37.6032322, 55.6344864 ] ], [ [ 37.6039599, 55.6345338 ], [ 37.604401, 55.6345835 ], [ 37.6049563, 55.634633 ], [ 37.6050366, 55.6346401 ] ], [ [ 37.6050366, 55.6346401 ], [ 37.6050763, 55.6345444 ] ], [ [ 37.6050763, 55.6345444 ], [ 37.6050839, 55.634524 ] ], [ [ 37.6050839, 55.634524 ], [ 37.6050936, 55.634493 ] ], [ [ 37.608071, 55.6340729 ], [ 37.6078678, 55.6341095 ], [ 37.605429, 55.6345172 ], [ 37.6050936, 55.634493 ] ], [ [ 37.6136099, 55.6326957 ], [ 37.6136218, 55.632742 ], [ 37.6136181, 55.6328015 ], [ 37.6130644, 55.6333352 ], [ 37.6119119, 55.6334967 ], [ 37.6109495, 55.6336316 ], [ 37.6107585, 55.6336609 ], [ 37.608071, 55.6340729 ] ], [ [ 37.6138752, 55.6326721 ], [ 37.6137651, 55.6326819 ], [ 37.6136099, 55.6326957 ] ], [ [ 37.6138752, 55.6326721 ], [ 37.6138792, 55.6326796 ], [ 37.6139677, 55.6327614 ], [ 37.6140669, 55.6328053 ], [ 37.614193, 55.6328719 ], [ 37.6144102, 55.6329355 ], [ 37.6146972, 55.6330142 ], [ 37.6148273, 55.6330404 ] ], [ [ 37.6187451, 55.6324165 ], [ 37.6183821, 55.6324821 ], [ 37.6182802, 55.6324971 ], [ 37.6179448, 55.6325509 ], [ 37.6178122, 55.6325646 ], [ 37.6173697, 55.6326257 ], [ 37.6165695, 55.6327673 ], [ 37.6159459, 55.6328647 ], [ 37.6152911, 55.6329649 ], [ 37.6150727, 55.6330006 ], [ 37.6148273, 55.6330404 ] ], [ [ 37.6081147, 55.6341827 ], [ 37.6080559, 55.6341918 ], [ 37.6079151, 55.6342116 ], [ 37.6073579, 55.634297 ], [ 37.605667, 55.6345482 ], [ 37.6054517, 55.6345693 ], [ 37.6051653, 55.6345498 ], [ 37.6050763, 55.6345444 ] ], [ [ 37.6110002, 55.6337538 ], [ 37.6108277, 55.6337758 ], [ 37.6104322, 55.6338263 ], [ 37.6093766, 55.6339885 ], [ 37.6092137, 55.6340135 ], [ 37.6087915, 55.6340797 ], [ 37.6085095, 55.634127 ], [ 37.6083608, 55.634152 ], [ 37.6081147, 55.6341827 ] ], [ [ 37.6117579, 55.6336226 ], [ 37.6110002, 55.6337538 ] ], [ [ 37.6128665, 55.6334517 ], [ 37.61195, 55.633593 ], [ 37.6117579, 55.6336226 ] ], [ [ 37.6131022, 55.6334149 ], [ 37.6129435, 55.6334387 ], [ 37.6128665, 55.6334517 ] ], [ [ 37.6135436, 55.6333401 ], [ 37.6131022, 55.6334149 ] ], [ [ 37.6144736, 55.6331959 ], [ 37.6137188, 55.6333137 ], [ 37.6135436, 55.6333401 ] ], [ [ 37.6148745, 55.633149 ], [ 37.6144736, 55.6331959 ] ], [ [ 37.6150734, 55.6331205 ], [ 37.6149693, 55.6331343 ], [ 37.6148745, 55.633149 ] ], [ [ 37.6156262, 55.633035 ], [ 37.6154101, 55.6330684 ], [ 37.6150734, 55.6331205 ] ], [ [ 37.6160769, 55.6329697 ], [ 37.6157241, 55.6330198 ], [ 37.6156262, 55.633035 ] ], [ [ 37.616631, 55.6328754 ], [ 37.6160769, 55.6329697 ] ], [ [ 37.6187922, 55.6325313 ], [ 37.6180691, 55.6326464 ], [ 37.6176301, 55.6327175 ], [ 37.616631, 55.6328754 ] ], [ [ 37.6187451, 55.6324165 ], [ 37.6187922, 55.6325313 ] ], [ [ 37.6189276, 55.6322686 ], [ 37.6189321, 55.6323496 ], [ 37.618917, 55.6323741 ], [ 37.6188733, 55.6323976 ], [ 37.6187451, 55.6324165 ] ], [ [ 37.6189276, 55.6322686 ], [ 37.6190663, 55.6322638 ], [ 37.6192397, 55.6322577 ] ], [ [ 37.6192397, 55.6322577 ], [ 37.6190008, 55.6315809 ] ], [ [ 37.6190008, 55.6315809 ], [ 37.6189596, 55.6314911 ] ], [ [ 37.6189596, 55.6314911 ], [ 37.6189464, 55.6314622 ], [ 37.6195414, 55.6313741 ], [ 37.6195538, 55.6314 ] ], [ [ 37.6195706, 55.6314353 ], [ 37.6195538, 55.6314 ] ], [ [ 37.6195769, 55.6314484 ], [ 37.6195706, 55.6314353 ] ], [ [ 37.6195769, 55.6314484 ], [ 37.6197211, 55.6314263 ] ], [ [ 37.6197211, 55.6314263 ], [ 37.6198268, 55.6316357 ], [ 37.6198461, 55.6319413 ], [ 37.619852, 55.6320162 ] ], [ [ 37.619852, 55.6320162 ], [ 37.6199462, 55.6320147 ], [ 37.6201938, 55.6320106 ] ], [ [ 37.6201938, 55.6320106 ], [ 37.6202522, 55.632178 ] ], [ [ 37.6202522, 55.632178 ], [ 37.6205866, 55.6321481 ], [ 37.6212783, 55.6320568 ], [ 37.6218848, 55.6319782 ], [ 37.6219253, 55.6319736 ] ], [ [ 37.621985, 55.632121 ], [ 37.6219567, 55.6320511 ], [ 37.6219253, 55.6319736 ] ], [ [ 37.621985, 55.632121 ], [ 37.6221827, 55.6321062 ], [ 37.6222066, 55.6321136 ], [ 37.6222426, 55.6321399 ], [ 37.6222543, 55.6321762 ] ], [ [ 37.6222543, 55.6321762 ], [ 37.6223496, 55.6321717 ], [ 37.6225083, 55.6321641 ] ], [ [ 37.6226166, 55.632067 ], [ 37.6225342, 55.6320916 ], [ 37.622509, 55.6321153 ], [ 37.6225083, 55.6321641 ] ], [ [ 37.6226166, 55.632067 ], [ 37.6231197, 55.6320337 ], [ 37.6231506, 55.6320317 ], [ 37.6242755, 55.631992 ] ], [ [ 37.6242745, 55.6318053 ], [ 37.624275, 55.6318998 ], [ 37.6242755, 55.631992 ] ], [ [ 37.6242745, 55.6318053 ], [ 37.6259571, 55.6317621 ] ], [ [ 37.6259571, 55.6317621 ], [ 37.6260214, 55.6317875 ] ], [ [ 37.6260214, 55.6317875 ], [ 37.6261565, 55.631848 ] ], [ [ 37.6267027, 55.6319345 ], [ 37.6265921, 55.6319205 ], [ 37.6264235, 55.6319043 ], [ 37.6261565, 55.631848 ] ], [ [ 37.6267027, 55.6319345 ], [ 37.6268176, 55.6319462 ] ], [ [ 37.6270358, 55.6319731 ], [ 37.6268176, 55.6319462 ] ], [ [ 37.6270358, 55.6319731 ], [ 37.6270148, 55.6320785 ] ], [ [ 37.6270148, 55.6320785 ], [ 37.6270722, 55.6320837 ], [ 37.6271505, 55.6320908 ], [ 37.6271905, 55.6320944 ] ], [ [ 37.6271905, 55.6320944 ], [ 37.6271771, 55.6321542 ], [ 37.6272361, 55.632158 ], [ 37.6272817, 55.631996 ] ], [ [ 37.6276339, 55.6320233 ], [ 37.6272817, 55.631996 ] ], [ [ 37.6276664, 55.632036 ], [ 37.6276339, 55.6320233 ] ], [ [ 37.6280868, 55.6323552 ], [ 37.6276664, 55.632036 ] ], [ [ 37.6283416, 55.6324855 ], [ 37.6282196, 55.6324444 ], [ 37.6280868, 55.6323552 ] ], [ [ 37.6289803, 55.6321815 ], [ 37.628925, 55.6322484 ], [ 37.62867, 55.632369 ], [ 37.6285117, 55.6325293 ], [ 37.6283416, 55.6324855 ] ], [ [ 37.6289803, 55.6321815 ], [ 37.629323, 55.6319464 ], [ 37.6297669, 55.6315725 ] ], [ [ 37.630519, 55.6309372 ], [ 37.6299818, 55.6315326 ], [ 37.6297669, 55.6315725 ] ], [ [ 37.630519, 55.6309372 ], [ 37.6306266, 55.6309664 ] ], [ [ 37.6306266, 55.6309664 ], [ 37.6308502, 55.6306546 ], [ 37.6311187, 55.6301556 ], [ 37.631166, 55.6300396 ], [ 37.6313216, 55.629509 ], [ 37.6313643, 55.6294448 ], [ 37.6314428, 55.6293828 ] ], [ [ 37.6314428, 55.6293828 ], [ 37.6315407, 55.6293413 ], [ 37.631641, 55.6293195 ], [ 37.6321689, 55.6292813 ], [ 37.6326647, 55.6292501 ], [ 37.6329626, 55.6292328 ], [ 37.6331994, 55.629215 ], [ 37.6332332, 55.629213 ] ], [ [ 37.6332235, 55.6291675 ], [ 37.6332332, 55.629213 ] ], [ [ 37.6387767, 55.6287437 ], [ 37.6365626, 55.6288927 ], [ 37.6363971, 55.6289509 ], [ 37.6362164, 55.6289646 ], [ 37.6356956, 55.6289986 ], [ 37.6348999, 55.6290505 ], [ 37.6348314, 55.6290561 ], [ 37.6347464, 55.6290612 ], [ 37.6346299, 55.6290693 ], [ 37.6345335, 55.6290756 ], [ 37.6339066, 55.629121 ], [ 37.6332235, 55.6291675 ] ], [ [ 37.6389788, 55.6286727 ], [ 37.6389576, 55.6287152 ], [ 37.6387767, 55.6287437 ] ], [ [ 37.6392294, 55.6286599 ], [ 37.6390965, 55.6286668 ], [ 37.6389788, 55.6286727 ] ], [ [ 37.6393881, 55.6286938 ], [ 37.6393076, 55.6286997 ], [ 37.6392745, 55.6286959 ], [ 37.6392419, 55.6286816 ], [ 37.6392294, 55.6286599 ] ], [ [ 37.6425054, 55.6284948 ], [ 37.6421818, 55.6284724 ], [ 37.6414749, 55.6285259 ], [ 37.6411157, 55.6285733 ], [ 37.6410925, 55.6285764 ], [ 37.6393881, 55.6286938 ] ], [ [ 37.6452697, 55.6282657 ], [ 37.6448684, 55.6282954 ], [ 37.6444171, 55.6283264 ], [ 37.6436936, 55.6284091 ], [ 37.6425054, 55.6284948 ] ], [ [ 37.6460279, 55.6282052 ], [ 37.6452697, 55.6282657 ] ], [ [ 37.6474779, 55.6280609 ], [ 37.6474601, 55.6280936 ], [ 37.6473246, 55.6281072 ], [ 37.6468935, 55.6281416 ], [ 37.6460279, 55.6282052 ] ], [ [ 37.6475752, 55.6280535 ], [ 37.6474779, 55.6280609 ] ], [ [ 37.6477033, 55.6280438 ], [ 37.6475752, 55.6280535 ] ], [ [ 37.6477752, 55.6280392 ], [ 37.6477033, 55.6280438 ] ], [ [ 37.6477752, 55.6280392 ], [ 37.6478361, 55.6280352 ] ], [ [ 37.6478526, 55.628116 ], [ 37.6478361, 55.6280352 ] ], [ [ 37.6478941, 55.6283273 ], [ 37.6478832, 55.6282699 ], [ 37.6478626, 55.6281618 ], [ 37.6478526, 55.628116 ] ], [ [ 37.6478668, 55.6283967 ], [ 37.6478941, 55.6283273 ] ], [ [ 37.6478668, 55.6283967 ], [ 37.6476768, 55.6284136 ], [ 37.6475724, 55.6284211 ] ], [ [ 37.6475724, 55.6284211 ], [ 37.64735, 55.6283484 ], [ 37.6460853, 55.6283981 ] ], [ [ 37.6460853, 55.6283981 ], [ 37.6452549, 55.628461 ] ], [ [ 37.6452549, 55.628461 ], [ 37.6451582, 55.6284706 ], [ 37.6450669, 55.6285135 ] ], [ [ 37.6450669, 55.6285135 ], [ 37.6449662, 55.6285175 ], [ 37.644844, 55.6285189 ], [ 37.644751, 55.6285232 ] ], [ [ 37.644751, 55.6285232 ], [ 37.6442453, 55.6285226 ], [ 37.6431435, 55.6285817 ] ], [ [ 37.6431435, 55.6285817 ], [ 37.6429497, 55.6285938 ] ], [ [ 37.6429497, 55.6285938 ], [ 37.6411494, 55.6287175 ], [ 37.6407829, 55.6287834 ], [ 37.6403022, 55.6288269 ], [ 37.6394242, 55.6288593 ] ], [ [ 37.6394242, 55.6288593 ], [ 37.6393251, 55.6289147 ] ], [ [ 37.6393251, 55.6289147 ], [ 37.6391395, 55.628925 ], [ 37.6390564, 55.6289296 ] ], [ [ 37.6390564, 55.6289296 ], [ 37.6390518, 55.6289057 ], [ 37.6390357, 55.628892 ], [ 37.6389833, 55.6288728 ], [ 37.6389294, 55.6288694 ], [ 37.6388089, 55.6288766 ] ], [ [ 37.6388089, 55.6288766 ], [ 37.6362365, 55.6290539 ], [ 37.6358003, 55.6290853 ], [ 37.6350655, 55.6291382 ] ], [ [ 37.6350655, 55.6291382 ], [ 37.6349967, 55.6291443 ], [ 37.6347043, 55.62933 ], [ 37.6338674, 55.6293834 ], [ 37.6337995, 55.6293877 ] ], [ [ 37.6327794, 55.6293528 ], [ 37.6328757, 55.6294402 ], [ 37.6331644, 55.6294251 ], [ 37.6334875, 55.6294055 ], [ 37.6337995, 55.6293877 ] ], [ [ 37.6318301, 55.6293888 ], [ 37.6321726, 55.6293773 ], [ 37.6322845, 55.6293736 ], [ 37.6327794, 55.6293528 ] ], [ [ 37.6318301, 55.6293888 ], [ 37.6315351, 55.6295753 ], [ 37.6313086, 55.6302066 ], [ 37.6312088, 55.6303957 ], [ 37.6310652, 55.6306483 ], [ 37.6310328, 55.6306908 ], [ 37.6309208, 55.6307409 ], [ 37.6307509, 55.6309986 ] ], [ [ 37.6306266, 55.6309664 ], [ 37.6307509, 55.6309986 ] ], [ [ 37.6626845, 55.6186902 ], [ 37.6626197, 55.6186671 ] ], [ [ 37.6626845, 55.6186902 ], [ 37.6628467, 55.6186881 ], [ 37.6628767, 55.6186122 ], [ 37.6641682, 55.618573 ] ], [ [ 37.6641682, 55.618573 ], [ 37.6642515, 55.618585 ] ], [ [ 37.6642515, 55.618585 ], [ 37.6649671, 55.6187068 ], [ 37.6651381, 55.6187382 ], [ 37.6652423, 55.618758 ] ], [ [ 37.6656437, 55.6188394 ], [ 37.6655795, 55.6188114 ], [ 37.6652921, 55.6187534 ], [ 37.6652423, 55.618758 ] ], [ [ 37.6657209, 55.6187878 ], [ 37.6656437, 55.6188394 ] ], [ [ 37.6657209, 55.6187878 ], [ 37.6657955, 55.6188271 ], [ 37.6658642, 55.6188632 ] ], [ [ 37.6658642, 55.6188632 ], [ 37.6658181, 55.6188976 ], [ 37.6658179, 55.6189114 ] ], [ [ 37.4900781, 55.7336832 ], [ 37.4898657, 55.733677 ], [ 37.4897048, 55.733683 ], [ 37.4895555, 55.7337267 ], [ 37.4893949, 55.7338051 ] ], [ [ 37.4893331, 55.7337789 ], [ 37.4893949, 55.7338051 ] ], [ [ 37.4893994, 55.7336814 ], [ 37.4894502, 55.733723 ], [ 37.489418, 55.7337383 ], [ 37.4893331, 55.7337789 ] ], [ [ 37.4894168, 55.7335785 ], [ 37.4894087, 55.7336438 ], [ 37.4893994, 55.7336814 ] ], [ [ 37.8301371, 55.8029337 ], [ 37.8302154, 55.802943 ], [ 37.8302907, 55.8029583 ], [ 37.8303624, 55.8029796 ], [ 37.8304282, 55.8030063 ], [ 37.8304903, 55.8030402 ], [ 37.8305428, 55.8030789 ], [ 37.8305929, 55.8031326 ], [ 37.8306234, 55.8031879 ] ], [ [ 37.8306234, 55.8031879 ], [ 37.8306364, 55.8032565 ], [ 37.8306235, 55.8033251 ] ], [ [ 37.8306235, 55.8033251 ], [ 37.830581, 55.8033956 ] ], [ [ 37.830581, 55.8033956 ], [ 37.830532, 55.8034431 ], [ 37.8304695, 55.8034853 ], [ 37.8303954, 55.803521 ], [ 37.8303479, 55.8035383 ] ], [ [ 37.8303479, 55.8035383 ], [ 37.8302004, 55.8036074 ], [ 37.8301203, 55.8036531 ], [ 37.8300637, 55.8036951 ], [ 37.8300169, 55.8037351 ], [ 37.8299695, 55.8037865 ] ], [ [ 37.5386321, 55.6923294 ], [ 37.5387692, 55.6922503 ], [ 37.5389016, 55.6921806 ] ], [ [ 37.5376685, 55.6928779 ], [ 37.5385792, 55.6923496 ], [ 37.5386321, 55.6923294 ] ], [ [ 37.5372476, 55.6931887 ], [ 37.5373426, 55.6930828 ], [ 37.5376685, 55.6928779 ] ], [ [ 37.5370136, 55.6933264 ], [ 37.5372476, 55.6931887 ] ], [ [ 37.5369941, 55.6933369 ], [ 37.5370136, 55.6933264 ] ], [ [ 37.536947, 55.6933098 ], [ 37.5369941, 55.6933369 ] ], [ [ 37.5368579, 55.6934146 ], [ 37.5367763, 55.693369 ], [ 37.5371487, 55.6931573 ], [ 37.5371822, 55.6931761 ], [ 37.536947, 55.6933098 ] ], [ [ 37.5362798, 55.6937439 ], [ 37.5365271, 55.6936027 ], [ 37.5368579, 55.6934146 ] ], [ [ 37.5362798, 55.6937439 ], [ 37.5366727, 55.694016 ], [ 37.5366407, 55.6940282 ], [ 37.5363958, 55.6938616 ] ], [ [ 37.5363958, 55.6938616 ], [ 37.5363066, 55.693903 ] ], [ [ 37.5363066, 55.693903 ], [ 37.53613, 55.693766 ] ], [ [ 37.53613, 55.693766 ], [ 37.5358335, 55.6939375 ], [ 37.5355731, 55.6940945 ], [ 37.5350717, 55.6943967 ], [ 37.5349646, 55.6944568 ] ], [ [ 37.5349646, 55.6944568 ], [ 37.5347954, 55.6945517 ] ], [ [ 37.5347954, 55.6945517 ], [ 37.5347015, 55.6945623 ], [ 37.5334791, 55.6952512 ], [ 37.533041, 55.6955027 ], [ 37.5289254, 55.6978652 ], [ 37.5288132, 55.6979284 ], [ 37.5287774, 55.6979557 ], [ 37.5286426, 55.6980582 ], [ 37.5284677, 55.698155 ], [ 37.5283277, 55.6982362 ], [ 37.5282323, 55.6982919 ], [ 37.5281047, 55.6983467 ], [ 37.5279397, 55.6984082 ], [ 37.5263489, 55.6993328 ], [ 37.5257236, 55.6997084 ], [ 37.5223692, 55.7016388 ], [ 37.5222621, 55.7017006 ], [ 37.5221039, 55.701795 ], [ 37.5219565, 55.7018788 ], [ 37.52191, 55.7019053 ], [ 37.5217979, 55.7019326 ], [ 37.5214696, 55.7021229 ], [ 37.5165404, 55.7049804 ], [ 37.5162529, 55.7051508 ], [ 37.5160172, 55.7052896 ], [ 37.5153986, 55.7056446 ], [ 37.5153909, 55.7056678 ] ], [ [ 37.5520328, 55.6844505 ], [ 37.5519925, 55.6844281 ] ], [ [ 37.552186, 55.6845357 ], [ 37.5520975, 55.6844865 ], [ 37.5520328, 55.6844505 ] ], [ [ 37.5147185, 55.7060779 ], [ 37.5147666, 55.7060486 ], [ 37.5153909, 55.7056678 ] ], [ [ 37.5147185, 55.7060779 ], [ 37.5146632, 55.7060578 ] ], [ [ 37.5146632, 55.7060578 ], [ 37.5145926, 55.7060252 ], [ 37.514503, 55.7059839 ] ], [ [ 37.514503, 55.7059839 ], [ 37.5143677, 55.7059112 ] ], [ [ 37.5143677, 55.7059112 ], [ 37.514313, 55.7058818 ], [ 37.5141906, 55.705816 ], [ 37.514098, 55.7057663 ] ], [ [ 37.514098, 55.7057663 ], [ 37.5140112, 55.7057203 ] ], [ [ 37.5140112, 55.7057203 ], [ 37.5139746, 55.7057781 ], [ 37.5138569, 55.7058432 ], [ 37.5134826, 55.7060502 ] ], [ [ 37.5134826, 55.7060502 ], [ 37.5133777, 55.7061082 ], [ 37.5132477, 55.7061801 ] ], [ [ 37.8194517, 55.7891829 ], [ 37.8193687, 55.7891149 ], [ 37.8193036, 55.789081 ] ], [ [ 37.8193036, 55.789081 ], [ 37.8187401, 55.7890724 ], [ 37.8186993, 55.7890593 ] ], [ [ 37.8186993, 55.7890593 ], [ 37.8187063, 55.788897 ], [ 37.8188282, 55.7888395 ] ], [ [ 37.8186501, 55.7887154 ], [ 37.8186566, 55.7887341 ], [ 37.8186747, 55.7887608 ], [ 37.8187015, 55.7887867 ], [ 37.8187557, 55.7888178 ], [ 37.818788, 55.7888306 ], [ 37.8188282, 55.7888395 ] ], [ [ 37.8186501, 55.7887154 ], [ 37.8184748, 55.7887343 ] ], [ [ 37.818201, 55.7887694 ], [ 37.8184748, 55.7887343 ] ], [ [ 37.8181157, 55.7886247 ], [ 37.818201, 55.7887694 ] ], [ [ 37.8181105, 55.7885373 ], [ 37.8181157, 55.7886247 ] ], [ [ 37.8181537, 55.7877484 ], [ 37.8181035, 55.7883823 ], [ 37.8181105, 55.7885373 ] ], [ [ 37.8181537, 55.7877484 ], [ 37.8179515, 55.7875969 ], [ 37.8177718, 55.7875035 ], [ 37.8176216, 55.7874673 ], [ 37.8174956, 55.7874643 ], [ 37.8173721, 55.7874779 ], [ 37.8168653, 55.7875577 ], [ 37.8167043, 55.7875713 ], [ 37.8165541, 55.7875607 ], [ 37.8164415, 55.7875185 ], [ 37.8163127, 55.7874612 ], [ 37.8161061, 55.7874296 ], [ 37.8158474, 55.7874062 ], [ 37.8155402, 55.7873467 ], [ 37.8148804, 55.7871687 ], [ 37.8142696, 55.786958 ], [ 37.8139523, 55.7868218 ], [ 37.8136579, 55.7866639 ], [ 37.8133773, 55.7865284 ], [ 37.8130994, 55.7864281 ], [ 37.8127534, 55.7863332 ], [ 37.8123136, 55.7862382 ] ], [ [ 37.8123136, 55.7862382 ], [ 37.8121391, 55.7862019 ], [ 37.8119515, 55.7861585 ], [ 37.811745, 55.7860926 ], [ 37.8115926, 55.7860099 ], [ 37.8114847, 55.7859274 ], [ 37.8113158, 55.7858136 ], [ 37.8111843, 55.7857163 ], [ 37.8110288, 55.7856138 ], [ 37.8107996, 55.7854622 ], [ 37.8104515, 55.785326 ], [ 37.8102786, 55.7852627 ], [ 37.8100518, 55.7851771 ] ], [ [ 37.803056, 55.7780675 ], [ 37.8030296, 55.7781783 ], [ 37.8030419, 55.778238 ], [ 37.8030999, 55.77833 ], [ 37.8031852, 55.7783943 ], [ 37.8032792, 55.7784382 ], [ 37.8034751, 55.7784985 ], [ 37.8036348, 55.7785106 ], [ 37.8038014, 55.7785123 ], [ 37.8039693, 55.7785169 ], [ 37.8041593, 55.7785244 ], [ 37.804324, 55.7785494 ], [ 37.8044263, 55.778578 ], [ 37.8047332, 55.778674 ], [ 37.8055054, 55.7789758 ], [ 37.8055687, 55.7790036 ], [ 37.8060271, 55.7791943 ], [ 37.8064014, 55.779351 ], [ 37.8069534, 55.7795319 ], [ 37.8074751, 55.7796993 ], [ 37.8076649, 55.7797506 ], [ 37.8078458, 55.7798135 ], [ 37.8085261, 55.7800502 ], [ 37.8094744, 55.780654 ], [ 37.8105695, 55.7813457 ], [ 37.8110462, 55.7817615 ], [ 37.8113699, 55.7820986 ], [ 37.8114395, 55.782279 ], [ 37.8115059, 55.7824514 ], [ 37.8114778, 55.7827504 ], [ 37.8113886, 55.7829486 ], [ 37.811196, 55.7832247 ], [ 37.8110649, 55.7834608 ], [ 37.8109556, 55.7839249 ], [ 37.8108281, 55.7842394 ], [ 37.8106576, 55.7845186 ], [ 37.8105406, 55.7846861 ], [ 37.8103055, 55.7849737 ], [ 37.8100518, 55.7851771 ] ], [ [ 37.8048545, 55.7741261 ], [ 37.8049741, 55.7741484 ], [ 37.8050456, 55.7741758 ], [ 37.805079, 55.7742274 ], [ 37.8050755, 55.7742912 ], [ 37.8050254, 55.7744386 ], [ 37.8049515, 55.7745802 ], [ 37.8048088, 55.7748536 ], [ 37.8047733, 55.7749256 ], [ 37.8047602, 55.7750584 ], [ 37.8048087, 55.7752004 ], [ 37.8049543, 55.7757168 ], [ 37.8050245, 55.7759969 ], [ 37.8050268, 55.7761187 ], [ 37.804945, 55.7762916 ], [ 37.8047846, 55.7764588 ], [ 37.8043911, 55.7768022 ], [ 37.804002, 55.7771181 ], [ 37.8033494, 55.7777302 ], [ 37.8031698, 55.7779256 ], [ 37.803056, 55.7780675 ] ], [ [ 37.800953, 55.7740443 ], [ 37.8042517, 55.7741034 ], [ 37.8048545, 55.7741261 ] ], [ [ 37.7950447, 55.7739279 ], [ 37.7985186, 55.7739805 ], [ 37.800953, 55.7740443 ] ], [ [ 37.7890522, 55.7738195 ], [ 37.7929036, 55.773893 ], [ 37.7932902, 55.7739034 ], [ 37.7950447, 55.7739279 ] ], [ [ 37.7866716, 55.7737745 ], [ 37.7889543, 55.7738145 ], [ 37.7890522, 55.7738195 ] ], [ [ 37.7836419, 55.773702 ], [ 37.7844081, 55.7737495 ], [ 37.7852423, 55.7737752 ], [ 37.7866716, 55.7737745 ] ], [ [ 37.7831223, 55.773662 ], [ 37.7836419, 55.773702 ] ], [ [ 37.7831834, 55.772667 ], [ 37.7831796, 55.7727282 ] ], [ [ 37.7831796, 55.7727282 ], [ 37.7831409, 55.773359 ] ], [ [ 37.7831409, 55.773359 ], [ 37.7831223, 55.773662 ] ], [ [ 37.7835383, 55.766479 ], [ 37.783477, 55.7668976 ], [ 37.7834434, 55.7675601 ], [ 37.7831869, 55.7726101 ], [ 37.7831796, 55.7727282 ] ], [ [ 37.783841, 55.7656001 ], [ 37.7838324, 55.7656173 ], [ 37.7835798, 55.7661218 ], [ 37.7835383, 55.766479 ] ], [ [ 37.7836246, 55.7651099 ], [ 37.78364, 55.7651352 ], [ 37.7837098, 55.7654249 ], [ 37.783841, 55.7656001 ] ], [ [ 37.7836673, 55.7647454 ], [ 37.7836036, 55.7650818 ], [ 37.7836246, 55.7651099 ] ], [ [ 37.7836789, 55.7647198 ], [ 37.7836673, 55.7647454 ] ], [ [ 37.7836789, 55.7647198 ], [ 37.7839445, 55.7647677 ], [ 37.7839552, 55.7647511 ], [ 37.7837232, 55.7647077 ], [ 37.7837312, 55.7646919 ], [ 37.7838068, 55.764706 ], [ 37.7840938, 55.7647593 ] ], [ [ 37.7840938, 55.7647593 ], [ 37.7841099, 55.7647319 ], [ 37.7844322, 55.7642124 ] ], [ [ 37.7844322, 55.7642124 ], [ 37.7847326, 55.7642696 ], [ 37.7847785, 55.7642776 ] ], [ [ 37.7848081, 55.7642765 ], [ 37.7849503, 55.7640472 ], [ 37.7849235, 55.7640411 ], [ 37.7847785, 55.7642776 ] ], [ [ 37.7848456, 55.764284 ], [ 37.7848081, 55.7642765 ] ], [ [ 37.7851733, 55.7637564 ], [ 37.785067, 55.7639193 ], [ 37.7849983, 55.7640247 ], [ 37.784937, 55.7641287 ], [ 37.7848456, 55.764284 ] ], [ [ 37.7851733, 55.7637564 ], [ 37.7850719, 55.7637368 ] ], [ [ 37.7849538, 55.7637131 ], [ 37.7850719, 55.7637368 ] ], [ [ 37.784971, 55.7636838 ], [ 37.7849538, 55.7637131 ] ], [ [ 37.7850275, 55.7635903 ], [ 37.784971, 55.7636838 ] ], [ [ 37.786022, 55.7619435 ], [ 37.7855449, 55.7627276 ], [ 37.7855135, 55.7627793 ], [ 37.7850275, 55.7635903 ] ], [ [ 37.7861073, 55.7618021 ], [ 37.786022, 55.7619435 ] ], [ [ 37.7863523, 55.7613963 ], [ 37.7861073, 55.7618021 ] ], [ [ 37.7864183, 55.7612888 ], [ 37.7863523, 55.7613963 ] ], [ [ 37.7880035, 55.7587271 ], [ 37.7877053, 55.7592249 ], [ 37.7875533, 55.7594754 ], [ 37.7868516, 55.7606241 ], [ 37.7868209, 55.760672 ], [ 37.7867634, 55.7607601 ], [ 37.7864183, 55.7612888 ] ], [ [ 37.7857759, 55.7618948 ], [ 37.786116, 55.7613565 ], [ 37.7863777, 55.7609161 ], [ 37.7865016, 55.7607136 ], [ 37.7865562, 55.7606243 ], [ 37.7865848, 55.7605758 ], [ 37.787341, 55.7593456 ], [ 37.7877441, 55.7586827 ] ], [ [ 37.7856831, 55.7620471 ], [ 37.7857759, 55.7618948 ] ], [ [ 37.7847702, 55.7635446 ], [ 37.7852142, 55.7628162 ], [ 37.7852968, 55.7626807 ], [ 37.7856831, 55.7620471 ] ], [ [ 37.7842651, 55.7643357 ], [ 37.784353271477862, 55.764197127216136 ] ], [ [ 37.784353271477862, 55.764197127216136 ], [ 37.7846944, 55.763661 ], [ 37.784739, 55.7635955 ], [ 37.7847702, 55.7635446 ] ], [ [ 37.7840104, 55.7642865 ], [ 37.7842651, 55.7643357 ] ], [ [ 37.7840996, 55.7641396 ], [ 37.7840104, 55.7642865 ] ], [ [ 37.7840996, 55.7641396 ], [ 37.7841537, 55.7641498 ] ], [ [ 37.7841537, 55.7641498 ], [ 37.7843039, 55.7639114 ], [ 37.784332, 55.7639174 ], [ 37.7841777, 55.7641636 ] ], [ [ 37.7841777, 55.7641636 ], [ 37.784226, 55.7641725 ], [ 37.784353271477862, 55.764197127216136 ] ], [ [ 37.784353271477862, 55.764197127216136 ], [ 37.7844322, 55.7642124 ] ], [ [ 37.7877441, 55.7586827 ], [ 37.7875706, 55.7586486 ], [ 37.7876291, 55.7585505 ] ], [ [ 37.784695, 55.7580048 ], [ 37.7851714, 55.7580934 ], [ 37.7862085, 55.7582863 ], [ 37.7865562, 55.7583509 ], [ 37.7868861, 55.7584123 ], [ 37.7871243, 55.7584566 ], [ 37.7872158, 55.7584736 ], [ 37.7876291, 55.7585505 ] ], [ [ 37.7841892, 55.7579107 ], [ 37.784273, 55.7579263 ], [ 37.7844581, 55.7579607 ], [ 37.784695, 55.7580048 ] ], [ [ 37.7818905, 55.7574832 ], [ 37.7822785, 55.7575554 ], [ 37.7828704, 55.7576654 ], [ 37.7833903, 55.7577621 ], [ 37.7837891, 55.7578363 ], [ 37.7841892, 55.7579107 ] ], [ [ 37.7811459, 55.7573447 ], [ 37.7816451, 55.7574376 ], [ 37.7818905, 55.7574832 ] ], [ [ 37.7811923, 55.7572662 ], [ 37.7811459, 55.7573447 ] ], [ [ 37.7809268, 55.7572123 ], [ 37.7811923, 55.7572662 ] ], [ [ 37.7840283, 55.7521715 ], [ 37.7838005, 55.7525488 ], [ 37.7835197, 55.7530136 ], [ 37.7834987, 55.7530483 ], [ 37.7834425, 55.7531413 ], [ 37.7833047, 55.7533694 ], [ 37.7828115, 55.7541859 ], [ 37.7825546, 55.7546111 ], [ 37.7824796, 55.7547353 ], [ 37.7823871, 55.7548885 ], [ 37.7822827, 55.7550545 ], [ 37.7821883, 55.7552047 ], [ 37.7820517, 55.755422 ], [ 37.7810638, 55.7569943 ], [ 37.7809268, 55.7572123 ] ], [ [ 37.7847553, 55.7509724 ], [ 37.7845012, 55.7513886 ], [ 37.7843127, 55.7517007 ], [ 37.7843039, 55.7517152 ], [ 37.7840283, 55.7521715 ] ], [ [ 37.7847935, 55.7509158 ], [ 37.7847553, 55.7509724 ] ], [ [ 37.7848274, 55.7508606 ], [ 37.7847935, 55.7509158 ] ], [ [ 37.7859363, 55.7489657 ], [ 37.7856216, 55.7495196 ], [ 37.7853742, 55.7499498 ], [ 37.7851923, 55.7502661 ], [ 37.7851449, 55.7503486 ], [ 37.7848274, 55.7508606 ] ], [ [ 37.7860196, 55.7488326 ], [ 37.7859363, 55.7489657 ] ], [ [ 37.7860551, 55.7487697 ], [ 37.7860196, 55.7488326 ] ], [ [ 37.7870172, 55.7471386 ], [ 37.7863901, 55.7481679 ], [ 37.7860551, 55.7487697 ] ], [ [ 37.7870449, 55.7470932 ], [ 37.7870172, 55.7471386 ] ], [ [ 37.7870795, 55.7470292 ], [ 37.7870449, 55.7470932 ] ], [ [ 37.787815, 55.7457151 ], [ 37.78765, 55.7460114 ], [ 37.7875277, 55.7462308 ], [ 37.7874028, 55.7464551 ], [ 37.7870795, 55.7470292 ] ], [ [ 37.7878911, 55.7455825 ], [ 37.787815, 55.7457151 ] ], [ [ 37.7879611, 55.7454617 ], [ 37.7878911, 55.7455825 ] ], [ [ 37.7893799, 55.7429976 ], [ 37.789122, 55.7434375 ], [ 37.7889278, 55.7437872 ], [ 37.7888684, 55.7438888 ], [ 37.7887443, 55.744103 ], [ 37.7886606, 55.7442482 ], [ 37.7884769, 55.7445668 ], [ 37.7881879, 55.7450683 ], [ 37.7881042, 55.7452136 ], [ 37.7879611, 55.7454617 ] ], [ [ 37.7894546, 55.7430153 ], [ 37.7893799, 55.7429976 ] ], [ [ 37.7894546, 55.7430153 ], [ 37.7895906, 55.7430429 ] ], [ [ 37.7896406, 55.7429259 ], [ 37.7895906, 55.7430429 ] ], [ [ 37.7897037, 55.7428055 ], [ 37.7896857, 55.7428624 ], [ 37.7896406, 55.7429259 ] ], [ [ 37.7897037, 55.7428055 ], [ 37.7896633, 55.7428038 ] ], [ [ 37.7895953, 55.7426186 ], [ 37.7896633, 55.7428038 ] ], [ [ 37.7895953, 55.7426186 ], [ 37.7895821, 55.7425569 ], [ 37.7895765, 55.7424074 ], [ 37.789394, 55.741739 ], [ 37.7894089, 55.7416518 ], [ 37.7895316, 55.7414387 ], [ 37.7897093, 55.741179 ], [ 37.7898052, 55.7411034 ], [ 37.789953, 55.741046 ], [ 37.7902954, 55.7409375 ], [ 37.7903448, 55.7409219 ], [ 37.7904282, 55.7408772 ], [ 37.7910054, 55.7405677 ], [ 37.7911033, 55.7405277 ], [ 37.7912035, 55.7405072 ], [ 37.7913023, 55.7404922 ], [ 37.7914186, 55.7404767 ], [ 37.7915418, 55.7404613 ], [ 37.7916459, 55.740439 ], [ 37.791779, 55.7403892 ], [ 37.7920266, 55.7402973 ], [ 37.7922408, 55.7402273 ], [ 37.792454, 55.7401762 ], [ 37.7926171, 55.7401502 ], [ 37.792791, 55.7401461 ], [ 37.7929696, 55.74016 ], [ 37.793668, 55.7402809 ], [ 37.7940669, 55.74035 ] ], [ [ 37.7940669, 55.74035 ], [ 37.7940999, 55.7402971 ] ], [ [ 37.7940999, 55.7402971 ], [ 37.7942237, 55.7403185 ] ], [ [ 37.7942237, 55.7403185 ], [ 37.7942628, 55.7402478 ] ], [ [ 37.7942628, 55.7402478 ], [ 37.7942851, 55.7402075 ], [ 37.7943748, 55.7400453 ] ], [ [ 37.7943748, 55.7400453 ], [ 37.7946348, 55.739613 ], [ 37.7947372, 55.7394429 ] ], [ [ 37.7947372, 55.7394429 ], [ 37.7950648, 55.7395082 ] ], [ [ 37.7949949, 55.7393063 ], [ 37.7949348, 55.7393941 ], [ 37.7951145, 55.7394296 ], [ 37.7950736, 55.7394946 ], [ 37.7950648, 55.7395082 ] ], [ [ 37.7944868, 55.7392057 ], [ 37.7945205, 55.7392118 ], [ 37.7948063, 55.7392688 ], [ 37.7948654, 55.7392815 ], [ 37.7949949, 55.7393063 ] ], [ [ 37.7945308, 55.7391366 ], [ 37.7945192, 55.7391567 ], [ 37.7944868, 55.7392057 ] ], [ [ 37.7945308, 55.7391366 ], [ 37.7947105, 55.7391706 ] ], [ [ 37.7947105, 55.7391706 ], [ 37.7947118, 55.7391684 ], [ 37.7950307, 55.7386038 ], [ 37.7953754, 55.7380001 ] ], [ [ 37.7953754, 55.7380001 ], [ 37.7954245, 55.7379227 ], [ 37.7954601, 55.7378569 ], [ 37.7955168, 55.7377505 ], [ 37.7959938, 55.7369066 ], [ 37.7961039, 55.7367265 ], [ 37.7962328, 55.7365156 ], [ 37.796663, 55.7356987 ], [ 37.7967401, 55.7355523 ], [ 37.7968828, 55.7354287 ], [ 37.7971087, 55.7352988 ], [ 37.7975868, 55.7350049 ], [ 37.7978985, 55.7347408 ], [ 37.7982015, 55.7344346 ], [ 37.7986145, 55.7339269 ], [ 37.7987212, 55.7338386 ], [ 37.7989812, 55.7336687 ], [ 37.799248, 55.7334944 ], [ 37.7993934, 55.7334203 ] ], [ [ 37.7995003, 55.7333658 ], [ 37.7993934, 55.7334203 ] ], [ [ 37.8024376, 55.7299991 ], [ 37.8021622, 55.730115 ], [ 37.802018, 55.7301959 ], [ 37.8019009, 55.7303013 ], [ 37.8018529, 55.73042 ], [ 37.8018999, 55.7307299 ], [ 37.8019454, 55.7311175 ], [ 37.8018883, 55.7313773 ], [ 37.8017623, 55.7315981 ], [ 37.8015518, 55.7318262 ], [ 37.8013385, 55.7319854 ], [ 37.8007438, 55.7324646 ], [ 37.8000829, 55.7330267 ], [ 37.7997683, 55.7332325 ], [ 37.7996244, 55.7333079 ], [ 37.7995111, 55.7333603 ], [ 37.7995003, 55.7333658 ] ], [ [ 37.8024376, 55.7299991 ], [ 37.8025362, 55.7299705 ] ], [ [ 37.8025362, 55.7299705 ], [ 37.8026774, 55.7299155 ], [ 37.8027488, 55.7298686 ], [ 37.8028051, 55.7298088 ], [ 37.8028239, 55.7297543 ], [ 37.802825, 55.7296978 ], [ 37.8027976, 55.7291977 ], [ 37.8027922, 55.7290987 ], [ 37.8027224, 55.7286587 ], [ 37.8026944, 55.728421 ], [ 37.8026854, 55.7283056 ], [ 37.8026775, 55.7281929 ], [ 37.802701, 55.728096 ], [ 37.802748, 55.7280323 ], [ 37.8028186, 55.7279784 ] ], [ [ 37.8028186, 55.7279784 ], [ 37.8027361, 55.7279194 ], [ 37.8026916, 55.7278879 ], [ 37.8024127, 55.7276952 ], [ 37.8022858, 55.7276288 ], [ 37.802251, 55.7276105 ], [ 37.8016534, 55.7272219 ], [ 37.8011507, 55.7269011 ], [ 37.8004379, 55.7264216 ], [ 37.8002812, 55.7261656 ], [ 37.8001868, 55.7260681 ], [ 37.8000891, 55.7259857 ] ], [ [ 37.8000891, 55.7259857 ], [ 37.8000258, 55.7258973 ], [ 37.8000299, 55.7257806 ] ], [ [ 37.8000299, 55.7257806 ], [ 37.8000682, 55.7255957 ], [ 37.8001596, 55.7254262 ], [ 37.8001976, 55.7253701 ], [ 37.8001761, 55.7252209 ], [ 37.8000944, 55.7251213 ], [ 37.800045, 55.7250765 ] ], [ [ 37.800045, 55.7250765 ], [ 37.8000912, 55.7250162 ], [ 37.8001332, 55.7249802 ] ], [ [ 37.8001332, 55.7249802 ], [ 37.7995906, 55.7247299 ] ], [ [ 37.7995906, 55.7247299 ], [ 37.7994372, 55.7246785 ] ], [ [ 37.7994372, 55.7246785 ], [ 37.7993795, 55.7246591 ] ], [ [ 37.7993795, 55.7246591 ], [ 37.7989148, 55.7245646 ] ], [ [ 37.7989148, 55.7245646 ], [ 37.7987306, 55.7245271 ] ], [ [ 37.7987306, 55.7245271 ], [ 37.7982958, 55.7244474 ], [ 37.7981499, 55.7244206 ], [ 37.7976124, 55.7243492 ], [ 37.7975038, 55.7243452 ], [ 37.7974122, 55.7243561 ], [ 37.7970131, 55.7244897 ] ], [ [ 37.7970131, 55.7244897 ], [ 37.7969837, 55.7244658 ], [ 37.7968703, 55.724363 ], [ 37.7968507, 55.7243399 ] ], [ [ 37.7970116, 55.7240727 ], [ 37.7969122, 55.7241195 ], [ 37.7966397, 55.7242606 ], [ 37.7968507, 55.7243399 ] ], [ [ 37.7973726, 55.7238113 ], [ 37.7970116, 55.7240727 ] ], [ [ 37.7976647, 55.7236341 ], [ 37.7975285, 55.7237168 ], [ 37.7973726, 55.7238113 ] ], [ [ 37.797618, 55.7235434 ], [ 37.7976647, 55.7236341 ] ], [ [ 37.797618, 55.7235434 ], [ 37.7976487, 55.7234541 ] ], [ [ 37.7975768, 55.7234456 ], [ 37.7976487, 55.7234541 ] ], [ [ 37.7974438, 55.7235348 ], [ 37.7975768, 55.7234456 ] ], [ [ 37.7974381, 55.7235069 ], [ 37.7971368, 55.7236308 ], [ 37.7971592, 55.7236486 ], [ 37.7974438, 55.7235348 ] ], [ [ 37.7974072, 55.7234818 ], [ 37.7974381, 55.7235069 ] ], [ [ 37.7973207, 55.7226103 ], [ 37.7974894, 55.7227615 ], [ 37.797747, 55.7230092 ], [ 37.7974072, 55.7234818 ] ], [ [ 37.7973207, 55.7226103 ], [ 37.7971357, 55.7226744 ], [ 37.7970784, 55.7226942 ] ], [ [ 37.7970784, 55.7226942 ], [ 37.7968924, 55.7226984 ], [ 37.7968081, 55.7226315 ] ], [ [ 37.7968081, 55.7226315 ], [ 37.7967535, 55.7225788 ] ], [ [ 37.7971901, 55.7224323 ], [ 37.7967535, 55.7225788 ] ], [ [ 37.8007137, 55.7212179 ], [ 37.8005067, 55.7213336 ], [ 37.8002454, 55.7214202 ], [ 37.7971901, 55.7224323 ] ], [ [ 37.8007137, 55.7212179 ], [ 37.8006738, 55.7210714 ], [ 37.8006125, 55.7209733 ], [ 37.8004472, 55.7208928 ], [ 37.8002392, 55.7208202 ] ], [ [ 37.7987359, 55.7205221 ], [ 37.7990711, 55.7206039 ], [ 37.7997373, 55.7207296 ], [ 37.799986, 55.7207745 ], [ 37.8002392, 55.7208202 ] ], [ [ 37.7987359, 55.7205221 ], [ 37.7985588, 55.7204278 ], [ 37.7984698, 55.720326 ], [ 37.7984144, 55.7201225 ] ], [ [ 37.7984144, 55.7201225 ], [ 37.798389, 55.720057 ] ], [ [ 37.798389, 55.720057 ], [ 37.7983627, 55.7199743 ], [ 37.7983296, 55.7198703 ], [ 37.7982352, 55.7195703 ], [ 37.7981268, 55.7192416 ], [ 37.7980936, 55.7191472 ], [ 37.7980235, 55.7189278 ], [ 37.7977176, 55.7179708 ] ], [ [ 37.7977176, 55.7179708 ], [ 37.7976877, 55.7178775 ], [ 37.7976626, 55.7177989 ], [ 37.7976385, 55.717725 ] ], [ [ 37.7976385, 55.717725 ], [ 37.7975038, 55.7173113 ], [ 37.7974897, 55.7172629 ] ], [ [ 37.7974897, 55.7172629 ], [ 37.7974616, 55.7172119 ], [ 37.7974173, 55.7171661 ], [ 37.7973648, 55.7171279 ], [ 37.7972959, 55.7170954 ], [ 37.7971899, 55.7170583 ], [ 37.7969966, 55.7170107 ] ], [ [ 37.7969966, 55.7170107 ], [ 37.7968939, 55.7169841 ] ], [ [ 37.7968939, 55.7169841 ], [ 37.7965879, 55.716899 ] ], [ [ 37.7965879, 55.716899 ], [ 37.7964801, 55.7169216 ], [ 37.7962922, 55.7169481 ] ], [ [ 37.7962922, 55.7169481 ], [ 37.796226, 55.7169271 ], [ 37.7961909, 55.7168551 ] ], [ [ 37.7961909, 55.7168551 ], [ 37.7961295, 55.7167292 ] ], [ [ 37.7961295, 55.7167292 ], [ 37.7960207, 55.7165252 ] ], [ [ 37.7960207, 55.7165252 ], [ 37.7959912, 55.71647 ] ], [ [ 37.7959912, 55.71647 ], [ 37.7959774, 55.7164461 ] ], [ [ 37.7959774, 55.7164461 ], [ 37.7964781, 55.7163604 ] ], [ [ 37.7964781, 55.7163604 ], [ 37.7966999, 55.7161618 ] ], [ [ 37.7966999, 55.7161618 ], [ 37.7967538, 55.7161033 ], [ 37.7968481, 55.715965 ], [ 37.7968855, 55.715865 ], [ 37.7968851, 55.7157822 ], [ 37.7967387, 55.7152876 ], [ 37.7966827, 55.7151061 ], [ 37.7966708, 55.7150648 ], [ 37.7965668, 55.7147039 ], [ 37.7964013, 55.7141433 ], [ 37.7963659, 55.7140286 ], [ 37.7963544, 55.7139884 ], [ 37.7962998, 55.7137982 ], [ 37.796101, 55.7131111 ], [ 37.7959622, 55.7128831 ] ], [ [ 37.7959622, 55.7128831 ], [ 37.7959451, 55.7128507 ] ], [ [ 37.7959451, 55.7128507 ], [ 37.795865, 55.7126915 ] ], [ [ 37.795865, 55.7126915 ], [ 37.7958095, 55.7124967 ] ], [ [ 37.7958095, 55.7124967 ], [ 37.7957926, 55.7124453 ], [ 37.795643, 55.7119881 ], [ 37.7954477, 55.7113349 ], [ 37.7954138, 55.711206 ] ], [ [ 37.7954138, 55.711206 ], [ 37.7954043, 55.7111703 ], [ 37.7952397, 55.7106389 ], [ 37.7948353, 55.7092867 ] ], [ [ 37.7948353, 55.7092867 ], [ 37.7948217, 55.7092431 ] ], [ [ 37.7948217, 55.7092431 ], [ 37.7947977, 55.7091676 ], [ 37.7947463, 55.7089545 ] ], [ [ 37.7947463, 55.7089545 ], [ 37.794741, 55.70893 ], [ 37.7942983, 55.7075604 ], [ 37.7942898, 55.7075337 ] ], [ [ 37.7942898, 55.7075337 ], [ 37.7942548, 55.7074012 ], [ 37.794245, 55.7073506 ] ], [ [ 37.794245, 55.7073506 ], [ 37.7942354, 55.7073149 ], [ 37.7941158, 55.7069103 ], [ 37.7940526, 55.7066967 ], [ 37.7937804, 55.7057826 ], [ 37.7937649, 55.7057429 ], [ 37.7936913, 55.7055187 ], [ 37.7936852, 55.7055004 ], [ 37.7936802, 55.7054856 ], [ 37.7932357, 55.7040249 ], [ 37.792882, 55.703449 ], [ 37.7926539, 55.7028645 ], [ 37.7926161, 55.7023626 ], [ 37.7926727, 55.7023293 ] ], [ [ 37.7926727, 55.7023293 ], [ 37.7929956, 55.7022954 ], [ 37.7931533, 55.7022786 ] ], [ [ 37.7931533, 55.7022786 ], [ 37.7930903, 55.7020614 ], [ 37.7930432, 55.7019303 ], [ 37.7928445, 55.701292 ], [ 37.7927832, 55.7010888 ], [ 37.7927754, 55.7010628 ], [ 37.7925551, 55.7003116 ], [ 37.7925114, 55.7001851 ], [ 37.7925045, 55.700165 ], [ 37.7918937, 55.6981506 ], [ 37.7918302, 55.6979461 ], [ 37.7915306, 55.6969915 ], [ 37.79149, 55.6967767 ], [ 37.7914406, 55.6966105 ] ], [ [ 37.7914406, 55.6966105 ], [ 37.7913147, 55.6966224 ], [ 37.7911254, 55.6966418 ] ], [ [ 37.7911254, 55.6966418 ], [ 37.7907695, 55.6953721 ], [ 37.790143, 55.6933077 ], [ 37.7894553, 55.690988 ] ], [ [ 37.7894553, 55.690988 ], [ 37.7895922, 55.6909726 ] ], [ [ 37.7895922, 55.6909726 ], [ 37.7897873, 55.6909541 ], [ 37.7898313, 55.6909505 ] ], [ [ 37.7898313, 55.6909505 ], [ 37.7899438, 55.6912711 ], [ 37.7900567, 55.6915923 ], [ 37.7902039, 55.6920648 ], [ 37.7907312, 55.69375 ], [ 37.7911593, 55.6952146 ], [ 37.7915387, 55.6966029 ] ], [ [ 37.7915387, 55.6966029 ], [ 37.7914955, 55.6966056 ], [ 37.7914406, 55.6966105 ] ], [ [ 37.7966999, 55.7161618 ], [ 37.7970671, 55.7161237 ] ], [ [ 37.7970671, 55.7161237 ], [ 37.7972266, 55.7161043 ] ], [ [ 37.7972266, 55.7161043 ], [ 37.7973544, 55.7160891 ] ], [ [ 37.7973544, 55.7160891 ], [ 37.7977765, 55.7161541 ], [ 37.7982962, 55.7162341 ] ], [ [ 37.7988775, 55.7161155 ], [ 37.7984359, 55.7161837 ], [ 37.7983995, 55.7162184 ], [ 37.7982962, 55.7162341 ] ], [ [ 37.7988492, 55.7161437 ], [ 37.798888, 55.7161379 ], [ 37.7988775, 55.7161155 ] ], [ [ 37.7988338, 55.7161708 ], [ 37.7984975, 55.7162207 ], [ 37.7984867, 55.7161975 ], [ 37.7988492, 55.7161437 ] ], [ [ 37.7989091, 55.7161596 ], [ 37.7988338, 55.7161708 ] ], [ [ 37.7990561, 55.7164737 ], [ 37.7989091, 55.7161596 ] ], [ [ 37.7990561, 55.7164737 ], [ 37.7989712, 55.7164863 ] ], [ [ 37.7989712, 55.7164863 ], [ 37.7986368, 55.716536 ], [ 37.7986481, 55.7165601 ], [ 37.7990118, 55.7165061 ] ], [ [ 37.7990118, 55.7165061 ], [ 37.7990495, 55.7165005 ], [ 37.7990637, 55.7165307 ] ], [ [ 37.7982877, 55.7166394 ], [ 37.7985288, 55.7166115 ], [ 37.7986631, 55.7165912 ], [ 37.7988895, 55.716557 ], [ 37.7990637, 55.7165307 ] ], [ [ 37.7982877, 55.7166394 ], [ 37.7980789, 55.7166619 ] ], [ [ 37.7980789, 55.7166619 ], [ 37.7979296, 55.7167971 ] ], [ [ 37.7979296, 55.7167971 ], [ 37.79787, 55.7168567 ], [ 37.7977686, 55.71692 ], [ 37.7976665, 55.7169661 ] ], [ [ 37.7976665, 55.7169661 ], [ 37.7976187, 55.7170126 ], [ 37.7975666, 55.7170684 ], [ 37.7975194, 55.7171192 ], [ 37.7974984, 55.7171614 ], [ 37.7974867, 55.7172097 ], [ 37.7974897, 55.7172629 ] ], [ [ 37.7895252, 55.6907199 ], [ 37.7895545, 55.6908469 ], [ 37.7895922, 55.6909726 ] ], [ [ 37.7895141, 55.6906717 ], [ 37.7895252, 55.6907199 ] ], [ [ 37.7895141, 55.6906717 ], [ 37.7894527, 55.6906054 ], [ 37.7894234, 55.6905738 ] ], [ [ 37.7894234, 55.6905738 ], [ 37.7893965, 55.6905447 ] ], [ [ 37.7893965, 55.6905447 ], [ 37.7893715, 55.6905292 ], [ 37.7893532, 55.6905109 ], [ 37.7893426, 55.6904907 ], [ 37.7893403, 55.6904698 ], [ 37.7893462, 55.6904491 ], [ 37.7893602, 55.6904296 ], [ 37.7893815, 55.6904124 ], [ 37.7894091, 55.6903983 ] ], [ [ 37.7893802, 55.6903614 ], [ 37.7894091, 55.6903983 ] ], [ [ 37.7892, 55.6903678 ], [ 37.7893802, 55.6903614 ] ], [ [ 37.7886195, 55.6903822 ], [ 37.7892, 55.6903678 ] ], [ [ 37.7877693, 55.6904314 ], [ 37.7886195, 55.6903822 ] ], [ [ 37.7872589, 55.690481 ], [ 37.7875879, 55.690449 ], [ 37.7877693, 55.6904314 ] ], [ [ 37.7872589, 55.690481 ], [ 37.7871505, 55.6904844 ], [ 37.7870404, 55.6904879 ] ], [ [ 37.7864967, 55.6905214 ], [ 37.7870404, 55.6904879 ] ], [ [ 37.7742126, 55.6897719 ], [ 37.7743246, 55.6898143 ], [ 37.7744121, 55.6898492 ], [ 37.7747412, 55.6899751 ], [ 37.7748241, 55.6899948 ], [ 37.7749193, 55.6900125 ], [ 37.7754626, 55.6901225 ], [ 37.775935, 55.6901768 ], [ 37.7759815, 55.6901845 ], [ 37.7763145, 55.6902307 ], [ 37.7769993, 55.6902193 ], [ 37.7780275, 55.690117 ], [ 37.7794484, 55.6900456 ], [ 37.7799403, 55.6901016 ], [ 37.7803977, 55.6901699 ], [ 37.7808036, 55.6902306 ], [ 37.7812342, 55.6902973 ], [ 37.7816527, 55.6903038 ], [ 37.7820587, 55.6902583 ], [ 37.782748, 55.6901286 ], [ 37.7829994, 55.6901141 ], [ 37.7834794, 55.6901489 ], [ 37.783933, 55.6901687 ], [ 37.7845185, 55.6901953 ], [ 37.7849221, 55.690192 ], [ 37.7850506, 55.6901972 ], [ 37.7852208, 55.6902072 ], [ 37.7853885, 55.6902293 ], [ 37.785536, 55.6902711 ], [ 37.7859473, 55.6904026 ], [ 37.7861107, 55.6905126 ], [ 37.7864967, 55.6905214 ] ], [ [ 37.7701627, 55.68839 ], [ 37.7714983, 55.6888188 ], [ 37.7739247, 55.689663 ], [ 37.7742126, 55.6897719 ] ], [ [ 37.765918, 55.6861953 ], [ 37.7659202, 55.6866261 ], [ 37.7659334, 55.6867146 ], [ 37.7659465, 55.6867718 ], [ 37.7659637, 55.6868246 ], [ 37.7659848, 55.6868729 ], [ 37.7660149, 55.6869224 ], [ 37.7660481, 55.686965 ], [ 37.7660974, 55.687013 ], [ 37.7661577, 55.6870631 ], [ 37.7662312, 55.6871173 ], [ 37.7663139, 55.6871742 ], [ 37.7664113, 55.6872348 ], [ 37.7665211, 55.687299 ], [ 37.7666153, 55.6873472 ], [ 37.7667005, 55.6873862 ], [ 37.7667654, 55.687412 ], [ 37.7668565, 55.6874413 ], [ 37.766904, 55.6874544 ], [ 37.7669514, 55.6874675 ], [ 37.7671143, 55.6875137 ], [ 37.7672245, 55.687545 ], [ 37.7673347, 55.6875763 ], [ 37.7675305, 55.6876326 ], [ 37.76948, 55.6881936 ], [ 37.7701627, 55.68839 ] ], [ [ 37.7659044, 55.6860732 ], [ 37.7659107, 55.6860969 ], [ 37.765918, 55.6861953 ] ], [ [ 37.7658109, 55.6857703 ], [ 37.7658323, 55.6858331 ], [ 37.765878, 55.6859766 ], [ 37.7658839, 55.6859953 ], [ 37.7659044, 55.6860732 ] ], [ [ 37.7654903, 55.6849416 ], [ 37.7656692, 55.6853944 ], [ 37.7657686, 55.6856461 ], [ 37.7658109, 55.6857703 ] ], [ [ 37.7652812, 55.6844125 ], [ 37.7653351, 55.6845489 ], [ 37.7654074, 55.6847304 ], [ 37.7654903, 55.6849416 ] ], [ [ 37.7645189, 55.6824652 ], [ 37.7645705, 55.6826043 ], [ 37.7646435, 55.6827885 ], [ 37.7646886, 55.6829048 ], [ 37.7648657, 55.6833611 ], [ 37.7652297, 55.6842822 ], [ 37.7652812, 55.6844125 ] ], [ [ 37.7643509, 55.6819877 ], [ 37.7644756, 55.6823484 ], [ 37.7645189, 55.6824652 ] ], [ [ 37.764297, 55.6818453 ], [ 37.7643509, 55.6819877 ] ], [ [ 37.7639379, 55.6818245 ], [ 37.764297, 55.6818453 ] ], [ [ 37.7621048, 55.6816957 ], [ 37.763142, 55.681772 ], [ 37.7635527, 55.6818022 ], [ 37.7639379, 55.6818245 ] ], [ [ 37.7616295, 55.6816694 ], [ 37.7621048, 55.6816957 ] ], [ [ 37.761048, 55.6816373 ], [ 37.7612119, 55.6816464 ], [ 37.7616295, 55.6816694 ] ], [ [ 37.7609991, 55.6815296 ], [ 37.761048, 55.6816373 ] ], [ [ 37.7604895, 55.6802408 ], [ 37.7605244, 55.6803268 ], [ 37.7607474, 55.6808985 ], [ 37.7607703, 55.6809571 ], [ 37.7609991, 55.6815296 ] ], [ [ 37.7595968, 55.6777724 ], [ 37.7596213, 55.6778483 ], [ 37.7597259, 55.678172 ], [ 37.7597273, 55.6782571 ], [ 37.7597287, 55.678337 ], [ 37.7597415, 55.6784158 ], [ 37.7598254, 55.6786824 ], [ 37.7599351, 55.6788996 ], [ 37.7599639, 55.6789573 ], [ 37.7600087, 55.6790507 ], [ 37.760178, 55.6794756 ], [ 37.7602026, 55.6795457 ], [ 37.7602421, 55.6796413 ], [ 37.7604023, 55.6800296 ], [ 37.7604895, 55.6802408 ] ], [ [ 37.7594064, 55.6772753 ], [ 37.7595968, 55.6777724 ] ], [ [ 37.7593148, 55.6771921 ], [ 37.7594064, 55.6772753 ] ], [ [ 37.7592755, 55.6771169 ], [ 37.7593148, 55.6771921 ] ], [ [ 37.7591182, 55.676723 ], [ 37.7591741, 55.6768629 ], [ 37.7592755, 55.6771169 ] ], [ [ 37.7586629, 55.6756279 ], [ 37.7586877, 55.6756842 ], [ 37.758729, 55.6757868 ], [ 37.7587622, 55.6758666 ], [ 37.7588544, 55.6760885 ], [ 37.7589923, 55.6764202 ], [ 37.7591182, 55.676723 ] ], [ [ 37.7582044, 55.674525 ], [ 37.758274, 55.6746923 ], [ 37.7584539, 55.675125 ], [ 37.7586629, 55.6756279 ] ], [ [ 37.7580309, 55.6741076 ], [ 37.7581309, 55.6743481 ], [ 37.7581533, 55.6744108 ], [ 37.7581665, 55.674434 ], [ 37.7581887, 55.6744871 ], [ 37.7582044, 55.674525 ] ], [ [ 37.7578271, 55.6736173 ], [ 37.7579742, 55.6739711 ], [ 37.7580309, 55.6741076 ] ], [ [ 37.7576239, 55.6736469 ], [ 37.7578271, 55.6736173 ] ], [ [ 37.7576239, 55.6736469 ], [ 37.7575299, 55.6736182 ] ], [ [ 37.757588, 55.673448 ], [ 37.7575299, 55.6736182 ] ], [ [ 37.7576275, 55.6733418 ], [ 37.757588, 55.673448 ] ], [ [ 37.7576275, 55.6733418 ], [ 37.7577934, 55.6733186 ] ], [ [ 37.7579786, 55.6733231 ], [ 37.7577934, 55.6733186 ] ], [ [ 37.7581014, 55.6733351 ], [ 37.7579786, 55.6733231 ] ], [ [ 37.7582391, 55.6733859 ], [ 37.7581014, 55.6733351 ] ], [ [ 37.7582391, 55.6733859 ], [ 37.7584866, 55.6733044 ], [ 37.7586052, 55.6732513 ], [ 37.7586892, 55.6731875 ], [ 37.7588301, 55.6730704 ], [ 37.7589061, 55.6729955 ], [ 37.7599873, 55.6720903 ] ], [ [ 37.7601331, 55.6719557 ], [ 37.7599873, 55.6720903 ] ], [ [ 37.7586425, 55.6676459 ], [ 37.7585799, 55.6677836 ], [ 37.7584039, 55.6681235 ], [ 37.7584003, 55.6681706 ], [ 37.7584352, 55.6682085 ], [ 37.7584916, 55.6682859 ], [ 37.7586027, 55.668644 ], [ 37.7587156, 55.6689637 ], [ 37.7587713, 55.6691211 ], [ 37.7588145, 55.6692334 ], [ 37.7588962, 55.6694042 ], [ 37.7589405, 55.6694868 ], [ 37.7589799, 55.6695988 ], [ 37.7591051, 55.6699435 ], [ 37.7593281, 55.6704699 ], [ 37.7593669, 55.6705682 ], [ 37.7596681, 55.6713316 ], [ 37.759878, 55.6719262 ], [ 37.7601331, 55.6719557 ] ], [ [ 37.7587411, 55.6674725 ], [ 37.7586865, 55.6675627 ], [ 37.7586425, 55.6676459 ] ], [ [ 37.7587411, 55.6674725 ], [ 37.7588733, 55.6674952 ], [ 37.759105, 55.6675351 ] ], [ [ 37.759105, 55.6675351 ], [ 37.7591461, 55.667464 ] ], [ [ 37.7591461, 55.667464 ], [ 37.75918, 55.6673774 ] ], [ [ 37.75918, 55.6673774 ], [ 37.759246, 55.6665366 ], [ 37.7592515, 55.6662198 ], [ 37.759251, 55.6660935 ], [ 37.7592501, 55.6658513 ], [ 37.7592487, 55.6654739 ], [ 37.7592487, 55.665317 ], [ 37.7592487, 55.6652179 ], [ 37.7592411, 55.6651103 ], [ 37.7592375, 55.66506 ], [ 37.758943, 55.6646597 ], [ 37.7587132, 55.6643303 ], [ 37.7585434, 55.6640901 ], [ 37.7584732, 55.6639865 ], [ 37.7582574, 55.6636772 ], [ 37.7582369, 55.663646 ], [ 37.7582115, 55.6636073 ] ], [ [ 37.7582115, 55.6636073 ], [ 37.7584357, 55.6632609 ], [ 37.7584793, 55.6631609 ] ], [ [ 37.7585257, 55.6630764 ], [ 37.7584843, 55.6631084 ], [ 37.7584793, 55.6631609 ] ], [ [ 37.7589452, 55.6627533 ], [ 37.7585257, 55.6630764 ] ], [ [ 37.7590996, 55.6626316 ], [ 37.7590401, 55.6626805 ], [ 37.7590071, 55.6627052 ], [ 37.7589452, 55.6627533 ] ], [ [ 37.7584639, 55.6599861 ], [ 37.758765, 55.6603175 ], [ 37.7590386, 55.6605383 ], [ 37.7591494, 55.6606353 ], [ 37.7593651, 55.6610042 ], [ 37.7594532, 55.6612412 ], [ 37.7595649, 55.6613399 ], [ 37.7595985, 55.6613683 ], [ 37.7595696, 55.6618164 ], [ 37.7595331, 55.6619707 ], [ 37.7595209, 55.6620026 ], [ 37.7593213, 55.6623657 ], [ 37.7592296, 55.6624774 ], [ 37.7591361, 55.6625972 ], [ 37.7590996, 55.6626316 ] ], [ [ 37.7582475, 55.6598972 ], [ 37.7584639, 55.6599861 ] ], [ [ 37.7579278, 55.659791 ], [ 37.7580792, 55.6598345 ], [ 37.7581601, 55.6598624 ], [ 37.7582475, 55.6598972 ] ], [ [ 37.7577121, 55.6597259 ], [ 37.7577816, 55.6597186 ], [ 37.757812, 55.6597065 ], [ 37.7578441, 55.6596814 ], [ 37.7579744, 55.6595481 ], [ 37.7582566, 55.6594372 ], [ 37.7582993, 55.6594044 ], [ 37.7590109, 55.6587938 ], [ 37.7591742, 55.6586597 ], [ 37.759615, 55.6582965 ], [ 37.7603462, 55.6577092 ], [ 37.7613089, 55.6569932 ], [ 37.761595, 55.6567154 ], [ 37.7615809, 55.6566859 ], [ 37.7615285, 55.6565174 ], [ 37.7613722, 55.656 ], [ 37.7613729, 55.6559366 ], [ 37.7614388, 55.6558842 ], [ 37.7614657, 55.6558629 ], [ 37.7615709, 55.6557794 ], [ 37.7618905, 55.6557697 ], [ 37.7623526, 55.6557298 ], [ 37.7627503, 55.6556444 ] ], [ [ 37.7627503, 55.6556444 ], [ 37.7628276, 55.6556278 ] ], [ [ 37.7628276, 55.6556278 ], [ 37.7634114, 55.6551371 ], [ 37.7635859, 55.6549905 ], [ 37.7637156, 55.6548815 ], [ 37.7637931, 55.6548135 ], [ 37.764251, 55.6544124 ], [ 37.7646057, 55.6541017 ], [ 37.7649836, 55.6538229 ], [ 37.7652003, 55.6536785 ], [ 37.7652548, 55.6536346 ], [ 37.7653848, 55.653528 ], [ 37.7655328, 55.6534003 ], [ 37.7658421, 55.6531333 ], [ 37.7659901, 55.6530056 ], [ 37.7660634, 55.6529448 ], [ 37.7672627, 55.6519494 ], [ 37.7673741, 55.651857 ], [ 37.7675431, 55.6517193 ], [ 37.7676338, 55.6516098 ], [ 37.7676461, 55.6514641 ], [ 37.7676299, 55.6513748 ] ], [ [ 37.7676299, 55.6513748 ], [ 37.7677033, 55.6513712 ] ], [ [ 37.7677033, 55.6513712 ], [ 37.7678048, 55.6513659 ] ], [ [ 37.7678048, 55.6513659 ], [ 37.7678364, 55.6513643 ], [ 37.7679359, 55.6513591 ] ], [ [ 37.7679359, 55.6513591 ], [ 37.7682089, 55.6512065 ], [ 37.7684503, 55.6510718 ], [ 37.7686032, 55.651034 ], [ 37.7687265, 55.6509662 ] ], [ [ 37.7687265, 55.6509662 ], [ 37.7687083, 55.6509306 ], [ 37.7687518, 55.6508979 ], [ 37.7687825, 55.6508727 ], [ 37.7688389, 55.650873 ] ], [ [ 37.7688389, 55.650873 ], [ 37.768676, 55.6508004 ], [ 37.7685124, 55.6507126 ], [ 37.7683541, 55.6506067 ], [ 37.7681905, 55.6504463 ], [ 37.7681316, 55.6503726 ], [ 37.7679578, 55.6501554 ], [ 37.7678479, 55.6500179 ], [ 37.767746, 55.6498665 ] ], [ [ 37.767746, 55.6498665 ], [ 37.7675982, 55.6497017 ], [ 37.7675606, 55.6496515 ], [ 37.7674589, 55.6495378 ], [ 37.7673452, 55.6494454 ], [ 37.7671781, 55.6493264 ] ], [ [ 37.7671781, 55.6493264 ], [ 37.7672891, 55.6492838 ] ], [ [ 37.7684411, 55.6482177 ], [ 37.7683796, 55.6483404 ], [ 37.7682922, 55.6484595 ], [ 37.7680082, 55.6488197 ], [ 37.7678288, 55.6490199 ], [ 37.7677622, 55.6491031 ], [ 37.7676134, 55.6491761 ], [ 37.7675582, 55.6491962 ], [ 37.7674489, 55.6492361 ], [ 37.7672891, 55.6492838 ] ], [ [ 37.7684411, 55.6482177 ], [ 37.7685057, 55.6480875 ] ], [ [ 37.7685057, 55.6480875 ], [ 37.7679571, 55.6480944 ], [ 37.7677817, 55.6480864 ], [ 37.7672678, 55.6480331 ], [ 37.76695, 55.6479733 ], [ 37.766785, 55.647912 ], [ 37.7664806, 55.6477705 ], [ 37.7662995, 55.6477016 ], [ 37.7660622, 55.6476479 ], [ 37.7658758, 55.6476123 ], [ 37.7656089, 55.6475616 ], [ 37.7655418, 55.6475321 ], [ 37.7654815, 55.6474844 ], [ 37.7652072, 55.6472082 ], [ 37.7651066, 55.6471064 ], [ 37.7650215, 55.6470334 ], [ 37.7649504, 55.6469823 ], [ 37.7648867, 55.6469581 ], [ 37.7647251, 55.6469183 ], [ 37.7645789, 55.6468805 ], [ 37.7643308, 55.6468237 ], [ 37.7639607, 55.6467466 ], [ 37.7636093, 55.6466739 ], [ 37.7634564, 55.6466421 ], [ 37.7633438, 55.646605 ], [ 37.7632874, 55.6465574 ], [ 37.7631761, 55.6463712 ], [ 37.7630863, 55.6462539 ], [ 37.7630433, 55.646213 ], [ 37.762991, 55.6461722 ], [ 37.7629119, 55.6461479 ], [ 37.7628073, 55.6461373 ], [ 37.7626692, 55.646129 ], [ 37.7622963, 55.6461283 ], [ 37.7619168, 55.6461207 ], [ 37.7616929, 55.6461199 ], [ 37.7614461, 55.646104 ], [ 37.7612811, 55.6460829 ], [ 37.7611363, 55.6460609 ], [ 37.7609552, 55.6460276 ], [ 37.7608828, 55.6460095 ], [ 37.7608265, 55.6459814 ], [ 37.7607433, 55.6459353 ], [ 37.7607032, 55.6459034 ], [ 37.7604456, 55.6456984 ], [ 37.7603383, 55.6456182 ], [ 37.7601948, 55.645516 ], [ 37.7599923, 55.6453934 ], [ 37.7598634, 55.6453337 ], [ 37.7597322, 55.6452648 ], [ 37.7595766, 55.6451914 ], [ 37.7594545, 55.6451482 ], [ 37.7593043, 55.6450998 ], [ 37.7591434, 55.6450627 ], [ 37.7589838, 55.6450392 ], [ 37.7587317, 55.6450021 ], [ 37.758324, 55.6449333 ], [ 37.7580973, 55.6448841 ], [ 37.7577567, 55.6448076 ], [ 37.7575793, 55.6447578 ], [ 37.7574027, 55.6446964 ], [ 37.7572538, 55.6445995 ], [ 37.7571385, 55.6445163 ], [ 37.7570674, 55.6444845 ], [ 37.7568877, 55.6444489 ], [ 37.7564438, 55.6443467 ], [ 37.7555184, 55.6441318 ], [ 37.754821, 55.6439547 ], [ 37.7540203, 55.6437573 ], [ 37.7539078, 55.643727 ], [ 37.7538112, 55.6436974 ], [ 37.7537669, 55.643658 ], [ 37.7537388, 55.64363 ], [ 37.753728, 55.643599 ], [ 37.7537247, 55.6435468 ], [ 37.753787, 55.6433704 ], [ 37.7538192, 55.6432811 ], [ 37.7538313, 55.6432509 ], [ 37.7538313, 55.643213 ], [ 37.7537991, 55.6431631 ], [ 37.7537213, 55.6431086 ], [ 37.7536165, 55.6430417 ], [ 37.7534786, 55.6429882 ], [ 37.7530937, 55.6428558 ], [ 37.7526832, 55.6427308 ] ], [ [ 37.7526832, 55.6427308 ], [ 37.7518875, 55.6425031 ], [ 37.7516037, 55.6424198 ], [ 37.7514944, 55.6423948 ], [ 37.7513275, 55.6423782 ], [ 37.7512309, 55.6423774 ], [ 37.751094, 55.6424036 ], [ 37.7510081, 55.6424228 ], [ 37.7508436, 55.64246 ], [ 37.7506805, 55.6424824 ], [ 37.7505473, 55.6424801 ], [ 37.7504131, 55.6424628 ], [ 37.7502644, 55.6424284 ], [ 37.7500709, 55.6423528 ], [ 37.7499723, 55.642325 ], [ 37.749817, 55.6423046 ], [ 37.7495373, 55.6422897 ], [ 37.749047, 55.642305 ], [ 37.7485886, 55.6422931 ], [ 37.7483523, 55.642289 ], [ 37.7482154, 55.6422764 ], [ 37.7480483, 55.6422255 ], [ 37.7478419, 55.6421481 ] ], [ [ 37.7478419, 55.6421481 ], [ 37.7478057, 55.6421186 ], [ 37.7477145, 55.6420164 ], [ 37.7476448, 55.6419233 ], [ 37.7475992, 55.6418507 ], [ 37.747571, 55.641747 ], [ 37.7475844, 55.6416857 ] ], [ [ 37.7475844, 55.6416857 ], [ 37.747747, 55.6412993 ] ], [ [ 37.7468708, 55.6411406 ], [ 37.747540260808826, 55.64126185477101 ] ], [ [ 37.747540260808826, 55.64126185477101 ], [ 37.747747, 55.6412993 ] ], [ [ 37.7463931, 55.6416623 ], [ 37.7466176, 55.6416433 ], [ 37.7466581, 55.6415713 ], [ 37.7466963, 55.6415468 ], [ 37.7467348, 55.641445 ], [ 37.7467588, 55.6413818 ], [ 37.7468384, 55.6411955 ], [ 37.7468708, 55.6411406 ] ], [ [ 37.7449959, 55.6433119 ], [ 37.7450256, 55.643213 ], [ 37.7451394, 55.6429036 ], [ 37.7451584, 55.6428437 ], [ 37.745212, 55.6428013 ], [ 37.7452751, 55.6427728 ], [ 37.7453397, 55.642733 ], [ 37.7454275, 55.6426478 ], [ 37.7454816, 55.6425402 ], [ 37.7455795, 55.6423351 ], [ 37.7456094, 55.6422791 ], [ 37.7456771, 55.6421523 ], [ 37.7457565, 55.6419983 ], [ 37.7458423, 55.6418401 ], [ 37.7459308, 55.6417704 ], [ 37.7460515, 55.6417288 ], [ 37.7461816, 55.6416894 ], [ 37.7463666, 55.6416683 ], [ 37.7463931, 55.6416623 ] ], [ [ 37.7449931, 55.6433224 ], [ 37.7449959, 55.6433119 ] ], [ [ 37.7448972, 55.6435818 ], [ 37.7449589, 55.6434118 ], [ 37.7449931, 55.6433224 ] ], [ [ 37.7448972, 55.6435818 ], [ 37.7450589, 55.6435992 ] ], [ [ 37.7450589, 55.6435992 ], [ 37.7452684, 55.6436227 ] ], [ [ 37.7452684, 55.6436227 ], [ 37.7452319, 55.6437032 ], [ 37.7452172, 55.6437407 ] ], [ [ 37.7452172, 55.6437407 ], [ 37.7452057, 55.643775 ], [ 37.745096, 55.6440772 ], [ 37.7450399, 55.6442468 ], [ 37.7448478, 55.6448328 ], [ 37.7448018, 55.644983 ], [ 37.7447426, 55.6457847 ], [ 37.7447265, 55.645905 ], [ 37.744388, 55.6468444 ], [ 37.744329, 55.6470082 ], [ 37.7443186, 55.6470325 ], [ 37.7442375, 55.6472566 ], [ 37.744216, 55.6473159 ] ], [ [ 37.744216, 55.6473159 ], [ 37.7441384, 55.6473095 ] ], [ [ 37.7441176, 55.6473795 ], [ 37.7441384, 55.6473095 ] ], [ [ 37.7441176, 55.6473795 ], [ 37.7445563, 55.6474106 ], [ 37.7446227, 55.6473778 ] ], [ [ 37.7446227, 55.6473778 ], [ 37.7447753, 55.6473921 ], [ 37.7450104, 55.6474224 ], [ 37.7451794, 55.6474456 ] ], [ [ 37.7464855, 55.6440032 ], [ 37.7464654, 55.6440472 ], [ 37.746414, 55.644184 ], [ 37.7463144, 55.6444497 ], [ 37.7457055, 55.64602 ], [ 37.7451745, 55.6473679 ], [ 37.7451794, 55.6474456 ] ], [ [ 37.7464855, 55.6440032 ], [ 37.7473881, 55.6416574 ] ], [ [ 37.7473881, 55.6416574 ], [ 37.747540260808826, 55.64126185477101 ] ], [ [ 37.747540260808826, 55.64126185477101 ], [ 37.7484321, 55.6389435 ] ], [ [ 37.7484321, 55.6389435 ], [ 37.7488792, 55.6377144 ], [ 37.7489015, 55.637658 ] ], [ [ 37.7489015, 55.637658 ], [ 37.7494296, 55.6363258 ] ], [ [ 37.7494296, 55.6363258 ], [ 37.7496048, 55.6364417 ], [ 37.7496846, 55.6363974 ], [ 37.7497347, 55.6363178 ] ], [ [ 37.7497347, 55.6363178 ], [ 37.7498337, 55.6363313 ], [ 37.7500117, 55.6363557 ] ], [ [ 37.7500117, 55.6363557 ], [ 37.7500572, 55.6363358 ], [ 37.750143, 55.6363444 ] ], [ [ 37.7501333, 55.6363699 ], [ 37.750143, 55.6363444 ] ], [ [ 37.750099, 55.6364701 ], [ 37.7501333, 55.6363699 ] ], [ [ 37.7499491, 55.6368858 ], [ 37.7500461, 55.6366248 ], [ 37.750099, 55.6364701 ] ], [ [ 37.7499034, 55.6370083 ], [ 37.7499491, 55.6368858 ] ], [ [ 37.7499034, 55.6370083 ], [ 37.7501193, 55.6370349 ] ], [ [ 37.7501193, 55.6370349 ], [ 37.7501103, 55.6370639 ], [ 37.7499742, 55.6374393 ], [ 37.7497023, 55.638189 ] ], [ [ 37.7496369, 55.6382871 ], [ 37.749647, 55.638272 ], [ 37.7497023, 55.638189 ] ], [ [ 37.7495327, 55.6384378 ], [ 37.749591, 55.6383567 ], [ 37.7496369, 55.6382871 ] ], [ [ 37.7502427, 55.6386024 ], [ 37.7495327, 55.6384378 ] ], [ [ 37.7497559, 55.6394086 ], [ 37.7498015, 55.6393331 ], [ 37.750075, 55.6388805 ], [ 37.7502427, 55.6386024 ] ], [ [ 37.7497559, 55.6394086 ], [ 37.7505221, 55.6396461 ], [ 37.7516068, 55.6399648 ], [ 37.7529826, 55.6403515 ], [ 37.7530346, 55.6403661 ], [ 37.7530966, 55.6403838 ], [ 37.7565135, 55.6413449 ], [ 37.758428, 55.6418805 ], [ 37.7584781, 55.6418947 ], [ 37.7585367, 55.6419113 ], [ 37.7615196, 55.6427574 ], [ 37.7615847, 55.6427759 ], [ 37.7616313, 55.6427889 ], [ 37.7635188, 55.6433155 ], [ 37.7635725, 55.6433305 ], [ 37.7636364, 55.6433483 ], [ 37.7646012, 55.6436175 ], [ 37.7653338, 55.6438308 ], [ 37.7653794, 55.6438441 ], [ 37.7654432, 55.6438627 ], [ 37.7659533, 55.6440113 ], [ 37.7666365, 55.6441998 ], [ 37.7666571, 55.6442061 ], [ 37.766706, 55.6442212 ], [ 37.7667563, 55.6442368 ], [ 37.7669843, 55.6443073 ], [ 37.7673015, 55.6443933 ] ], [ [ 37.7673015, 55.6443933 ], [ 37.7673309, 55.6444013 ] ], [ [ 37.7673309, 55.6444013 ], [ 37.7674417, 55.6444314 ], [ 37.7683344, 55.6446736 ], [ 37.7692528, 55.6448786 ], [ 37.7694059, 55.6448883 ], [ 37.7694955, 55.6448879 ], [ 37.7695622, 55.6448917 ], [ 37.7698108, 55.644906 ], [ 37.7706597, 55.6449473 ], [ 37.7714865, 55.6449815 ], [ 37.7731291, 55.6450553 ], [ 37.7731886, 55.6450573 ], [ 37.7732961, 55.6450341 ], [ 37.773485, 55.6449495 ], [ 37.7737325, 55.644865 ], [ 37.7738889, 55.6448595 ], [ 37.7741331, 55.6449036 ], [ 37.7743053, 55.6449422 ], [ 37.7744015, 55.6449638 ], [ 37.7746249, 55.6450139 ], [ 37.7748362, 55.6450608 ], [ 37.7750385, 55.6451057 ], [ 37.7751831, 55.6451418 ] ], [ [ 37.7751831, 55.6451418 ], [ 37.7752974, 55.6451485 ], [ 37.7755726, 55.6451646 ], [ 37.7756735, 55.6451774 ], [ 37.7759024, 55.6452398 ], [ 37.776549, 55.6454971 ] ], [ [ 37.776549, 55.6454971 ], [ 37.7776276, 55.6456744 ], [ 37.7779761, 55.6457453 ], [ 37.7780965, 55.6457802 ], [ 37.7784125, 55.6458978 ], [ 37.7786079, 55.6459842 ], [ 37.7787446, 55.6460467 ], [ 37.7788977, 55.6461551 ], [ 37.779041, 55.646258 ], [ 37.7791876, 55.6463187 ], [ 37.7793797, 55.6463757 ], [ 37.7796468, 55.6464326 ], [ 37.7799659, 55.6465502 ], [ 37.7800701, 55.6466077 ], [ 37.7802308, 55.6466135 ], [ 37.7803697, 55.6465907 ], [ 37.7804327, 55.6465705 ], [ 37.780797, 55.6464619 ], [ 37.7808776, 55.6464358 ], [ 37.7810421, 55.6463763 ], [ 37.7811456, 55.6463273 ], [ 37.7811903, 55.6462388 ], [ 37.781197, 55.6461957 ], [ 37.781179, 55.6461367 ], [ 37.780831, 55.6458094 ], [ 37.7807019, 55.6456681 ], [ 37.7805958, 55.6454891 ], [ 37.7805554, 55.6453998 ], [ 37.7805304, 55.6453212 ], [ 37.7804772, 55.6451535 ], [ 37.780373, 55.644819 ], [ 37.7803144, 55.6446444 ], [ 37.7802669, 55.6445134 ], [ 37.7802592, 55.6444747 ], [ 37.780261, 55.6443885 ], [ 37.7803372, 55.6442903 ], [ 37.7804977, 55.6441558 ], [ 37.7807049, 55.6440738 ], [ 37.7808785, 55.644014 ], [ 37.7812477, 55.6438944 ], [ 37.7812943, 55.6438737 ], [ 37.7814412, 55.6438082 ], [ 37.7815108, 55.6437665 ], [ 37.781565, 55.6437108 ], [ 37.7815711, 55.6436723 ], [ 37.7815812, 55.6436079 ], [ 37.7815259, 55.6435086 ], [ 37.7814748, 55.6434579 ], [ 37.7814021, 55.6434108 ], [ 37.7810471, 55.6432421 ], [ 37.7809299, 55.6431723 ], [ 37.7808843, 55.6431245 ], [ 37.7808485, 55.6430363 ], [ 37.780855, 55.6429444 ], [ 37.7808876, 55.6428396 ], [ 37.7809592, 55.6426871 ], [ 37.7812252, 55.64212 ], [ 37.7814184, 55.6417332 ], [ 37.781718, 55.6411057 ], [ 37.7817408, 55.6410292 ], [ 37.7817297, 55.64062 ], [ 37.7817294, 55.6406079 ], [ 37.7817359, 55.6405198 ], [ 37.7817376, 55.6404304 ], [ 37.7817408, 55.6403848 ], [ 37.7817404, 55.6403425 ], [ 37.7817384, 55.6402988 ], [ 37.7817385, 55.6402229 ], [ 37.7817387, 55.6402105 ], [ 37.7817406, 55.6400698 ], [ 37.7817828, 55.6397794 ], [ 37.7817751, 55.6396777 ], [ 37.7817581, 55.6395776 ], [ 37.7817643, 55.639469 ], [ 37.7818002, 55.6393237 ], [ 37.7818368, 55.6392518 ], [ 37.7819136, 55.6391949 ], [ 37.7820257, 55.6391316 ], [ 37.7820988, 55.639067 ], [ 37.7821167, 55.6390283 ], [ 37.7821166, 55.6388672 ], [ 37.782111, 55.6387249 ], [ 37.7821023, 55.6386857 ], [ 37.7820647, 55.6385003 ], [ 37.7820437, 55.6383971 ], [ 37.7820036, 55.638191 ], [ 37.7819917, 55.6380698 ], [ 37.7820357, 55.6378566 ], [ 37.7820978, 55.6375491 ], [ 37.7820986, 55.6374985 ], [ 37.7820692, 55.6373423 ], [ 37.7820428, 55.6372721 ], [ 37.7819999, 55.6372009 ], [ 37.781902, 55.6370939 ], [ 37.7817839, 55.6370465 ], [ 37.7815113, 55.6369765 ], [ 37.7814077, 55.6368883 ], [ 37.7813751, 55.6368158 ], [ 37.7813696, 55.6366163 ], [ 37.7813669, 55.6365567 ], [ 37.7813468, 55.6365174 ], [ 37.7813373, 55.6364724 ], [ 37.7813563, 55.6363822 ], [ 37.7813951, 55.6361305 ], [ 37.7814554, 55.6360109 ], [ 37.7815859, 55.6359158 ], [ 37.7817956, 55.6357982 ], [ 37.7818491, 55.6357224 ], [ 37.7818238, 55.6354983 ], [ 37.781811, 55.6353117 ], [ 37.7818, 55.6352293 ], [ 37.7817364, 55.635179 ], [ 37.7816033, 55.6350888 ], [ 37.7814371, 55.6350148 ], [ 37.7813114, 55.6350119 ], [ 37.7812861, 55.6350124 ], [ 37.7809898, 55.635019 ], [ 37.7806834, 55.635041 ], [ 37.7806012, 55.6350476 ], [ 37.7805531, 55.6350505 ], [ 37.7805115, 55.6350517 ], [ 37.7804666, 55.6350551 ], [ 37.7804229, 55.6350368 ], [ 37.7804089, 55.6350096 ], [ 37.7804325, 55.6349943 ], [ 37.7804776, 55.6349751 ], [ 37.780517, 55.6349554 ], [ 37.7806529, 55.6348858 ], [ 37.780796, 55.6348186 ], [ 37.7809068, 55.634759 ], [ 37.7809493, 55.6346794 ], [ 37.7809166, 55.6338053 ], [ 37.7809156, 55.6337017 ], [ 37.7809713, 55.633664 ], [ 37.7811929, 55.6336079 ], [ 37.7812439, 55.6335668 ], [ 37.781267, 55.633502 ], [ 37.7812706, 55.6332776 ], [ 37.781283, 55.6326474 ], [ 37.7812734, 55.6321536 ], [ 37.7811902, 55.6305854 ], [ 37.7811875, 55.6305332 ] ], [ [ 37.7758499, 55.6319681 ], [ 37.7761723, 55.6319416 ], [ 37.7763038, 55.6319313 ], [ 37.7767979, 55.6318806 ], [ 37.7772373, 55.6318097 ], [ 37.7791374, 55.631292 ], [ 37.7796007, 55.6311534 ], [ 37.7804267, 55.6309062 ], [ 37.7807804, 55.6307565 ], [ 37.7809224, 55.6306813 ], [ 37.7811875, 55.6305332 ] ], [ [ 37.7735224, 55.630631 ], [ 37.7737354, 55.6306316 ], [ 37.7743261, 55.6307502 ], [ 37.7745736, 55.6308636 ], [ 37.7747067, 55.6310191 ], [ 37.7747324, 55.6312432 ], [ 37.7748095, 55.6314291 ], [ 37.7750672, 55.6315599 ], [ 37.775438, 55.6316802 ], [ 37.7755376, 55.6317168 ], [ 37.7758281, 55.6319628 ], [ 37.7758499, 55.6319681 ] ], [ [ 37.7726286, 55.6307504 ], [ 37.7727586, 55.6307045 ], [ 37.7728981, 55.6306737 ], [ 37.7730511, 55.6306563 ], [ 37.7731508, 55.6306423 ], [ 37.7732774, 55.6306346 ], [ 37.7734514, 55.630627 ], [ 37.7735224, 55.630631 ] ], [ [ 37.7726286, 55.6307504 ], [ 37.7724578, 55.6307677 ], [ 37.7723697, 55.6307683 ], [ 37.7722951, 55.6307497 ], [ 37.772241, 55.6307347 ], [ 37.7721879, 55.6307173 ], [ 37.7721735, 55.6307066 ] ], [ [ 37.7718826, 55.6307282 ], [ 37.7720336, 55.6307034 ], [ 37.772122, 55.6307025 ], [ 37.7721735, 55.6307066 ] ], [ [ 37.7718826, 55.6307282 ], [ 37.771786, 55.6307675 ], [ 37.7716858, 55.6307945 ], [ 37.7715801, 55.6308208 ], [ 37.7714665, 55.6308466 ], [ 37.7713962, 55.6308593 ] ], [ [ 37.7708306, 55.6308737 ], [ 37.7709379, 55.630886 ], [ 37.7710547, 55.6308901 ], [ 37.7711329, 55.6308856 ], [ 37.7713962, 55.6308593 ] ], [ [ 37.7708306, 55.6308737 ], [ 37.7707766, 55.6308804 ] ], [ [ 37.7707766, 55.6308804 ], [ 37.770309, 55.6307746 ], [ 37.7699182, 55.6306844 ], [ 37.7697576, 55.6306477 ], [ 37.7695758, 55.6306229 ], [ 37.7693118, 55.6306127 ], [ 37.7691251, 55.6305994 ], [ 37.7687957, 55.6305519 ], [ 37.7687173, 55.6305218 ], [ 37.768134, 55.6302868 ], [ 37.767744, 55.6301399 ], [ 37.7676432, 55.6301155 ], [ 37.7675352, 55.6301052 ], [ 37.7674186, 55.63011 ], [ 37.7671606, 55.6301461 ], [ 37.7668812, 55.6302103 ], [ 37.7667043, 55.6302593 ], [ 37.7666217, 55.6302688 ], [ 37.7664897, 55.6302701 ], [ 37.7663335, 55.6302536 ] ], [ [ 37.7635215, 55.6294143 ], [ 37.7637461, 55.629486 ], [ 37.7645226, 55.6296821 ], [ 37.7646569, 55.6297252 ], [ 37.7649365, 55.6299276 ], [ 37.765113, 55.6300101 ], [ 37.7654397, 55.6301305 ], [ 37.765604, 55.6301658 ], [ 37.7657132, 55.630171 ], [ 37.7663335, 55.6302536 ] ], [ [ 37.7614347, 55.6287046 ], [ 37.7616421, 55.6288202 ], [ 37.7618692, 55.6289159 ], [ 37.7621501, 55.6289764 ], [ 37.7624468, 55.629046 ], [ 37.7626334, 55.6291246 ], [ 37.7627671, 55.6291982 ], [ 37.7628724, 55.6292521 ], [ 37.7629732, 55.6292858 ], [ 37.7631538, 55.6293381 ], [ 37.7633522, 55.6293838 ], [ 37.7634681, 55.6294089 ], [ 37.7635215, 55.6294143 ] ], [ [ 37.760506, 55.6281996 ], [ 37.7606155, 55.6283371 ], [ 37.7607256, 55.6284709 ], [ 37.760892, 55.6285656 ], [ 37.7611686, 55.628632 ], [ 37.7613795, 55.6286862 ], [ 37.7614347, 55.6287046 ] ], [ [ 37.7560535, 55.6303801 ], [ 37.7561621, 55.6303692 ], [ 37.7563538, 55.6303547 ], [ 37.7567558, 55.6303107 ], [ 37.7568434, 55.6303026 ], [ 37.7570404, 55.6302693 ], [ 37.7572129, 55.6302214 ], [ 37.7572926, 55.6301989 ], [ 37.7573563, 55.6301644 ], [ 37.7574784, 55.630091 ], [ 37.757582, 55.6300085 ], [ 37.7577978, 55.6298499 ], [ 37.7578635, 55.6298117 ], [ 37.7581191, 55.629637 ], [ 37.7586655, 55.629366 ], [ 37.7589803, 55.6291926 ], [ 37.7593075, 55.6289898 ], [ 37.7593606, 55.6289528 ], [ 37.7594562, 55.628886 ], [ 37.75957, 55.6287784 ], [ 37.7595776, 55.6287713 ], [ 37.7596506, 55.6286986 ], [ 37.7597309, 55.6286228 ], [ 37.759746, 55.6285445 ], [ 37.7597791, 55.6284722 ], [ 37.7598455, 55.628388 ], [ 37.7598918, 55.6281674 ], [ 37.7599229, 55.6280967 ], [ 37.759991, 55.6280686 ], [ 37.7601234, 55.6280882 ], [ 37.7603263, 55.6281504 ], [ 37.760506, 55.6281996 ] ], [ [ 37.7560535, 55.6303801 ], [ 37.7558825, 55.6303635 ], [ 37.7557493, 55.6303329 ], [ 37.7555982, 55.630276 ], [ 37.7553803, 55.6301469 ], [ 37.7552891, 55.6300912 ], [ 37.7551945, 55.6300362 ], [ 37.7550375, 55.6299376 ], [ 37.7549236, 55.6298832 ], [ 37.7548102, 55.6298386 ], [ 37.7546992, 55.6298027 ], [ 37.7545977, 55.6297781 ], [ 37.7544288, 55.6297487 ], [ 37.7543309, 55.6297552 ], [ 37.7541617, 55.629797 ], [ 37.7540191, 55.6298827 ], [ 37.7539091, 55.6299039 ], [ 37.753724, 55.6299395 ], [ 37.7535094, 55.6299842 ], [ 37.7532399, 55.6300462 ], [ 37.7531452, 55.6300761 ], [ 37.7529531, 55.6301198 ], [ 37.7527853, 55.6301314 ] ], [ [ 37.7524904, 55.6306612 ], [ 37.7527853, 55.6301314 ] ], [ [ 37.7524904, 55.6306612 ], [ 37.7526471, 55.6306995 ] ], [ [ 37.7525001, 55.6309247 ], [ 37.7525729, 55.6308131 ], [ 37.7526471, 55.6306995 ] ], [ [ 37.7525001, 55.6309247 ], [ 37.752407, 55.6309214 ] ], [ [ 37.7520979, 55.6308952 ], [ 37.7522226, 55.6309094 ], [ 37.752407, 55.6309214 ] ], [ [ 37.7515984, 55.6308382 ], [ 37.7520979, 55.6308952 ] ], [ [ 37.751106, 55.6307784 ], [ 37.7512456, 55.6307929 ], [ 37.7514478, 55.6308188 ], [ 37.7515984, 55.6308382 ] ], [ [ 37.751106, 55.6307784 ], [ 37.7504831, 55.6307081 ] ], [ [ 37.7504831, 55.6307081 ], [ 37.7503535, 55.6306918 ], [ 37.7502225, 55.6306788 ], [ 37.7501164, 55.6306542 ] ], [ [ 37.7501164, 55.6306542 ], [ 37.7498952, 55.630844 ] ], [ [ 37.7357169, 55.6305972 ], [ 37.7357746, 55.6305637 ], [ 37.7358047, 55.6305128 ], [ 37.7358279, 55.6304629 ], [ 37.7358782, 55.6303764 ], [ 37.7358977, 55.6303502 ], [ 37.7359592, 55.630323 ], [ 37.7360013, 55.6303132 ], [ 37.7360624, 55.630299 ], [ 37.7362827, 55.6303078 ], [ 37.7364037, 55.6303045 ], [ 37.7364703, 55.6303027 ], [ 37.7365746, 55.6303023 ], [ 37.7366917, 55.6302942 ], [ 37.7367585, 55.6302934 ], [ 37.736871, 55.6302849 ], [ 37.7369573, 55.6302832 ], [ 37.7370933, 55.6302869 ], [ 37.7371677, 55.6303058 ], [ 37.7372017, 55.6303348 ], [ 37.7372603, 55.6303863 ], [ 37.7372673, 55.630415 ], [ 37.7372696, 55.6304423 ], [ 37.737274, 55.6304938 ], [ 37.7373033, 55.6305586 ], [ 37.7373476, 55.6306192 ], [ 37.7373933, 55.630695 ], [ 37.7374391, 55.630742 ], [ 37.737611, 55.6308107 ], [ 37.7377445, 55.6308335 ], [ 37.7378639, 55.6308382 ], [ 37.738071, 55.6308691 ], [ 37.7382556, 55.6308924 ], [ 37.7384019, 55.6309013 ], [ 37.7386106, 55.6309208 ], [ 37.7387884, 55.6309619 ], [ 37.7390938, 55.6310687 ], [ 37.7392499, 55.6311102 ], [ 37.7396319, 55.6312017 ], [ 37.739794, 55.6312246 ], [ 37.7399448, 55.6312436 ], [ 37.7401895, 55.6312585 ], [ 37.7403516, 55.6312483 ], [ 37.7404942, 55.631222 ], [ 37.7406608, 55.6311949 ], [ 37.7407558, 55.6311773 ], [ 37.7407876, 55.6311729 ], [ 37.741066, 55.6310968 ], [ 37.7411214, 55.6310818 ], [ 37.7413737, 55.63095 ], [ 37.7414547, 55.6309183 ], [ 37.7415898, 55.6309039 ], [ 37.7417579, 55.630909 ], [ 37.7420205, 55.6309221 ], [ 37.7421305, 55.630946 ], [ 37.7422915, 55.6309767 ], [ 37.7423447, 55.6309738 ], [ 37.7424938, 55.6309358 ], [ 37.7425556, 55.63092 ], [ 37.7426622, 55.6308852 ], [ 37.7427177, 55.6308463 ], [ 37.7427365, 55.6308141 ], [ 37.7427755, 55.6307361 ], [ 37.7428003, 55.6306615 ], [ 37.742864, 55.6305747 ], [ 37.7429557, 55.6305677 ], [ 37.7431456, 55.6305652 ], [ 37.743777, 55.6305817 ], [ 37.7439475, 55.6305861 ], [ 37.7442972, 55.6305963 ], [ 37.7445929, 55.6306344 ], [ 37.7448247, 55.6306442 ], [ 37.7449966, 55.63067 ], [ 37.7452337, 55.6307115 ], [ 37.7453763, 55.6307166 ], [ 37.7455354, 55.6306954 ], [ 37.7456945, 55.63067 ], [ 37.7457469, 55.6306615 ], [ 37.7458356, 55.6306471 ], [ 37.7461452, 55.6306574 ], [ 37.747251, 55.6306942 ], [ 37.7474492, 55.6307008 ], [ 37.7476351, 55.6306661 ], [ 37.7478361, 55.6306639 ], [ 37.7495686, 55.6307027 ], [ 37.7497228, 55.6307217 ], [ 37.7498137, 55.6307574 ], [ 37.749853, 55.6307901 ], [ 37.7498952, 55.630844 ] ], [ [ 37.7357169, 55.6305972 ], [ 37.7356673, 55.6306226 ], [ 37.7355437, 55.6306366 ], [ 37.7353897, 55.6306371 ], [ 37.7352685, 55.6306205 ], [ 37.7351274, 55.6306059 ], [ 37.7349963, 55.6305793 ], [ 37.7348897, 55.630548 ], [ 37.734584, 55.630455 ], [ 37.733994, 55.630446 ], [ 37.733663, 55.630372 ], [ 37.733477, 55.630361 ], [ 37.733305, 55.630367 ], [ 37.7331633, 55.6303751 ] ], [ [ 37.7331633, 55.6303751 ], [ 37.7330151, 55.6304242 ], [ 37.7329387, 55.6304295 ], [ 37.7328743, 55.6304249 ], [ 37.7328032, 55.6303591 ], [ 37.7326999, 55.6302607 ], [ 37.732669, 55.6302432 ], [ 37.732632, 55.6302195 ], [ 37.7324956, 55.6302376 ], [ 37.7320329, 55.6302879 ], [ 37.7316726, 55.6302803 ], [ 37.7303034, 55.6302122 ], [ 37.7302334, 55.6302186 ], [ 37.7302064, 55.6302348 ] ], [ [ 37.7302064, 55.6302348 ], [ 37.7301, 55.6302099 ], [ 37.730015, 55.630176 ] ], [ [ 37.730015, 55.630176 ], [ 37.7298082, 55.6300616 ], [ 37.7296004, 55.6295432 ], [ 37.7295929, 55.6295244 ] ], [ [ 37.7284144, 55.6288698 ], [ 37.7287094, 55.6292318 ], [ 37.7289965, 55.6295268 ], [ 37.7290531, 55.629573 ], [ 37.7292646, 55.6295614 ], [ 37.7294069, 55.6295475 ], [ 37.7295929, 55.6295244 ] ], [ [ 37.7282538, 55.6289336 ], [ 37.7282818, 55.6289184 ], [ 37.7283666, 55.6288873 ], [ 37.7284144, 55.6288698 ] ], [ [ 37.7278938, 55.6289622 ], [ 37.7282538, 55.6289336 ] ], [ [ 37.7270224, 55.6295724 ], [ 37.7270516, 55.6295316 ], [ 37.7272037, 55.6293527 ], [ 37.727374, 55.6292609 ], [ 37.7276157, 55.6291539 ], [ 37.7277121, 55.6291016 ], [ 37.7278157, 55.629025 ], [ 37.7278802, 55.6289791 ], [ 37.7278938, 55.6289622 ] ], [ [ 37.7222409, 55.6295818 ], [ 37.7224641, 55.6295661 ], [ 37.7226822, 55.6295191 ], [ 37.7233943, 55.6292809 ], [ 37.723727, 55.6291696 ], [ 37.7239231, 55.6291239 ], [ 37.7242568, 55.6292718 ], [ 37.7243124, 55.6292965 ], [ 37.7245441, 55.6294042 ], [ 37.7247495, 55.6294711 ], [ 37.7251924, 55.6295757 ], [ 37.7254685, 55.6296329 ], [ 37.725782, 55.6296663 ], [ 37.7262128, 55.6296431 ], [ 37.7266489, 55.6296108 ], [ 37.7270224, 55.6295724 ] ], [ [ 37.7187687, 55.6291866 ], [ 37.7188375, 55.6292199 ], [ 37.7190194, 55.6292525 ], [ 37.7191576, 55.629294 ], [ 37.7195061, 55.6294653 ], [ 37.7196274, 55.6294694 ], [ 37.7197424, 55.6294649 ], [ 37.7200236, 55.6294253 ], [ 37.7203859, 55.6293775 ], [ 37.7205897, 55.6293382 ], [ 37.7209212, 55.6292753 ], [ 37.7211057, 55.6292438 ], [ 37.7214184, 55.6292125 ], [ 37.7216559, 55.6291887 ], [ 37.721828, 55.6292227 ], [ 37.7218761, 55.6292384 ], [ 37.7219244, 55.6292822 ], [ 37.7219703, 55.6294337 ], [ 37.7220083, 55.6294917 ], [ 37.7220482, 55.6295287 ], [ 37.7220958, 55.629558 ], [ 37.7221664, 55.6295783 ], [ 37.7222409, 55.6295818 ] ], [ [ 37.7187687, 55.6291866 ], [ 37.7186298, 55.6292053 ], [ 37.7185885, 55.6292129 ], [ 37.7185474, 55.6292519 ], [ 37.7184892, 55.6293512 ], [ 37.7184558, 55.6294553 ], [ 37.7184342, 55.6295621 ], [ 37.7184575, 55.6296671 ], [ 37.7184867, 55.6298034 ], [ 37.7183928, 55.6299325 ], [ 37.717914, 55.6301089 ], [ 37.7176895, 55.6302499 ], [ 37.7174464, 55.6303508 ], [ 37.7172856, 55.6304395 ] ], [ [ 37.7169931, 55.6304791 ], [ 37.7170654, 55.6304881 ], [ 37.7171511, 55.6304788 ], [ 37.7172856, 55.6304395 ] ], [ [ 37.7169931, 55.6304791 ], [ 37.7167817, 55.6303357 ], [ 37.7165823, 55.630275 ], [ 37.7164004, 55.6302241 ], [ 37.716243, 55.630057 ], [ 37.7160374, 55.6299142 ], [ 37.7158816, 55.6298335 ], [ 37.7155622, 55.6297777 ] ], [ [ 37.7155622, 55.6297777 ], [ 37.7154301, 55.6297546 ], [ 37.7150278, 55.6296515 ], [ 37.7145386, 55.6292819 ], [ 37.7143388, 55.6292291 ], [ 37.7140292, 55.6292212 ], [ 37.7137743, 55.6291546 ], [ 37.7135499, 55.6290227 ], [ 37.7132631, 55.6288193 ], [ 37.7128282, 55.6286722 ], [ 37.7123181, 55.6285805 ], [ 37.7119144, 55.6285606 ], [ 37.7116227, 55.6286059 ], [ 37.711581, 55.6286124 ], [ 37.7115318, 55.6286176 ], [ 37.7111447, 55.6286583 ], [ 37.7107972, 55.6287769 ], [ 37.7107133, 55.6289009 ] ], [ [ 37.7107133, 55.6289009 ], [ 37.7106845, 55.6289435 ] ], [ [ 37.7106845, 55.6289435 ], [ 37.710646, 55.6290004 ], [ 37.710609, 55.6290221 ], [ 37.7105548, 55.6290293 ], [ 37.710495, 55.6290195 ], [ 37.7104433, 55.6289941 ], [ 37.7103103, 55.6289714 ], [ 37.7102024, 55.6289694 ], [ 37.709852, 55.6290721 ], [ 37.7096281, 55.6291492 ], [ 37.7093377, 55.629081 ], [ 37.7091975, 55.6290959 ], [ 37.7088447, 55.6291238 ], [ 37.7086428, 55.6291071 ] ], [ [ 37.7086428, 55.6291071 ], [ 37.7079701, 55.6294572 ] ], [ [ 37.7078167, 55.6294857 ], [ 37.7079701, 55.6294572 ] ], [ [ 37.7075051, 55.6294773 ], [ 37.7076716, 55.629492 ], [ 37.7078167, 55.6294857 ] ], [ [ 37.7075051, 55.6294773 ], [ 37.7066781, 55.6291448 ] ], [ [ 37.7082254, 55.6264472 ], [ 37.7085966, 55.6264868 ], [ 37.7087383, 55.6265172 ], [ 37.7088618, 55.6265441 ], [ 37.7089339, 55.6265703 ], [ 37.708973, 55.6266068 ], [ 37.7085513, 55.6273248 ], [ 37.708521, 55.6273494 ], [ 37.7084778, 55.6273707 ], [ 37.7084261, 55.6273858 ], [ 37.7083592, 55.627397 ], [ 37.7082904, 55.6274018 ], [ 37.708131, 55.6274052 ], [ 37.7079952, 55.6274145 ], [ 37.7078674, 55.6274275 ], [ 37.7077708, 55.6274492 ], [ 37.7076952, 55.6274741 ], [ 37.7075494, 55.6275285 ], [ 37.7073547, 55.6276193 ], [ 37.7072112, 55.6276947 ], [ 37.7070999, 55.6277624 ], [ 37.7069849, 55.6278706 ], [ 37.7068154, 55.6280585 ], [ 37.706722, 55.6281282 ], [ 37.7066106, 55.6281584 ], [ 37.7064317, 55.6281606 ], [ 37.7062512, 55.6281494 ], [ 37.7060938, 55.6281504 ], [ 37.7059285, 55.6281712 ], [ 37.7058066, 55.6282013 ], [ 37.7056993, 55.6282409 ], [ 37.7056407, 55.6282898 ], [ 37.705632, 55.628368 ], [ 37.7056802, 55.6284764 ], [ 37.7058185, 55.6285969 ], [ 37.7062477, 55.6287532 ], [ 37.7063807, 55.6288216 ], [ 37.7064991, 55.6289094 ], [ 37.7065549, 55.6289741 ], [ 37.7065743, 55.6290402 ], [ 37.706609, 55.6290907 ], [ 37.7066781, 55.6291448 ] ], [ [ 37.7078715, 55.6262773 ], [ 37.7079994, 55.6263445 ], [ 37.7080095, 55.6263846 ], [ 37.7080166, 55.6264129 ], [ 37.7080752, 55.6264381 ], [ 37.7082254, 55.6264472 ] ], [ [ 37.6953426, 55.6221397 ], [ 37.6954438, 55.6224039 ], [ 37.6955809, 55.6227834 ], [ 37.695646, 55.6229101 ], [ 37.6958514, 55.6232947 ], [ 37.696127, 55.6236011 ], [ 37.6964711, 55.6238691 ], [ 37.696739, 55.6240625 ], [ 37.6970229, 55.6241893 ], [ 37.6975526, 55.6244525 ], [ 37.6982576, 55.6247194 ], [ 37.6983744, 55.6247511 ], [ 37.6985411, 55.6247964 ], [ 37.6986218, 55.6248174 ], [ 37.6987149, 55.6248417 ], [ 37.698794, 55.6248623 ], [ 37.6988655, 55.6248779 ], [ 37.6990062, 55.624904 ], [ 37.6990965, 55.6249202 ], [ 37.6992534, 55.6249423 ], [ 37.699833, 55.6250207 ], [ 37.7004481, 55.6251214 ], [ 37.7005876, 55.6251443 ], [ 37.7019799, 55.6253564 ], [ 37.7043284, 55.6257235 ], [ 37.7058473, 55.625961 ], [ 37.7067169, 55.626097 ], [ 37.7078715, 55.6262773 ] ], [ [ 37.6942828, 55.6215925 ], [ 37.6950417, 55.621995 ], [ 37.6953426, 55.6221397 ] ], [ [ 37.6939894, 55.621597 ], [ 37.6942828, 55.6215925 ] ], [ [ 37.6939915, 55.6216589 ], [ 37.6939894, 55.621597 ] ], [ [ 37.6937403, 55.6216584 ], [ 37.6937852, 55.6216585 ], [ 37.6939915, 55.6216589 ] ], [ [ 37.6937403, 55.6216584 ], [ 37.6937166, 55.6216332 ], [ 37.6936586, 55.6215996 ], [ 37.693591, 55.6215783 ], [ 37.693401, 55.6215434 ] ], [ [ 37.6911105, 55.620994 ], [ 37.6913848, 55.6211224 ], [ 37.6916001, 55.6212192 ], [ 37.6918491, 55.6213209 ], [ 37.6921913, 55.6214219 ], [ 37.692561, 55.6214731 ], [ 37.6929616, 55.6215121 ], [ 37.693401, 55.6215434 ] ], [ [ 37.6873031, 55.619986 ], [ 37.6875146, 55.6200477 ], [ 37.6880737, 55.6201918 ], [ 37.6886495, 55.6203253 ], [ 37.6901395, 55.6206507 ], [ 37.690509, 55.620758 ], [ 37.6909042, 55.6208933 ], [ 37.6911105, 55.620994 ] ], [ [ 37.6861834, 55.6199381 ], [ 37.6864478, 55.6198298 ], [ 37.6865214, 55.619803 ] ], [ [ 37.6860765, 55.6198505 ], [ 37.6861834, 55.6199381 ] ], [ [ 37.682424, 55.6212831 ], [ 37.6825675, 55.6212373 ], [ 37.6827344, 55.6211883 ], [ 37.6832283, 55.6210232 ], [ 37.6835958, 55.6208802 ], [ 37.6840577, 55.6206982 ], [ 37.6858816, 55.619932 ], [ 37.6860765, 55.6198505 ] ], [ [ 37.6808925, 55.6215948 ], [ 37.6811927, 55.6215536 ], [ 37.6814583, 55.6215116 ], [ 37.6816651, 55.6214682 ], [ 37.6819195, 55.6214133 ], [ 37.6821526, 55.621354 ], [ 37.6823319, 55.6213068 ], [ 37.682424, 55.6212831 ] ], [ [ 37.6768429, 55.6219882 ], [ 37.6774508, 55.6219389 ], [ 37.6801071, 55.6216764 ], [ 37.6808925, 55.6215948 ] ], [ [ 37.674769, 55.6213102 ], [ 37.6749339, 55.6214793 ], [ 37.6750147, 55.6215441 ], [ 37.6751081, 55.6216095 ], [ 37.6752144, 55.6216715 ], [ 37.6753257, 55.6217274 ], [ 37.6754384, 55.6217768 ], [ 37.6756289, 55.6218417 ], [ 37.6757727, 55.6218767 ], [ 37.6759672, 55.621924 ], [ 37.6763234, 55.6219766 ], [ 37.6764753, 55.6219885 ], [ 37.6766706, 55.6219947 ], [ 37.6768429, 55.6219882 ] ], [ [ 37.6734498, 55.6200647 ], [ 37.6735475, 55.6201537 ], [ 37.6739268, 55.6205205 ], [ 37.674769, 55.6213102 ] ], [ [ 37.6733402, 55.6200993 ], [ 37.6734498, 55.6200647 ] ], [ [ 37.6731113, 55.6199101 ], [ 37.6733402, 55.6200993 ] ], [ [ 37.6731113, 55.6199101 ], [ 37.6729397, 55.6197471 ], [ 37.67256, 55.6196287 ], [ 37.6725237, 55.6196062 ] ], [ [ 37.6725237, 55.6196062 ], [ 37.6724234, 55.6195293 ], [ 37.6723941, 55.6195068 ], [ 37.6723827, 55.6194981 ] ], [ [ 37.6723827, 55.6194981 ], [ 37.6722428, 55.619561 ], [ 37.67222, 55.6195712 ], [ 37.6719007, 55.6197146 ], [ 37.6718306, 55.6197601 ], [ 37.6716146, 55.6198598 ], [ 37.6713464, 55.6199836 ], [ 37.6712894, 55.6199971 ], [ 37.6711893, 55.6200402 ], [ 37.6711029, 55.6200801 ], [ 37.6710698, 55.6201094 ], [ 37.6710009, 55.6201388 ], [ 37.6709169, 55.6201756 ], [ 37.6706529, 55.6202238 ], [ 37.6705981, 55.6202189 ], [ 37.6705163, 55.6202428 ] ], [ [ 37.6704636, 55.620227 ], [ 37.6705163, 55.6202428 ] ], [ [ 37.6704636, 55.620227 ], [ 37.6703226, 55.6201423 ] ], [ [ 37.6703226, 55.6201423 ], [ 37.6702717, 55.6201139 ] ], [ [ 37.6698933, 55.6204168 ], [ 37.6699442, 55.6203737 ], [ 37.6702717, 55.6201139 ] ], [ [ 37.6697941, 55.6205234 ], [ 37.6698933, 55.6204168 ] ], [ [ 37.6697941, 55.6205234 ], [ 37.6697756, 55.6205458 ] ], [ [ 37.6680939, 55.6200471 ], [ 37.6682096, 55.6200958 ], [ 37.6684431, 55.6201887 ], [ 37.6694582, 55.6205943 ], [ 37.6696598, 55.6206646 ], [ 37.6697756, 55.6205458 ] ], [ [ 37.6680939, 55.6200471 ], [ 37.6680181, 55.6201059 ] ], [ [ 37.6680181, 55.6201059 ], [ 37.6675529, 55.6198737 ], [ 37.6672219, 55.6197019 ], [ 37.6665979, 55.6193948 ], [ 37.6662743, 55.6192354 ], [ 37.6661725, 55.6191836 ], [ 37.6657924, 55.6189864 ], [ 37.6657435, 55.6189593 ] ], [ [ 37.6658073, 55.6189184 ], [ 37.6657435, 55.6189593 ] ], [ [ 37.7894091, 55.6903983 ], [ 37.7894415, 55.690388 ], [ 37.7894772, 55.6903821 ], [ 37.7895144, 55.6903807 ], [ 37.7895511, 55.6903841 ], [ 37.7895856, 55.690392 ], [ 37.7896162, 55.690404 ], [ 37.7896412, 55.6904195 ], [ 37.7896595, 55.6904378 ], [ 37.7896701, 55.6904579 ], [ 37.7896724, 55.6904789 ], [ 37.7896665, 55.6904996 ], [ 37.7896525, 55.690519 ], [ 37.7896312, 55.6905362 ] ], [ [ 37.7896312, 55.6905362 ], [ 37.7895828, 55.6905922 ], [ 37.7895141, 55.6906717 ] ], [ [ 37.8188555, 55.7888442 ], [ 37.8189605, 55.7888488 ], [ 37.8193858, 55.7888677 ], [ 37.8194131, 55.788869 ], [ 37.81948, 55.7888719 ] ], [ [ 37.8188282, 55.7888395 ], [ 37.8188555, 55.7888442 ] ], [ [ 37.5466678, 55.6874568 ], [ 37.546597, 55.6875417 ], [ 37.5463933, 55.6876635 ], [ 37.5461846, 55.6877613 ] ], [ [ 37.7896633, 55.7428038 ], [ 37.7895925, 55.742802 ] ], [ [ 37.7895925, 55.742802 ], [ 37.7895953, 55.7426186 ] ], [ [ 37.7876291, 55.7585505 ], [ 37.7878088, 55.7585839 ] ], [ [ 37.7878088, 55.7585839 ], [ 37.787916, 55.7586033 ], [ 37.7879839, 55.7586156 ], [ 37.7880688, 55.758631 ] ], [ [ 37.7880688, 55.758631 ], [ 37.7880035, 55.7587271 ] ], [ [ 37.5594613, 55.6742587 ], [ 37.5592587, 55.6743277 ], [ 37.5591851, 55.6743527 ], [ 37.5590032, 55.6744123 ], [ 37.5587201, 55.6744368 ] ], [ [ 37.5590169, 55.6747311 ], [ 37.5587201, 55.6744368 ] ], [ [ 37.5622791, 55.6778262 ], [ 37.5621889, 55.6777466 ], [ 37.5619786, 55.677547 ], [ 37.5619005, 55.6774729 ], [ 37.5617865, 55.6773647 ], [ 37.5614918, 55.6770993 ], [ 37.5607003, 55.6763391 ], [ 37.5599539, 55.6756257 ], [ 37.5597932, 55.675484 ], [ 37.5590169, 55.6747311 ] ], [ [ 37.5629158, 55.6783996 ], [ 37.5627986, 55.6783078 ], [ 37.5624329, 55.6779717 ], [ 37.5623587, 55.6779035 ], [ 37.5622791, 55.6778262 ] ], [ [ 37.5630388, 55.6785509 ], [ 37.5629158, 55.6783996 ] ], [ [ 37.5620849, 55.678888 ], [ 37.5621139, 55.6788785 ], [ 37.5625638, 55.6787325 ], [ 37.5630388, 55.6785509 ] ], [ [ 37.5620849, 55.678888 ], [ 37.5619125, 55.6788117 ], [ 37.5618474, 55.6787813 ] ], [ [ 37.5618474, 55.6787813 ], [ 37.5610828, 55.6789564 ] ], [ [ 37.5610828, 55.6789564 ], [ 37.5603735, 55.6793588 ], [ 37.5590981, 55.6801003 ], [ 37.5581336, 55.6806608 ] ], [ [ 37.5581336, 55.6806608 ], [ 37.5580746, 55.6806955 ], [ 37.5580034, 55.6807366 ] ], [ [ 37.4517426, 55.8052781 ], [ 37.4517078, 55.8052657 ] ], [ [ 37.4517078, 55.8052657 ], [ 37.451693, 55.8052833 ], [ 37.4516691, 55.8053116 ], [ 37.4516467, 55.8053382 ] ], [ [ 37.4516467, 55.8053382 ], [ 37.4513998, 55.8053292 ], [ 37.4513272, 55.8053266 ], [ 37.4512252, 55.8053228 ], [ 37.4499013, 55.8052741 ] ], [ [ 37.4499013, 55.8052741 ], [ 37.4496972, 55.8052686 ] ], [ [ 37.4405422, 55.8048975 ], [ 37.443853, 55.8050202 ], [ 37.4496972, 55.8052686 ] ], [ [ 37.6475752, 55.6280535 ], [ 37.6475612, 55.6279959 ], [ 37.6474938, 55.6277253 ] ], [ [ 37.6474938, 55.6277253 ], [ 37.6474337, 55.6274329 ] ], [ [ 37.6474337, 55.6274329 ], [ 37.6474223, 55.6273778 ], [ 37.6473856, 55.6272012 ] ], [ [ 37.6473856, 55.6272012 ], [ 37.6473419, 55.6270043 ], [ 37.6473103, 55.6268635 ], [ 37.6472275, 55.6264925 ] ], [ [ 37.6472275, 55.6264925 ], [ 37.6472098, 55.626416 ] ], [ [ 37.6472098, 55.626416 ], [ 37.6471467, 55.6261547 ] ], [ [ 37.6471467, 55.6261547 ], [ 37.6471264, 55.6260562 ], [ 37.647018, 55.6255922 ] ], [ [ 37.647018, 55.6255922 ], [ 37.6469544, 55.6252804 ] ], [ [ 37.6469544, 55.6252804 ], [ 37.6468312, 55.6246767 ], [ 37.6467847, 55.6244488 ], [ 37.6467627, 55.6243582 ] ], [ [ 37.6467627, 55.6243582 ], [ 37.6467365, 55.6242617 ] ], [ [ 37.6467365, 55.6242617 ], [ 37.6467143, 55.6241614 ], [ 37.6465999, 55.6236444 ], [ 37.6464278, 55.6229199 ], [ 37.6462668, 55.6221702 ], [ 37.6461495, 55.62165 ], [ 37.6460404, 55.62115 ] ], [ [ 37.6461504, 55.6211414 ], [ 37.6460404, 55.62115 ] ], [ [ 37.6461504, 55.6211414 ], [ 37.6461207, 55.6209964 ] ], [ [ 37.6468937, 55.6206581 ], [ 37.6468767, 55.6206926 ], [ 37.6466905, 55.6208158 ], [ 37.6464835, 55.6209405 ], [ 37.646459, 55.6209497 ], [ 37.6462332, 55.6209885 ], [ 37.6461207, 55.6209964 ] ], [ [ 37.6468937, 55.6206581 ], [ 37.6468001, 55.6206442 ], [ 37.6466942, 55.6206109 ], [ 37.6465819, 55.6205584 ], [ 37.6465332, 55.6204982 ], [ 37.6465094, 55.6204158 ], [ 37.646524, 55.6203625 ], [ 37.6465827, 55.6203031 ], [ 37.6471168, 55.6200588 ], [ 37.6473397, 55.6199613 ], [ 37.6475803, 55.6198167 ], [ 37.6479229, 55.6196263 ], [ 37.6482208, 55.619419 ], [ 37.6484424, 55.6192703 ], [ 37.6487297, 55.619149 ] ], [ [ 37.6499099, 55.6173933 ], [ 37.6496449, 55.6179237 ], [ 37.6495311, 55.6181001 ], [ 37.6493969, 55.6183082 ], [ 37.6490169, 55.6188974 ], [ 37.6489048, 55.6190711 ], [ 37.6487297, 55.619149 ] ], [ [ 37.6499099, 55.6173933 ], [ 37.6500016, 55.6173252 ], [ 37.6500874, 55.6172873 ], [ 37.650184, 55.6172722 ], [ 37.6502886, 55.6172691 ], [ 37.6504495, 55.6172949 ], [ 37.6505783, 55.6173237 ], [ 37.6506561, 55.6173385 ] ], [ [ 37.6507252, 55.6185528 ], [ 37.650817, 55.6178929 ], [ 37.6507929, 55.6177005 ], [ 37.6506561, 55.6173385 ] ], [ [ 37.6506937, 55.6187715 ], [ 37.6507252, 55.6185528 ] ], [ [ 37.6512035, 55.6190856 ], [ 37.6509868, 55.6189698 ], [ 37.6506937, 55.6187715 ] ], [ [ 37.6512035, 55.6190856 ], [ 37.6514651, 55.6191578 ], [ 37.6519795, 55.6192579 ] ], [ [ 37.6519795, 55.6192579 ], [ 37.6521531, 55.6192917 ] ], [ [ 37.6521531, 55.6192917 ], [ 37.6524296, 55.6194303 ] ], [ [ 37.6524296, 55.6194303 ], [ 37.6527551, 55.6194673 ], [ 37.6533946, 55.6196241 ], [ 37.6540261, 55.6197208 ], [ 37.6541778, 55.6197511 ], [ 37.6546281, 55.619845 ], [ 37.6551079, 55.6199799 ] ], [ [ 37.6555016, 55.6200161 ], [ 37.6551079, 55.6199799 ] ], [ [ 37.6555016, 55.6200161 ], [ 37.6559444, 55.6200559 ] ], [ [ 37.6561986, 55.6199578 ], [ 37.6559444, 55.6200559 ] ], [ [ 37.6562503, 55.6198489 ], [ 37.6561986, 55.6199578 ] ], [ [ 37.6568161, 55.6199196 ], [ 37.6562503, 55.6198489 ] ], [ [ 37.6568161, 55.6199196 ], [ 37.6568119, 55.6199883 ] ], [ [ 37.6568119, 55.6199883 ], [ 37.6569971, 55.619993 ], [ 37.6572232, 55.6200002 ], [ 37.657378, 55.6200045 ] ], [ [ 37.6573697, 55.6200584 ], [ 37.657378, 55.6200045 ] ], [ [ 37.657344, 55.6210125 ], [ 37.6573542, 55.620471 ], [ 37.6573592, 55.6202339 ], [ 37.6573666, 55.6201018 ], [ 37.6573697, 55.6200584 ] ], [ [ 37.6626197, 55.6186671 ], [ 37.6625923, 55.6186853 ], [ 37.662308, 55.6188184 ], [ 37.6622413, 55.618849 ], [ 37.6621946, 55.6188604 ], [ 37.6621562, 55.6188705 ], [ 37.6619887, 55.6189147 ], [ 37.6618364, 55.618955 ], [ 37.6617541, 55.6189776 ], [ 37.6616908, 55.6189946 ], [ 37.6613498, 55.6190864 ], [ 37.6611042, 55.6191525 ], [ 37.6607078, 55.6192707 ], [ 37.6606364, 55.6192928 ], [ 37.6605605, 55.6193164 ], [ 37.6603582, 55.6193833 ], [ 37.6598899, 55.6196326 ], [ 37.6597094, 55.6197286 ], [ 37.658796, 55.6202306 ], [ 37.6587122, 55.6202758 ], [ 37.6574883, 55.6209609 ], [ 37.6573866, 55.6209973 ], [ 37.657344, 55.6210125 ] ], [ [ 37.5016161, 55.8151983 ], [ 37.5017891, 55.8152289 ] ], [ [ 37.5016161, 55.8151983 ], [ 37.5016419, 55.8151248 ], [ 37.5016397, 55.815075 ] ], [ [ 37.8068488, 55.8263821 ], [ 37.8069445, 55.8263235 ] ], [ [ 37.8079235, 55.8267979 ], [ 37.8077972, 55.8267745 ], [ 37.8076246, 55.8266995 ], [ 37.8069445, 55.8263235 ] ], [ [ 37.8080894, 55.8268853 ], [ 37.8079235, 55.8267979 ] ], [ [ 37.8080894, 55.8268853 ], [ 37.8078946, 55.8269714 ] ], [ [ 37.8294466, 55.8102236 ], [ 37.829407, 55.8105313 ], [ 37.8293987, 55.8105958 ], [ 37.8293958, 55.810619 ] ], [ [ 37.8283177, 55.8137215 ], [ 37.8285011, 55.8137719 ] ], [ [ 37.8285011, 55.8137719 ], [ 37.829004, 55.8138666 ], [ 37.8290635, 55.8138725 ] ], [ [ 37.8289464, 55.8142739 ], [ 37.829036, 55.8139485 ], [ 37.8290635, 55.8138725 ] ], [ [ 37.828893, 55.8142744 ], [ 37.8289464, 55.8142739 ] ], [ [ 37.828893, 55.8142744 ], [ 37.8287034, 55.8149333 ], [ 37.8286751, 55.8150245 ], [ 37.8286113, 55.8152302 ], [ 37.8284976, 55.8156007 ], [ 37.8283368, 55.8160323 ], [ 37.8281935, 55.8163679 ], [ 37.8280902, 55.8166119 ], [ 37.8279882, 55.8168351 ] ], [ [ 37.8279882, 55.8168351 ], [ 37.8278164, 55.8172207 ], [ 37.8277198, 55.8174374 ], [ 37.8276854, 55.8175147 ], [ 37.8275879, 55.8177334 ], [ 37.8275614, 55.8177936 ], [ 37.8274701, 55.8179979 ] ], [ [ 37.8274701, 55.8179979 ], [ 37.8273634, 55.8182466 ], [ 37.8271872, 55.8186572 ] ], [ [ 37.8271872, 55.8186572 ], [ 37.8269627, 55.8191752 ], [ 37.8267395, 55.8196902 ], [ 37.8266447, 55.8198984 ] ], [ [ 37.8266447, 55.8198984 ], [ 37.8264817, 55.8202823 ] ], [ [ 37.8266698, 55.8202994 ], [ 37.8264817, 55.8202823 ] ], [ [ 37.8266404, 55.82049 ], [ 37.8266513, 55.8204198 ], [ 37.8266698, 55.8202994 ] ], [ [ 37.826484, 55.8205572 ], [ 37.8265268, 55.8205098 ], [ 37.8265602, 55.8204968 ], [ 37.8266404, 55.82049 ] ], [ [ 37.8263682, 55.8205442 ], [ 37.826484, 55.8205572 ] ], [ [ 37.8262921, 55.8205356 ], [ 37.8263682, 55.8205442 ] ], [ [ 37.8259026, 55.8205206 ], [ 37.8262921, 55.8205356 ] ], [ [ 37.8258323, 55.8205134 ], [ 37.8259026, 55.8205206 ] ], [ [ 37.8256719, 55.8205036 ], [ 37.8258323, 55.8205134 ] ], [ [ 37.825713, 55.8203998 ], [ 37.8256719, 55.8205036 ] ], [ [ 37.7620365, 55.6568684 ], [ 37.7620109, 55.6568804 ], [ 37.7619106, 55.656927 ], [ 37.7616678, 55.6571204 ], [ 37.7614205, 55.6573173 ], [ 37.76126, 55.6574412 ], [ 37.7604543, 55.6580631 ], [ 37.7604257, 55.6580865 ], [ 37.7599915, 55.658448 ], [ 37.7597181, 55.658667 ], [ 37.7593609, 55.6589654 ], [ 37.7588457, 55.6593958 ], [ 37.7582706, 55.6598719 ], [ 37.7582475, 55.6598972 ] ], [ [ 37.7631902, 55.6558108 ], [ 37.7631706, 55.6558788 ], [ 37.7632237, 55.6560684 ], [ 37.7632927, 55.656352 ], [ 37.7633387, 55.6564398 ], [ 37.7633617, 55.6564997 ], [ 37.7633212, 55.656534 ], [ 37.7632068, 55.6566308 ], [ 37.7630892, 55.6567303 ], [ 37.76273, 55.6567603 ], [ 37.7624097, 55.6567962 ], [ 37.7622097, 55.6568222 ], [ 37.7620522, 55.6568611 ], [ 37.7620365, 55.6568684 ] ], [ [ 37.7627503, 55.6556444 ], [ 37.7629441, 55.6557177 ], [ 37.7631299, 55.655788 ], [ 37.7631902, 55.6558108 ] ], [ [ 37.8235264, 55.7934051 ], [ 37.8235827, 55.7934062 ] ], [ [ 37.8236117, 55.7935701 ], [ 37.8235882, 55.793558 ], [ 37.8235869, 55.7934846 ], [ 37.8235838, 55.7934173 ], [ 37.8235827, 55.7934062 ] ], [ [ 37.8236117, 55.7935701 ], [ 37.8236168, 55.7937486 ], [ 37.8236358, 55.794413 ], [ 37.8236373, 55.7953897 ], [ 37.823629, 55.7957538 ], [ 37.8236212, 55.7965005 ], [ 37.8236075, 55.7967865 ], [ 37.8236009, 55.7970085 ] ], [ [ 37.823455, 55.7970067 ], [ 37.8236009, 55.7970085 ] ], [ [ 37.5722897, 55.8322993 ], [ 37.5724284, 55.8322984 ] ], [ [ 37.5724363, 55.8292328 ], [ 37.5724369, 55.8294825 ], [ 37.5724377, 55.8296843 ], [ 37.5724284, 55.8322984 ] ], [ [ 37.6870604, 55.817985 ], [ 37.687055, 55.8180625 ], [ 37.6870468, 55.8181169 ], [ 37.6869792, 55.8181655 ], [ 37.686221, 55.8184929 ], [ 37.6861345, 55.8185523 ] ], [ [ 37.6847646, 55.8190107 ], [ 37.6854217, 55.8188353 ], [ 37.6857617, 55.8186963 ], [ 37.6861345, 55.8185523 ] ], [ [ 37.6836681, 55.8197442 ], [ 37.6839273, 55.8194345 ], [ 37.6841303, 55.8192975 ], [ 37.6847646, 55.8190107 ] ], [ [ 37.6836681, 55.8197442 ], [ 37.6843185, 55.8203335 ], [ 37.6848577, 55.8207087 ] ], [ [ 37.7809268, 55.7572123 ], [ 37.7808758, 55.7572945 ] ], [ [ 37.7808758, 55.7572945 ], [ 37.7808112, 55.7574074 ] ], [ [ 37.7810771, 55.7574575 ], [ 37.7808112, 55.7574074 ] ], [ [ 37.7818266, 55.7575956 ], [ 37.7810771, 55.7574575 ] ], [ [ 37.7818905, 55.7574832 ], [ 37.7818266, 55.7575956 ] ], [ [ 37.5132477, 55.7061801 ], [ 37.5131603, 55.7062295 ], [ 37.5130605, 55.706228 ], [ 37.5129181, 55.7061929 ], [ 37.5127736, 55.7061575 ], [ 37.5125547, 55.7063604 ], [ 37.5124777, 55.7064203 ], [ 37.5121309, 55.7066649 ], [ 37.5118623, 55.7068171 ], [ 37.5118337, 55.706835 ], [ 37.5119792, 55.7069144 ], [ 37.512122, 55.7069929 ], [ 37.5122625, 55.7070694 ], [ 37.5123373, 55.7071149 ], [ 37.5123443, 55.7071734 ], [ 37.5123594, 55.7071946 ], [ 37.5124131, 55.7072523 ], [ 37.5125138, 55.7073083 ], [ 37.5125625, 55.7072786 ], [ 37.5127294, 55.7071801 ], [ 37.5128272, 55.7071207 ], [ 37.512952, 55.7070209 ], [ 37.5137064, 55.7065786 ] ], [ [ 37.5138511, 55.7065816 ], [ 37.5137064, 55.7065786 ] ], [ [ 37.5141778, 55.7067107 ], [ 37.5138511, 55.7065816 ] ], [ [ 37.514624, 55.7068719 ], [ 37.5146017, 55.7068884 ], [ 37.5144639, 55.7068294 ], [ 37.5143533, 55.706782 ], [ 37.5141778, 55.7067107 ] ], [ [ 37.5180947, 55.7083214 ], [ 37.5180711, 55.7083115 ], [ 37.5177692, 55.7081842 ], [ 37.5168547, 55.7077989 ], [ 37.5147864, 55.7069394 ], [ 37.514624, 55.7068719 ] ], [ [ 37.5180947, 55.7083214 ], [ 37.5184862, 55.7084864 ], [ 37.5187839, 55.7086118 ], [ 37.5201075, 55.7091695 ], [ 37.5219276, 55.7099365 ], [ 37.5221362, 55.7100244 ], [ 37.5223227, 55.7101035 ], [ 37.5229636, 55.710373 ], [ 37.5236543, 55.7106641 ], [ 37.5241699, 55.7108814 ], [ 37.5248252, 55.7111575 ], [ 37.5250645, 55.7112583 ], [ 37.526056, 55.7116504 ] ], [ [ 37.673132, 55.6197735 ], [ 37.6732514, 55.6198841 ], [ 37.6734498, 55.6200647 ] ], [ [ 37.6733035, 55.6197197 ], [ 37.673132, 55.6197735 ] ], [ [ 37.6732233, 55.6196739 ], [ 37.6733035, 55.6197197 ] ], [ [ 37.6725992, 55.6192479 ], [ 37.6730977, 55.6195587 ], [ 37.6732233, 55.6196739 ] ], [ [ 37.6725688, 55.6192293 ], [ 37.6725992, 55.6192479 ] ], [ [ 37.6725688, 55.6192293 ], [ 37.6724579, 55.6192863 ], [ 37.672415, 55.6193101 ], [ 37.6723979, 55.6193192 ] ], [ [ 37.6723979, 55.6193192 ], [ 37.6723827, 55.6194981 ] ], [ [ 37.6873031, 55.619986 ], [ 37.6872815, 55.6200069 ] ], [ [ 37.6872815, 55.6200069 ], [ 37.6865214, 55.619803 ] ], [ [ 37.4943095, 55.7349679 ], [ 37.494391, 55.73499 ], [ 37.4943966, 55.7350127 ] ], [ [ 37.4943966, 55.7350127 ], [ 37.4945576, 55.735059 ] ], [ [ 37.4947241, 55.7348844 ], [ 37.4946629, 55.7349464 ], [ 37.4945576, 55.735059 ] ], [ [ 37.4897429, 55.7401346 ], [ 37.4896431, 55.7401083 ] ], [ [ 37.4896431, 55.7401083 ], [ 37.4896643, 55.7400884 ], [ 37.489719, 55.7400313 ] ], [ [ 37.4898278, 55.7400581 ], [ 37.489719, 55.7400313 ] ], [ [ 37.4286451, 55.7672735 ], [ 37.4290422, 55.7669334 ] ], [ [ 37.4287819, 55.7672925 ], [ 37.4286451, 55.7672735 ] ], [ [ 37.4287819, 55.7672925 ], [ 37.4289125, 55.7673086 ] ], [ [ 37.4285321, 55.7688481 ], [ 37.4283974, 55.7688329 ] ], [ [ 37.4285321, 55.7688481 ], [ 37.4284768, 55.7689937 ], [ 37.4283995, 55.769328 ], [ 37.4283492, 55.7694367 ] ], [ [ 37.5524257, 55.684418 ], [ 37.5523893, 55.6844222 ], [ 37.552186, 55.6845357 ] ], [ [ 37.552698, 55.6842671 ], [ 37.5526355, 55.6843018 ], [ 37.5525808, 55.6843321 ], [ 37.5525423, 55.6843534 ], [ 37.552483, 55.6843862 ], [ 37.5524257, 55.684418 ] ], [ [ 37.5528456, 55.6841856 ], [ 37.552698, 55.6842671 ] ], [ [ 37.5528456, 55.6841856 ], [ 37.552727, 55.6840896 ] ], [ [ 37.5537565, 55.6833507 ], [ 37.5533396, 55.683595 ], [ 37.5530301, 55.6837916 ], [ 37.5527635, 55.6840084 ], [ 37.552727, 55.6840896 ] ], [ [ 37.553772, 55.6833414 ], [ 37.5537565, 55.6833507 ] ], [ [ 37.553772, 55.6833414 ], [ 37.5541001, 55.6834234 ] ], [ [ 37.5541001, 55.6834234 ], [ 37.5544928, 55.6832373 ] ], [ [ 37.5549969, 55.6829648 ], [ 37.5549364, 55.6829783 ], [ 37.5548035, 55.6830068 ], [ 37.5546799, 55.6830508 ], [ 37.5546031, 55.6830953 ], [ 37.5545272, 55.6831609 ], [ 37.5544928, 55.6832373 ] ], [ [ 37.5549969, 55.6829648 ], [ 37.555506, 55.6826382 ], [ 37.5556748, 55.682544 ], [ 37.555842, 55.6824513 ], [ 37.5560152, 55.6823553 ], [ 37.5562728, 55.6822134 ] ], [ [ 37.5562728, 55.6822134 ], [ 37.5561508, 55.6821516 ], [ 37.5560542, 55.6820997 ] ], [ [ 37.5560542, 55.6820997 ], [ 37.5560611, 55.6820853 ], [ 37.5561009, 55.6819632 ] ], [ [ 37.5561009, 55.6819632 ], [ 37.5561337, 55.6818623 ] ], [ [ 37.5580034, 55.6807366 ], [ 37.5576127, 55.6809623 ], [ 37.5575965, 55.6810368 ], [ 37.5574606, 55.6810558 ], [ 37.5572301, 55.6811769 ], [ 37.5568303, 55.6814104 ], [ 37.5567911, 55.6814874 ], [ 37.5566603, 55.6815109 ], [ 37.5561575, 55.6818066 ], [ 37.5561337, 55.6818623 ] ], [ [ 37.5389016, 55.6921806 ], [ 37.5389555, 55.6921276 ], [ 37.5402315, 55.691421 ], [ 37.5403779, 55.6913357 ], [ 37.5407225, 55.6911311 ], [ 37.5413282, 55.6907798 ], [ 37.5418095, 55.6905078 ], [ 37.5422671, 55.6902346 ], [ 37.5429133, 55.6898658 ], [ 37.5433025, 55.6896484 ], [ 37.543334, 55.6896314 ], [ 37.5433943, 55.6896152 ] ], [ [ 37.5433943, 55.6896152 ], [ 37.5441953, 55.6891459 ], [ 37.5449786, 55.6886869 ], [ 37.5450707, 55.688633 ] ], [ [ 37.5450707, 55.688633 ], [ 37.545172, 55.6885737 ], [ 37.5452661, 55.688541 ], [ 37.5453766, 55.688485 ], [ 37.5456356, 55.6883539 ], [ 37.5458614, 55.6882249 ], [ 37.5459891, 55.6881473 ], [ 37.5461181, 55.6880689 ], [ 37.5462835, 55.687981 ] ], [ [ 37.5462835, 55.687981 ], [ 37.5462486, 55.6879588 ] ], [ [ 37.5462486, 55.6879588 ], [ 37.5461491, 55.6879037 ], [ 37.5460442, 55.6878338 ] ], [ [ 37.5461846, 55.6877613 ], [ 37.5460442, 55.6878338 ] ], [ [ 37.5461846, 55.6877613 ], [ 37.5463184, 55.687608 ], [ 37.546526, 55.6874879 ], [ 37.5466678, 55.6874568 ] ], [ [ 37.5519925, 55.6844281 ], [ 37.551497, 55.6847212 ], [ 37.5512447, 55.6847957 ], [ 37.5510782, 55.6848859 ], [ 37.5510655, 55.684942 ], [ 37.551024, 55.6849869 ], [ 37.5493077, 55.6859914 ], [ 37.5492523, 55.6860106 ], [ 37.5490694, 55.6860492 ], [ 37.54873, 55.6862309 ], [ 37.548702, 55.6862598 ], [ 37.5486695, 55.6863424 ], [ 37.5486554, 55.6863604 ], [ 37.5481784, 55.6866252 ], [ 37.5478405, 55.6868297 ], [ 37.5468036, 55.687437 ], [ 37.5467517, 55.6874516 ], [ 37.5466678, 55.6874568 ] ] ] } },
{ "type": "Feature", "properties": { "name": "Велотрасса Крылатское", "km": 13.8 }, "geometry": { "type": "MultiLineString", "coordinates": [ [ [ 37.4163013, 55.7623735 ], [ 37.4163022, 55.7624314 ], [ 37.4163553, 55.7625157 ], [ 37.4164376, 55.7625819 ], [ 37.4165958, 55.7626558 ], [ 37.4167327, 55.7626975 ], [ 37.4182884, 55.7630358 ], [ 37.419121, 55.7632 ], [ 37.4195551, 55.763296 ], [ 37.4197854, 55.7633616 ], [ 37.4199775, 55.7634491 ], [ 37.420486, 55.7637164 ], [ 37.4211613, 55.7640634 ], [ 37.4213329, 55.7641087 ], [ 37.4224295, 55.7642248 ], [ 37.4228975, 55.7642575 ], [ 37.424082, 55.7644362 ], [ 37.424597, 55.7645472 ], [ 37.4249574, 55.7646776 ], [ 37.425436, 55.7648167 ], [ 37.4260607, 55.7650539 ], [ 37.4261681, 55.7650988 ], [ 37.4266757, 55.7653113 ], [ 37.4275443, 55.7657415 ], [ 37.4283202, 55.7660678 ], [ 37.4286693, 55.7663207 ], [ 37.4287451, 55.7664608 ], [ 37.4287643, 55.7666058 ], [ 37.4285952, 55.7669103 ], [ 37.4281165, 55.7674043 ], [ 37.4280398, 55.7674553 ], [ 37.4279358, 55.7674927 ], [ 37.4277978, 55.7675102 ], [ 37.4276929, 55.7675045 ], [ 37.4275646, 55.7674477 ] ], [ [ 37.4211071, 55.7583841 ], [ 37.4210817, 55.7584849 ], [ 37.4210961, 55.7585706 ], [ 37.4211485, 55.7586978 ], [ 37.4212001, 55.7587913 ], [ 37.4213031, 55.7589285 ], [ 37.4214235, 55.7590373 ], [ 37.42155, 55.7591146 ], [ 37.4217964, 55.7592533 ], [ 37.4218678, 55.7593255 ], [ 37.4219083, 55.7593913 ], [ 37.4219342, 55.7594743 ], [ 37.4219267, 55.7595908 ], [ 37.421898, 55.7597064 ], [ 37.4218934, 55.7598135 ], [ 37.4219364, 55.7598748 ], [ 37.4219977, 55.7599683 ], [ 37.4221348, 55.7600574 ], [ 37.42232, 55.760134 ], [ 37.4225205, 55.7601698 ], [ 37.4226799, 55.7601857 ], [ 37.4229855, 55.7601824 ], [ 37.423258, 55.7601995 ], [ 37.4233894, 55.7602353 ], [ 37.4234714, 55.7602833 ], [ 37.4235239, 55.7603594 ], [ 37.4235436, 55.7604189 ], [ 37.4235421, 55.7604787 ], [ 37.4235058, 55.7605864 ], [ 37.4234841, 55.7606969 ], [ 37.4235058, 55.7607675 ], [ 37.4235811, 55.7608259 ], [ 37.4236741, 55.7608691 ], [ 37.4237823, 55.7608857 ], [ 37.4239093, 55.7608823 ], [ 37.4240075, 55.7608551 ], [ 37.4241121, 55.7608057 ], [ 37.4253415, 55.7602228 ], [ 37.4257493, 55.7600454 ], [ 37.4258446, 55.7599867 ], [ 37.4259617, 55.7598969 ], [ 37.4262125, 55.7594429 ], [ 37.4263307, 55.759327 ], [ 37.4268886, 55.7590759 ], [ 37.4271123, 55.7589669 ], [ 37.4272899, 55.7588767 ], [ 37.4274299, 55.7587996 ], [ 37.4274756, 55.7587745 ], [ 37.427601, 55.7586799 ], [ 37.4277684, 55.7584891 ], [ 37.4278282, 55.7583981 ], [ 37.4278593, 55.7583153 ], [ 37.4278931, 55.7581308 ], [ 37.4279052, 55.758065 ], [ 37.427936, 55.7579966 ], [ 37.4280334, 55.7578979 ], [ 37.4281804, 55.7578118 ], [ 37.4283335, 55.7577343 ], [ 37.4285465, 55.7576475 ], [ 37.428854, 55.7575383 ], [ 37.4290851, 55.7574882 ], [ 37.4292632, 55.7574474 ], [ 37.4301623, 55.7572737 ], [ 37.4306851, 55.7572451 ], [ 37.4309603, 55.7572514 ], [ 37.4311865, 55.757283 ], [ 37.4313629, 55.7573435 ], [ 37.4315169, 55.7574048 ], [ 37.4316338, 55.7574737 ], [ 37.4316557, 55.7574866 ], [ 37.4317444, 55.7575715 ], [ 37.4318159, 55.7576718 ], [ 37.4318259, 55.7577707 ], [ 37.4317988, 55.7578546 ], [ 37.4317251, 55.7579312 ], [ 37.4316215, 55.7579965 ], [ 37.4315084, 55.7580374 ], [ 37.4313714, 55.7580674 ], [ 37.4312059, 55.7580714 ], [ 37.4310423, 55.7580494 ], [ 37.4309012, 55.7580087 ], [ 37.4306377, 55.7578756 ], [ 37.4303438, 55.7577387 ], [ 37.4302153, 55.7576983 ], [ 37.43003, 55.7576658 ], [ 37.429867, 55.757649 ], [ 37.4296953, 55.7576621 ], [ 37.4295806, 55.7576742 ], [ 37.4294997, 55.7576955 ], [ 37.429352, 55.7577623 ], [ 37.4291803, 55.7578964 ], [ 37.4282483, 55.7586347 ], [ 37.4264336, 55.7600962 ], [ 37.4264051, 55.7601777 ], [ 37.4264079, 55.760234 ], [ 37.4264331, 55.7603014 ], [ 37.42658, 55.7603969 ], [ 37.4267341, 55.7604459 ], [ 37.4268886, 55.76046 ], [ 37.4273484, 55.7604318 ], [ 37.4276354, 55.760404 ], [ 37.4278347, 55.7604098 ], [ 37.4280157, 55.7604355 ], [ 37.4281424, 55.7604663 ], [ 37.4282409, 55.7605108 ], [ 37.4283347, 55.7605637 ], [ 37.4284057, 55.7606165 ], [ 37.4284672, 55.7606851 ], [ 37.4284951, 55.7607506 ], [ 37.428492, 55.7608912 ], [ 37.4284334, 55.7610873 ], [ 37.4283112, 55.7614595 ], [ 37.4282727, 55.7616362 ], [ 37.4282685, 55.7618185 ], [ 37.4283016, 55.7621432 ], [ 37.4283882, 55.7624337 ], [ 37.4284397, 55.7625761 ], [ 37.4285105, 55.7627176 ], [ 37.4285396, 55.7627791 ], [ 37.4289443, 55.7633183 ], [ 37.4295024, 55.7640351 ], [ 37.4295305, 55.7640971 ], [ 37.429564, 55.7641783 ], [ 37.4295826, 55.7642719 ], [ 37.429598, 55.7643991 ], [ 37.4295701, 55.7645159 ], [ 37.4295498, 55.764588 ], [ 37.4295076, 55.7646285 ], [ 37.4294409, 55.7646802 ], [ 37.4293641, 55.764722 ], [ 37.429229, 55.7647899 ], [ 37.4290716, 55.7648424 ], [ 37.4287291, 55.7649312 ], [ 37.4282433, 55.7650389 ], [ 37.428055, 55.7650733 ], [ 37.427919, 55.7650745 ], [ 37.4277882, 55.7650806 ], [ 37.4276893, 55.7650712 ], [ 37.4275892, 55.7650466 ], [ 37.4275161, 55.7650218 ], [ 37.4274661, 55.764995 ], [ 37.4273865, 55.7649225 ], [ 37.4269191, 55.7642467 ], [ 37.4268426, 55.7641636 ], [ 37.4267718, 55.7641155 ], [ 37.4266526, 55.7640715 ], [ 37.426498, 55.7640188 ], [ 37.4261726, 55.7639305 ], [ 37.4250522, 55.7636266 ], [ 37.4240133, 55.7633448 ], [ 37.4239599, 55.7633124 ], [ 37.4237987, 55.7632145 ], [ 37.4233696, 55.7627798 ], [ 37.4231621, 55.7626526 ], [ 37.4231121, 55.762635 ], [ 37.4227516, 55.7625529 ], [ 37.4223738, 55.7624718 ], [ 37.4220193, 55.7624415 ], [ 37.4216916, 55.762463 ], [ 37.421371, 55.7625023 ], [ 37.4207483, 55.7625737 ], [ 37.4204308, 55.7625901 ], [ 37.4201489, 55.7625719 ], [ 37.419957, 55.7625396 ], [ 37.4191076, 55.7623763 ], [ 37.4188676, 55.7623465 ], [ 37.4186076, 55.7623317 ], [ 37.4180212, 55.7623491 ], [ 37.4177155, 55.7623624 ], [ 37.4175224, 55.7623567 ], [ 37.4173105, 55.7623277 ], [ 37.4170353, 55.7622631 ], [ 37.4167445, 55.7621859 ], [ 37.4166186, 55.7621684 ], [ 37.4165123, 55.7621741 ], [ 37.4164215, 55.7621971 ], [ 37.4163516, 55.7622374 ], [ 37.4163209, 55.7622899 ], [ 37.4163013, 55.7623735 ] ], [ [ 37.4229901, 55.755841 ], [ 37.4230961, 55.7559593 ], [ 37.4235657, 55.756498 ], [ 37.4237374, 55.7566989 ], [ 37.4238172, 55.7568499 ], [ 37.423825, 55.7569438 ], [ 37.4238097, 55.7570315 ], [ 37.4237616, 55.757107 ], [ 37.4236758, 55.7571815 ], [ 37.4234907, 55.7572801 ], [ 37.4232242, 55.7573731 ], [ 37.4229374, 55.7575003 ], [ 37.4228635, 55.7575707 ], [ 37.4228403, 55.7576486 ], [ 37.4228545, 55.7577408 ], [ 37.4228759, 55.7577898 ], [ 37.4228963, 55.7578367 ], [ 37.4229247, 55.7579685 ], [ 37.4229018, 55.758107 ], [ 37.4228374, 55.7581583 ], [ 37.4227124, 55.7582203 ], [ 37.4225542, 55.7582452 ], [ 37.4217817, 55.7582356 ], [ 37.4215414, 55.7582354 ], [ 37.4213569, 55.75825 ], [ 37.4212804, 55.7582657 ], [ 37.4212298, 55.7582762 ], [ 37.42115, 55.7583326 ], [ 37.4211071, 55.7583841 ] ], [ [ 37.4233339, 55.7500649 ], [ 37.4232483, 55.7501063 ], [ 37.4229549, 55.7502346 ], [ 37.4228252, 55.7502961 ], [ 37.4227101, 55.7503599 ], [ 37.4226496, 55.7504116 ], [ 37.4226014, 55.7504789 ], [ 37.4225959, 55.7505089 ], [ 37.4226057, 55.7505581 ], [ 37.4226532, 55.7506064 ], [ 37.4227326, 55.7506511 ], [ 37.4228132, 55.7506795 ], [ 37.4229218, 55.7506969 ], [ 37.4230571, 55.7507069 ], [ 37.4231605, 55.7507135 ], [ 37.4232745, 55.7507293 ], [ 37.4233696, 55.7507538 ], [ 37.4234636, 55.7507844 ], [ 37.4235454, 55.7508199 ], [ 37.4236111, 55.7508659 ], [ 37.4236467, 55.7509171 ], [ 37.4240685, 55.7517759 ], [ 37.4240886, 55.7518871 ], [ 37.4240552, 55.7519775 ], [ 37.4240049, 55.7520548 ], [ 37.423881, 55.7521358 ], [ 37.4237943, 55.7521828 ], [ 37.423525, 55.7523287 ], [ 37.4229737, 55.7525956 ], [ 37.4225752, 55.7527878 ], [ 37.4222839, 55.7529008 ], [ 37.4220529, 55.7529687 ], [ 37.4217657, 55.7530159 ], [ 37.4215741, 55.7530365 ], [ 37.4213783, 55.7530289 ], [ 37.4210548, 55.7529824 ], [ 37.4208776, 55.7529197 ], [ 37.4206629, 55.7528495 ], [ 37.420107, 55.752619 ], [ 37.4195149, 55.7523323 ], [ 37.4193669, 55.7522839 ], [ 37.4192154, 55.7522567 ], [ 37.4191052, 55.7522567 ], [ 37.4190209, 55.75228 ], [ 37.4189503, 55.7523129 ], [ 37.4188797, 55.752372 ], [ 37.4185766, 55.7527062 ], [ 37.4181121, 55.7533029 ], [ 37.4179449, 55.7534649 ], [ 37.417839, 55.7535319 ], [ 37.417671, 55.7535996 ], [ 37.4174976, 55.7536342 ], [ 37.4173091, 55.7536566 ], [ 37.4171268, 55.7536485 ], [ 37.4169245, 55.7536195 ], [ 37.4165615, 55.7535619 ], [ 37.4161348, 55.7534897 ], [ 37.4157678, 55.7534442 ], [ 37.4150437, 55.7534268 ], [ 37.4145984, 55.7534209 ], [ 37.4144562, 55.7534199 ], [ 37.4143427, 55.7534276 ], [ 37.4142505, 55.753449 ], [ 37.4141698, 55.7534789 ], [ 37.4141154, 55.7535295 ], [ 37.4140879, 55.7535983 ], [ 37.4141009, 55.7536838 ], [ 37.4141366, 55.753731 ], [ 37.4142324, 55.7538122 ], [ 37.4142835, 55.7538663 ], [ 37.4143675, 55.754006 ], [ 37.4143492, 55.7540964 ], [ 37.4142891, 55.754174 ], [ 37.4141678, 55.7542303 ], [ 37.4140155, 55.7542441 ], [ 37.4138522, 55.7542384 ], [ 37.4137531, 55.7542422 ], [ 37.413602, 55.7542652 ], [ 37.4134988, 55.7543177 ], [ 37.4134552, 55.7543721 ], [ 37.4134471, 55.754428 ], [ 37.4134747, 55.7548759 ], [ 37.413496, 55.7549413 ], [ 37.4135163, 55.7549716 ], [ 37.4135501, 55.7550074 ], [ 37.4136193, 55.7550617 ], [ 37.4137249, 55.7551139 ], [ 37.4138656, 55.7551528 ], [ 37.4139686, 55.7551574 ], [ 37.414053, 55.7551487 ], [ 37.4145879, 55.7550769 ], [ 37.4147855, 55.7550693 ], [ 37.414994, 55.7550678 ], [ 37.4151811, 55.755085 ], [ 37.4152339, 55.7550939 ], [ 37.415494, 55.7551419 ], [ 37.4157633, 55.7552181 ], [ 37.4160617, 55.7553181 ], [ 37.417385, 55.7557844 ], [ 37.4175609, 55.7558376 ], [ 37.417668, 55.755867 ], [ 37.4178047, 55.7558963 ], [ 37.4179113, 55.7559012 ], [ 37.4180169, 55.7558951 ], [ 37.4181577, 55.755876 ], [ 37.4183041, 55.7558453 ], [ 37.4189026, 55.7556998 ], [ 37.4190876, 55.7556652 ], [ 37.4192708, 55.7556467 ], [ 37.4194444, 55.755643 ], [ 37.4196128, 55.755656 ], [ 37.4198041, 55.7556833 ], [ 37.4199574, 55.7557252 ], [ 37.420117, 55.7557923 ], [ 37.42019, 55.7558407 ], [ 37.4204708, 55.7560028 ], [ 37.4205981, 55.7560598 ], [ 37.4207156, 55.7560969 ], [ 37.4208398, 55.7561241 ], [ 37.4209696, 55.7561362 ], [ 37.4211084, 55.7561282 ], [ 37.4212046, 55.7561063 ], [ 37.4213537, 55.7560562 ], [ 37.421756, 55.7558304 ], [ 37.421898, 55.7557551 ], [ 37.4220559, 55.7556989 ], [ 37.4222198, 55.7556726 ], [ 37.4223834, 55.7556643 ], [ 37.4225538, 55.7556726 ], [ 37.4227189, 55.7557002 ], [ 37.4228594, 55.7557525 ], [ 37.4229432, 55.7558112 ], [ 37.4229901, 55.755841 ] ], [ [ 37.4255095, 55.7490027 ], [ 37.4234323, 55.7500168 ], [ 37.4233339, 55.7500649 ] ], [ [ 37.4311722, 55.7511226 ], [ 37.4309275, 55.7506055 ], [ 37.4307523, 55.7503969 ], [ 37.4297842, 55.7497632 ], [ 37.4293368, 55.7494956 ], [ 37.4290735, 55.7493768 ], [ 37.4288085, 55.7492781 ], [ 37.4286148, 55.7492303 ], [ 37.4283918, 55.7491979 ], [ 37.4281266, 55.7491881 ], [ 37.4278258, 55.749191 ], [ 37.4275739, 55.7491375 ], [ 37.4274044, 55.749004 ], [ 37.4271641, 55.7485306 ], [ 37.426933, 55.7483761 ], [ 37.4266946, 55.7483099 ], [ 37.4264774, 55.7483084 ], [ 37.426117, 55.7483374 ], [ 37.4259169, 55.7484044 ], [ 37.4258158, 55.7484689 ], [ 37.4257234, 55.7485563 ], [ 37.4256698, 55.7486622 ], [ 37.4256334, 55.7487774 ], [ 37.4256006, 55.7488578 ], [ 37.4255095, 55.7490027 ] ], [ [ 37.4317092, 55.7568378 ], [ 37.4315119, 55.7565989 ], [ 37.4313683, 55.7563573 ], [ 37.4312811, 55.7561078 ], [ 37.4310406, 55.7559586 ], [ 37.4306673, 55.7558769 ], [ 37.4305003, 55.7557889 ], [ 37.4305311, 55.755675 ], [ 37.4306756, 55.7554639 ], [ 37.4307389, 55.755377 ], [ 37.4310378, 55.7549937 ], [ 37.4313601, 55.7546106 ], [ 37.4314928, 55.754432 ], [ 37.4315367, 55.7542387 ], [ 37.4320815, 55.7534255 ], [ 37.4321462, 55.7533089 ], [ 37.4321211, 55.7531749 ], [ 37.432083, 55.7530899 ], [ 37.4318541, 55.7525801 ], [ 37.431574, 55.7520031 ], [ 37.4312535, 55.7513008 ], [ 37.4311722, 55.7511226 ] ], [ [ 37.4320038, 55.7574674 ], [ 37.4319905, 55.7574082 ], [ 37.4319219, 55.7570476 ], [ 37.4317092, 55.7568378 ] ], [ [ 37.432166, 55.7579289 ], [ 37.4321023, 55.7577801 ], [ 37.4320038, 55.7574674 ] ], [ [ 37.4290708, 55.7665988 ], [ 37.4293175, 55.7659123 ], [ 37.4296749, 55.7649289 ], [ 37.4304651, 55.7627546 ], [ 37.4306533, 55.7621835 ], [ 37.4313043, 55.7604036 ], [ 37.4313374, 55.7603132 ], [ 37.432166, 55.7579289 ] ], [ [ 37.4290422, 55.7669334 ], [ 37.4290708, 55.7665988 ] ], [ [ 37.4286451, 55.7672735 ], [ 37.4290422, 55.7669334 ] ], [ [ 37.4273216, 55.768213 ], [ 37.4277909, 55.7679912 ], [ 37.4279952, 55.7678527 ], [ 37.4282018, 55.7676858 ], [ 37.4284022, 55.7675045 ], [ 37.428562, 55.7673517 ], [ 37.4286451, 55.7672735 ] ], [ [ 37.4275646, 55.7674477 ], [ 37.4275416, 55.7673701 ], [ 37.4276439, 55.7671643 ], [ 37.4277899, 55.7669809 ], [ 37.4278499, 55.7668094 ], [ 37.4278289, 55.7666713 ], [ 37.4277362, 55.7665372 ], [ 37.4276144, 55.7664295 ], [ 37.4274453, 55.7663318 ], [ 37.4272841, 55.766258 ], [ 37.4267549, 55.7660277 ], [ 37.4263307, 55.7658558 ], [ 37.4259445, 55.7656916 ], [ 37.4253866, 55.7655564 ], [ 37.4248287, 55.7655564 ], [ 37.4243137, 55.7656289 ], [ 37.4234125, 55.7657399 ], [ 37.423113, 55.7657576 ], [ 37.4225971, 55.7657882 ], [ 37.4224095, 55.765795 ], [ 37.4222218, 55.7657941 ], [ 37.4218852, 55.7657843 ], [ 37.4214995, 55.7657663 ], [ 37.421226, 55.7657341 ], [ 37.4206659, 55.7656229 ], [ 37.4190888, 55.7651587 ], [ 37.4189455, 55.7650561 ], [ 37.4189064, 55.7649528 ], [ 37.4190094, 55.7647356 ], [ 37.4190952, 55.7645665 ], [ 37.4190842, 55.7644756 ], [ 37.4190218, 55.7643917 ], [ 37.4188902, 55.7643486 ], [ 37.4187519, 55.7643492 ], [ 37.4186543, 55.7643689 ], [ 37.4186346, 55.7643729 ], [ 37.418559, 55.7644269 ], [ 37.4183914, 55.7646486 ], [ 37.4182884, 55.7649046 ], [ 37.4182451, 55.7650338 ], [ 37.4182421, 55.7651617 ], [ 37.4182863, 55.7652935 ], [ 37.4183742, 55.7654212 ], [ 37.4186661, 55.7656289 ], [ 37.4190351, 55.7657399 ], [ 37.420521, 55.7660466 ], [ 37.4208157, 55.7661622 ], [ 37.4209829, 55.7662714 ], [ 37.4210951, 55.7663676 ], [ 37.4212334, 55.7665778 ], [ 37.4213017, 55.7667313 ], [ 37.4213201, 55.7669342 ], [ 37.4212667, 55.7671402 ], [ 37.4213302, 55.7673131 ], [ 37.4214108, 55.767384 ], [ 37.4215027, 55.7674245 ], [ 37.4216807, 55.767464 ], [ 37.4218418, 55.7674637 ], [ 37.4222191, 55.7673955 ], [ 37.4224557, 55.7673144 ], [ 37.4226156, 55.7671993 ], [ 37.4227174, 55.7671023 ], [ 37.4227887, 55.7669902 ], [ 37.422804, 55.7668994 ], [ 37.4228077, 55.7668108 ], [ 37.4227401, 55.7666988 ], [ 37.4226267, 55.7666002 ], [ 37.4223576, 55.7664004 ], [ 37.4223061, 55.7662507 ], [ 37.4223032, 55.7661678 ], [ 37.4223396, 55.7660876 ], [ 37.4224889, 55.7660145 ], [ 37.4225397, 55.766001 ], [ 37.4226844, 55.7659741 ], [ 37.4229115, 55.7659719 ], [ 37.4231368, 55.7660476 ], [ 37.4232321, 55.7661424 ], [ 37.4232884, 55.766257 ], [ 37.4233229, 55.7669764 ], [ 37.4231979, 55.7671499 ], [ 37.4225825, 55.7675777 ], [ 37.4222538, 55.7676906 ], [ 37.4219105, 55.7677293 ], [ 37.4215242, 55.7676906 ], [ 37.4212852, 55.7676039 ], [ 37.420536, 55.7673394 ], [ 37.4197721, 55.7670118 ], [ 37.4192296, 55.7667161 ], [ 37.4185861, 55.7663638 ], [ 37.4180898, 55.7660986 ], [ 37.4179704, 55.7660413 ], [ 37.4178724, 55.7660071 ], [ 37.41778, 55.7659847 ], [ 37.4176244, 55.7659689 ], [ 37.4174681, 55.7659655 ], [ 37.4173267, 55.7659719 ], [ 37.417206, 55.7659945 ], [ 37.4171176, 55.7660205 ], [ 37.4169868, 55.7660757 ], [ 37.4169014, 55.7661321 ], [ 37.4168412, 55.7661809 ], [ 37.416793, 55.7662367 ], [ 37.4167432, 55.7663102 ], [ 37.4167004, 55.7663808 ], [ 37.4166602, 55.7664706 ], [ 37.416648, 55.7665341 ], [ 37.4166535, 55.7666426 ], [ 37.416707, 55.7667447 ], [ 37.4167809, 55.7668154 ], [ 37.416856, 55.7668614 ], [ 37.4169511, 55.7669099 ], [ 37.4170558, 55.7669519 ], [ 37.417174, 55.7669822 ], [ 37.4173053, 55.7670055 ], [ 37.4174353, 55.7670138 ], [ 37.4176124, 55.7670183 ], [ 37.4179813, 55.7670295 ], [ 37.4184507, 55.7670432 ], [ 37.4188806, 55.7670616 ], [ 37.4192071, 55.7670932 ], [ 37.4194568, 55.7671491 ], [ 37.4202883, 55.767446 ], [ 37.4211255, 55.7677487 ], [ 37.4213697, 55.7678741 ], [ 37.4215242, 55.768019 ], [ 37.4215242, 55.7681735 ], [ 37.4213526, 55.7683087 ], [ 37.4210264, 55.7683328 ], [ 37.4208493, 55.7683166 ], [ 37.4206831, 55.7682845 ], [ 37.4205544, 55.768227 ], [ 37.4204259, 55.7681548 ], [ 37.4201409, 55.7678888 ], [ 37.4199196, 55.7676824 ], [ 37.4196993, 55.7675541 ], [ 37.419396, 55.7674972 ], [ 37.4180877, 55.7674009 ], [ 37.4166682, 55.7673041 ], [ 37.4146324, 55.7672932 ], [ 37.4144761, 55.7673183 ], [ 37.4143669, 55.7673404 ], [ 37.4143339, 55.7673533 ], [ 37.4142717, 55.7673774 ], [ 37.4141991, 55.7674177 ], [ 37.4141385, 55.7674779 ], [ 37.4140947, 55.7675351 ], [ 37.4140692, 55.7675962 ], [ 37.4140477, 55.767689 ], [ 37.4140344, 55.7677967 ], [ 37.4140236, 55.768325 ], [ 37.4140303, 55.7683846 ], [ 37.414058, 55.7684218 ], [ 37.4141, 55.7684585 ], [ 37.4141764, 55.7685021 ], [ 37.4145551, 55.7686158 ], [ 37.4148699, 55.7687592 ], [ 37.4149449, 55.7688586 ], [ 37.4150183, 55.7689267 ], [ 37.4151727, 55.769255 ], [ 37.4154045, 55.7694192 ], [ 37.4156952, 55.7694975 ], [ 37.4158165, 55.7695302 ], [ 37.416506, 55.769575 ], [ 37.4166531, 55.7695639 ], [ 37.4172161, 55.7695216 ], [ 37.4175503, 55.7694964 ], [ 37.4184601, 55.7694578 ], [ 37.4185385, 55.7694734 ], [ 37.4189922, 55.769564 ], [ 37.4199505, 55.7697291 ], [ 37.4203496, 55.7698013 ], [ 37.4208977, 55.7698441 ], [ 37.4213097, 55.7698743 ], [ 37.4218639, 55.7698459 ], [ 37.422478, 55.7697779 ], [ 37.422934, 55.7697146 ], [ 37.4238684, 55.7695246 ], [ 37.4242965, 55.7694192 ], [ 37.4246746, 55.7692916 ], [ 37.4251549, 55.7691295 ], [ 37.4273216, 55.768213 ] ], [ [ 37.4275646, 55.7674477 ], [ 37.4273216, 55.768213 ] ] ] } },
{ "type": "Feature", "properties": { "name": "Яуза", "km": 29.8 }, "geometry": { "type": "MultiLineString", "coordinates": [ [ [ 37.6438861, 55.8392614 ], [ 37.6447309, 55.8389764 ], [ 37.6449968, 55.838887 ], [ 37.6457602, 55.8386302 ], [ 37.6458614, 55.8385962 ], [ 37.6459887, 55.8385534 ], [ 37.6460548, 55.8385312 ], [ 37.6465187, 55.8382873 ] ], [ [ 37.6465187, 55.8382873 ], [ 37.6467696, 55.838312 ], [ 37.647038, 55.8382928 ], [ 37.6478521, 55.8379971 ] ], [ [ 37.6486999, 55.8377865 ], [ 37.6480567, 55.8379463 ], [ 37.6478521, 55.8379971 ] ], [ [ 37.6489605, 55.8377218 ], [ 37.6486999, 55.8377865 ] ], [ [ 37.6489605, 55.8377218 ], [ 37.6492801, 55.8377623 ], [ 37.6494062, 55.8377773 ], [ 37.6495267, 55.837813 ], [ 37.6497565, 55.8379556 ], [ 37.649895, 55.8379931 ] ], [ [ 37.649895, 55.8379931 ], [ 37.6501635, 55.8380207 ] ], [ [ 37.6501635, 55.8380207 ], [ 37.6503215, 55.8380339 ] ], [ [ 37.6512093, 55.8366414 ], [ 37.6509737, 55.8368222 ], [ 37.6506303, 55.8371898 ], [ 37.6504947, 55.8373937 ], [ 37.6504547, 55.8375468 ], [ 37.6504734, 55.837711 ], [ 37.6504265, 55.8378754 ], [ 37.6503673, 55.8379648 ], [ 37.6503215, 55.8380339 ] ], [ [ 37.6510256, 55.8365594 ], [ 37.6512093, 55.8366414 ] ], [ [ 37.6538093, 55.8343472 ], [ 37.652718, 55.8352743 ], [ 37.6521438, 55.8354316 ], [ 37.6518224, 55.8356067 ], [ 37.65145, 55.8358087 ], [ 37.6510343, 55.8361702 ], [ 37.6510048, 55.8362079 ], [ 37.6510061, 55.8362478 ], [ 37.6510343, 55.8362877 ], [ 37.6512505, 55.8363735 ], [ 37.6510256, 55.8365594 ] ], [ [ 37.6539221, 55.8338949 ], [ 37.6538919, 55.833983 ], [ 37.6538093, 55.8343472 ] ], [ [ 37.6539364, 55.8338643 ], [ 37.6539221, 55.8338949 ] ], [ [ 37.6539995, 55.8338 ], [ 37.653988, 55.8338062 ], [ 37.6539554, 55.8338328 ], [ 37.6539364, 55.8338643 ] ], [ [ 37.6540439, 55.8337671 ], [ 37.6539857, 55.8337865 ], [ 37.6539995, 55.8338 ] ], [ [ 37.6547774, 55.833189 ], [ 37.6546043, 55.8332646 ], [ 37.6544384, 55.8333655 ], [ 37.6541126, 55.8336492 ], [ 37.654063, 55.8336922 ], [ 37.6540435, 55.833731 ], [ 37.6540439, 55.8337671 ] ], [ [ 37.6553826, 55.8323266 ], [ 37.6553167, 55.8325562 ], [ 37.6552587, 55.8326909 ], [ 37.6551782, 55.8328138 ], [ 37.6549625, 55.8330182 ], [ 37.6547774, 55.833189 ] ], [ [ 37.6553826, 55.8323266 ], [ 37.6554776, 55.8323222 ], [ 37.6555615, 55.8322968 ], [ 37.6556203, 55.8322547 ], [ 37.6556442, 55.8322029 ], [ 37.6556262, 55.8321458 ], [ 37.6555662, 55.8320987 ], [ 37.6554759, 55.8320707 ], [ 37.6553729, 55.8320673 ] ], [ [ 37.6553729, 55.8320673 ], [ 37.6553057, 55.8320674 ] ], [ [ 37.6551999, 55.831846 ], [ 37.6552879, 55.83199 ], [ 37.6553057, 55.8320674 ] ], [ [ 37.6539653, 55.8306016 ], [ 37.6540474, 55.8307108 ], [ 37.6542931, 55.8309431 ], [ 37.6545116, 55.8311427 ], [ 37.6546521, 55.8312733 ], [ 37.6547237, 55.8313399 ], [ 37.6550142, 55.8316074 ], [ 37.6551999, 55.831846 ] ], [ [ 37.654595, 55.8290118 ], [ 37.6544051, 55.8290293 ], [ 37.6541675, 55.8291168 ], [ 37.6539966, 55.8292427 ], [ 37.6538524, 55.8294972 ], [ 37.6537184, 55.8300018 ], [ 37.653715, 55.8301393 ], [ 37.6537828, 55.8303194 ], [ 37.6538833, 55.8304924 ], [ 37.6539653, 55.8306016 ] ], [ [ 37.6549026, 55.8290144 ], [ 37.654595, 55.8290118 ] ], [ [ 37.6549026, 55.8290144 ], [ 37.6549816, 55.8289625 ], [ 37.6552785, 55.8286485 ] ], [ [ 37.6552785, 55.8286485 ], [ 37.6556999, 55.8284682 ], [ 37.65591, 55.8284056 ], [ 37.6563228, 55.828313 ], [ 37.6579621, 55.8279653 ], [ 37.658345, 55.8279106 ], [ 37.6602341, 55.8277053 ] ], [ [ 37.6602341, 55.8277053 ], [ 37.660437, 55.8277131 ] ], [ [ 37.660437, 55.8277131 ], [ 37.6606346, 55.8277082 ], [ 37.6613506, 55.8275613 ], [ 37.6623695, 55.8273741 ], [ 37.6638336, 55.8270392 ], [ 37.6645845, 55.8268595 ], [ 37.6647151, 55.8268282 ], [ 37.6649462, 55.8267729 ], [ 37.665922, 55.8265132 ], [ 37.6664649, 55.8262963 ], [ 37.6666823, 55.8262512 ], [ 37.6669299, 55.8262642 ], [ 37.667627, 55.826295 ] ], [ [ 37.667627, 55.826295 ], [ 37.6676767, 55.8262706 ], [ 37.6678436, 55.8261771 ], [ 37.6680546, 55.826059 ], [ 37.6681495, 55.8259409 ], [ 37.6682822, 55.8258474 ], [ 37.6686034, 55.8257406 ], [ 37.6689474, 55.8256677 ], [ 37.6691278, 55.8256295 ] ], [ [ 37.6691278, 55.8256295 ], [ 37.669161, 55.8256184 ], [ 37.6692133, 55.8255949 ], [ 37.6692554, 55.8255656 ], [ 37.6692852, 55.8255318 ], [ 37.6693012, 55.8254953 ], [ 37.6693028, 55.8254576 ], [ 37.6692575, 55.825163 ], [ 37.669255, 55.825106 ], [ 37.669265, 55.8250492 ], [ 37.6692873, 55.8249936 ], [ 37.6693215, 55.8249399 ], [ 37.6693719, 55.8248893 ], [ 37.669467, 55.8248178 ], [ 37.6695488, 55.8247532 ] ], [ [ 37.6695488, 55.8247532 ], [ 37.6696683, 55.8246855 ], [ 37.6698085, 55.8246261 ], [ 37.6699763, 55.8245883 ], [ 37.670297, 55.8245518 ] ], [ [ 37.670297, 55.8245518 ], [ 37.6705462, 55.8245322 ] ], [ [ 37.6705462, 55.8245322 ], [ 37.6707697, 55.8245067 ], [ 37.67097, 55.8244672 ], [ 37.6712769, 55.8243025 ], [ 37.6715583, 55.8240353 ], [ 37.671778, 55.8238599 ], [ 37.6723846, 55.8233207 ], [ 37.6725112, 55.8231446 ], [ 37.6727285, 55.8228427 ], [ 37.6729021, 55.822686 ], [ 37.6730663, 55.8225285 ], [ 37.6732976, 55.822332 ], [ 37.6737004, 55.8220053 ], [ 37.6740546, 55.8217641 ], [ 37.6741308, 55.8217253 ], [ 37.6745284, 55.8214678 ], [ 37.6749029, 55.8210832 ], [ 37.6751245, 55.8206275 ], [ 37.6753731, 55.820474 ], [ 37.6763103, 55.8198783 ], [ 37.6767166, 55.8196942 ], [ 37.6768731, 55.819687 ] ], [ [ 37.6768731, 55.819687 ], [ 37.6773109, 55.819429 ], [ 37.6775213, 55.81924 ], [ 37.677749, 55.8191426 ], [ 37.6783341, 55.8191051 ], [ 37.6785752, 55.8190239 ], [ 37.678945, 55.818786 ], [ 37.6791179, 55.8186672 ] ], [ [ 37.6791179, 55.8186672 ], [ 37.6797409, 55.818399 ], [ 37.6801518, 55.818328 ], [ 37.6804246, 55.8182994 ], [ 37.6809182, 55.8182805 ], [ 37.6812509, 55.8183309 ], [ 37.6814832, 55.81833 ], [ 37.681585, 55.8183094 ], [ 37.6821288, 55.8182062 ], [ 37.6826777, 55.8179885 ], [ 37.6827342, 55.8179661 ], [ 37.6830704, 55.8178023 ], [ 37.6833673, 55.8177393 ], [ 37.6839529, 55.8175961 ] ], [ [ 37.6839529, 55.8175961 ], [ 37.6845351, 55.8173725 ], [ 37.6847698, 55.8173339 ], [ 37.6852513, 55.8173464 ] ], [ [ 37.6863408, 55.8173845 ], [ 37.6862099, 55.8173297 ], [ 37.6860682, 55.8172801 ], [ 37.6859251, 55.8172619 ], [ 37.6857834, 55.8172635 ], [ 37.6852513, 55.8173464 ] ], [ [ 37.6874303, 55.8178532 ], [ 37.687128, 55.8177738 ], [ 37.6868942, 55.8176737 ], [ 37.6865478, 55.8174711 ], [ 37.6863408, 55.8173845 ] ], [ [ 37.6814277, 55.8071661 ], [ 37.6813801, 55.8070429 ], [ 37.6812602, 55.8070186 ] ], [ [ 37.6812318, 55.8069321 ], [ 37.6812565, 55.807005 ], [ 37.6812602, 55.8070186 ] ], [ [ 37.6812318, 55.8069321 ], [ 37.6813113, 55.8069084 ] ], [ [ 37.6813113, 55.8069084 ], [ 37.6814239, 55.8068953 ] ], [ [ 37.6786988, 55.8001959 ], [ 37.6787261, 55.8002597 ], [ 37.6788204, 55.8004864 ], [ 37.6788554, 55.800569 ], [ 37.6789312, 55.800754 ], [ 37.678957, 55.800816 ], [ 37.6795681, 55.8022839 ], [ 37.6797379, 55.8026918 ], [ 37.679971, 55.8032938 ], [ 37.6804224, 55.8044098 ], [ 37.6807962, 55.8053337 ], [ 37.681379, 55.8067802 ], [ 37.6814239, 55.8068953 ] ], [ [ 37.6852899, 55.7998008 ], [ 37.6851613, 55.7998432 ], [ 37.6832655, 55.8000237 ], [ 37.6817197, 55.8001573 ], [ 37.6803947, 55.8001803 ], [ 37.6787913, 55.8001947 ], [ 37.6786988, 55.8001959 ] ], [ [ 37.6852899, 55.7998008 ], [ 37.6853578, 55.799863 ] ], [ [ 37.6853578, 55.799863 ], [ 37.685678, 55.7997362 ], [ 37.6857092, 55.7997239 ] ], [ [ 37.6857092, 55.7997239 ], [ 37.6857486, 55.7997103 ] ], [ [ 37.6856765, 55.7996501 ], [ 37.6857486, 55.7997103 ] ], [ [ 37.6855601, 55.7995518 ], [ 37.6856765, 55.7996501 ] ], [ [ 37.6858954, 55.7994178 ], [ 37.6857243, 55.7994839 ], [ 37.6855601, 55.7995518 ] ], [ [ 37.6860459, 55.7995452 ], [ 37.6859721, 55.7994827 ], [ 37.6858954, 55.7994178 ] ], [ [ 37.6860459, 55.7995452 ], [ 37.6862906, 55.7997628 ], [ 37.6864835, 55.7999545 ], [ 37.6866015, 55.8001151 ], [ 37.6867464, 55.8003427 ], [ 37.6868792, 55.8005583 ], [ 37.6868981, 55.8006237 ], [ 37.6868818, 55.8006888 ], [ 37.6868351, 55.8007706 ] ], [ [ 37.6875113, 55.8012584 ], [ 37.6874637, 55.8012254 ], [ 37.6873672, 55.8011448 ], [ 37.687302, 55.8010904 ], [ 37.686882, 55.8008027 ], [ 37.6868351, 55.8007706 ] ], [ [ 37.6875804, 55.8012447 ], [ 37.6875359, 55.8012535 ], [ 37.6875113, 55.8012584 ] ], [ [ 37.6878651, 55.8011811 ], [ 37.687731, 55.8012112 ], [ 37.6875804, 55.8012447 ] ], [ [ 37.6878651, 55.8011811 ], [ 37.6878985, 55.8011744 ], [ 37.688316, 55.8010913 ], [ 37.6887568, 55.8010776 ] ], [ [ 37.6367684, 55.8407062 ], [ 37.6367448, 55.8406348 ] ], [ [ 37.6367448, 55.8406348 ], [ 37.6368154, 55.8406323 ], [ 37.6375743, 55.8406101 ], [ 37.6383338, 55.8405751 ], [ 37.6385288, 55.8405658 ], [ 37.6387895, 55.8405574 ], [ 37.6390791, 55.8405514 ], [ 37.639323, 55.8405409 ], [ 37.6396071, 55.8405289 ], [ 37.6398549, 55.8405138 ], [ 37.6400368, 55.8404995 ], [ 37.6402738, 55.8404747 ], [ 37.6405285, 55.8404432 ], [ 37.6407338, 55.8404182 ], [ 37.6409407, 55.8403971 ], [ 37.6411142, 55.8403821 ], [ 37.6413365, 55.8403715 ], [ 37.6415212, 55.8403489 ], [ 37.6416919, 55.840333 ], [ 37.6418415, 55.8403415 ] ], [ [ 37.6418415, 55.8403415 ], [ 37.6419416, 55.8403543 ], [ 37.6419926, 55.8403599 ], [ 37.6422494, 55.8403577 ], [ 37.6425297, 55.8403562 ], [ 37.64259, 55.8403513 ], [ 37.6426611, 55.8403381 ], [ 37.6427583, 55.8403219 ], [ 37.6428764, 55.8403166 ], [ 37.6430038, 55.8403242 ], [ 37.6431754, 55.8403415 ], [ 37.6434128, 55.8403746 ], [ 37.6434131, 55.8404045 ] ], [ [ 37.6435161, 55.840405 ], [ 37.6434131, 55.8404045 ] ], [ [ 37.6435231, 55.8402673 ], [ 37.6435161, 55.840405 ] ], [ [ 37.6435231, 55.8402673 ], [ 37.6435374, 55.8401386 ] ], [ [ 37.6435374, 55.8401386 ], [ 37.643617, 55.8400355 ], [ 37.6439301, 55.8394372 ], [ 37.6439601, 55.8393892 ], [ 37.6439086, 55.8392815 ], [ 37.6438861, 55.8392614 ] ], [ [ 37.6365745, 55.8542022 ], [ 37.6367138, 55.8541907 ], [ 37.6370184, 55.8541572 ], [ 37.6372988, 55.8541246 ], [ 37.6374247, 55.8540966 ], [ 37.6374897, 55.854061 ] ], [ [ 37.6365745, 55.8542022 ], [ 37.6363398, 55.854179 ], [ 37.6362024, 55.8540908 ], [ 37.6360605, 55.8540137 ], [ 37.6355805, 55.8538275 ] ], [ [ 37.6356421, 55.853781 ], [ 37.6355805, 55.8538275 ] ], [ [ 37.6348506, 55.8535897 ], [ 37.6351866, 55.8536457 ], [ 37.6353818, 55.8536658 ], [ 37.6354942, 55.8537066 ], [ 37.6355958, 55.8537586 ], [ 37.6356421, 55.853781 ] ], [ [ 37.6331287, 55.8538718 ], [ 37.6333494, 55.8537912 ], [ 37.6338488, 55.8536686 ], [ 37.6339947, 55.8536168 ], [ 37.6341358, 55.8535679 ], [ 37.6342972, 55.8535162 ], [ 37.6344627, 55.853512 ], [ 37.6347036, 55.8535532 ], [ 37.6348506, 55.8535897 ] ], [ [ 37.6318083, 55.8541871 ], [ 37.6319923, 55.8541525 ], [ 37.6322479, 55.8540948 ], [ 37.6324917, 55.8540617 ], [ 37.6327674, 55.853973 ], [ 37.6331287, 55.8538718 ] ], [ [ 37.6303637, 55.8538721 ], [ 37.6304996, 55.8539755 ], [ 37.6306687, 55.8540444 ], [ 37.6308539, 55.8540769 ], [ 37.6311514, 55.8541404 ], [ 37.6313281, 55.8541741 ], [ 37.6314538, 55.8541832 ], [ 37.6316126, 55.8541892 ], [ 37.6318083, 55.8541871 ] ], [ [ 37.6298696, 55.8532995 ], [ 37.6300178, 55.8534759 ], [ 37.6301734, 55.8536581 ], [ 37.6302847, 55.8537883 ], [ 37.6303637, 55.8538721 ] ], [ [ 37.6521994, 55.8714597 ], [ 37.6522152, 55.8714953 ], [ 37.6522598, 55.8715963 ], [ 37.6522926, 55.8716838 ], [ 37.6525195, 55.8716547 ], [ 37.6526904, 55.8716358 ] ], [ [ 37.6521994, 55.8714597 ], [ 37.6521942, 55.8714455 ], [ 37.6521872, 55.8714263 ], [ 37.6521765, 55.8713971 ], [ 37.6521657, 55.8713677 ] ], [ [ 37.6521657, 55.8713677 ], [ 37.6517194, 55.8714153 ] ], [ [ 37.6504252, 55.8702125 ], [ 37.6508767, 55.8704692 ], [ 37.6510883, 55.8706396 ], [ 37.6511982, 55.8707644 ], [ 37.6513475, 55.8709841 ], [ 37.6514364, 55.8711102 ], [ 37.6514914, 55.8711918 ], [ 37.6517194, 55.8714153 ] ], [ [ 37.6492619, 55.8699837 ], [ 37.6499799, 55.8701288 ], [ 37.6504252, 55.8702125 ] ], [ [ 37.6492619, 55.8699837 ], [ 37.6490465, 55.8699399 ], [ 37.6489001, 55.8698715 ], [ 37.6488148, 55.8697734 ], [ 37.6486662, 55.8696379 ] ], [ [ 37.6486662, 55.8696379 ], [ 37.6480917, 55.869441 ], [ 37.6474807, 55.8691384 ], [ 37.6472898, 55.8690198 ], [ 37.6471379, 55.8689035 ], [ 37.6468844, 55.8685851 ], [ 37.6466044, 55.8682293 ], [ 37.6459853, 55.8677563 ], [ 37.6452525, 55.8673771 ], [ 37.6451116, 55.8672999 ], [ 37.6449928, 55.8672449 ], [ 37.6448975, 55.8672064 ], [ 37.6446456, 55.8671457 ], [ 37.6441581, 55.8670508 ], [ 37.6438647, 55.8670003 ], [ 37.6435756, 55.8669618 ], [ 37.6431927, 55.866915 ], [ 37.6421373, 55.8668384 ], [ 37.6413872, 55.8667933 ] ], [ [ 37.6413872, 55.8667933 ], [ 37.6413293, 55.8668424 ], [ 37.6412624, 55.8668591 ], [ 37.6411853, 55.8668527 ], [ 37.6411427, 55.8668347 ], [ 37.6411156, 55.8668088 ] ], [ [ 37.6409905, 55.8668518 ], [ 37.6410328, 55.8668564 ], [ 37.6411156, 55.8668088 ] ], [ [ 37.6407245, 55.8667766 ], [ 37.6408307, 55.866812 ], [ 37.6409365, 55.8668365 ], [ 37.6409905, 55.8668518 ] ], [ [ 37.6407245, 55.8667766 ], [ 37.6406389, 55.8668074 ] ], [ [ 37.6391468, 55.86633 ], [ 37.6399479, 55.8667527 ], [ 37.6402746, 55.8667872 ], [ 37.6406389, 55.8668074 ] ], [ [ 37.6361697, 55.8645193 ], [ 37.6361994, 55.8645393 ], [ 37.6367352, 55.8649012 ], [ 37.6373131, 55.8652914 ], [ 37.6376479, 55.8655273 ], [ 37.6377422, 55.8655938 ], [ 37.6381435, 55.8658028 ], [ 37.6389093, 55.8662018 ], [ 37.6391468, 55.86633 ] ], [ [ 37.6355568, 55.8639971 ], [ 37.6359015, 55.8643017 ], [ 37.6361697, 55.8645193 ] ], [ [ 37.6348663, 55.86327 ], [ 37.6352615, 55.863673 ], [ 37.6353063, 55.8637187 ], [ 37.6354296, 55.8638502 ], [ 37.6355568, 55.8639971 ] ], [ [ 37.6332618, 55.8630272 ], [ 37.6332295, 55.8630927 ], [ 37.6333229, 55.8631999 ], [ 37.6338668, 55.8634827 ], [ 37.6341631, 55.8636222 ], [ 37.6342689, 55.8636606 ], [ 37.6343644, 55.8636604 ], [ 37.6344395, 55.8636453 ], [ 37.6346205, 55.8635505 ], [ 37.6346795, 55.8634549 ], [ 37.6346876, 55.8633669 ], [ 37.6348663, 55.86327 ] ], [ [ 37.6327795, 55.862382 ], [ 37.6328121, 55.8624468 ], [ 37.6330661, 55.8625736 ], [ 37.6331546, 55.862624 ], [ 37.6332289, 55.8626633 ], [ 37.6333194, 55.86273 ], [ 37.6333248, 55.8628263 ], [ 37.6332618, 55.8630272 ] ], [ [ 37.6313124, 55.8601565 ], [ 37.6313424, 55.8601493 ], [ 37.6314765, 55.8601245 ], [ 37.6319452, 55.8600205 ], [ 37.6320005, 55.8600252 ], [ 37.6320323, 55.8600508 ], [ 37.632024, 55.8601324 ], [ 37.6319951, 55.860284 ], [ 37.6320111, 55.8603685 ], [ 37.6320201, 55.86044 ], [ 37.6322374, 55.8609879 ], [ 37.6322186, 55.8610857 ], [ 37.6321878, 55.8611505 ], [ 37.6321878, 55.8611941 ], [ 37.632228, 55.8612325 ], [ 37.6322883, 55.8612453 ], [ 37.6325881, 55.8612577 ], [ 37.6326613, 55.8612607 ], [ 37.6327015, 55.8612868 ], [ 37.6327299, 55.8613347 ], [ 37.6327738, 55.8615072 ], [ 37.6328082, 55.8617113 ], [ 37.6327631, 55.8618308 ], [ 37.6327658, 55.8619106 ], [ 37.6328098, 55.8619943 ], [ 37.632916, 55.862159 ], [ 37.6328494, 55.8622678 ], [ 37.6327795, 55.862382 ] ], [ [ 37.6313124, 55.8601565 ], [ 37.6310872, 55.8600798 ], [ 37.6309802, 55.8600035 ], [ 37.6308904, 55.8599049 ], [ 37.6308651, 55.8598475 ], [ 37.6308343, 55.8597778 ], [ 37.6308558, 55.8593995 ], [ 37.6311994, 55.8591045 ], [ 37.6312675, 55.8589127 ], [ 37.6314213, 55.8585156 ], [ 37.6315521, 55.8582979 ], [ 37.6316143, 55.8581602 ], [ 37.6316177, 55.8580509 ], [ 37.6315598, 55.8576627 ] ], [ [ 37.6311533, 55.8573762 ], [ 37.6311658, 55.857401 ], [ 37.6311973, 55.8574315 ], [ 37.6313859, 55.8576053 ], [ 37.6315023, 55.8576579 ], [ 37.6315598, 55.8576627 ] ], [ [ 37.6309195, 55.8569878 ], [ 37.6311533, 55.8573762 ] ], [ [ 37.6309195, 55.8569878 ], [ 37.6311448, 55.857022 ], [ 37.6318465, 55.8571488 ] ], [ [ 37.6325841, 55.8572708 ], [ 37.6323184, 55.8572267 ], [ 37.6318465, 55.8571488 ] ], [ [ 37.6325841, 55.8572708 ], [ 37.633315, 55.8574035 ] ], [ [ 37.633315, 55.8574035 ], [ 37.6333979, 55.8574122 ], [ 37.6339608, 55.8574715 ], [ 37.6350919, 55.8576043 ], [ 37.6351454, 55.8576106 ] ], [ [ 37.635576, 55.8575993 ], [ 37.6355011, 55.8575903 ], [ 37.635296, 55.8575869 ], [ 37.6351454, 55.8576106 ] ], [ [ 37.635576, 55.8575993 ], [ 37.63579, 55.8576846 ] ], [ [ 37.6360555, 55.8576496 ], [ 37.63579, 55.8576846 ] ], [ [ 37.637371, 55.8576009 ], [ 37.6368699, 55.8576163 ], [ 37.6360555, 55.8576496 ] ], [ [ 37.6374522, 55.8575229 ], [ 37.6374139, 55.8575629 ], [ 37.637371, 55.8576009 ] ], [ [ 37.6372635, 55.8574294 ], [ 37.6373492, 55.8574986 ], [ 37.6374522, 55.8575229 ] ], [ [ 37.6374897, 55.854061 ], [ 37.6376184, 55.85413 ], [ 37.6377713, 55.8542483 ], [ 37.6378613, 55.8543263 ], [ 37.6379035, 55.8543852 ], [ 37.6379207, 55.8544093 ], [ 37.6379842, 55.854532 ], [ 37.6381467, 55.8548458 ], [ 37.6382688, 55.8552619 ], [ 37.6382887, 55.8553753 ], [ 37.6382246, 55.8554346 ], [ 37.6381579, 55.8554962 ], [ 37.6381234, 55.8555292 ], [ 37.6379334, 55.8557107 ], [ 37.6379031, 55.8557527 ], [ 37.637793, 55.8559348 ], [ 37.6376523, 55.8563013 ], [ 37.6374828, 55.8565135 ], [ 37.6374331, 55.8565416 ], [ 37.6372504, 55.8566692 ], [ 37.6370647, 55.8568079 ], [ 37.6370502, 55.8568649 ], [ 37.6371134, 55.8570323 ], [ 37.6371289, 55.8570733 ], [ 37.6372635, 55.8574294 ] ], [ [ 37.6601542, 55.8821889 ], [ 37.6605039, 55.882252 ], [ 37.6613738, 55.8824445 ] ], [ [ 37.6679395, 55.8823852 ], [ 37.6678039, 55.8824823 ], [ 37.6675559, 55.8825393 ], [ 37.6672389, 55.8825749 ], [ 37.6671087, 55.8825895 ], [ 37.6668539, 55.8826018 ], [ 37.6667306, 55.8826077 ], [ 37.666381, 55.8826054 ], [ 37.6660434, 55.8826143 ], [ 37.665946, 55.8826168 ], [ 37.6657967, 55.8826452 ], [ 37.6656939, 55.8826647 ], [ 37.6655313, 55.8827126 ], [ 37.6653728, 55.8827172 ], [ 37.6649825, 55.8826579 ], [ 37.664896, 55.8826397 ], [ 37.6644946, 55.8825553 ], [ 37.6638157, 55.8824321 ], [ 37.6635718, 55.8824116 ], [ 37.663401, 55.8824139 ], [ 37.6632262, 55.8824572 ], [ 37.6627343, 55.8825872 ], [ 37.6625717, 55.88261 ], [ 37.6623318, 55.8825849 ], [ 37.6621005, 55.8825814 ], [ 37.6619456, 55.8825681 ], [ 37.661857, 55.8825534 ], [ 37.6613738, 55.8824445 ] ], [ [ 37.6679395, 55.8823852 ], [ 37.668033, 55.8821093 ] ], [ [ 37.6707111, 55.8821402 ], [ 37.6704022, 55.8821666 ], [ 37.6701379, 55.8821652 ], [ 37.6692847, 55.8820737 ], [ 37.669194, 55.882064 ], [ 37.6691211, 55.8820637 ], [ 37.668909, 55.882063 ], [ 37.6687549, 55.8820704 ], [ 37.6687213, 55.8820698 ], [ 37.668033, 55.8821093 ] ], [ [ 37.6707524, 55.8821392 ], [ 37.6707111, 55.8821402 ] ], [ [ 37.67142, 55.8821631 ], [ 37.6707524, 55.8821392 ] ], [ [ 37.67142, 55.8821631 ], [ 37.6715538, 55.8821825 ], [ 37.6716833, 55.882204 ], [ 37.6717807, 55.8822326 ], [ 37.6718442, 55.8822647 ] ], [ [ 37.6719655, 55.8824569 ], [ 37.6719247, 55.8823681 ], [ 37.6718961, 55.8823209 ], [ 37.6718442, 55.8822647 ] ], [ [ 37.6795463, 55.8870325 ], [ 37.6795262, 55.8868991 ], [ 37.6795628, 55.8866779 ], [ 37.6795954, 55.8863314 ], [ 37.6795595, 55.8862436 ], [ 37.6794815, 55.8860532 ], [ 37.6792498, 55.8858001 ], [ 37.6790518, 55.8856137 ], [ 37.6788158, 55.8855225 ], [ 37.6786121, 55.8854328 ], [ 37.6785064, 55.8853405 ], [ 37.678392, 55.8852438 ], [ 37.6781244, 55.8850636 ], [ 37.678019, 55.8850383 ], [ 37.6778612, 55.8850069 ], [ 37.6777496, 55.8849773 ], [ 37.677695, 55.8849477 ], [ 37.6776277, 55.8848904 ], [ 37.6774813, 55.8847399 ], [ 37.6774041, 55.8846715 ], [ 37.6772374, 55.8846145 ], [ 37.6770016, 55.8845803 ], [ 37.6767251, 55.884546 ], [ 37.6765056, 55.8845004 ], [ 37.6762698, 55.8843978 ], [ 37.6761478, 55.8843043 ], [ 37.676028, 55.8842337 ], [ 37.6758795, 55.8841721 ], [ 37.6756869, 55.8841343 ], [ 37.6754254, 55.8841207 ], [ 37.6752711, 55.8841185 ], [ 37.6751697, 55.8841245 ], [ 37.6750983, 55.8841213 ], [ 37.6750199, 55.8841203 ], [ 37.6748929, 55.8841576 ], [ 37.6746515, 55.884205 ], [ 37.6745686, 55.8842225 ], [ 37.6743471, 55.8842712 ], [ 37.6742143, 55.8842885 ], [ 37.6740534, 55.88429 ], [ 37.6737718, 55.8842772 ], [ 37.6733963, 55.8842561 ], [ 37.6732072, 55.8842313 ], [ 37.672998, 55.8841899 ], [ 37.6728732, 55.8841531 ], [ 37.6727727, 55.8840929 ], [ 37.6727096, 55.88402 ], [ 37.672605, 55.8838462 ], [ 37.6724991, 55.8836499 ], [ 37.672068, 55.8828632 ], [ 37.672029, 55.8827461 ], [ 37.6720007, 55.8826309 ], [ 37.6719655, 55.8824569 ] ], [ [ 37.679557, 55.887066 ], [ 37.6795463, 55.8870325 ] ], [ [ 37.6795961, 55.8872348 ], [ 37.6795719, 55.88713 ], [ 37.679557, 55.887066 ] ], [ [ 37.6795961, 55.8872348 ], [ 37.679581, 55.8872738 ] ], [ [ 37.6796159, 55.8874429 ], [ 37.679581, 55.8872738 ] ], [ [ 37.6796159, 55.8874429 ], [ 37.6798684, 55.8875977 ] ], [ [ 37.6798684, 55.8875977 ], [ 37.6801062, 55.8877941 ], [ 37.6801823, 55.8879129 ], [ 37.6802486, 55.8880543 ], [ 37.6802892, 55.8882426 ], [ 37.6803476, 55.8885096 ], [ 37.6803626, 55.888683 ], [ 37.6804724, 55.8895717 ] ], [ [ 37.6804724, 55.8895717 ], [ 37.6805097, 55.8897097 ], [ 37.6805211, 55.8897537 ], [ 37.6805726, 55.8899511 ], [ 37.6805907, 55.8900867 ], [ 37.6807256, 55.8902478 ] ], [ [ 37.6807256, 55.8902478 ], [ 37.680912, 55.8904479 ], [ 37.6811092, 55.8906359 ] ], [ [ 37.6811092, 55.8906359 ], [ 37.6812274, 55.8907512 ], [ 37.6814403, 55.89103 ] ], [ [ 37.6822967, 55.8915758 ], [ 37.6821473, 55.8915802 ], [ 37.6820049, 55.8915644 ], [ 37.6818867, 55.8915305 ], [ 37.6817824, 55.8914829 ], [ 37.6816932, 55.8913897 ], [ 37.6816003, 55.8912732 ], [ 37.6815322, 55.8911747 ], [ 37.6814403, 55.89103 ] ], [ [ 37.6822967, 55.8915758 ], [ 37.6825569, 55.8915383 ], [ 37.6826962, 55.891509 ], [ 37.6828275, 55.8914717 ] ], [ [ 37.6828275, 55.8914717 ], [ 37.6833021, 55.8914618 ], [ 37.6836039, 55.8914621 ] ], [ [ 37.6836039, 55.8914621 ], [ 37.6839107, 55.8914101 ], [ 37.6842282, 55.8913281 ], [ 37.6845289, 55.8912545 ] ], [ [ 37.6845289, 55.8912545 ], [ 37.6846221, 55.8913948 ], [ 37.6848564, 55.8919327 ], [ 37.6849008, 55.8921277 ], [ 37.6849537, 55.8925743 ], [ 37.6850383, 55.8932657 ], [ 37.6850734, 55.8937508 ], [ 37.685081, 55.8940084 ], [ 37.6850591, 55.8941314 ], [ 37.6850102, 55.894406 ], [ 37.684987, 55.8945531 ] ], [ [ 37.6850863, 55.8951557 ], [ 37.6850483, 55.8946216 ], [ 37.6850423, 55.8946062 ], [ 37.6850316, 55.8945947 ], [ 37.6850126, 55.8945809 ], [ 37.6849941, 55.8945661 ], [ 37.684987, 55.8945531 ] ], [ [ 37.685103479460658, 55.895200647796045 ], [ 37.6850863, 55.8951557 ] ], [ [ 37.6309312, 55.8522419 ], [ 37.6308666, 55.8520763 ], [ 37.6307236, 55.8518494 ], [ 37.6306338, 55.8517019 ] ], [ [ 37.630827, 55.8522488 ], [ 37.6309312, 55.8522419 ] ], [ [ 37.6299448, 55.852289 ], [ 37.6300666, 55.8522803 ], [ 37.6301701, 55.8522718 ], [ 37.6305674, 55.8522653 ], [ 37.630827, 55.8522488 ] ], [ [ 37.6297344, 55.852309 ], [ 37.6299448, 55.852289 ] ], [ [ 37.6297344, 55.852309 ], [ 37.6297322, 55.8523723 ], [ 37.629755, 55.8524175 ], [ 37.6298006, 55.8524852 ], [ 37.6298435, 55.8525553 ], [ 37.6299133, 55.8526998 ], [ 37.6299937, 55.8529084 ], [ 37.6299816, 55.8530671 ], [ 37.629965, 55.8531282 ], [ 37.6299226, 55.8532147 ], [ 37.6298696, 55.8532995 ] ], [ [ 37.6413582, 55.866745 ], [ 37.6413872, 55.8667933 ] ], [ [ 37.6411156, 55.8668088 ], [ 37.6411091, 55.8667757 ], [ 37.641142, 55.8667343 ], [ 37.6412071, 55.8667114 ], [ 37.6412605, 55.8667155 ], [ 37.6413139, 55.8667195 ], [ 37.6413582, 55.866745 ] ], [ [ 37.6530074, 55.8733191 ], [ 37.652951, 55.8732441 ], [ 37.6528796, 55.8731277 ], [ 37.6528488, 55.8730205 ], [ 37.6527806, 55.8727526 ], [ 37.6527529, 55.8725377 ], [ 37.652752, 55.8724233 ] ], [ [ 37.6359988, 55.843095 ], [ 37.6359832, 55.8432379 ], [ 37.6359485, 55.843557 ], [ 37.6359052, 55.8439547 ], [ 37.6358792, 55.8440825 ], [ 37.6358727, 55.8441302 ], [ 37.6358572, 55.8442022 ], [ 37.6357709, 55.8446019 ], [ 37.6357091, 55.844834 ], [ 37.6356414, 55.8450829 ], [ 37.6355864, 55.8455484 ], [ 37.6355707, 55.8456152 ], [ 37.6355684, 55.8456455 ], [ 37.6355471, 55.845932 ], [ 37.6355378, 55.8461294 ], [ 37.6354781, 55.8461998 ] ], [ [ 37.6354781, 55.8461998 ], [ 37.6355393, 55.8462313 ], [ 37.6356076, 55.8462667 ] ], [ [ 37.6356076, 55.8462667 ], [ 37.6356076, 55.8463076 ] ], [ [ 37.6356076, 55.8463076 ], [ 37.6354833, 55.8464017 ] ], [ [ 37.6354833, 55.8464017 ], [ 37.63548, 55.8464925 ], [ 37.6354775, 55.8465595 ], [ 37.6354753, 55.8466185 ], [ 37.6354733, 55.8466743 ] ], [ [ 37.6352343, 55.8467533 ], [ 37.6352465, 55.8467391 ], [ 37.6352687, 55.8467172 ], [ 37.6353156, 55.8466956 ], [ 37.63539, 55.8466766 ], [ 37.6354733, 55.8466743 ] ], [ [ 37.6352343, 55.8467533 ], [ 37.6351733, 55.8467507 ], [ 37.6350502, 55.8467455 ], [ 37.634977, 55.8467423 ] ], [ [ 37.634977, 55.8467423 ], [ 37.6349949, 55.846782 ] ], [ [ 37.6348897, 55.8469708 ], [ 37.6349949, 55.846782 ] ], [ [ 37.6348897, 55.8469708 ], [ 37.6347576, 55.8469772 ] ], [ [ 37.6347576, 55.8469772 ], [ 37.634633, 55.8469833 ], [ 37.6338443, 55.8470237 ] ], [ [ 37.6338443, 55.8470237 ], [ 37.6338246, 55.8470247 ] ], [ [ 37.6337592, 55.8470098 ], [ 37.6338246, 55.8470247 ] ], [ [ 37.6336873, 55.8470126 ], [ 37.6337592, 55.8470098 ] ], [ [ 37.6334912, 55.8470202 ], [ 37.6336873, 55.8470126 ] ], [ [ 37.6334622, 55.8470213 ], [ 37.6334912, 55.8470202 ] ], [ [ 37.6334347, 55.8470224 ], [ 37.6334622, 55.8470213 ] ], [ [ 37.6333605, 55.8470253 ], [ 37.6334347, 55.8470224 ] ], [ [ 37.6333397, 55.8470261 ], [ 37.6333605, 55.8470253 ] ], [ [ 37.6332628, 55.8470291 ], [ 37.6333397, 55.8470261 ] ], [ [ 37.6329853, 55.8470399 ], [ 37.6332628, 55.8470291 ] ], [ [ 37.6329119, 55.8470428 ], [ 37.6329853, 55.8470399 ] ], [ [ 37.6328173, 55.8470464 ], [ 37.6329119, 55.8470428 ] ], [ [ 37.6328173, 55.8470464 ], [ 37.6328797, 55.8472629 ], [ 37.6328941, 55.8473062 ], [ 37.6328924, 55.8473521 ], [ 37.6328636, 55.8473951 ], [ 37.6328244, 55.847431 ], [ 37.6327651, 55.8474568 ], [ 37.6326689, 55.8474769 ], [ 37.632563, 55.847517 ], [ 37.6324979, 55.8475541 ], [ 37.6324357, 55.8476039 ], [ 37.6323799, 55.8476598 ], [ 37.63232, 55.8477006 ], [ 37.6322463, 55.8477348 ], [ 37.6321644, 55.8477556 ], [ 37.6320945, 55.8477649 ], [ 37.6320507, 55.8477677 ] ], [ [ 37.6320507, 55.8477677 ], [ 37.6320153, 55.84777 ], [ 37.6319148, 55.8477901 ], [ 37.6318138, 55.8478251 ], [ 37.6317468, 55.8478648 ], [ 37.6316831, 55.847918 ], [ 37.6316484, 55.8479664 ], [ 37.6316297, 55.8480224 ], [ 37.6316316, 55.8480744 ], [ 37.6316322, 55.8480924 ] ], [ [ 37.6316322, 55.8480924 ], [ 37.6316322, 55.848125 ], [ 37.6316335, 55.8481574 ], [ 37.6316221, 55.8481775 ], [ 37.6315879, 55.8482166 ], [ 37.63154, 55.8482609 ], [ 37.6315051, 55.8482861 ], [ 37.6314424, 55.8483226 ], [ 37.6313828, 55.8483508 ], [ 37.6313186, 55.8483767 ], [ 37.6311725, 55.8484199 ], [ 37.6310666, 55.8484602 ], [ 37.6310187, 55.848488 ], [ 37.6309593, 55.8485287 ], [ 37.630911, 55.8485641 ], [ 37.6308614, 55.848598 ], [ 37.6308165, 55.8486311 ], [ 37.6307689, 55.8486544 ], [ 37.6307089, 55.8486746 ], [ 37.6306094, 55.8486926 ], [ 37.630499, 55.848696 ], [ 37.6303779, 55.8487036 ], [ 37.6302941, 55.848715 ], [ 37.6302153, 55.8487301 ], [ 37.630157, 55.8487453 ], [ 37.6301092, 55.8487658 ], [ 37.6300753, 55.8487839 ], [ 37.6300442, 55.8488062 ], [ 37.6300212, 55.8488267 ], [ 37.6299987, 55.8488556 ], [ 37.6299821, 55.8488717 ], [ 37.6299608, 55.8488861 ], [ 37.6299358, 55.848898 ], [ 37.6299076, 55.8489071 ], [ 37.6298769, 55.8489132 ], [ 37.6298422, 55.8489165 ], [ 37.6298109, 55.8489206 ], [ 37.6297832, 55.8489291 ], [ 37.6297647, 55.8489401 ], [ 37.6297529, 55.84895 ], [ 37.6297414, 55.848961 ], [ 37.6297023, 55.8489887 ] ], [ [ 37.6297023, 55.8489887 ], [ 37.629723, 55.8490016 ] ], [ [ 37.629723, 55.8490016 ], [ 37.63002, 55.8491729 ] ], [ [ 37.63002, 55.8491729 ], [ 37.6304386, 55.8494545 ], [ 37.630614, 55.8495602 ] ], [ [ 37.6305483, 55.8502556 ], [ 37.630614, 55.8495602 ] ], [ [ 37.6306338, 55.8517019 ], [ 37.6305543, 55.8514256 ], [ 37.6305838, 55.8513372 ], [ 37.6305972, 55.8512586 ], [ 37.6305939, 55.85121 ], [ 37.6305328, 55.8511863 ], [ 37.6305006, 55.8511791 ], [ 37.6303853, 55.8511686 ], [ 37.6303195, 55.8510671 ], [ 37.6302624, 55.8509883 ], [ 37.6301736, 55.8507362 ], [ 37.6301923, 55.8506269 ], [ 37.6303415, 55.8504609 ], [ 37.6305483, 55.8502556 ] ], [ [ 37.6360366, 55.8426345 ], [ 37.6360105, 55.8429304 ], [ 37.6359988, 55.843095 ] ], [ [ 37.6363939, 55.8426442 ], [ 37.6362755, 55.842641 ], [ 37.6361332, 55.8426371 ], [ 37.6360831, 55.8426357 ], [ 37.6360366, 55.8426345 ] ], [ [ 37.6363939, 55.8426442 ], [ 37.6367878, 55.8427138 ] ], [ [ 37.6375763, 55.8427338 ], [ 37.6371391, 55.8427206 ], [ 37.6367878, 55.8427138 ] ], [ [ 37.6376489, 55.8427361 ], [ 37.6375763, 55.8427338 ] ], [ [ 37.6376489, 55.8427361 ], [ 37.6376033, 55.8426838 ], [ 37.6375674, 55.8425146 ], [ 37.6375367, 55.8423983 ], [ 37.6374985, 55.8422606 ], [ 37.6374559, 55.8421446 ], [ 37.6374078, 55.8420413 ], [ 37.637367, 55.8419589 ] ], [ [ 37.637367, 55.8419589 ], [ 37.6373993, 55.8419206 ], [ 37.6374114, 55.8419002 ], [ 37.6374207, 55.8418754 ], [ 37.6373966, 55.8418483 ], [ 37.6373631, 55.8418295 ], [ 37.6373389, 55.8418151 ], [ 37.637288, 55.8417976 ] ], [ [ 37.637288, 55.8417976 ], [ 37.6372669, 55.8417495 ], [ 37.6371571, 55.8415277 ], [ 37.637065, 55.8413405 ], [ 37.6367684, 55.8407062 ] ], [ [ 37.6887568, 55.8010776 ], [ 37.6891636, 55.8010732 ], [ 37.6896764, 55.8010992 ], [ 37.6898878, 55.8011053 ], [ 37.6899324, 55.8011066 ], [ 37.6901127, 55.8011129 ], [ 37.6902388, 55.801131 ], [ 37.6903434, 55.8011664 ], [ 37.6904561, 55.8011886 ], [ 37.6905419, 55.8011928 ], [ 37.6906322, 55.8011806 ], [ 37.6907659, 55.8011393 ], [ 37.6908906, 55.8011219 ], [ 37.6909831, 55.8011168 ], [ 37.691078, 55.8011254 ], [ 37.6915026, 55.801178 ], [ 37.691867, 55.8011758 ] ], [ [ 37.694784, 55.8009045 ], [ 37.6946795, 55.800915 ], [ 37.6943104, 55.8009503 ], [ 37.6939308, 55.8010081 ], [ 37.6934095, 55.8010859 ], [ 37.6932779, 55.8011056 ], [ 37.6925533, 55.8011696 ], [ 37.691867, 55.8011758 ] ], [ [ 37.6949213, 55.8008174 ], [ 37.694873, 55.8008665 ], [ 37.694784, 55.8009045 ] ], [ [ 37.6949689, 55.800828 ], [ 37.6949213, 55.8008174 ] ], [ [ 37.6949689, 55.800828 ], [ 37.6950023, 55.8007841 ] ], [ [ 37.6956652, 55.8009404 ], [ 37.6954585, 55.8008917 ], [ 37.6951449, 55.8008177 ], [ 37.6950023, 55.8007841 ] ], [ [ 37.696371, 55.8010857 ], [ 37.6962618, 55.8010686 ], [ 37.6960039, 55.8010179 ], [ 37.6957875, 55.8009684 ], [ 37.6956652, 55.8009404 ] ], [ [ 37.6970756, 55.8011817 ], [ 37.6966043, 55.8011175 ], [ 37.696371, 55.8010857 ] ], [ [ 37.6980883, 55.8012804 ], [ 37.6976359, 55.8012368 ], [ 37.6970756, 55.8011817 ] ], [ [ 37.6980883, 55.8012804 ], [ 37.6981201, 55.8011679 ] ], [ [ 37.6984123, 55.8011919 ], [ 37.6982874, 55.8011785 ], [ 37.6981201, 55.8011679 ] ], [ [ 37.7029286, 55.7954898 ], [ 37.7022934, 55.7960122 ], [ 37.7022284, 55.796007 ], [ 37.7019972, 55.7962058 ], [ 37.7020271, 55.7962409 ], [ 37.701032, 55.7970631 ], [ 37.7008704, 55.7972073 ], [ 37.699837, 55.7981297 ], [ 37.6995593, 55.7984062 ], [ 37.6989241, 55.7990386 ], [ 37.6986918, 55.7993416 ], [ 37.6985271, 55.7996249 ], [ 37.6984724, 55.7997443 ], [ 37.6984443, 55.7998056 ], [ 37.6983806, 55.8000282 ], [ 37.6983417, 55.8002536 ], [ 37.6983164, 55.8005097 ], [ 37.698323, 55.8006885 ], [ 37.6984123, 55.8011919 ] ], [ [ 37.7033767, 55.7951134 ], [ 37.7031055, 55.7953412 ], [ 37.7029286, 55.7954898 ] ], [ [ 37.7036941, 55.7948468 ], [ 37.7033767, 55.7951134 ] ], [ [ 37.6998385, 55.7894416 ], [ 37.7000651, 55.7895835 ], [ 37.7003324, 55.7897344 ], [ 37.7006497, 55.7898998 ], [ 37.7012834, 55.7902084 ], [ 37.7019957, 55.7905555 ], [ 37.7026658, 55.7909013 ], [ 37.7030212, 55.7910911 ], [ 37.7045279, 55.7918958 ], [ 37.7046894, 55.7920028 ], [ 37.7048349, 55.7921194 ], [ 37.7049623, 55.7922559 ], [ 37.7050688, 55.7923835 ], [ 37.7051463, 55.7925178 ], [ 37.7052085, 55.7926535 ], [ 37.7052382, 55.7927992 ], [ 37.7052453, 55.7929757 ], [ 37.705214, 55.7931396 ], [ 37.7051629, 55.7932969 ], [ 37.7050623, 55.7934789 ], [ 37.7050388, 55.793504 ], [ 37.7049125, 55.7936389 ], [ 37.7046677, 55.7939235 ], [ 37.70443, 55.7941709 ], [ 37.7040956, 55.7945003 ], [ 37.7038008, 55.7947572 ], [ 37.7037638, 55.7947883 ], [ 37.7036941, 55.7948468 ] ], [ [ 37.6983578, 55.7863544 ], [ 37.6984226, 55.7868485 ], [ 37.698684, 55.7879593 ], [ 37.6987414, 55.7881877 ], [ 37.6988573, 55.7884364 ], [ 37.698906, 55.7885177 ], [ 37.6991293, 55.7888298 ], [ 37.6994255, 55.7891273 ], [ 37.6998385, 55.7894416 ] ], [ [ 37.6991206, 55.7818978 ], [ 37.6990097, 55.7822713 ], [ 37.6989936, 55.7823979 ], [ 37.6989372, 55.7828254 ], [ 37.6989907, 55.7828672 ], [ 37.6989629, 55.7830203 ], [ 37.698792, 55.783962 ], [ 37.6987848, 55.7840014 ], [ 37.6987531, 55.7841655 ], [ 37.6987452, 55.7841956 ], [ 37.6987012, 55.7844407 ], [ 37.6983578, 55.7863544 ] ], [ [ 37.6978894, 55.7744143 ], [ 37.6982565, 55.7746471 ], [ 37.7000763, 55.7758007 ], [ 37.7006843, 55.7761862 ], [ 37.7018778, 55.7769079 ], [ 37.7021679, 55.7771287 ], [ 37.7022906, 55.7772441 ], [ 37.7023833, 55.7773943 ], [ 37.7025387, 55.777578 ], [ 37.7026425, 55.7777952 ], [ 37.7026668, 55.7779277 ], [ 37.7026716, 55.7780623 ], [ 37.7026684, 55.7783675 ], [ 37.7025679, 55.7786755 ], [ 37.7021592, 55.7794868 ], [ 37.7020395, 55.7797064 ], [ 37.7019085, 55.7798778 ], [ 37.7016719, 55.7801093 ], [ 37.701461, 55.7802591 ], [ 37.7004464, 55.7808408 ], [ 37.700111, 55.7810327 ], [ 37.6996939, 55.7812715 ], [ 37.6994274, 55.7814438 ], [ 37.6992563, 55.7816104 ], [ 37.699209, 55.7817001 ], [ 37.6991459, 55.781819 ], [ 37.6991206, 55.7818978 ] ], [ [ 37.6978894, 55.7744143 ], [ 37.6977887, 55.7743494 ], [ 37.6957199, 55.7730165 ], [ 37.6950319, 55.7725812 ], [ 37.6948187, 55.7724349 ], [ 37.6946182, 55.7722727 ], [ 37.6945706, 55.7722342 ], [ 37.6944029, 55.7720705 ], [ 37.6942608, 55.7718993 ], [ 37.6941414, 55.7716896 ], [ 37.6940342, 55.7714709 ], [ 37.6939523, 55.77124 ], [ 37.6938598, 55.7709873 ], [ 37.6937257, 55.7707572 ], [ 37.693487, 55.770503 ], [ 37.6934025, 55.7704585 ], [ 37.6931101, 55.7702291 ], [ 37.6926675, 55.7699711 ], [ 37.6921385, 55.7697034 ] ], [ [ 37.6921385, 55.7697034 ], [ 37.6920901, 55.7696783 ] ], [ [ 37.6920901, 55.7696783 ], [ 37.6919668, 55.7696179 ], [ 37.6918376, 55.7695492 ] ], [ [ 37.6918526, 55.7695412 ], [ 37.6918376, 55.7695492 ] ], [ [ 37.6922101, 55.7693205 ], [ 37.6918526, 55.7695412 ] ], [ [ 37.6922348, 55.7692931 ], [ 37.6922101, 55.7693205 ] ], [ [ 37.6906531, 55.7685123 ], [ 37.690739, 55.7685076 ], [ 37.6922348, 55.7692931 ] ], [ [ 37.6677378, 55.7486322 ], [ 37.6681622, 55.7490063 ], [ 37.6683135, 55.749143 ], [ 37.6685214, 55.7493253 ], [ 37.6689502, 55.7496343 ], [ 37.6692993, 55.7498176 ], [ 37.6694285, 55.7498855 ], [ 37.6699585, 55.7501081 ], [ 37.6702954, 55.7502953 ], [ 37.6708784, 55.7507634 ], [ 37.6711777, 55.7510131 ], [ 37.6712603, 55.751082 ], [ 37.6719292, 55.7516317 ], [ 37.6723221, 55.7519674 ], [ 37.6727319, 55.7523236 ], [ 37.6729186, 55.7525208 ], [ 37.6731387, 55.7528604 ], [ 37.6732693, 55.7531518 ], [ 37.6733131, 55.7534924 ], [ 37.6732547, 55.7538013 ], [ 37.6731088, 55.7541539 ], [ 37.6730445, 55.7542577 ], [ 37.6728337, 55.7545978 ], [ 37.6723547, 55.7553708 ], [ 37.6721178, 55.7557746 ], [ 37.6720012, 55.7561459 ], [ 37.6718347, 55.7564366 ], [ 37.6712627, 55.757435 ], [ 37.6712297, 55.7575755 ], [ 37.6712238, 55.757778 ], [ 37.6712622, 55.7579412 ], [ 37.6713089, 55.758082 ], [ 37.6714938, 55.7583715 ], [ 37.6717292, 55.7586021 ], [ 37.6720338, 55.7587947 ], [ 37.6724097, 55.758974 ], [ 37.6727049, 55.7590724 ], [ 37.6729402, 55.7591359 ], [ 37.6732453, 55.7591907 ], [ 37.6735604, 55.7592293 ], [ 37.674345, 55.7592256 ], [ 37.6749381, 55.7591675 ], [ 37.6761364, 55.7590683 ], [ 37.6774849, 55.7589675 ], [ 37.6777907, 55.7589517 ], [ 37.6779034, 55.7589485 ], [ 37.6780652, 55.7589438 ], [ 37.6783228, 55.758939 ], [ 37.6788204, 55.7589236 ], [ 37.6797588, 55.7589054 ], [ 37.6802087, 55.7589132 ], [ 37.6807547, 55.758951 ], [ 37.6812718, 55.7590315 ], [ 37.6818556, 55.7591637 ], [ 37.682382, 55.759302 ], [ 37.6830484, 55.7595321 ], [ 37.6835503, 55.7597591 ], [ 37.684055, 55.760042 ], [ 37.6843786, 55.7602337 ], [ 37.6847336, 55.7605287 ], [ 37.6848516, 55.7605453 ], [ 37.6848623, 55.7606246 ], [ 37.6849106, 55.7606819 ], [ 37.685093, 55.7608721 ], [ 37.6853719, 55.7612463 ], [ 37.685557, 55.7614584 ], [ 37.6857394, 55.761641 ], [ 37.6862021, 55.7620522 ], [ 37.6862745, 55.7621495 ], [ 37.6863094, 55.7622461 ], [ 37.6863094, 55.7623238 ], [ 37.6862651, 55.7624861 ], [ 37.6859687, 55.7634043 ], [ 37.6859593, 55.7634715 ], [ 37.6859754, 55.7636903 ], [ 37.6860513, 55.7638943 ], [ 37.6862366, 55.7641903 ], [ 37.6880297, 55.7664458 ], [ 37.6880448, 55.7664645 ], [ 37.6881531, 55.7665903 ], [ 37.6888797, 55.7674152 ], [ 37.6891685, 55.7676737 ], [ 37.6895303, 55.7678865 ], [ 37.6906531, 55.7685123 ] ], [ [ 37.6677378, 55.7486322 ], [ 37.6673841, 55.7483876 ], [ 37.6671975, 55.7483089 ], [ 37.6670088, 55.7482224 ], [ 37.6668411, 55.7481574 ], [ 37.6667244, 55.7481178 ], [ 37.6665445, 55.7480707 ], [ 37.6663366, 55.7480249 ], [ 37.6661277, 55.7480006 ], [ 37.6658853, 55.7479937 ], [ 37.665644, 55.7479973 ], [ 37.6654207, 55.748018 ], [ 37.6652115, 55.7480566 ], [ 37.6650267, 55.7481073 ], [ 37.664802, 55.7481854 ], [ 37.6647204, 55.7482213 ], [ 37.6646432, 55.7482553 ], [ 37.6645089, 55.7483262 ], [ 37.664332, 55.748447 ], [ 37.6639937, 55.7487384 ], [ 37.6635621, 55.749111 ], [ 37.6632978, 55.7493378 ], [ 37.6631506, 55.7494626 ], [ 37.6630344, 55.7495469 ], [ 37.6628896, 55.7496211 ], [ 37.6627474, 55.7496993 ], [ 37.6625999, 55.7497713 ], [ 37.6623854, 55.7498525 ], [ 37.662115, 55.7499426 ], [ 37.6620406, 55.7499637 ], [ 37.6618705, 55.750005 ], [ 37.6615822, 55.750058 ], [ 37.6614546, 55.7500783 ], [ 37.6612781, 55.750095 ], [ 37.6609798, 55.7501192 ], [ 37.6605061, 55.7501536 ], [ 37.6594318, 55.7502358 ], [ 37.6589131, 55.7502698 ], [ 37.6588624, 55.7502731 ], [ 37.658509, 55.7502946 ], [ 37.6581943, 55.7503074 ], [ 37.6579082, 55.7503046 ], [ 37.657695, 55.750296 ], [ 37.6573154, 55.7502449 ], [ 37.656837, 55.7501799 ] ], [ [ 37.6483603, 55.7492208 ], [ 37.6486461, 55.7492464 ], [ 37.648678, 55.7492493 ], [ 37.648779, 55.7492583 ], [ 37.6493647, 55.7493108 ], [ 37.6501955, 55.7493718 ], [ 37.6514662, 55.7494918 ], [ 37.6515111, 55.7494954 ], [ 37.6529805, 55.7496135 ], [ 37.6535682, 55.7496607 ], [ 37.6540316, 55.7497095 ], [ 37.654524, 55.7497656 ], [ 37.655043, 55.7498435 ], [ 37.6555154, 55.7499271 ], [ 37.6561606, 55.7500559 ], [ 37.656837, 55.7501799 ] ], [ [ 37.6483603, 55.7492208 ], [ 37.6482578, 55.7491962 ], [ 37.6481964, 55.7491902 ], [ 37.6479516, 55.74916 ], [ 37.6477308, 55.7491231 ], [ 37.646971, 55.7489787 ], [ 37.6457493, 55.7487466 ] ], [ [ 37.6451052, 55.7486276 ], [ 37.6453008, 55.7486672 ], [ 37.6453991, 55.7486864 ], [ 37.6455161, 55.7487106 ], [ 37.6457493, 55.7487466 ] ], [ [ 37.6451052, 55.7486276 ], [ 37.6425156, 55.7481759 ], [ 37.6422568, 55.7481193 ], [ 37.6420462, 55.7480528 ], [ 37.6418518, 55.7479781 ], [ 37.6416895, 55.7478875 ], [ 37.6415658, 55.747806 ], [ 37.6414347, 55.7477079 ], [ 37.6408305, 55.7471314 ] ], [ [ 37.6559295, 55.8782113 ], [ 37.6559227, 55.8782399 ], [ 37.6559183, 55.878611 ] ], [ [ 37.6559183, 55.878611 ], [ 37.6557127, 55.8783746 ], [ 37.6556538, 55.8782769 ], [ 37.6556564, 55.8782542 ], [ 37.6557113, 55.8782431 ], [ 37.655761, 55.8782331 ], [ 37.6558656, 55.8782196 ], [ 37.6559295, 55.8782113 ] ], [ [ 37.6559295, 55.8782113 ], [ 37.6559863, 55.8780947 ], [ 37.655997, 55.8778306 ] ], [ [ 37.655997, 55.8778306 ], [ 37.655972, 55.8777779 ], [ 37.6559608, 55.8776666 ] ], [ [ 37.6559608, 55.8776666 ], [ 37.6559601, 55.8776444 ], [ 37.6559997, 55.8775861 ], [ 37.6561097, 55.8774914 ], [ 37.6561593, 55.8774487 ], [ 37.6561952, 55.8774089 ], [ 37.6562503, 55.8771544 ], [ 37.656298, 55.876968 ], [ 37.6563185, 55.8768867 ], [ 37.6563548, 55.8768042 ] ], [ [ 37.6565387, 55.8766163 ], [ 37.6564891, 55.876686 ], [ 37.6564307, 55.8767374 ], [ 37.6563548, 55.8768042 ] ], [ [ 37.6565387, 55.8766163 ], [ 37.6565343, 55.8765619 ], [ 37.6565223, 55.8765214 ], [ 37.6565045, 55.8764825 ], [ 37.6564958, 55.8764689 ] ], [ [ 37.6564958, 55.8764689 ], [ 37.6563796, 55.876444 ], [ 37.6561993, 55.8764216 ], [ 37.6559898, 55.8764025 ], [ 37.6558404, 55.8763541 ], [ 37.6557079, 55.8762972 ], [ 37.6556056, 55.8762243 ], [ 37.6554953, 55.8761191 ], [ 37.6554183, 55.876037 ], [ 37.6553651, 55.8759847 ], [ 37.655315, 55.8759575 ], [ 37.6552467, 55.875936 ], [ 37.654867, 55.8758978 ], [ 37.6545688, 55.8758872 ], [ 37.6542119, 55.8758757 ], [ 37.6539886, 55.8758286 ], [ 37.6535688, 55.8755785 ], [ 37.6535469, 55.8755223 ], [ 37.653558, 55.8754131 ], [ 37.6536473, 55.8751585 ], [ 37.6537945, 55.8747484 ], [ 37.6538314, 55.8746009 ], [ 37.6538515, 55.8745203 ], [ 37.6538685, 55.8744372 ], [ 37.6538687, 55.8743079 ], [ 37.6538718, 55.873775 ], [ 37.6538368, 55.8736833 ], [ 37.6537294, 55.8735706 ], [ 37.6536243, 55.8735143 ], [ 37.6533885, 55.8734226 ], [ 37.653239, 55.8733689 ], [ 37.6530074, 55.8733191 ] ], [ [ 37.652752, 55.8724233 ], [ 37.6528186, 55.872531 ], [ 37.6528926, 55.8729674 ], [ 37.652921, 55.8730796 ], [ 37.6529605, 55.8731705 ], [ 37.6529827, 55.8732368 ], [ 37.6530074, 55.8733191 ] ], [ [ 37.6526904, 55.8716358 ], [ 37.652698, 55.871927 ], [ 37.6527124, 55.8721728 ], [ 37.6527472, 55.8723929 ], [ 37.652752, 55.8724233 ] ], [ [ 37.6559608, 55.8776666 ], [ 37.6560084, 55.8777759 ], [ 37.655997, 55.8778306 ] ], [ [ 37.656317, 55.8792322 ], [ 37.6562528, 55.8791323 ], [ 37.6559183, 55.878611 ] ], [ [ 37.6566982, 55.8801347 ], [ 37.6566008, 55.8800096 ], [ 37.6564982, 55.8798061 ], [ 37.6563867, 55.8795858 ], [ 37.6563407, 55.8794359 ], [ 37.656317, 55.8792322 ] ], [ [ 37.656317, 55.8792322 ], [ 37.6564068, 55.8794317 ], [ 37.656624, 55.8799084 ], [ 37.6566982, 55.8801347 ] ], [ [ 37.6601542, 55.8821889 ], [ 37.6597041, 55.8820966 ], [ 37.6595966, 55.8820706 ], [ 37.659126, 55.8819394 ], [ 37.6587943, 55.8818539 ], [ 37.6584761, 55.8817741 ], [ 37.6580773, 55.8816767 ], [ 37.6579252, 55.8816419 ], [ 37.657652, 55.8815849 ], [ 37.6570981, 55.8815164 ], [ 37.6568167, 55.8814826 ], [ 37.6567759, 55.881477 ], [ 37.6567371, 55.8814717 ], [ 37.6566628, 55.8814528 ], [ 37.6566048, 55.881416 ], [ 37.6565902, 55.8813724 ], [ 37.656592, 55.881296 ], [ 37.6566875, 55.881025 ], [ 37.6567894, 55.8808096 ], [ 37.6569105, 55.8805277 ], [ 37.6569257, 55.8804883 ], [ 37.6569441, 55.8804394 ], [ 37.6569441, 55.8803957 ], [ 37.6569158, 55.8803342 ], [ 37.6568911, 55.880304 ], [ 37.6568167, 55.8802389 ], [ 37.6566982, 55.8801347 ] ], [ [ 37.6338246, 55.8470247 ], [ 37.6336664, 55.8474431 ], [ 37.6334272, 55.8477114 ], [ 37.6333686, 55.847777 ], [ 37.6330292, 55.8480748 ], [ 37.632602, 55.8483309 ], [ 37.6325461, 55.8484226 ], [ 37.6323855, 55.8485002 ], [ 37.63169, 55.8488365 ], [ 37.6316374, 55.8489051 ] ], [ [ 37.6316374, 55.8489051 ], [ 37.6316384, 55.8489168 ], [ 37.6317384, 55.8490429 ], [ 37.6325151, 55.8491696 ], [ 37.6329683, 55.8494242 ], [ 37.6330029, 55.849459 ] ], [ [ 37.6330029, 55.849459 ], [ 37.6330322, 55.849493 ] ], [ [ 37.6318115, 55.8500394 ], [ 37.632488, 55.8497491 ], [ 37.6325643, 55.8497075 ], [ 37.6329321, 55.8495185 ], [ 37.6330322, 55.849493 ] ], [ [ 37.6314035, 55.8499795 ], [ 37.6315524, 55.8500104 ], [ 37.6315844, 55.850014 ], [ 37.6318115, 55.8500394 ] ], [ [ 37.6313221, 55.8499542 ], [ 37.6314035, 55.8499795 ] ], [ [ 37.630614, 55.8495602 ], [ 37.6306638, 55.8495902 ], [ 37.6309519, 55.8497637 ], [ 37.6311122, 55.8498571 ], [ 37.6313221, 55.8499542 ] ], [ [ 37.6874303, 55.8178532 ], [ 37.6881304, 55.8175923 ], [ 37.6882886, 55.8175447 ], [ 37.6884972, 55.817482 ], [ 37.6885172, 55.8174744 ] ], [ [ 37.6885172, 55.8174744 ], [ 37.6883893, 55.81739 ] ], [ [ 37.6877513, 55.8171277 ], [ 37.6883893, 55.81739 ] ], [ [ 37.6872772, 55.8169371 ], [ 37.6877513, 55.8171277 ] ], [ [ 37.6848798, 55.8159858 ], [ 37.6851895, 55.8161105 ], [ 37.6858165, 55.8163638 ], [ 37.6860593, 55.8164619 ], [ 37.6872772, 55.8169371 ] ], [ [ 37.6849561, 55.8159273 ], [ 37.684919, 55.8159557 ], [ 37.6848798, 55.8159858 ] ], [ [ 37.6846049, 55.8155132 ], [ 37.6846971, 55.8155495 ], [ 37.6847688, 55.8155992 ], [ 37.6849561, 55.8159273 ] ], [ [ 37.6837555, 55.8155854 ], [ 37.6844453, 55.8155025 ], [ 37.6846049, 55.8155132 ] ], [ [ 37.6835792, 55.8156149 ], [ 37.68367, 55.8155997 ], [ 37.6837555, 55.8155854 ] ], [ [ 37.679149, 55.8173978 ], [ 37.6794248, 55.8173444 ], [ 37.6796749, 55.8172859 ], [ 37.6799592, 55.8171872 ], [ 37.6802028, 55.8170674 ], [ 37.6822132, 55.8161116 ], [ 37.6827713, 55.8158462 ], [ 37.6832745, 55.8156774 ], [ 37.6835792, 55.8156149 ] ], [ [ 37.6791153, 55.8173385 ], [ 37.6791299, 55.8173634 ], [ 37.679149, 55.8173978 ] ], [ [ 37.6790838, 55.8172847 ], [ 37.679088, 55.8172919 ], [ 37.6791066, 55.8173237 ], [ 37.6791153, 55.8173385 ] ], [ [ 37.6790422, 55.8172141 ], [ 37.679063, 55.8172496 ], [ 37.6790838, 55.8172847 ] ], [ [ 37.6790422, 55.8172141 ], [ 37.6791935, 55.817187 ], [ 37.6793365, 55.8171574 ], [ 37.6794612, 55.8171231 ], [ 37.6796997, 55.8170295 ], [ 37.6801366, 55.8168351 ], [ 37.680961, 55.8164501 ], [ 37.6821166, 55.8159043 ], [ 37.6826155, 55.8156803 ], [ 37.6829132, 55.8155682 ], [ 37.6830164, 55.8155321 ], [ 37.6831429, 55.8154986 ], [ 37.6833513, 55.8154535 ], [ 37.6839605, 55.8153517 ], [ 37.6843547, 55.8152912 ], [ 37.6846142, 55.8152514 ], [ 37.6846856, 55.8152405 ] ], [ [ 37.6846856, 55.8152405 ], [ 37.684542, 55.8148763 ], [ 37.6842154, 55.8140551 ], [ 37.6838753, 55.8132017 ], [ 37.6836424, 55.8126519 ], [ 37.6829643, 55.8110993 ], [ 37.6829409, 55.8110407 ], [ 37.6826296, 55.810247 ], [ 37.6823645, 55.8095703 ], [ 37.681953, 55.8085142 ], [ 37.6814277, 55.8071661 ] ] ] } },
{ "type": "Feature", "properties": { "name": "Вело1", "km": 30.8 }, "geometry": { "type": "MultiLineString", "coordinates": [ [ [ 37.6521994, 55.8714597 ], [ 37.6522152, 55.8714953 ], [ 37.6522598, 55.8715963 ], [ 37.6522926, 55.8716838 ], [ 37.6525195, 55.8716547 ], [ 37.6526904, 55.8716358 ] ], [ [ 37.6521994, 55.8714597 ], [ 37.6521942, 55.8714455 ], [ 37.6521872, 55.8714263 ], [ 37.6521765, 55.8713971 ], [ 37.6521657, 55.8713677 ] ], [ [ 37.6521657, 55.8713677 ], [ 37.6517194, 55.8714153 ] ], [ [ 37.6504252, 55.8702125 ], [ 37.6508767, 55.8704692 ], [ 37.6510883, 55.8706396 ], [ 37.6511982, 55.8707644 ], [ 37.6513475, 55.8709841 ], [ 37.6514364, 55.8711102 ], [ 37.6514914, 55.8711918 ], [ 37.6517194, 55.8714153 ] ], [ [ 37.6492619, 55.8699837 ], [ 37.6499799, 55.8701288 ], [ 37.6504252, 55.8702125 ] ], [ [ 37.6492619, 55.8699837 ], [ 37.6490465, 55.8699399 ], [ 37.6489001, 55.8698715 ], [ 37.6488148, 55.8697734 ], [ 37.6486662, 55.8696379 ] ], [ [ 37.6486662, 55.8696379 ], [ 37.6480917, 55.869441 ], [ 37.6474807, 55.8691384 ], [ 37.6472898, 55.8690198 ], [ 37.6471379, 55.8689035 ], [ 37.6468844, 55.8685851 ], [ 37.6466044, 55.8682293 ], [ 37.6459853, 55.8677563 ], [ 37.6452525, 55.8673771 ], [ 37.6451116, 55.8672999 ], [ 37.6449928, 55.8672449 ], [ 37.6448975, 55.8672064 ], [ 37.6446456, 55.8671457 ], [ 37.6441581, 55.8670508 ], [ 37.6438647, 55.8670003 ], [ 37.6435756, 55.8669618 ], [ 37.6431927, 55.866915 ], [ 37.6421373, 55.8668384 ], [ 37.6413872, 55.8667933 ] ], [ [ 37.6413872, 55.8667933 ], [ 37.6413293, 55.8668424 ], [ 37.6412624, 55.8668591 ], [ 37.6411853, 55.8668527 ], [ 37.6411427, 55.8668347 ], [ 37.6411156, 55.8668088 ] ], [ [ 37.6411156, 55.8668088 ], [ 37.6411091, 55.8667757 ], [ 37.641142, 55.8667343 ], [ 37.6412071, 55.8667114 ], [ 37.6412605, 55.8667155 ], [ 37.6413139, 55.8667195 ], [ 37.6413582, 55.866745 ] ], [ [ 37.6413582, 55.866745 ], [ 37.6413872, 55.8667933 ] ], [ [ 37.660437, 55.8277131 ], [ 37.6606346, 55.8277082 ], [ 37.6613506, 55.8275613 ], [ 37.6623695, 55.8273741 ], [ 37.6638336, 55.8270392 ], [ 37.6645845, 55.8268595 ], [ 37.6647151, 55.8268282 ], [ 37.6649462, 55.8267729 ], [ 37.665922, 55.8265132 ], [ 37.6664649, 55.8262963 ], [ 37.6666823, 55.8262512 ], [ 37.6669299, 55.8262642 ], [ 37.667627, 55.826295 ] ], [ [ 37.667627, 55.826295 ], [ 37.6676767, 55.8262706 ], [ 37.6678436, 55.8261771 ], [ 37.6680546, 55.826059 ], [ 37.6681495, 55.8259409 ], [ 37.6682822, 55.8258474 ], [ 37.6686034, 55.8257406 ], [ 37.6689474, 55.8256677 ], [ 37.6691278, 55.8256295 ] ], [ [ 37.6691278, 55.8256295 ], [ 37.669161, 55.8256184 ], [ 37.6692133, 55.8255949 ], [ 37.6692554, 55.8255656 ], [ 37.6692852, 55.8255318 ], [ 37.6693012, 55.8254953 ], [ 37.6693028, 55.8254576 ], [ 37.6692575, 55.825163 ], [ 37.669255, 55.825106 ], [ 37.669265, 55.8250492 ], [ 37.6692873, 55.8249936 ], [ 37.6693215, 55.8249399 ], [ 37.6693719, 55.8248893 ], [ 37.669467, 55.8248178 ], [ 37.6695488, 55.8247532 ] ], [ [ 37.6695488, 55.8247532 ], [ 37.6696683, 55.8246855 ], [ 37.6698085, 55.8246261 ], [ 37.6699763, 55.8245883 ], [ 37.670297, 55.8245518 ] ], [ [ 37.670297, 55.8245518 ], [ 37.6705462, 55.8245322 ] ], [ [ 37.6705462, 55.8245322 ], [ 37.6707697, 55.8245067 ], [ 37.67097, 55.8244672 ], [ 37.6712769, 55.8243025 ], [ 37.6715583, 55.8240353 ], [ 37.671778, 55.8238599 ], [ 37.6723846, 55.8233207 ], [ 37.6725112, 55.8231446 ], [ 37.6727285, 55.8228427 ], [ 37.6729021, 55.822686 ], [ 37.6730663, 55.8225285 ], [ 37.6732976, 55.822332 ], [ 37.6737004, 55.8220053 ], [ 37.6740546, 55.8217641 ], [ 37.6741308, 55.8217253 ], [ 37.6745284, 55.8214678 ], [ 37.6749029, 55.8210832 ], [ 37.6751245, 55.8206275 ], [ 37.6753731, 55.820474 ], [ 37.6763103, 55.8198783 ], [ 37.6767166, 55.8196942 ], [ 37.6768731, 55.819687 ] ], [ [ 37.6768731, 55.819687 ], [ 37.6773109, 55.819429 ], [ 37.6775213, 55.81924 ], [ 37.677749, 55.8191426 ], [ 37.6783341, 55.8191051 ], [ 37.6785752, 55.8190239 ], [ 37.678945, 55.818786 ], [ 37.6791179, 55.8186672 ] ], [ [ 37.6791179, 55.8186672 ], [ 37.6797409, 55.818399 ], [ 37.6801518, 55.818328 ], [ 37.6804246, 55.8182994 ], [ 37.6809182, 55.8182805 ], [ 37.6812509, 55.8183309 ], [ 37.6814832, 55.81833 ], [ 37.681585, 55.8183094 ], [ 37.6821288, 55.8182062 ], [ 37.6826777, 55.8179885 ], [ 37.6827342, 55.8179661 ], [ 37.6830704, 55.8178023 ], [ 37.6833673, 55.8177393 ], [ 37.6839529, 55.8175961 ] ], [ [ 37.6839529, 55.8175961 ], [ 37.6845351, 55.8173725 ], [ 37.6847698, 55.8173339 ], [ 37.6852513, 55.8173464 ] ], [ [ 37.6863408, 55.8173845 ], [ 37.6862099, 55.8173297 ], [ 37.6860682, 55.8172801 ], [ 37.6859251, 55.8172619 ], [ 37.6857834, 55.8172635 ], [ 37.6852513, 55.8173464 ] ], [ [ 37.6874303, 55.8178532 ], [ 37.687128, 55.8177738 ], [ 37.6868942, 55.8176737 ], [ 37.6865478, 55.8174711 ], [ 37.6863408, 55.8173845 ] ], [ [ 37.6814277, 55.8071661 ], [ 37.6813801, 55.8070429 ], [ 37.6812602, 55.8070186 ] ], [ [ 37.6812318, 55.8069321 ], [ 37.6812565, 55.807005 ], [ 37.6812602, 55.8070186 ] ], [ [ 37.6812318, 55.8069321 ], [ 37.6813113, 55.8069084 ] ], [ [ 37.6813113, 55.8069084 ], [ 37.6814239, 55.8068953 ] ], [ [ 37.6786988, 55.8001959 ], [ 37.6787261, 55.8002597 ], [ 37.6788204, 55.8004864 ], [ 37.6788554, 55.800569 ], [ 37.6789312, 55.800754 ], [ 37.678957, 55.800816 ], [ 37.6795681, 55.8022839 ], [ 37.6797379, 55.8026918 ], [ 37.679971, 55.8032938 ], [ 37.6804224, 55.8044098 ], [ 37.6807962, 55.8053337 ], [ 37.681379, 55.8067802 ], [ 37.6814239, 55.8068953 ] ], [ [ 37.6852899, 55.7998008 ], [ 37.6851613, 55.7998432 ], [ 37.6832655, 55.8000237 ], [ 37.6817197, 55.8001573 ], [ 37.6803947, 55.8001803 ], [ 37.6787913, 55.8001947 ], [ 37.6786988, 55.8001959 ] ], [ [ 37.6852899, 55.7998008 ], [ 37.6853578, 55.799863 ] ], [ [ 37.6853578, 55.799863 ], [ 37.685678, 55.7997362 ], [ 37.6857092, 55.7997239 ] ], [ [ 37.6857092, 55.7997239 ], [ 37.6857486, 55.7997103 ] ], [ [ 37.6856765, 55.7996501 ], [ 37.6857486, 55.7997103 ] ], [ [ 37.6855601, 55.7995518 ], [ 37.6856765, 55.7996501 ] ], [ [ 37.6858954, 55.7994178 ], [ 37.6857243, 55.7994839 ], [ 37.6855601, 55.7995518 ] ], [ [ 37.6860459, 55.7995452 ], [ 37.6859721, 55.7994827 ], [ 37.6858954, 55.7994178 ] ], [ [ 37.6860459, 55.7995452 ], [ 37.6862906, 55.7997628 ], [ 37.6864835, 55.7999545 ], [ 37.6866015, 55.8001151 ], [ 37.6867464, 55.8003427 ], [ 37.6868792, 55.8005583 ], [ 37.6868981, 55.8006237 ], [ 37.6868818, 55.8006888 ], [ 37.6868351, 55.8007706 ] ], [ [ 37.6875113, 55.8012584 ], [ 37.6874637, 55.8012254 ], [ 37.6873672, 55.8011448 ], [ 37.687302, 55.8010904 ], [ 37.686882, 55.8008027 ], [ 37.6868351, 55.8007706 ] ], [ [ 37.6875804, 55.8012447 ], [ 37.6875359, 55.8012535 ], [ 37.6875113, 55.8012584 ] ], [ [ 37.6878651, 55.8011811 ], [ 37.687731, 55.8012112 ], [ 37.6875804, 55.8012447 ] ], [ [ 37.6878651, 55.8011811 ], [ 37.6878985, 55.8011744 ], [ 37.688316, 55.8010913 ], [ 37.6887568, 55.8010776 ] ], [ [ 37.6887568, 55.8010776 ], [ 37.6891636, 55.8010732 ], [ 37.6896764, 55.8010992 ], [ 37.6898878, 55.8011053 ], [ 37.6899324, 55.8011066 ], [ 37.6901127, 55.8011129 ], [ 37.6902388, 55.801131 ], [ 37.6903434, 55.8011664 ], [ 37.6904561, 55.8011886 ], [ 37.6905419, 55.8011928 ], [ 37.6906322, 55.8011806 ], [ 37.6907659, 55.8011393 ], [ 37.6908906, 55.8011219 ], [ 37.6909831, 55.8011168 ], [ 37.691078, 55.8011254 ], [ 37.6915026, 55.801178 ], [ 37.691867, 55.8011758 ] ], [ [ 37.694784, 55.8009045 ], [ 37.6946795, 55.800915 ], [ 37.6943104, 55.8009503 ], [ 37.6939308, 55.8010081 ], [ 37.6934095, 55.8010859 ], [ 37.6932779, 55.8011056 ], [ 37.6925533, 55.8011696 ], [ 37.691867, 55.8011758 ] ], [ [ 37.6949213, 55.8008174 ], [ 37.694873, 55.8008665 ], [ 37.694784, 55.8009045 ] ], [ [ 37.6949689, 55.800828 ], [ 37.6949213, 55.8008174 ] ], [ [ 37.6949689, 55.800828 ], [ 37.6950023, 55.8007841 ] ], [ [ 37.6956652, 55.8009404 ], [ 37.6954585, 55.8008917 ], [ 37.6951449, 55.8008177 ], [ 37.6950023, 55.8007841 ] ], [ [ 37.696371, 55.8010857 ], [ 37.6962618, 55.8010686 ], [ 37.6960039, 55.8010179 ], [ 37.6957875, 55.8009684 ], [ 37.6956652, 55.8009404 ] ], [ [ 37.6970756, 55.8011817 ], [ 37.6966043, 55.8011175 ], [ 37.696371, 55.8010857 ] ], [ [ 37.6980883, 55.8012804 ], [ 37.6976359, 55.8012368 ], [ 37.6970756, 55.8011817 ] ], [ [ 37.6980883, 55.8012804 ], [ 37.6981201, 55.8011679 ] ], [ [ 37.6984123, 55.8011919 ], [ 37.6982874, 55.8011785 ], [ 37.6981201, 55.8011679 ] ], [ [ 37.7029286, 55.7954898 ], [ 37.7022934, 55.7960122 ], [ 37.7022284, 55.796007 ], [ 37.7019972, 55.7962058 ], [ 37.7020271, 55.7962409 ], [ 37.701032, 55.7970631 ], [ 37.7008704, 55.7972073 ], [ 37.699837, 55.7981297 ], [ 37.6995593, 55.7984062 ], [ 37.6989241, 55.7990386 ], [ 37.6986918, 55.7993416 ], [ 37.6985271, 55.7996249 ], [ 37.6984724, 55.7997443 ], [ 37.6984443, 55.7998056 ], [ 37.6983806, 55.8000282 ], [ 37.6983417, 55.8002536 ], [ 37.6983164, 55.8005097 ], [ 37.698323, 55.8006885 ], [ 37.6984123, 55.8011919 ] ], [ [ 37.7033767, 55.7951134 ], [ 37.7031055, 55.7953412 ], [ 37.7029286, 55.7954898 ] ], [ [ 37.7036941, 55.7948468 ], [ 37.7033767, 55.7951134 ] ], [ [ 37.6998385, 55.7894416 ], [ 37.7000651, 55.7895835 ], [ 37.7003324, 55.7897344 ], [ 37.7006497, 55.7898998 ], [ 37.7012834, 55.7902084 ], [ 37.7019957, 55.7905555 ], [ 37.7026658, 55.7909013 ], [ 37.7030212, 55.7910911 ], [ 37.7045279, 55.7918958 ], [ 37.7046894, 55.7920028 ], [ 37.7048349, 55.7921194 ], [ 37.7049623, 55.7922559 ], [ 37.7050688, 55.7923835 ], [ 37.7051463, 55.7925178 ], [ 37.7052085, 55.7926535 ], [ 37.7052382, 55.7927992 ], [ 37.7052453, 55.7929757 ], [ 37.705214, 55.7931396 ], [ 37.7051629, 55.7932969 ], [ 37.7050623, 55.7934789 ], [ 37.7050388, 55.793504 ], [ 37.7049125, 55.7936389 ], [ 37.7046677, 55.7939235 ], [ 37.70443, 55.7941709 ], [ 37.7040956, 55.7945003 ], [ 37.7038008, 55.7947572 ], [ 37.7037638, 55.7947883 ], [ 37.7036941, 55.7948468 ] ], [ [ 37.6983578, 55.7863544 ], [ 37.6984226, 55.7868485 ], [ 37.698684, 55.7879593 ], [ 37.6987414, 55.7881877 ], [ 37.6988573, 55.7884364 ], [ 37.698906, 55.7885177 ], [ 37.6991293, 55.7888298 ], [ 37.6994255, 55.7891273 ], [ 37.6998385, 55.7894416 ] ], [ [ 37.6991206, 55.7818978 ], [ 37.6990097, 55.7822713 ], [ 37.6989936, 55.7823979 ], [ 37.6989372, 55.7828254 ], [ 37.6989907, 55.7828672 ], [ 37.6989629, 55.7830203 ], [ 37.698792, 55.783962 ], [ 37.6987848, 55.7840014 ], [ 37.6987531, 55.7841655 ], [ 37.6987452, 55.7841956 ], [ 37.6987012, 55.7844407 ], [ 37.6983578, 55.7863544 ] ], [ [ 37.6978894, 55.7744143 ], [ 37.6982565, 55.7746471 ], [ 37.7000763, 55.7758007 ], [ 37.7006843, 55.7761862 ], [ 37.7018778, 55.7769079 ], [ 37.7021679, 55.7771287 ], [ 37.7022906, 55.7772441 ], [ 37.7023833, 55.7773943 ], [ 37.7025387, 55.777578 ], [ 37.7026425, 55.7777952 ], [ 37.7026668, 55.7779277 ], [ 37.7026716, 55.7780623 ], [ 37.7026684, 55.7783675 ], [ 37.7025679, 55.7786755 ], [ 37.7021592, 55.7794868 ], [ 37.7020395, 55.7797064 ], [ 37.7019085, 55.7798778 ], [ 37.7016719, 55.7801093 ], [ 37.701461, 55.7802591 ], [ 37.7004464, 55.7808408 ], [ 37.700111, 55.7810327 ], [ 37.6996939, 55.7812715 ], [ 37.6994274, 55.7814438 ], [ 37.6992563, 55.7816104 ], [ 37.699209, 55.7817001 ], [ 37.6991459, 55.781819 ], [ 37.6991206, 55.7818978 ] ], [ [ 37.6978894, 55.7744143 ], [ 37.6977887, 55.7743494 ], [ 37.6957199, 55.7730165 ], [ 37.6950319, 55.7725812 ], [ 37.6948187, 55.7724349 ], [ 37.6946182, 55.7722727 ], [ 37.6945706, 55.7722342 ], [ 37.6944029, 55.7720705 ], [ 37.6942608, 55.7718993 ], [ 37.6941414, 55.7716896 ], [ 37.6940342, 55.7714709 ], [ 37.6939523, 55.77124 ], [ 37.6938598, 55.7709873 ], [ 37.6937257, 55.7707572 ], [ 37.693487, 55.770503 ], [ 37.6934025, 55.7704585 ], [ 37.6931101, 55.7702291 ], [ 37.6926675, 55.7699711 ], [ 37.6921385, 55.7697034 ] ], [ [ 37.6921385, 55.7697034 ], [ 37.6920901, 55.7696783 ] ], [ [ 37.6920901, 55.7696783 ], [ 37.6919668, 55.7696179 ], [ 37.6918376, 55.7695492 ] ], [ [ 37.6918526, 55.7695412 ], [ 37.6918376, 55.7695492 ] ], [ [ 37.6922101, 55.7693205 ], [ 37.6918526, 55.7695412 ] ], [ [ 37.6922348, 55.7692931 ], [ 37.6922101, 55.7693205 ] ], [ [ 37.6906531, 55.7685123 ], [ 37.690739, 55.7685076 ], [ 37.6922348, 55.7692931 ] ], [ [ 37.6677378, 55.7486322 ], [ 37.6681622, 55.7490063 ], [ 37.6683135, 55.749143 ], [ 37.6685214, 55.7493253 ], [ 37.6689502, 55.7496343 ], [ 37.6692993, 55.7498176 ], [ 37.6694285, 55.7498855 ], [ 37.6699585, 55.7501081 ], [ 37.6702954, 55.7502953 ], [ 37.6708784, 55.7507634 ], [ 37.6711777, 55.7510131 ], [ 37.6712603, 55.751082 ], [ 37.6719292, 55.7516317 ], [ 37.6723221, 55.7519674 ], [ 37.6727319, 55.7523236 ], [ 37.6729186, 55.7525208 ], [ 37.6731387, 55.7528604 ], [ 37.6732693, 55.7531518 ], [ 37.6733131, 55.7534924 ], [ 37.6732547, 55.7538013 ], [ 37.6731088, 55.7541539 ], [ 37.6730445, 55.7542577 ], [ 37.6728337, 55.7545978 ], [ 37.6723547, 55.7553708 ], [ 37.6721178, 55.7557746 ], [ 37.6720012, 55.7561459 ], [ 37.6718347, 55.7564366 ], [ 37.6712627, 55.757435 ], [ 37.6712297, 55.7575755 ], [ 37.6712238, 55.757778 ], [ 37.6712622, 55.7579412 ], [ 37.6713089, 55.758082 ], [ 37.6714938, 55.7583715 ], [ 37.6717292, 55.7586021 ], [ 37.6720338, 55.7587947 ], [ 37.6724097, 55.758974 ], [ 37.6727049, 55.7590724 ], [ 37.6729402, 55.7591359 ], [ 37.6732453, 55.7591907 ], [ 37.6735604, 55.7592293 ], [ 37.674345, 55.7592256 ], [ 37.6749381, 55.7591675 ], [ 37.6761364, 55.7590683 ], [ 37.6774849, 55.7589675 ], [ 37.6777907, 55.7589517 ], [ 37.6779034, 55.7589485 ], [ 37.6780652, 55.7589438 ], [ 37.6783228, 55.758939 ], [ 37.6788204, 55.7589236 ], [ 37.6797588, 55.7589054 ], [ 37.6802087, 55.7589132 ], [ 37.6807547, 55.758951 ], [ 37.6812718, 55.7590315 ], [ 37.6818556, 55.7591637 ], [ 37.682382, 55.759302 ], [ 37.6830484, 55.7595321 ], [ 37.6835503, 55.7597591 ], [ 37.684055, 55.760042 ], [ 37.6843786, 55.7602337 ], [ 37.6847336, 55.7605287 ], [ 37.6848516, 55.7605453 ], [ 37.6848623, 55.7606246 ], [ 37.6849106, 55.7606819 ], [ 37.685093, 55.7608721 ], [ 37.6853719, 55.7612463 ], [ 37.685557, 55.7614584 ], [ 37.6857394, 55.761641 ], [ 37.6862021, 55.7620522 ], [ 37.6862745, 55.7621495 ], [ 37.6863094, 55.7622461 ], [ 37.6863094, 55.7623238 ], [ 37.6862651, 55.7624861 ], [ 37.6859687, 55.7634043 ], [ 37.6859593, 55.7634715 ], [ 37.6859754, 55.7636903 ], [ 37.6860513, 55.7638943 ], [ 37.6862366, 55.7641903 ], [ 37.6880297, 55.7664458 ], [ 37.6880448, 55.7664645 ], [ 37.6881531, 55.7665903 ], [ 37.6888797, 55.7674152 ], [ 37.6891685, 55.7676737 ], [ 37.6895303, 55.7678865 ], [ 37.6906531, 55.7685123 ] ], [ [ 37.6677378, 55.7486322 ], [ 37.6673841, 55.7483876 ], [ 37.6671975, 55.7483089 ], [ 37.6670088, 55.7482224 ], [ 37.6668411, 55.7481574 ], [ 37.6667244, 55.7481178 ], [ 37.6665445, 55.7480707 ], [ 37.6663366, 55.7480249 ], [ 37.6661277, 55.7480006 ], [ 37.6658853, 55.7479937 ], [ 37.665644, 55.7479973 ], [ 37.6654207, 55.748018 ], [ 37.6652115, 55.7480566 ], [ 37.6650267, 55.7481073 ], [ 37.664802, 55.7481854 ], [ 37.6647204, 55.7482213 ], [ 37.6646432, 55.7482553 ], [ 37.6645089, 55.7483262 ], [ 37.664332, 55.748447 ], [ 37.6639937, 55.7487384 ], [ 37.6635621, 55.749111 ], [ 37.6632978, 55.7493378 ], [ 37.6631506, 55.7494626 ], [ 37.6630344, 55.7495469 ], [ 37.6628896, 55.7496211 ], [ 37.6627474, 55.7496993 ], [ 37.6625999, 55.7497713 ], [ 37.6623854, 55.7498525 ], [ 37.662115, 55.7499426 ], [ 37.6620406, 55.7499637 ], [ 37.6618705, 55.750005 ], [ 37.6615822, 55.750058 ], [ 37.6614546, 55.7500783 ], [ 37.6612781, 55.750095 ], [ 37.6609798, 55.7501192 ], [ 37.6605061, 55.7501536 ], [ 37.6594318, 55.7502358 ], [ 37.6589131, 55.7502698 ], [ 37.6588624, 55.7502731 ], [ 37.658509, 55.7502946 ], [ 37.6581943, 55.7503074 ], [ 37.6579082, 55.7503046 ], [ 37.657695, 55.750296 ], [ 37.6573154, 55.7502449 ], [ 37.656837, 55.7501799 ] ], [ [ 37.6483603, 55.7492208 ], [ 37.6486461, 55.7492464 ], [ 37.648678, 55.7492493 ], [ 37.648779, 55.7492583 ], [ 37.6493647, 55.7493108 ], [ 37.6501955, 55.7493718 ], [ 37.6514662, 55.7494918 ], [ 37.6515111, 55.7494954 ], [ 37.6529805, 55.7496135 ], [ 37.6535682, 55.7496607 ], [ 37.6540316, 55.7497095 ], [ 37.654524, 55.7497656 ], [ 37.655043, 55.7498435 ], [ 37.6555154, 55.7499271 ], [ 37.6561606, 55.7500559 ], [ 37.656837, 55.7501799 ] ], [ [ 37.6483603, 55.7492208 ], [ 37.6482578, 55.7491962 ], [ 37.6481964, 55.7491902 ], [ 37.6479516, 55.74916 ], [ 37.6477308, 55.7491231 ], [ 37.646971, 55.7489787 ], [ 37.6457493, 55.7487466 ] ], [ [ 37.6451052, 55.7486276 ], [ 37.6453008, 55.7486672 ], [ 37.6453991, 55.7486864 ], [ 37.6455161, 55.7487106 ], [ 37.6457493, 55.7487466 ] ], [ [ 37.6451052, 55.7486276 ], [ 37.6425156, 55.7481759 ], [ 37.6422568, 55.7481193 ], [ 37.6420462, 55.7480528 ], [ 37.6418518, 55.7479781 ], [ 37.6416895, 55.7478875 ], [ 37.6415658, 55.747806 ], [ 37.6414347, 55.7477079 ], [ 37.6408305, 55.7471314 ] ], [ [ 37.6408016, 55.7471501 ], [ 37.6408305, 55.7471314 ] ], [ [ 37.6408016, 55.7471501 ], [ 37.6407722, 55.747162 ] ], [ [ 37.6403765, 55.7474742 ], [ 37.6407722, 55.747162 ] ], [ [ 37.6403765, 55.7474742 ], [ 37.6403548, 55.7474975 ], [ 37.6403461, 55.7475263 ] ], [ [ 37.6403461, 55.7475263 ], [ 37.6403299, 55.7475409 ] ], [ [ 37.6403299, 55.7475409 ], [ 37.6401726, 55.7476865 ], [ 37.6401024, 55.7477468 ] ], [ [ 37.6401024, 55.7477468 ], [ 37.6400897, 55.7477583 ] ], [ [ 37.6400897, 55.7477583 ], [ 37.6400533, 55.7477373 ], [ 37.639997, 55.7477343 ], [ 37.6399869, 55.7477377 ] ], [ [ 37.6399869, 55.7477377 ], [ 37.6394597, 55.7479175 ] ], [ [ 37.6394597, 55.7479175 ], [ 37.6394142, 55.74793 ] ], [ [ 37.6394142, 55.74793 ], [ 37.639324, 55.7479547 ], [ 37.6392389, 55.7479799 ] ], [ [ 37.6392389, 55.7479799 ], [ 37.6389569, 55.7480584 ] ], [ [ 37.6389569, 55.7480584 ], [ 37.6388856, 55.7479842 ], [ 37.6388008, 55.747896 ], [ 37.6387218, 55.7478137 ] ], [ [ 37.6602341, 55.8277053 ], [ 37.660437, 55.8277131 ] ], [ [ 37.6552785, 55.8286485 ], [ 37.6556999, 55.8284682 ], [ 37.65591, 55.8284056 ], [ 37.6563228, 55.828313 ], [ 37.6579621, 55.8279653 ], [ 37.658345, 55.8279106 ], [ 37.6602341, 55.8277053 ] ], [ [ 37.6549026, 55.8290144 ], [ 37.6549816, 55.8289625 ], [ 37.6552785, 55.8286485 ] ], [ [ 37.6549026, 55.8290144 ], [ 37.654595, 55.8290118 ] ], [ [ 37.654595, 55.8290118 ], [ 37.6544051, 55.8290293 ], [ 37.6541675, 55.8291168 ], [ 37.6539966, 55.8292427 ], [ 37.6538524, 55.8294972 ], [ 37.6537184, 55.8300018 ], [ 37.653715, 55.8301393 ], [ 37.6537828, 55.8303194 ], [ 37.6538833, 55.8304924 ], [ 37.6539653, 55.8306016 ] ], [ [ 37.6539653, 55.8306016 ], [ 37.6540474, 55.8307108 ], [ 37.6542931, 55.8309431 ], [ 37.6545116, 55.8311427 ], [ 37.6546521, 55.8312733 ], [ 37.6547237, 55.8313399 ], [ 37.6550142, 55.8316074 ], [ 37.6551999, 55.831846 ] ], [ [ 37.6551999, 55.831846 ], [ 37.6552879, 55.83199 ], [ 37.6553057, 55.8320674 ] ], [ [ 37.6553729, 55.8320673 ], [ 37.6553057, 55.8320674 ] ], [ [ 37.6553826, 55.8323266 ], [ 37.6554776, 55.8323222 ], [ 37.6555615, 55.8322968 ], [ 37.6556203, 55.8322547 ], [ 37.6556442, 55.8322029 ], [ 37.6556262, 55.8321458 ], [ 37.6555662, 55.8320987 ], [ 37.6554759, 55.8320707 ], [ 37.6553729, 55.8320673 ] ], [ [ 37.6553826, 55.8323266 ], [ 37.6553167, 55.8325562 ], [ 37.6552587, 55.8326909 ], [ 37.6551782, 55.8328138 ], [ 37.6549625, 55.8330182 ], [ 37.6547774, 55.833189 ] ], [ [ 37.6547774, 55.833189 ], [ 37.6546043, 55.8332646 ], [ 37.6544384, 55.8333655 ], [ 37.6541126, 55.8336492 ], [ 37.654063, 55.8336922 ], [ 37.6540435, 55.833731 ], [ 37.6540439, 55.8337671 ] ], [ [ 37.6540439, 55.8337671 ], [ 37.6539857, 55.8337865 ], [ 37.6539995, 55.8338 ] ], [ [ 37.6539995, 55.8338 ], [ 37.653988, 55.8338062 ], [ 37.6539554, 55.8338328 ], [ 37.6539364, 55.8338643 ] ], [ [ 37.6539364, 55.8338643 ], [ 37.6539221, 55.8338949 ] ], [ [ 37.6539221, 55.8338949 ], [ 37.6538919, 55.833983 ], [ 37.6538093, 55.8343472 ] ], [ [ 37.6538093, 55.8343472 ], [ 37.652718, 55.8352743 ], [ 37.6521438, 55.8354316 ], [ 37.6518224, 55.8356067 ], [ 37.65145, 55.8358087 ], [ 37.6510343, 55.8361702 ], [ 37.6510048, 55.8362079 ], [ 37.6510061, 55.8362478 ], [ 37.6510343, 55.8362877 ], [ 37.6512505, 55.8363735 ], [ 37.6510256, 55.8365594 ] ], [ [ 37.6510256, 55.8365594 ], [ 37.6512093, 55.8366414 ] ], [ [ 37.6512093, 55.8366414 ], [ 37.6509737, 55.8368222 ], [ 37.6506303, 55.8371898 ], [ 37.6504947, 55.8373937 ], [ 37.6504547, 55.8375468 ], [ 37.6504734, 55.837711 ], [ 37.6504265, 55.8378754 ], [ 37.6503673, 55.8379648 ], [ 37.6503215, 55.8380339 ] ], [ [ 37.6501635, 55.8380207 ], [ 37.6503215, 55.8380339 ] ], [ [ 37.649895, 55.8379931 ], [ 37.6501635, 55.8380207 ] ], [ [ 37.6489605, 55.8377218 ], [ 37.6492801, 55.8377623 ], [ 37.6494062, 55.8377773 ], [ 37.6495267, 55.837813 ], [ 37.6497565, 55.8379556 ], [ 37.649895, 55.8379931 ] ], [ [ 37.6489605, 55.8377218 ], [ 37.6486999, 55.8377865 ] ], [ [ 37.6486999, 55.8377865 ], [ 37.6480567, 55.8379463 ], [ 37.6478521, 55.8379971 ] ], [ [ 37.6465187, 55.8382873 ], [ 37.6467696, 55.838312 ], [ 37.647038, 55.8382928 ], [ 37.6478521, 55.8379971 ] ], [ [ 37.6438861, 55.8392614 ], [ 37.6447309, 55.8389764 ], [ 37.6449968, 55.838887 ], [ 37.6457602, 55.8386302 ], [ 37.6458614, 55.8385962 ], [ 37.6459887, 55.8385534 ], [ 37.6460548, 55.8385312 ], [ 37.6465187, 55.8382873 ] ], [ [ 37.6435374, 55.8401386 ], [ 37.643617, 55.8400355 ], [ 37.6439301, 55.8394372 ], [ 37.6439601, 55.8393892 ], [ 37.6439086, 55.8392815 ], [ 37.6438861, 55.8392614 ] ], [ [ 37.6435231, 55.8402673 ], [ 37.6435374, 55.8401386 ] ], [ [ 37.6435231, 55.8402673 ], [ 37.6435161, 55.840405 ] ], [ [ 37.6435161, 55.840405 ], [ 37.6434131, 55.8404045 ] ], [ [ 37.6418415, 55.8403415 ], [ 37.6419416, 55.8403543 ], [ 37.6419926, 55.8403599 ], [ 37.6422494, 55.8403577 ], [ 37.6425297, 55.8403562 ], [ 37.64259, 55.8403513 ], [ 37.6426611, 55.8403381 ], [ 37.6427583, 55.8403219 ], [ 37.6428764, 55.8403166 ], [ 37.6430038, 55.8403242 ], [ 37.6431754, 55.8403415 ], [ 37.6434128, 55.8403746 ], [ 37.6434131, 55.8404045 ] ], [ [ 37.6367448, 55.8406348 ], [ 37.6368154, 55.8406323 ], [ 37.6375743, 55.8406101 ], [ 37.6383338, 55.8405751 ], [ 37.6385288, 55.8405658 ], [ 37.6387895, 55.8405574 ], [ 37.6390791, 55.8405514 ], [ 37.639323, 55.8405409 ], [ 37.6396071, 55.8405289 ], [ 37.6398549, 55.8405138 ], [ 37.6400368, 55.8404995 ], [ 37.6402738, 55.8404747 ], [ 37.6405285, 55.8404432 ], [ 37.6407338, 55.8404182 ], [ 37.6409407, 55.8403971 ], [ 37.6411142, 55.8403821 ], [ 37.6413365, 55.8403715 ], [ 37.6415212, 55.8403489 ], [ 37.6416919, 55.840333 ], [ 37.6418415, 55.8403415 ] ], [ [ 37.6367684, 55.8407062 ], [ 37.6367448, 55.8406348 ] ], [ [ 37.637288, 55.8417976 ], [ 37.6372669, 55.8417495 ], [ 37.6371571, 55.8415277 ], [ 37.637065, 55.8413405 ], [ 37.6367684, 55.8407062 ] ], [ [ 37.637367, 55.8419589 ], [ 37.6373993, 55.8419206 ], [ 37.6374114, 55.8419002 ], [ 37.6374207, 55.8418754 ], [ 37.6373966, 55.8418483 ], [ 37.6373631, 55.8418295 ], [ 37.6373389, 55.8418151 ], [ 37.637288, 55.8417976 ] ], [ [ 37.6376489, 55.8427361 ], [ 37.6376033, 55.8426838 ], [ 37.6375674, 55.8425146 ], [ 37.6375367, 55.8423983 ], [ 37.6374985, 55.8422606 ], [ 37.6374559, 55.8421446 ], [ 37.6374078, 55.8420413 ], [ 37.637367, 55.8419589 ] ], [ [ 37.6376489, 55.8427361 ], [ 37.6375763, 55.8427338 ] ], [ [ 37.6375763, 55.8427338 ], [ 37.6371391, 55.8427206 ], [ 37.6367878, 55.8427138 ] ], [ [ 37.6363939, 55.8426442 ], [ 37.6367878, 55.8427138 ] ], [ [ 37.6363939, 55.8426442 ], [ 37.6362755, 55.842641 ], [ 37.6361332, 55.8426371 ], [ 37.6360831, 55.8426357 ], [ 37.6360366, 55.8426345 ] ], [ [ 37.6360366, 55.8426345 ], [ 37.6360105, 55.8429304 ], [ 37.6359988, 55.843095 ] ], [ [ 37.6359988, 55.843095 ], [ 37.6359832, 55.8432379 ], [ 37.6359485, 55.843557 ], [ 37.6359052, 55.8439547 ], [ 37.6358792, 55.8440825 ], [ 37.6358727, 55.8441302 ], [ 37.6358572, 55.8442022 ], [ 37.6357709, 55.8446019 ], [ 37.6357091, 55.844834 ], [ 37.6356414, 55.8450829 ], [ 37.6355864, 55.8455484 ], [ 37.6355707, 55.8456152 ], [ 37.6355684, 55.8456455 ], [ 37.6355471, 55.845932 ], [ 37.6355378, 55.8461294 ], [ 37.6354781, 55.8461998 ] ], [ [ 37.6354781, 55.8461998 ], [ 37.6355393, 55.8462313 ], [ 37.6356076, 55.8462667 ] ], [ [ 37.6356076, 55.8462667 ], [ 37.6356076, 55.8463076 ] ], [ [ 37.6356076, 55.8463076 ], [ 37.6354833, 55.8464017 ] ], [ [ 37.6354833, 55.8464017 ], [ 37.63548, 55.8464925 ], [ 37.6354775, 55.8465595 ], [ 37.6354753, 55.8466185 ], [ 37.6354733, 55.8466743 ] ], [ [ 37.6352343, 55.8467533 ], [ 37.6352465, 55.8467391 ], [ 37.6352687, 55.8467172 ], [ 37.6353156, 55.8466956 ], [ 37.63539, 55.8466766 ], [ 37.6354733, 55.8466743 ] ], [ [ 37.6352343, 55.8467533 ], [ 37.6351733, 55.8467507 ], [ 37.6350502, 55.8467455 ], [ 37.634977, 55.8467423 ] ], [ [ 37.634977, 55.8467423 ], [ 37.6349949, 55.846782 ] ], [ [ 37.6348897, 55.8469708 ], [ 37.6349949, 55.846782 ] ], [ [ 37.6348897, 55.8469708 ], [ 37.6347576, 55.8469772 ] ], [ [ 37.6347576, 55.8469772 ], [ 37.634633, 55.8469833 ], [ 37.6338443, 55.8470237 ] ], [ [ 37.6338443, 55.8470237 ], [ 37.6338246, 55.8470247 ] ], [ [ 37.6337592, 55.8470098 ], [ 37.6338246, 55.8470247 ] ], [ [ 37.6336873, 55.8470126 ], [ 37.6337592, 55.8470098 ] ], [ [ 37.6334912, 55.8470202 ], [ 37.6336873, 55.8470126 ] ], [ [ 37.6334622, 55.8470213 ], [ 37.6334912, 55.8470202 ] ], [ [ 37.6334347, 55.8470224 ], [ 37.6334622, 55.8470213 ] ], [ [ 37.6333605, 55.8470253 ], [ 37.6334347, 55.8470224 ] ], [ [ 37.6333397, 55.8470261 ], [ 37.6333605, 55.8470253 ] ], [ [ 37.6332628, 55.8470291 ], [ 37.6333397, 55.8470261 ] ], [ [ 37.6329853, 55.8470399 ], [ 37.6332628, 55.8470291 ] ], [ [ 37.6329119, 55.8470428 ], [ 37.6329853, 55.8470399 ] ], [ [ 37.6328173, 55.8470464 ], [ 37.6329119, 55.8470428 ] ], [ [ 37.6328173, 55.8470464 ], [ 37.6328797, 55.8472629 ], [ 37.6328941, 55.8473062 ], [ 37.6328924, 55.8473521 ], [ 37.6328636, 55.8473951 ], [ 37.6328244, 55.847431 ], [ 37.6327651, 55.8474568 ], [ 37.6326689, 55.8474769 ], [ 37.632563, 55.847517 ], [ 37.6324979, 55.8475541 ], [ 37.6324357, 55.8476039 ], [ 37.6323799, 55.8476598 ], [ 37.63232, 55.8477006 ], [ 37.6322463, 55.8477348 ], [ 37.6321644, 55.8477556 ], [ 37.6320945, 55.8477649 ], [ 37.6320507, 55.8477677 ] ], [ [ 37.6320507, 55.8477677 ], [ 37.6320153, 55.84777 ], [ 37.6319148, 55.8477901 ], [ 37.6318138, 55.8478251 ], [ 37.6317468, 55.8478648 ], [ 37.6316831, 55.847918 ], [ 37.6316484, 55.8479664 ], [ 37.6316297, 55.8480224 ], [ 37.6316316, 55.8480744 ], [ 37.6316322, 55.8480924 ] ], [ [ 37.6316322, 55.8480924 ], [ 37.6316322, 55.848125 ], [ 37.6316335, 55.8481574 ], [ 37.6316221, 55.8481775 ], [ 37.6315879, 55.8482166 ], [ 37.63154, 55.8482609 ], [ 37.6315051, 55.8482861 ], [ 37.6314424, 55.8483226 ], [ 37.6313828, 55.8483508 ], [ 37.6313186, 55.8483767 ], [ 37.6311725, 55.8484199 ], [ 37.6310666, 55.8484602 ], [ 37.6310187, 55.848488 ], [ 37.6309593, 55.8485287 ], [ 37.630911, 55.8485641 ], [ 37.6308614, 55.848598 ], [ 37.6308165, 55.8486311 ], [ 37.6307689, 55.8486544 ], [ 37.6307089, 55.8486746 ], [ 37.6306094, 55.8486926 ], [ 37.630499, 55.848696 ], [ 37.6303779, 55.8487036 ], [ 37.6302941, 55.848715 ], [ 37.6302153, 55.8487301 ], [ 37.630157, 55.8487453 ], [ 37.6301092, 55.8487658 ], [ 37.6300753, 55.8487839 ], [ 37.6300442, 55.8488062 ], [ 37.6300212, 55.8488267 ], [ 37.6299987, 55.8488556 ], [ 37.6299821, 55.8488717 ], [ 37.6299608, 55.8488861 ], [ 37.6299358, 55.848898 ], [ 37.6299076, 55.8489071 ], [ 37.6298769, 55.8489132 ], [ 37.6298422, 55.8489165 ], [ 37.6298109, 55.8489206 ], [ 37.6297832, 55.8489291 ], [ 37.6297647, 55.8489401 ], [ 37.6297529, 55.84895 ], [ 37.6297414, 55.848961 ], [ 37.6297023, 55.8489887 ] ], [ [ 37.6297023, 55.8489887 ], [ 37.629723, 55.8490016 ] ], [ [ 37.629723, 55.8490016 ], [ 37.63002, 55.8491729 ] ], [ [ 37.63002, 55.8491729 ], [ 37.6304386, 55.8494545 ], [ 37.630614, 55.8495602 ] ], [ [ 37.6305483, 55.8502556 ], [ 37.630614, 55.8495602 ] ], [ [ 37.6306338, 55.8517019 ], [ 37.6305543, 55.8514256 ], [ 37.6305838, 55.8513372 ], [ 37.6305972, 55.8512586 ], [ 37.6305939, 55.85121 ], [ 37.6305328, 55.8511863 ], [ 37.6305006, 55.8511791 ], [ 37.6303853, 55.8511686 ], [ 37.6303195, 55.8510671 ], [ 37.6302624, 55.8509883 ], [ 37.6301736, 55.8507362 ], [ 37.6301923, 55.8506269 ], [ 37.6303415, 55.8504609 ], [ 37.6305483, 55.8502556 ] ], [ [ 37.6811092, 55.8906359 ], [ 37.6812274, 55.8907512 ], [ 37.6814403, 55.89103 ] ], [ [ 37.6807256, 55.8902478 ], [ 37.680912, 55.8904479 ], [ 37.6811092, 55.8906359 ] ], [ [ 37.6804724, 55.8895717 ], [ 37.6805097, 55.8897097 ], [ 37.6805211, 55.8897537 ], [ 37.6805726, 55.8899511 ], [ 37.6805907, 55.8900867 ], [ 37.6807256, 55.8902478 ] ], [ [ 37.6798684, 55.8875977 ], [ 37.6801062, 55.8877941 ], [ 37.6801823, 55.8879129 ], [ 37.6802486, 55.8880543 ], [ 37.6802892, 55.8882426 ], [ 37.6803476, 55.8885096 ], [ 37.6803626, 55.888683 ], [ 37.6804724, 55.8895717 ] ], [ [ 37.6796159, 55.8874429 ], [ 37.6798684, 55.8875977 ] ], [ [ 37.6796159, 55.8874429 ], [ 37.679581, 55.8872738 ] ], [ [ 37.6795961, 55.8872348 ], [ 37.679581, 55.8872738 ] ], [ [ 37.6795961, 55.8872348 ], [ 37.6795719, 55.88713 ], [ 37.679557, 55.887066 ] ], [ [ 37.679557, 55.887066 ], [ 37.6795463, 55.8870325 ] ], [ [ 37.6795463, 55.8870325 ], [ 37.6795262, 55.8868991 ], [ 37.6795628, 55.8866779 ], [ 37.6795954, 55.8863314 ], [ 37.6795595, 55.8862436 ], [ 37.6794815, 55.8860532 ], [ 37.6792498, 55.8858001 ], [ 37.6790518, 55.8856137 ], [ 37.6788158, 55.8855225 ], [ 37.6786121, 55.8854328 ], [ 37.6785064, 55.8853405 ], [ 37.678392, 55.8852438 ], [ 37.6781244, 55.8850636 ], [ 37.678019, 55.8850383 ], [ 37.6778612, 55.8850069 ], [ 37.6777496, 55.8849773 ], [ 37.677695, 55.8849477 ], [ 37.6776277, 55.8848904 ], [ 37.6774813, 55.8847399 ], [ 37.6774041, 55.8846715 ], [ 37.6772374, 55.8846145 ], [ 37.6770016, 55.8845803 ], [ 37.6767251, 55.884546 ], [ 37.6765056, 55.8845004 ], [ 37.6762698, 55.8843978 ], [ 37.6761478, 55.8843043 ], [ 37.676028, 55.8842337 ], [ 37.6758795, 55.8841721 ], [ 37.6756869, 55.8841343 ], [ 37.6754254, 55.8841207 ], [ 37.6752711, 55.8841185 ], [ 37.6751697, 55.8841245 ], [ 37.6750983, 55.8841213 ], [ 37.6750199, 55.8841203 ], [ 37.6748929, 55.8841576 ], [ 37.6746515, 55.884205 ], [ 37.6745686, 55.8842225 ], [ 37.6743471, 55.8842712 ], [ 37.6742143, 55.8842885 ], [ 37.6740534, 55.88429 ], [ 37.6737718, 55.8842772 ], [ 37.6733963, 55.8842561 ], [ 37.6732072, 55.8842313 ], [ 37.672998, 55.8841899 ], [ 37.6728732, 55.8841531 ], [ 37.6727727, 55.8840929 ], [ 37.6727096, 55.88402 ], [ 37.672605, 55.8838462 ], [ 37.6724991, 55.8836499 ], [ 37.672068, 55.8828632 ], [ 37.672029, 55.8827461 ], [ 37.6720007, 55.8826309 ], [ 37.6719655, 55.8824569 ] ], [ [ 37.6719655, 55.8824569 ], [ 37.6719247, 55.8823681 ], [ 37.6718961, 55.8823209 ], [ 37.6718442, 55.8822647 ] ], [ [ 37.67142, 55.8821631 ], [ 37.6715538, 55.8821825 ], [ 37.6716833, 55.882204 ], [ 37.6717807, 55.8822326 ], [ 37.6718442, 55.8822647 ] ], [ [ 37.67142, 55.8821631 ], [ 37.6707524, 55.8821392 ] ], [ [ 37.6707524, 55.8821392 ], [ 37.6707111, 55.8821402 ] ], [ [ 37.6707111, 55.8821402 ], [ 37.6704022, 55.8821666 ], [ 37.6701379, 55.8821652 ], [ 37.6692847, 55.8820737 ], [ 37.669194, 55.882064 ], [ 37.6691211, 55.8820637 ], [ 37.668909, 55.882063 ], [ 37.6687549, 55.8820704 ], [ 37.6687213, 55.8820698 ], [ 37.668033, 55.8821093 ] ], [ [ 37.6679395, 55.8823852 ], [ 37.668033, 55.8821093 ] ], [ [ 37.6679395, 55.8823852 ], [ 37.6678039, 55.8824823 ], [ 37.6675559, 55.8825393 ], [ 37.6672389, 55.8825749 ], [ 37.6671087, 55.8825895 ], [ 37.6668539, 55.8826018 ], [ 37.6667306, 55.8826077 ], [ 37.666381, 55.8826054 ], [ 37.6660434, 55.8826143 ], [ 37.665946, 55.8826168 ], [ 37.6657967, 55.8826452 ], [ 37.6656939, 55.8826647 ], [ 37.6655313, 55.8827126 ], [ 37.6653728, 55.8827172 ], [ 37.6649825, 55.8826579 ], [ 37.664896, 55.8826397 ], [ 37.6644946, 55.8825553 ], [ 37.6638157, 55.8824321 ], [ 37.6635718, 55.8824116 ], [ 37.663401, 55.8824139 ], [ 37.6632262, 55.8824572 ], [ 37.6627343, 55.8825872 ], [ 37.6625717, 55.88261 ], [ 37.6623318, 55.8825849 ], [ 37.6621005, 55.8825814 ], [ 37.6619456, 55.8825681 ], [ 37.661857, 55.8825534 ], [ 37.6613738, 55.8824445 ] ], [ [ 37.6601542, 55.8821889 ], [ 37.6605039, 55.882252 ], [ 37.6613738, 55.8824445 ] ], [ [ 37.6822967, 55.8915758 ], [ 37.6821473, 55.8915802 ], [ 37.6820049, 55.8915644 ], [ 37.6818867, 55.8915305 ], [ 37.6817824, 55.8914829 ], [ 37.6816932, 55.8913897 ], [ 37.6816003, 55.8912732 ], [ 37.6815322, 55.8911747 ], [ 37.6814403, 55.89103 ] ], [ [ 37.6822967, 55.8915758 ], [ 37.6825569, 55.8915383 ], [ 37.6826962, 55.891509 ], [ 37.6828275, 55.8914717 ] ], [ [ 37.6828275, 55.8914717 ], [ 37.6833021, 55.8914618 ], [ 37.6836039, 55.8914621 ] ], [ [ 37.6836039, 55.8914621 ], [ 37.6839107, 55.8914101 ], [ 37.6842282, 55.8913281 ], [ 37.6845289, 55.8912545 ] ], [ [ 37.6845289, 55.8912545 ], [ 37.6846221, 55.8913948 ], [ 37.6848564, 55.8919327 ], [ 37.6849008, 55.8921277 ], [ 37.6849537, 55.8925743 ], [ 37.6850383, 55.8932657 ], [ 37.6850734, 55.8937508 ], [ 37.685081, 55.8940084 ], [ 37.6850591, 55.8941314 ], [ 37.6850102, 55.894406 ], [ 37.684987, 55.8945531 ] ], [ [ 37.6850863, 55.8951557 ], [ 37.6850483, 55.8946216 ], [ 37.6850423, 55.8946062 ], [ 37.6850316, 55.8945947 ], [ 37.6850126, 55.8945809 ], [ 37.6849941, 55.8945661 ], [ 37.684987, 55.8945531 ] ], [ [ 37.685103479460658, 55.895200647796045 ], [ 37.6850863, 55.8951557 ] ], [ [ 37.6530074, 55.8733191 ], [ 37.652951, 55.8732441 ], [ 37.6528796, 55.8731277 ], [ 37.6528488, 55.8730205 ], [ 37.6527806, 55.8727526 ], [ 37.6527529, 55.8725377 ], [ 37.652752, 55.8724233 ] ], [ [ 37.6409905, 55.8668518 ], [ 37.6410328, 55.8668564 ], [ 37.6411156, 55.8668088 ] ], [ [ 37.6407245, 55.8667766 ], [ 37.6408307, 55.866812 ], [ 37.6409365, 55.8668365 ], [ 37.6409905, 55.8668518 ] ], [ [ 37.6407245, 55.8667766 ], [ 37.6406389, 55.8668074 ] ], [ [ 37.6391468, 55.86633 ], [ 37.6399479, 55.8667527 ], [ 37.6402746, 55.8667872 ], [ 37.6406389, 55.8668074 ] ], [ [ 37.6361697, 55.8645193 ], [ 37.6361994, 55.8645393 ], [ 37.6367352, 55.8649012 ], [ 37.6373131, 55.8652914 ], [ 37.6376479, 55.8655273 ], [ 37.6377422, 55.8655938 ], [ 37.6381435, 55.8658028 ], [ 37.6389093, 55.8662018 ], [ 37.6391468, 55.86633 ] ], [ [ 37.6355568, 55.8639971 ], [ 37.6359015, 55.8643017 ], [ 37.6361697, 55.8645193 ] ], [ [ 37.6348663, 55.86327 ], [ 37.6352615, 55.863673 ], [ 37.6353063, 55.8637187 ], [ 37.6354296, 55.8638502 ], [ 37.6355568, 55.8639971 ] ], [ [ 37.6332618, 55.8630272 ], [ 37.6332295, 55.8630927 ], [ 37.6333229, 55.8631999 ], [ 37.6338668, 55.8634827 ], [ 37.6341631, 55.8636222 ], [ 37.6342689, 55.8636606 ], [ 37.6343644, 55.8636604 ], [ 37.6344395, 55.8636453 ], [ 37.6346205, 55.8635505 ], [ 37.6346795, 55.8634549 ], [ 37.6346876, 55.8633669 ], [ 37.6348663, 55.86327 ] ], [ [ 37.6327795, 55.862382 ], [ 37.6328121, 55.8624468 ], [ 37.6330661, 55.8625736 ], [ 37.6331546, 55.862624 ], [ 37.6332289, 55.8626633 ], [ 37.6333194, 55.86273 ], [ 37.6333248, 55.8628263 ], [ 37.6332618, 55.8630272 ] ], [ [ 37.6313124, 55.8601565 ], [ 37.6313424, 55.8601493 ], [ 37.6314765, 55.8601245 ], [ 37.6319452, 55.8600205 ], [ 37.6320005, 55.8600252 ], [ 37.6320323, 55.8600508 ], [ 37.632024, 55.8601324 ], [ 37.6319951, 55.860284 ], [ 37.6320111, 55.8603685 ], [ 37.6320201, 55.86044 ], [ 37.6322374, 55.8609879 ], [ 37.6322186, 55.8610857 ], [ 37.6321878, 55.8611505 ], [ 37.6321878, 55.8611941 ], [ 37.632228, 55.8612325 ], [ 37.6322883, 55.8612453 ], [ 37.6325881, 55.8612577 ], [ 37.6326613, 55.8612607 ], [ 37.6327015, 55.8612868 ], [ 37.6327299, 55.8613347 ], [ 37.6327738, 55.8615072 ], [ 37.6328082, 55.8617113 ], [ 37.6327631, 55.8618308 ], [ 37.6327658, 55.8619106 ], [ 37.6328098, 55.8619943 ], [ 37.632916, 55.862159 ], [ 37.6328494, 55.8622678 ], [ 37.6327795, 55.862382 ] ], [ [ 37.6313124, 55.8601565 ], [ 37.6310872, 55.8600798 ], [ 37.6309802, 55.8600035 ], [ 37.6308904, 55.8599049 ], [ 37.6308651, 55.8598475 ], [ 37.6308343, 55.8597778 ], [ 37.6308558, 55.8593995 ], [ 37.6311994, 55.8591045 ], [ 37.6312675, 55.8589127 ], [ 37.6314213, 55.8585156 ], [ 37.6315521, 55.8582979 ], [ 37.6316143, 55.8581602 ], [ 37.6316177, 55.8580509 ], [ 37.6315598, 55.8576627 ] ], [ [ 37.6311533, 55.8573762 ], [ 37.6311658, 55.857401 ], [ 37.6311973, 55.8574315 ], [ 37.6313859, 55.8576053 ], [ 37.6315023, 55.8576579 ], [ 37.6315598, 55.8576627 ] ], [ [ 37.6309195, 55.8569878 ], [ 37.6311533, 55.8573762 ] ], [ [ 37.6309195, 55.8569878 ], [ 37.6311448, 55.857022 ], [ 37.6318465, 55.8571488 ] ], [ [ 37.6325841, 55.8572708 ], [ 37.6323184, 55.8572267 ], [ 37.6318465, 55.8571488 ] ], [ [ 37.6325841, 55.8572708 ], [ 37.633315, 55.8574035 ] ], [ [ 37.633315, 55.8574035 ], [ 37.6333979, 55.8574122 ], [ 37.6339608, 55.8574715 ], [ 37.6350919, 55.8576043 ], [ 37.6351454, 55.8576106 ] ], [ [ 37.635576, 55.8575993 ], [ 37.6355011, 55.8575903 ], [ 37.635296, 55.8575869 ], [ 37.6351454, 55.8576106 ] ], [ [ 37.635576, 55.8575993 ], [ 37.63579, 55.8576846 ] ], [ [ 37.6360555, 55.8576496 ], [ 37.63579, 55.8576846 ] ], [ [ 37.637371, 55.8576009 ], [ 37.6368699, 55.8576163 ], [ 37.6360555, 55.8576496 ] ], [ [ 37.6374522, 55.8575229 ], [ 37.6374139, 55.8575629 ], [ 37.637371, 55.8576009 ] ], [ [ 37.6372635, 55.8574294 ], [ 37.6373492, 55.8574986 ], [ 37.6374522, 55.8575229 ] ], [ [ 37.6374897, 55.854061 ], [ 37.6376184, 55.85413 ], [ 37.6377713, 55.8542483 ], [ 37.6378613, 55.8543263 ], [ 37.6379035, 55.8543852 ], [ 37.6379207, 55.8544093 ], [ 37.6379842, 55.854532 ], [ 37.6381467, 55.8548458 ], [ 37.6382688, 55.8552619 ], [ 37.6382887, 55.8553753 ], [ 37.6382246, 55.8554346 ], [ 37.6381579, 55.8554962 ], [ 37.6381234, 55.8555292 ], [ 37.6379334, 55.8557107 ], [ 37.6379031, 55.8557527 ], [ 37.637793, 55.8559348 ], [ 37.6376523, 55.8563013 ], [ 37.6374828, 55.8565135 ], [ 37.6374331, 55.8565416 ], [ 37.6372504, 55.8566692 ], [ 37.6370647, 55.8568079 ], [ 37.6370502, 55.8568649 ], [ 37.6371134, 55.8570323 ], [ 37.6371289, 55.8570733 ], [ 37.6372635, 55.8574294 ] ], [ [ 37.6365745, 55.8542022 ], [ 37.6367138, 55.8541907 ], [ 37.6370184, 55.8541572 ], [ 37.6372988, 55.8541246 ], [ 37.6374247, 55.8540966 ], [ 37.6374897, 55.854061 ] ], [ [ 37.6365745, 55.8542022 ], [ 37.6363398, 55.854179 ], [ 37.6362024, 55.8540908 ], [ 37.6360605, 55.8540137 ], [ 37.6355805, 55.8538275 ] ], [ [ 37.6356421, 55.853781 ], [ 37.6355805, 55.8538275 ] ], [ [ 37.6348506, 55.8535897 ], [ 37.6351866, 55.8536457 ], [ 37.6353818, 55.8536658 ], [ 37.6354942, 55.8537066 ], [ 37.6355958, 55.8537586 ], [ 37.6356421, 55.853781 ] ], [ [ 37.6331287, 55.8538718 ], [ 37.6333494, 55.8537912 ], [ 37.6338488, 55.8536686 ], [ 37.6339947, 55.8536168 ], [ 37.6341358, 55.8535679 ], [ 37.6342972, 55.8535162 ], [ 37.6344627, 55.853512 ], [ 37.6347036, 55.8535532 ], [ 37.6348506, 55.8535897 ] ], [ [ 37.6318083, 55.8541871 ], [ 37.6319923, 55.8541525 ], [ 37.6322479, 55.8540948 ], [ 37.6324917, 55.8540617 ], [ 37.6327674, 55.853973 ], [ 37.6331287, 55.8538718 ] ], [ [ 37.6303637, 55.8538721 ], [ 37.6304996, 55.8539755 ], [ 37.6306687, 55.8540444 ], [ 37.6308539, 55.8540769 ], [ 37.6311514, 55.8541404 ], [ 37.6313281, 55.8541741 ], [ 37.6314538, 55.8541832 ], [ 37.6316126, 55.8541892 ], [ 37.6318083, 55.8541871 ] ], [ [ 37.6298696, 55.8532995 ], [ 37.6300178, 55.8534759 ], [ 37.6301734, 55.8536581 ], [ 37.6302847, 55.8537883 ], [ 37.6303637, 55.8538721 ] ], [ [ 37.6297344, 55.852309 ], [ 37.6297322, 55.8523723 ], [ 37.629755, 55.8524175 ], [ 37.6298006, 55.8524852 ], [ 37.6298435, 55.8525553 ], [ 37.6299133, 55.8526998 ], [ 37.6299937, 55.8529084 ], [ 37.6299816, 55.8530671 ], [ 37.629965, 55.8531282 ], [ 37.6299226, 55.8532147 ], [ 37.6298696, 55.8532995 ] ], [ [ 37.6297344, 55.852309 ], [ 37.6299448, 55.852289 ] ], [ [ 37.6299448, 55.852289 ], [ 37.6300666, 55.8522803 ], [ 37.6301701, 55.8522718 ], [ 37.6305674, 55.8522653 ], [ 37.630827, 55.8522488 ] ], [ [ 37.630827, 55.8522488 ], [ 37.6309312, 55.8522419 ] ], [ [ 37.6309312, 55.8522419 ], [ 37.6308666, 55.8520763 ], [ 37.6307236, 55.8518494 ], [ 37.6306338, 55.8517019 ] ], [ [ 37.6387218, 55.7478137 ], [ 37.6382359, 55.7479393 ], [ 37.6368516, 55.748325 ], [ 37.636001, 55.7485703 ], [ 37.6358056, 55.748621 ], [ 37.6355802, 55.7486795 ], [ 37.6340958, 55.7490655 ], [ 37.6337511, 55.749152 ], [ 37.6333679, 55.7492334 ], [ 37.6330101, 55.7492867 ], [ 37.6326867, 55.749333 ], [ 37.6324278, 55.7493662 ], [ 37.6321835, 55.7494044 ] ], [ [ 37.6321835, 55.7494044 ], [ 37.6319033, 55.7494784 ], [ 37.6313285, 55.7495239 ], [ 37.6307194, 55.7495721 ] ], [ [ 37.6296417, 55.7496519 ], [ 37.6297489, 55.7496449 ], [ 37.6299698, 55.7496309 ], [ 37.6307194, 55.7495721 ] ], [ [ 37.6295409, 55.7496584 ], [ 37.6296417, 55.7496519 ] ], [ [ 37.6292928, 55.7496745 ], [ 37.6295409, 55.7496584 ] ], [ [ 37.6291901, 55.749681 ], [ 37.6292091, 55.7496799 ], [ 37.6292928, 55.7496745 ] ], [ [ 37.6278444, 55.7497443 ], [ 37.6282844, 55.7497334 ], [ 37.6286459, 55.7497135 ], [ 37.6291901, 55.749681 ] ], [ [ 37.6278444, 55.7497443 ], [ 37.6274952, 55.749749 ], [ 37.6271934, 55.7497486 ], [ 37.626895, 55.749747 ], [ 37.6265538, 55.7497388 ], [ 37.6262996, 55.7497305 ], [ 37.6258019, 55.7497029 ], [ 37.6257407, 55.7497008 ] ], [ [ 37.6559295, 55.8782113 ], [ 37.6559227, 55.8782399 ], [ 37.6559183, 55.878611 ] ], [ [ 37.6559183, 55.878611 ], [ 37.6557127, 55.8783746 ], [ 37.6556538, 55.8782769 ], [ 37.6556564, 55.8782542 ], [ 37.6557113, 55.8782431 ], [ 37.655761, 55.8782331 ], [ 37.6558656, 55.8782196 ], [ 37.6559295, 55.8782113 ] ], [ [ 37.6559295, 55.8782113 ], [ 37.6559863, 55.8780947 ], [ 37.655997, 55.8778306 ] ], [ [ 37.655997, 55.8778306 ], [ 37.655972, 55.8777779 ], [ 37.6559608, 55.8776666 ] ], [ [ 37.6559608, 55.8776666 ], [ 37.6559601, 55.8776444 ], [ 37.6559997, 55.8775861 ], [ 37.6561097, 55.8774914 ], [ 37.6561593, 55.8774487 ], [ 37.6561952, 55.8774089 ], [ 37.6562503, 55.8771544 ], [ 37.656298, 55.876968 ], [ 37.6563185, 55.8768867 ], [ 37.6563548, 55.8768042 ] ], [ [ 37.6565387, 55.8766163 ], [ 37.6564891, 55.876686 ], [ 37.6564307, 55.8767374 ], [ 37.6563548, 55.8768042 ] ], [ [ 37.6565387, 55.8766163 ], [ 37.6565343, 55.8765619 ], [ 37.6565223, 55.8765214 ], [ 37.6565045, 55.8764825 ], [ 37.6564958, 55.8764689 ] ], [ [ 37.6564958, 55.8764689 ], [ 37.6563796, 55.876444 ], [ 37.6561993, 55.8764216 ], [ 37.6559898, 55.8764025 ], [ 37.6558404, 55.8763541 ], [ 37.6557079, 55.8762972 ], [ 37.6556056, 55.8762243 ], [ 37.6554953, 55.8761191 ], [ 37.6554183, 55.876037 ], [ 37.6553651, 55.8759847 ], [ 37.655315, 55.8759575 ], [ 37.6552467, 55.875936 ], [ 37.654867, 55.8758978 ], [ 37.6545688, 55.8758872 ], [ 37.6542119, 55.8758757 ], [ 37.6539886, 55.8758286 ], [ 37.6535688, 55.8755785 ], [ 37.6535469, 55.8755223 ], [ 37.653558, 55.8754131 ], [ 37.6536473, 55.8751585 ], [ 37.6537945, 55.8747484 ], [ 37.6538314, 55.8746009 ], [ 37.6538515, 55.8745203 ], [ 37.6538685, 55.8744372 ], [ 37.6538687, 55.8743079 ], [ 37.6538718, 55.873775 ], [ 37.6538368, 55.8736833 ], [ 37.6537294, 55.8735706 ], [ 37.6536243, 55.8735143 ], [ 37.6533885, 55.8734226 ], [ 37.653239, 55.8733689 ], [ 37.6530074, 55.8733191 ] ], [ [ 37.652752, 55.8724233 ], [ 37.6528186, 55.872531 ], [ 37.6528926, 55.8729674 ], [ 37.652921, 55.8730796 ], [ 37.6529605, 55.8731705 ], [ 37.6529827, 55.8732368 ], [ 37.6530074, 55.8733191 ] ], [ [ 37.6526904, 55.8716358 ], [ 37.652698, 55.871927 ], [ 37.6527124, 55.8721728 ], [ 37.6527472, 55.8723929 ], [ 37.652752, 55.8724233 ] ], [ [ 37.6559608, 55.8776666 ], [ 37.6560084, 55.8777759 ], [ 37.655997, 55.8778306 ] ], [ [ 37.656317, 55.8792322 ], [ 37.6562528, 55.8791323 ], [ 37.6559183, 55.878611 ] ], [ [ 37.6566982, 55.8801347 ], [ 37.6566008, 55.8800096 ], [ 37.6564982, 55.8798061 ], [ 37.6563867, 55.8795858 ], [ 37.6563407, 55.8794359 ], [ 37.656317, 55.8792322 ] ], [ [ 37.656317, 55.8792322 ], [ 37.6564068, 55.8794317 ], [ 37.656624, 55.8799084 ], [ 37.6566982, 55.8801347 ] ], [ [ 37.6601542, 55.8821889 ], [ 37.6597041, 55.8820966 ], [ 37.6595966, 55.8820706 ], [ 37.659126, 55.8819394 ], [ 37.6587943, 55.8818539 ], [ 37.6584761, 55.8817741 ], [ 37.6580773, 55.8816767 ], [ 37.6579252, 55.8816419 ], [ 37.657652, 55.8815849 ], [ 37.6570981, 55.8815164 ], [ 37.6568167, 55.8814826 ], [ 37.6567759, 55.881477 ], [ 37.6567371, 55.8814717 ], [ 37.6566628, 55.8814528 ], [ 37.6566048, 55.881416 ], [ 37.6565902, 55.8813724 ], [ 37.656592, 55.881296 ], [ 37.6566875, 55.881025 ], [ 37.6567894, 55.8808096 ], [ 37.6569105, 55.8805277 ], [ 37.6569257, 55.8804883 ], [ 37.6569441, 55.8804394 ], [ 37.6569441, 55.8803957 ], [ 37.6569158, 55.8803342 ], [ 37.6568911, 55.880304 ], [ 37.6568167, 55.8802389 ], [ 37.6566982, 55.8801347 ] ], [ [ 37.6338246, 55.8470247 ], [ 37.6336664, 55.8474431 ], [ 37.6334272, 55.8477114 ], [ 37.6333686, 55.847777 ], [ 37.6330292, 55.8480748 ], [ 37.632602, 55.8483309 ], [ 37.6325461, 55.8484226 ], [ 37.6323855, 55.8485002 ], [ 37.63169, 55.8488365 ], [ 37.6316374, 55.8489051 ] ], [ [ 37.6316374, 55.8489051 ], [ 37.6316384, 55.8489168 ], [ 37.6317384, 55.8490429 ], [ 37.6325151, 55.8491696 ], [ 37.6329683, 55.8494242 ], [ 37.6330029, 55.849459 ] ], [ [ 37.6330029, 55.849459 ], [ 37.6330322, 55.849493 ] ], [ [ 37.6318115, 55.8500394 ], [ 37.632488, 55.8497491 ], [ 37.6325643, 55.8497075 ], [ 37.6329321, 55.8495185 ], [ 37.6330322, 55.849493 ] ], [ [ 37.6314035, 55.8499795 ], [ 37.6315524, 55.8500104 ], [ 37.6315844, 55.850014 ], [ 37.6318115, 55.8500394 ] ], [ [ 37.6313221, 55.8499542 ], [ 37.6314035, 55.8499795 ] ], [ [ 37.630614, 55.8495602 ], [ 37.6306638, 55.8495902 ], [ 37.6309519, 55.8497637 ], [ 37.6311122, 55.8498571 ], [ 37.6313221, 55.8499542 ] ], [ [ 37.6874303, 55.8178532 ], [ 37.6881304, 55.8175923 ], [ 37.6882886, 55.8175447 ], [ 37.6884972, 55.817482 ], [ 37.6885172, 55.8174744 ] ], [ [ 37.6885172, 55.8174744 ], [ 37.6883893, 55.81739 ] ], [ [ 37.6877513, 55.8171277 ], [ 37.6883893, 55.81739 ] ], [ [ 37.6872772, 55.8169371 ], [ 37.6877513, 55.8171277 ] ], [ [ 37.6848798, 55.8159858 ], [ 37.6851895, 55.8161105 ], [ 37.6858165, 55.8163638 ], [ 37.6860593, 55.8164619 ], [ 37.6872772, 55.8169371 ] ], [ [ 37.6849561, 55.8159273 ], [ 37.684919, 55.8159557 ], [ 37.6848798, 55.8159858 ] ], [ [ 37.6846049, 55.8155132 ], [ 37.6846971, 55.8155495 ], [ 37.6847688, 55.8155992 ], [ 37.6849561, 55.8159273 ] ], [ [ 37.6837555, 55.8155854 ], [ 37.6844453, 55.8155025 ], [ 37.6846049, 55.8155132 ] ], [ [ 37.6835792, 55.8156149 ], [ 37.68367, 55.8155997 ], [ 37.6837555, 55.8155854 ] ], [ [ 37.679149, 55.8173978 ], [ 37.6794248, 55.8173444 ], [ 37.6796749, 55.8172859 ], [ 37.6799592, 55.8171872 ], [ 37.6802028, 55.8170674 ], [ 37.6822132, 55.8161116 ], [ 37.6827713, 55.8158462 ], [ 37.6832745, 55.8156774 ], [ 37.6835792, 55.8156149 ] ], [ [ 37.6791153, 55.8173385 ], [ 37.6791299, 55.8173634 ], [ 37.679149, 55.8173978 ] ], [ [ 37.6790838, 55.8172847 ], [ 37.679088, 55.8172919 ], [ 37.6791066, 55.8173237 ], [ 37.6791153, 55.8173385 ] ], [ [ 37.6790422, 55.8172141 ], [ 37.679063, 55.8172496 ], [ 37.6790838, 55.8172847 ] ], [ [ 37.6790422, 55.8172141 ], [ 37.6791935, 55.817187 ], [ 37.6793365, 55.8171574 ], [ 37.6794612, 55.8171231 ], [ 37.6796997, 55.8170295 ], [ 37.6801366, 55.8168351 ], [ 37.680961, 55.8164501 ], [ 37.6821166, 55.8159043 ], [ 37.6826155, 55.8156803 ], [ 37.6829132, 55.8155682 ], [ 37.6830164, 55.8155321 ], [ 37.6831429, 55.8154986 ], [ 37.6833513, 55.8154535 ], [ 37.6839605, 55.8153517 ], [ 37.6843547, 55.8152912 ], [ 37.6846142, 55.8152514 ], [ 37.6846856, 55.8152405 ] ], [ [ 37.6846856, 55.8152405 ], [ 37.684542, 55.8148763 ], [ 37.6842154, 55.8140551 ], [ 37.6838753, 55.8132017 ], [ 37.6836424, 55.8126519 ], [ 37.6829643, 55.8110993 ], [ 37.6829409, 55.8110407 ], [ 37.6826296, 55.810247 ], [ 37.6823645, 55.8095703 ], [ 37.681953, 55.8085142 ], [ 37.6814277, 55.8071661 ] ] ] } }
]
}
