{
"type": "FeatureCollection",
"name": "parks",
"crs": { "type": "name", "properties": { "name": "urn:ogc:def:crs:OGC:1.3:CRS84" } },
"features": [
{ "type": "Feature", "properties": { "name": "Рекреационная зона поселения городского типа \"Вороновское\"", "area_ha": 7.1 }, "geometry": { "type": "Polygon", "coordinates": [ [ [ 37.1788235, 55.3151458 ], [ 37.1809604, 55.3145082 ], [ 37.1787617, 55.3127563 ], [ 37.1785538, 55.3125656 ], [ 37.1780683, 55.3122098 ], [ 37.1778825, 55.3119431 ], [ 37.1776824, 55.3115163 ], [ 37.1779975, 55.3114888 ], [ 37.1778948, 55.3111478 ], [ 37.1780961, 55.3108936 ], [ 37.178064, 55.3107719 ], [ 37.1776, 55.3107807 ], [ 37.1772583, 55.3100022 ], [ 37.1759591, 55.3103836 ], [ 37.1758097, 55.3104973 ], [ 37.17576, 55.3107219 ], [ 37.1761832, 55.3115695 ], [ 37.176433, 55.3122708 ], [ 37.178124, 55.3148705 ], [ 37.1788235, 55.3151458 ] ] ] } },
{ "type": "Feature", "properties": { "name": "усадьба \"Александрово-Щапово\"", "area_ha": 10.8 }, "geometry": { "type": "Polygon", "coordinates": [ [ [ 37.4080387, 55.4172913 ], [ 37.4080027, 55.4163355 ], [ 37.4081743, 55.4159336 ], [ 37.4089748, 55.4145325 ], [ 37.4096072, 55.414101 ], [ 37.4081497, 55.4137125 ], [ 37.4064259, 55.4148201 ], [ 37.4055271, 55.4157974 ], [ 37.405004, 55.4156674 ], [ 37.4038727, 55.416727 ], [ 37.4049936, 55.4169496 ], [ 37.4046707, 55.4174647 ], [ 37.4051025, 55.4175789 ], [ 37.4047485, 55.4182076 ], [ 37.4040887, 55.4180721 ], [ 37.4040297, 55.418136 ], [ 37.4038017, 55.4180934 ], [ 37.4037105, 55.4182639 ], [ 37.403968, 55.4183294 ], [ 37.4038178, 55.4186065 ], [ 37.4040981, 55.4186658 ], [ 37.4045526, 55.4187604 ], [ 37.4044585, 55.4188987 ], [ 37.4067777, 55.4193384 ], [ 37.4080387, 55.4172913 ] ] ] } },
{ "type": "Feature", "properties": { "name": "Красная пахра", "area_ha": 8.9 }, "geometry": { "type": "Polygon", "coordinates": [ [ [ 37.2594723, 55.4417069 ], [ 37.260013, 55.4416723 ], [ 37.2600211, 55.4417254 ], [ 37.2622623, 55.4415551 ], [ 37.2621409, 55.441216 ], [ 37.2617066, 55.4411657 ], [ 37.2613797, 55.4409723 ], [ 37.2610575, 55.4406518 ], [ 37.2607726, 55.4402995 ], [ 37.260602, 55.4401696 ], [ 37.2604597, 55.4399842 ], [ 37.260343, 55.4398756 ], [ 37.2602402, 55.439563 ], [ 37.260343, 55.4391709 ], [ 37.260315, 55.4389166 ], [ 37.2603525, 55.4387218 ], [ 37.2602682, 55.4385799 ], [ 37.2601755, 55.4384327 ], [ 37.2600467, 55.4382501 ], [ 37.2599287, 55.4380036 ], [ 37.2597946, 55.4378789 ], [ 37.2593386, 55.4377115 ], [ 37.2588719, 55.4376445 ], [ 37.2581799, 55.437678 ], [ 37.2575523, 55.4378119 ], [ 37.2572787, 55.4380432 ], [ 37.2571821, 55.4383232 ], [ 37.2571714, 55.438667 ], [ 37.2571875, 55.4389653 ], [ 37.2573699, 55.439154 ], [ 37.2575576, 55.4393731 ], [ 37.2576113, 55.4395587 ], [ 37.257563, 55.4397595 ], [ 37.2572626, 55.4399178 ], [ 37.2570651, 55.4399598 ], [ 37.2565374, 55.4399598 ], [ 37.2562431, 55.4399095 ], [ 37.2559676, 55.4398909 ], [ 37.2557014, 55.4399068 ], [ 37.2554679, 55.439981 ], [ 37.2552613, 55.4401176 ], [ 37.2551997, 55.4402644 ], [ 37.255212, 55.4404951 ], [ 37.2576954, 55.4404916 ], [ 37.2584903, 55.4406559 ], [ 37.259125, 55.4406698 ], [ 37.2591434, 55.4409984 ], [ 37.2589524, 55.4412047 ], [ 37.258897, 55.441327 ], [ 37.2591126, 55.4421065 ], [ 37.2591866, 55.4421274 ], [ 37.2592852, 55.4418361 ], [ 37.2594723, 55.4417069 ] ] ] } },
{ "type": "Feature", "properties": { "name": "Парк \"Сосны\"", "area_ha": 17.6 }, "geometry": { "type": "Polygon", "coordinates": [ [ [ 36.9354558, 55.4690986 ], [ 36.9363903, 55.4693579 ], [ 36.9373683, 55.4695032 ], [ 36.9383861, 55.469652 ], [ 36.9399419, 55.4695701 ], [ 36.9424331, 55.4694408 ], [ 36.9415359, 55.4673758 ], [ 36.9427462, 55.467163 ], [ 36.942512, 55.4666212 ], [ 36.941263, 55.4667475 ], [ 36.9396027, 55.4669067 ], [ 36.9393225, 55.4670761 ], [ 36.9370978, 55.4670352 ], [ 36.9367695, 55.4669627 ], [ 36.9367582, 55.4667869 ], [ 36.9363694, 55.4667372 ], [ 36.936203, 55.4666419 ], [ 36.9328966, 55.466409 ], [ 36.9312715, 55.4666208 ], [ 36.9306551, 55.4667243 ], [ 36.9302763, 55.4673158 ], [ 36.9293975, 55.467184 ], [ 36.9291233, 55.4677259 ], [ 36.929411, 55.4677648 ], [ 36.9294111, 55.4677648 ], [ 36.9319696, 55.467599 ], [ 36.9336888, 55.4675722 ], [ 36.9336891, 55.4675743 ], [ 36.9338393, 55.468503 ], [ 36.9338401, 55.4685078 ], [ 36.9344933, 55.4684217 ], [ 36.9345249, 55.4684773 ], [ 36.9346684, 55.468514 ], [ 36.9346685, 55.468514 ], [ 36.9350082, 55.4684848 ], [ 36.9350155, 55.4684898 ], [ 36.9350888, 55.4685405 ], [ 36.93509, 55.468545 ], [ 36.935207, 55.4689751 ], [ 36.9354558, 55.4690986 ] ] ] } },
{ "type": "Feature", "properties": { "name": "Природный парк", "area_ha": 10.8 }, "geometry": { "type": "Polygon", "coordinates": [ [ [ 37.347039, 55.5235152 ], [ 37.3467243, 55.5237965 ], [ 37.3465204, 55.5242581 ], [ 37.3463005, 55.5251721 ], [ 37.3469013, 55.5251417 ], [ 37.3471749, 55.5251539 ], [ 37.3476416, 55.5252237 ], [ 37.3479581, 55.5252845 ], [ 37.3482129, 55.5254408 ], [ 37.3484302, 55.5257323 ], [ 37.3485428, 55.5259737 ], [ 37.3486125, 55.5262349 ], [ 37.3488432, 55.5265507 ], [ 37.3491061, 55.5267662 ], [ 37.3494065, 55.5269545 ], [ 37.3497981, 55.5271124 ], [ 37.3502219, 55.5272399 ], [ 37.3506778, 55.5273583 ], [ 37.3511124, 55.5274312 ], [ 37.3517936, 55.527498 ], [ 37.3524427, 55.527583 ], [ 37.353065, 55.5277439 ], [ 37.3535693, 55.527914 ], [ 37.3539501, 55.527999 ], [ 37.3542827, 55.5280415 ], [ 37.3549962, 55.5280293 ], [ 37.3556828, 55.5280051 ], [ 37.3564392, 55.5279292 ], [ 37.3569542, 55.5278229 ], [ 37.3578447, 55.527586 ], [ 37.3589873, 55.5272976 ], [ 37.3582148, 55.5265476 ], [ 37.3574562, 55.5263191 ], [ 37.3570895, 55.526676 ], [ 37.3567232, 55.5268157 ], [ 37.3543469, 55.5269042 ], [ 37.3536848, 55.5269247 ], [ 37.3535595, 55.527034 ], [ 37.3523276, 55.5269833 ], [ 37.3522734, 55.5268662 ], [ 37.3524696, 55.5266736 ], [ 37.3523734, 55.5266431 ], [ 37.350238, 55.5259737 ], [ 37.3496157, 55.5257642 ], [ 37.3495781, 55.5251934 ], [ 37.349782, 55.524747 ], [ 37.3496179, 55.5244684 ], [ 37.347039, 55.5235152 ] ] ] } },
{ "type": "Feature", "properties": { "name": "Экопарк \"Летова Тропа\"", "area_ha": 38.4 }, "geometry": { "type": "Polygon", "coordinates": [ [ [ 37.4282624, 55.5536721 ], [ 37.4264663, 55.5525366 ], [ 37.4246307, 55.5516815 ], [ 37.4223401, 55.5507377 ], [ 37.4217768, 55.5504707 ], [ 37.4223347, 55.5500672 ], [ 37.4222274, 55.5497819 ], [ 37.4211975, 55.5494906 ], [ 37.4160862, 55.5509162 ], [ 37.4161624, 55.5511308 ], [ 37.4163866, 55.551954 ], [ 37.4162471, 55.5527247 ], [ 37.4163115, 55.5539263 ], [ 37.4163759, 55.554254 ], [ 37.4162364, 55.5544179 ], [ 37.4164081, 55.5549853 ], [ 37.4166548, 55.5558257 ], [ 37.4182641, 55.5557165 ], [ 37.4207318, 55.5558804 ], [ 37.4221265, 55.55585 ], [ 37.4246478, 55.555759 ], [ 37.426343, 55.5557104 ], [ 37.4275687, 55.5556543 ], [ 37.4273407, 55.5551249 ], [ 37.4274015, 55.5550647 ], [ 37.4271193, 55.5542485 ], [ 37.4281712, 55.5540832 ], [ 37.4281937, 55.5540022 ], [ 37.4282624, 55.5536721 ] ] ] } },
{ "type": "Feature", "properties": { "name": "парк Ручеек", "area_ha": 11.8 }, "geometry": { "type": "Polygon", "coordinates": [ [ [ 37.200973, 55.5911721 ], [ 37.2000224, 55.5915942 ], [ 37.1989754, 55.5920592 ], [ 37.1979633, 55.5924548 ], [ 37.1975481, 55.5926669 ], [ 37.1978888, 55.5931919 ], [ 37.1979176, 55.5932483 ], [ 37.1983781, 55.5930828 ], [ 37.1984708, 55.5931593 ], [ 37.1987524, 55.5932322 ], [ 37.1990593, 55.5933439 ], [ 37.1992155, 55.5934712 ], [ 37.1994013, 55.5936225 ], [ 37.1994875, 55.5935702 ], [ 37.1997827, 55.5936846 ], [ 37.1998486, 55.5936604 ], [ 37.2003718, 55.5938488 ], [ 37.2004041, 55.5938598 ], [ 37.2010084, 55.5940666 ], [ 37.2011999, 55.5940668 ], [ 37.2014353, 55.5942412 ], [ 37.2013174, 55.5943308 ], [ 37.2015938, 55.5946478 ], [ 37.201667, 55.5947248 ], [ 37.2017483, 55.5947535 ], [ 37.2019374, 55.5948212 ], [ 37.2023337, 55.5950314 ], [ 37.2024313, 55.595229 ], [ 37.2024476, 55.5954082 ], [ 37.2023175, 55.5954656 ], [ 37.2025504, 55.5956501 ], [ 37.2026915, 55.5957619 ], [ 37.2031509, 55.5958745 ], [ 37.2034233, 55.5958906 ], [ 37.2036234, 55.595829 ], [ 37.2033079, 55.595578 ], [ 37.2034138, 55.5955238 ], [ 37.2032861, 55.5954277 ], [ 37.2031692, 55.5953312 ], [ 37.2032281, 55.5952795 ], [ 37.202911, 55.5949993 ], [ 37.2032323, 55.5948985 ], [ 37.2031341, 55.5948199 ], [ 37.2032873, 55.5948182 ], [ 37.2033963, 55.5947778 ], [ 37.2041279, 55.5945063 ], [ 37.2044402, 55.5943915 ], [ 37.2059105, 55.5938509 ], [ 37.2058119, 55.5937621 ], [ 37.2058828, 55.593736 ], [ 37.2057103, 55.5935776 ], [ 37.2060708, 55.5934435 ], [ 37.2059198, 55.5933086 ], [ 37.205364, 55.5934869 ], [ 37.2053529, 55.5934905 ], [ 37.2045657, 55.5936907 ], [ 37.2041706, 55.5938425 ], [ 37.2039556, 55.5939205 ], [ 37.2037802, 55.5939865 ], [ 37.203703, 55.5939971 ], [ 37.2036152, 55.5939902 ], [ 37.2034828, 55.5939471 ], [ 37.2034214, 55.5939754 ], [ 37.20304, 55.5936722 ], [ 37.2030349, 55.5935927 ], [ 37.2030883, 55.5935288 ], [ 37.2032643, 55.5934462 ], [ 37.204673, 55.5928887 ], [ 37.2049415, 55.5927627 ], [ 37.2042036, 55.592183 ], [ 37.2039814, 55.5922741 ], [ 37.2032669, 55.5925669 ], [ 37.2031431, 55.5926176 ], [ 37.2030411, 55.5926594 ], [ 37.2028525, 55.5927367 ], [ 37.2028032, 55.5927381 ], [ 37.2027281, 55.5927401 ], [ 37.2025999, 55.5927437 ], [ 37.2025352, 55.5928673 ], [ 37.2023503, 55.5929334 ], [ 37.2020493, 55.5925976 ], [ 37.2017588, 55.5922736 ], [ 37.2030572, 55.5918381 ], [ 37.2036474, 55.5916573 ], [ 37.203413, 55.5914031 ], [ 37.2033872, 55.5913334 ], [ 37.2032146, 55.5911871 ], [ 37.2031764, 55.5911543 ], [ 37.203135, 55.5911188 ], [ 37.2030892, 55.5910794 ], [ 37.2027401, 55.5907797 ], [ 37.2026323, 55.5907102 ], [ 37.2025645, 55.5906665 ], [ 37.2023635, 55.5905545 ], [ 37.200973, 55.5911721 ] ] ] } },
{ "type": "Feature", "properties": { "name": "Парк «Филатов луг»", "area_ha": 26.5 }, "geometry": { "type": "Polygon", "coordinates": [ [ [ 37.3715579, 55.5953678 ], [ 37.3716317, 55.5954485 ], [ 37.3718584, 55.5956964 ], [ 37.3719156, 55.5957589 ], [ 37.3720491, 55.5959069 ], [ 37.3726505, 55.5965731 ], [ 37.3733887, 55.5970213 ], [ 37.3741201, 55.5973626 ], [ 37.3751585, 55.5977664 ], [ 37.3785067, 55.598977 ], [ 37.3819264, 55.6002779 ], [ 37.3868849, 55.6021642 ], [ 37.3870328, 55.6022204 ], [ 37.3871917, 55.6020211 ], [ 37.3857857, 55.6013486 ], [ 37.3852384, 55.6008102 ], [ 37.3847153, 55.6005553 ], [ 37.384205, 55.6000092 ], [ 37.383851, 55.5997887 ], [ 37.38231, 55.5988292 ], [ 37.380954, 55.5982231 ], [ 37.3785819, 55.597564 ], [ 37.3772439, 55.5964558 ], [ 37.377383, 55.5961779 ], [ 37.3773331, 55.5961557 ], [ 37.3767349, 55.5958898 ], [ 37.3767163, 55.5947432 ], [ 37.3769151, 55.5944285 ], [ 37.3766372, 55.5934946 ], [ 37.3766298, 55.5934674 ], [ 37.3765513, 55.5932026 ], [ 37.3767908, 55.5929236 ], [ 37.3768957, 55.5928014 ], [ 37.3782638, 55.5926234 ], [ 37.3802697, 55.5923624 ], [ 37.3802952, 55.5922607 ], [ 37.3803486, 55.5920773 ], [ 37.380196, 55.5920887 ], [ 37.3789193, 55.5921962 ], [ 37.3778792, 55.5922821 ], [ 37.3776228, 55.5923036 ], [ 37.3772277, 55.5923417 ], [ 37.3770527, 55.5923586 ], [ 37.3768802, 55.5922407 ], [ 37.3764868, 55.5919719 ], [ 37.3759367, 55.591596 ], [ 37.3751985, 55.5918757 ], [ 37.3748447, 55.592014 ], [ 37.3747299, 55.5920819 ], [ 37.3740029, 55.592512 ], [ 37.3737631, 55.5926447 ], [ 37.3728846, 55.5931736 ], [ 37.372765, 55.5932497 ], [ 37.3732843, 55.5939718 ], [ 37.3713139, 55.5951011 ], [ 37.3715579, 55.5953678 ] ] ] } },
{ "type": "Feature", "properties": { "name": "Парк \"Хованская дубрава\"", "area_ha": 23.7 }, "geometry": { "type": "Polygon", "coordinates": [ [ [ 37.4430192, 55.599915 ], [ 37.4427087, 55.5998066 ], [ 37.4420071, 55.6004507 ], [ 37.441447, 55.6009658 ], [ 37.440485, 55.601334 ], [ 37.4391156, 55.6008653 ], [ 37.4384784, 55.601371 ], [ 37.4366941, 55.600774 ], [ 37.4389427, 55.5988111 ], [ 37.4391425, 55.5981897 ], [ 37.4386741, 55.5981102 ], [ 37.4385769, 55.5980949 ], [ 37.4387712, 55.5976336 ], [ 37.4374699, 55.5973447 ], [ 37.4368804, 55.5972813 ], [ 37.4364893, 55.5972392 ], [ 37.4349958, 55.5971374 ], [ 37.4325871, 55.5996869 ], [ 37.4340509, 55.60113 ], [ 37.4346088, 55.6013154 ], [ 37.4364264, 55.6019197 ], [ 37.4376387, 55.6024047 ], [ 37.4382345, 55.6026224 ], [ 37.4386932, 55.6027751 ], [ 37.4394818, 55.6030056 ], [ 37.4404616, 55.6033298 ], [ 37.4411377, 55.6035714 ], [ 37.4415303, 55.6037246 ], [ 37.4419146, 55.6038437 ], [ 37.4423118, 55.6039488 ], [ 37.4425944, 55.6040074 ], [ 37.442805, 55.604051 ], [ 37.4429143, 55.6038992 ], [ 37.4429685, 55.603824 ], [ 37.4430102, 55.6037661 ], [ 37.4427259, 55.6036812 ], [ 37.442618, 55.6033544 ], [ 37.4425547, 55.6031627 ], [ 37.4425328, 55.6030963 ], [ 37.4428449, 55.602394 ], [ 37.4432586, 55.601635 ], [ 37.4437243, 55.6009441 ], [ 37.4437278, 55.6008544 ], [ 37.4438344, 55.6000448 ], [ 37.444374, 55.5993392 ], [ 37.444425, 55.5992995 ], [ 37.4441743, 55.5992081 ], [ 37.4436432, 55.5995748 ], [ 37.4434597, 55.5994969 ], [ 37.4430192, 55.599915 ] ] ] } },
{ "type": "Feature", "properties": { "name": "Ульяновский лесопарк", "area_ha": 1002.2 }, "geometry": { "type": "Polygon", "coordinates": [ [ [ 37.360857, 55.6080512 ], [ 37.3603545, 55.6077408 ], [ 37.3598477, 55.6073637 ], [ 37.3595542, 55.6071755 ], [ 37.3592837, 55.6069969 ], [ 37.3591021, 55.6066927 ], [ 37.35863, 55.6065046 ], [ 37.3578602, 55.6060608 ], [ 37.356859, 55.6054837 ], [ 37.3558658, 55.60523 ], [ 37.3552434, 55.6060415 ], [ 37.3550632, 55.6064944 ], [ 37.355529, 55.606456 ], [ 37.3558943, 55.6071154 ], [ 37.356088, 55.6079769 ], [ 37.3562817, 55.6081 ], [ 37.3563301, 55.6085513 ], [ 37.3566126, 55.6086516 ], [ 37.3564354, 55.6087772 ], [ 37.3565565, 55.6090826 ], [ 37.3569771, 55.6092353 ], [ 37.3573578, 55.6093735 ], [ 37.3577728, 55.6095242 ], [ 37.358494, 55.6097171 ], [ 37.3595706, 55.610005 ], [ 37.3599559, 55.610108 ], [ 37.3607254, 55.6094932 ], [ 37.3619387, 55.6084925 ], [ 37.3610932, 55.6081366 ], [ 37.360857, 55.6080512 ] ] ] } },
{ "type": "Feature", "properties": { "name": "Ульяновский лесопарк", "area_ha": 1002.2 }, "geometry": { "type": "Polygon", "coordinates": [ [ [ 37.3560276, 55.6111377 ], [ 37.3562681, 55.6117219 ], [ 37.3557397, 55.6124777 ], [ 37.3565827, 55.6138295 ], [ 37.3570733, 55.6156881 ], [ 37.3560948, 55.6156711 ], [ 37.3557312, 55.6144393 ], [ 37.3554744, 55.6135695 ], [ 37.3498699, 55.6127679 ], [ 37.3499024, 55.612272 ], [ 37.3498458, 55.6121023 ], [ 37.3485808, 55.613478 ], [ 37.3487613, 55.6136715 ], [ 37.3479463, 55.6158223 ], [ 37.3472481, 55.6164532 ], [ 37.3536457, 55.6187594 ], [ 37.3494657, 55.6208047 ], [ 37.3479809, 55.6202959 ], [ 37.3468393, 55.621144 ], [ 37.3440341, 55.6205356 ], [ 37.3437508, 55.6197129 ], [ 37.3431303, 55.6197739 ], [ 37.3429549, 55.6203451 ], [ 37.3424154, 55.6205432 ], [ 37.3410665, 55.6200252 ], [ 37.340392, 55.6197053 ], [ 37.3405539, 55.6194006 ], [ 37.3401897, 55.6191493 ], [ 37.3405809, 55.6189436 ], [ 37.3403534, 55.6189146 ], [ 37.3399115, 55.6191501 ], [ 37.3395028, 55.6196265 ], [ 37.3391555, 55.6200085 ], [ 37.3389308, 55.6205776 ], [ 37.3387097, 55.62146 ], [ 37.3406853, 55.6217422 ], [ 37.3409855, 55.620924 ], [ 37.3474386, 55.6219757 ], [ 37.3472849, 55.6225457 ], [ 37.347204, 55.6228282 ], [ 37.340123, 55.6218667 ], [ 37.3400402, 55.622002 ], [ 37.3511445, 55.6246281 ], [ 37.3523784, 55.6250036 ], [ 37.3536122, 55.6256942 ], [ 37.3544598, 55.6264514 ], [ 37.3549265, 55.6275841 ], [ 37.3555005, 55.6284836 ], [ 37.3567879, 55.6303763 ], [ 37.357893, 55.6301825 ], [ 37.3594648, 55.6298191 ], [ 37.3607737, 55.6294496 ], [ 37.3623562, 55.6288197 ], [ 37.3634881, 55.628211 ], [ 37.364223, 55.6277234 ], [ 37.3659289, 55.6266028 ], [ 37.3673075, 55.6257608 ], [ 37.3686969, 55.6249067 ], [ 37.3687345, 55.6246917 ], [ 37.3687988, 55.6245735 ], [ 37.3691851, 55.6244524 ], [ 37.3699415, 55.623786 ], [ 37.3705101, 55.6234044 ], [ 37.3712343, 55.6222897 ], [ 37.3713983, 55.6220069 ], [ 37.3712236, 55.6219414 ], [ 37.37095, 55.6219051 ], [ 37.3709392, 55.621587 ], [ 37.3712611, 55.621478 ], [ 37.371701, 55.621484 ], [ 37.3718619, 55.6211872 ], [ 37.372334, 55.6201209 ], [ 37.3731279, 55.6183034 ], [ 37.3735571, 55.6171371 ], [ 37.3738789, 55.6166191 ], [ 37.3739058, 55.616307 ], [ 37.3738629, 55.6161555 ], [ 37.3740667, 55.616001 ], [ 37.3741955, 55.6151164 ], [ 37.3741579, 55.6149589 ], [ 37.3695791, 55.613502 ], [ 37.356969, 55.6102537 ], [ 37.3564394, 55.6106787 ], [ 37.3560276, 55.6111377 ] ] ] } },
{ "type": "Feature", "properties": { "name": "Ульяновский лесопарк", "area_ha": 1002.2 }, "geometry": { "type": "Polygon", "coordinates": [ [ [ 37.385053, 55.6227077 ], [ 37.3851335, 55.6224745 ], [ 37.385332, 55.6222019 ], [ 37.3856807, 55.6219505 ], [ 37.385788, 55.621478 ], [ 37.3860186, 55.6213023 ], [ 37.385745, 55.6204511 ], [ 37.3856324, 55.6203299 ], [ 37.3855519, 55.6201118 ], [ 37.3876393, 55.6183824 ], [ 37.3862361, 55.6180134 ], [ 37.3860292, 55.6181674 ], [ 37.3860884, 55.6183125 ], [ 37.3862708, 55.6184064 ], [ 37.3863727, 55.6184912 ], [ 37.3863888, 55.6185639 ], [ 37.3861796, 55.6187214 ], [ 37.3860508, 55.6188759 ], [ 37.3857987, 55.6188002 ], [ 37.3856042, 55.6188077 ], [ 37.3856699, 55.6189547 ], [ 37.3857504, 55.6190546 ], [ 37.3855734, 55.6191667 ], [ 37.3855358, 55.6192727 ], [ 37.3853856, 55.6194484 ], [ 37.3851281, 55.6195272 ], [ 37.3849511, 55.6196029 ], [ 37.3847043, 55.6197574 ], [ 37.3849404, 55.6208116 ], [ 37.3848599, 55.6210145 ], [ 37.3846829, 55.6210145 ], [ 37.3844951, 55.6209388 ], [ 37.384479, 55.6208025 ], [ 37.3846132, 55.6206147 ], [ 37.3844308, 55.6202693 ], [ 37.3843127, 55.6201906 ], [ 37.383905, 55.6202633 ], [ 37.3835832, 55.620236 ], [ 37.3832291, 55.6202663 ], [ 37.3829448, 55.620236 ], [ 37.3828322, 55.6202875 ], [ 37.3820114, 55.6201542 ], [ 37.3817164, 55.6202148 ], [ 37.3816144, 55.620233 ], [ 37.3814428, 55.6201573 ], [ 37.3814589, 55.62003 ], [ 37.3820168, 55.6200543 ], [ 37.3821723, 55.620024 ], [ 37.3822153, 55.6199119 ], [ 37.3820651, 55.6198271 ], [ 37.3819792, 55.6198392 ], [ 37.3819309, 55.6197392 ], [ 37.381534, 55.6196484 ], [ 37.3816413, 55.6187093 ], [ 37.3817593, 55.6181125 ], [ 37.3818988, 55.6177551 ], [ 37.3818237, 55.6175097 ], [ 37.3816701, 55.6172088 ], [ 37.3801845, 55.6164797 ], [ 37.3795009, 55.6161131 ], [ 37.3789912, 55.6159344 ], [ 37.3788142, 55.6159556 ], [ 37.3786372, 55.6159253 ], [ 37.3777682, 55.6156951 ], [ 37.3777038, 55.6155648 ], [ 37.37728, 55.61548 ], [ 37.3770386, 55.6154497 ], [ 37.3768761, 55.615469 ], [ 37.376751, 55.6154839 ], [ 37.3764431, 55.6155436 ], [ 37.3761159, 55.6156466 ], [ 37.3760515, 55.6157496 ], [ 37.376191, 55.6157981 ], [ 37.3763466, 55.6157284 ], [ 37.376411, 55.6158314 ], [ 37.3760569, 55.6159677 ], [ 37.3759603, 55.6160556 ], [ 37.375676, 55.6163767 ], [ 37.3754454, 55.6164645 ], [ 37.3748016, 55.6173704 ], [ 37.3742652, 55.6184488 ], [ 37.3737878, 55.6196999 ], [ 37.3734873, 55.6204269 ], [ 37.3743403, 55.6205753 ], [ 37.3746353, 55.6207389 ], [ 37.3745817, 55.6211175 ], [ 37.3743886, 55.6214537 ], [ 37.3737019, 55.6214719 ], [ 37.3730797, 55.6213841 ], [ 37.3729402, 55.62169 ], [ 37.3726505, 55.6223503 ], [ 37.3721784, 55.6229379 ], [ 37.3720282, 55.6230985 ], [ 37.3717064, 55.62315 ], [ 37.3712075, 55.6239496 ], [ 37.3697162, 55.6252308 ], [ 37.3683053, 55.6261909 ], [ 37.3670554, 55.6270268 ], [ 37.3654193, 55.6279505 ], [ 37.3641908, 55.6286107 ], [ 37.3623294, 55.6295465 ], [ 37.3608488, 55.630131 ], [ 37.358129, 55.6308336 ], [ 37.3565622, 55.6310712 ], [ 37.3568845, 55.6318572 ], [ 37.3573404, 55.6325628 ], [ 37.3579413, 55.6331956 ], [ 37.3588076, 55.633777 ], [ 37.3588677, 55.633743 ], [ 37.3592907, 55.6338041 ], [ 37.3596354, 55.6338016 ], [ 37.3599703, 55.6334022 ], [ 37.3598047, 55.6323549 ], [ 37.3598211, 55.6314789 ], [ 37.3599986, 55.6313623 ], [ 37.3625416, 55.629691 ], [ 37.3651785, 55.6303232 ], [ 37.3656871, 55.6304451 ], [ 37.3662672, 55.6299764 ], [ 37.367792, 55.6279798 ], [ 37.367454, 55.6278371 ], [ 37.3676044, 55.6277403 ], [ 37.3678532, 55.6275802 ], [ 37.3680421, 55.6276869 ], [ 37.3683735, 55.6273829 ], [ 37.3677771, 55.6269426 ], [ 37.3681087, 55.6267431 ], [ 37.3685216, 55.6267963 ], [ 37.3691207, 55.6266946 ], [ 37.3711719, 55.6251409 ], [ 37.3719085, 55.6255314 ], [ 37.3734498, 55.6247317 ], [ 37.3736553, 55.6246251 ], [ 37.3765346, 55.623267 ], [ 37.3780038, 55.624051 ], [ 37.3761367, 55.6250965 ], [ 37.3786302, 55.6265984 ], [ 37.3803818, 55.6261126 ], [ 37.3818934, 55.6256336 ], [ 37.3823869, 55.6254095 ], [ 37.3825425, 55.6252096 ], [ 37.3825908, 55.6250097 ], [ 37.3824298, 55.6244645 ], [ 37.3824191, 55.6243191 ], [ 37.382344, 55.6240011 ], [ 37.3823547, 55.6237467 ], [ 37.3823494, 55.6235407 ], [ 37.3825908, 55.6234529 ], [ 37.3830521, 55.6235316 ], [ 37.3832184, 55.6235922 ], [ 37.3835537, 55.6236043 ], [ 37.3838487, 55.62368 ], [ 37.3840928, 55.6237012 ], [ 37.3842162, 55.6236285 ], [ 37.3846561, 55.6233135 ], [ 37.384817, 55.623153 ], [ 37.3849618, 55.6229228 ], [ 37.385053, 55.6227077 ] ] ] } },
{ "type": "Feature", "properties": { "name": "Ульяновский лесопарк", "area_ha": 1002.2 }, "geometry": { "type": "Polygon", "coordinates": [ [ [ 37.3484945, 55.6315998 ], [ 37.3494169, 55.6315336 ], [ 37.3507042, 55.6313528 ], [ 37.3528933, 55.6310062 ], [ 37.354669, 55.6307216 ], [ 37.3550767, 55.630664 ], [ 37.3539233, 55.6290802 ], [ 37.3540091, 55.6288152 ], [ 37.354669, 55.6284018 ], [ 37.3542559, 55.6272509 ], [ 37.353977, 55.6266028 ], [ 37.3532259, 55.6258759 ], [ 37.3520672, 55.6252459 ], [ 37.3510045, 55.6248735 ], [ 37.3398471, 55.6221656 ], [ 37.3395556, 55.6221969 ], [ 37.3416813, 55.6233742 ], [ 37.3425272, 55.6238423 ], [ 37.343868, 55.6241004 ], [ 37.3440816, 55.624067 ], [ 37.3446776, 55.6239613 ], [ 37.3468181, 55.6245499 ], [ 37.3464228, 55.6248773 ], [ 37.3447989, 55.6243893 ], [ 37.3457771, 55.6247647 ], [ 37.346271, 55.624934 ], [ 37.3469147, 55.6248764 ], [ 37.3469404, 55.6249635 ], [ 37.3465942, 55.6260111 ], [ 37.3464923, 55.6263547 ], [ 37.3464207, 55.6269464 ], [ 37.3463975, 55.6271379 ], [ 37.3463025, 55.6279227 ], [ 37.3445741, 55.629062 ], [ 37.3438291, 55.6295535 ], [ 37.343554, 55.6297349 ], [ 37.3405428, 55.6301336 ], [ 37.3409125, 55.6305548 ], [ 37.3438728, 55.6322329 ], [ 37.3471352, 55.6318127 ], [ 37.3484945, 55.6315998 ] ] ] } },
{ "type": "Feature", "properties": { "name": "Ульяновский лесопарк", "area_ha": 1002.2 }, "geometry": { "type": "Polygon", "coordinates": [ [ [ 37.3456567, 55.6327399 ], [ 37.3452517, 55.6327823 ], [ 37.3450733, 55.6329008 ], [ 37.3457822, 55.6333193 ], [ 37.3459605, 55.6331096 ], [ 37.3461393, 55.6328471 ], [ 37.3463253, 55.6325847 ], [ 37.3458603, 55.6326372 ], [ 37.3456567, 55.6327399 ] ] ] } },
{ "type": "Feature", "properties": { "name": "Ульяновский лесопарк", "area_ha": 1002.2 }, "geometry": { "type": "Polygon", "coordinates": [ [ [ 37.3566295, 55.6323721 ], [ 37.3565574, 55.6327199 ], [ 37.3554432, 55.6329234 ], [ 37.3551679, 55.6324794 ], [ 37.3557578, 55.6324202 ], [ 37.3557643, 55.6322833 ], [ 37.3550045, 55.6322677 ], [ 37.3533437, 55.6319953 ], [ 37.3524617, 55.6320046 ], [ 37.3518131, 55.6321161 ], [ 37.3511252, 55.6322082 ], [ 37.3507138, 55.6324005 ], [ 37.3506061, 55.6324165 ], [ 37.3508289, 55.6330714 ], [ 37.3505187, 55.6330579 ], [ 37.3504604, 55.6330554 ], [ 37.3503242, 55.6324139 ], [ 37.350298, 55.6322907 ], [ 37.3499959, 55.6321437 ], [ 37.3495668, 55.6321279 ], [ 37.3479849, 55.632372 ], [ 37.3470461, 55.6325537 ], [ 37.3466706, 55.632808 ], [ 37.3464721, 55.6330775 ], [ 37.3464292, 55.6332562 ], [ 37.3465633, 55.6334803 ], [ 37.3471481, 55.6338285 ], [ 37.3487329, 55.6348838 ], [ 37.349315, 55.6352454 ], [ 37.3495929, 55.6354615 ], [ 37.3498448, 55.6354368 ], [ 37.350343, 55.6357922 ], [ 37.3504033, 55.6359405 ], [ 37.3506989, 55.6360919 ], [ 37.3509343, 55.6361754 ], [ 37.3511046, 55.6361539 ], [ 37.3515431, 55.6358024 ], [ 37.3517611, 55.6353193 ], [ 37.3520787, 55.635171 ], [ 37.3525769, 55.6351246 ], [ 37.3528945, 55.6351833 ], [ 37.353338, 55.6350844 ], [ 37.3538964, 55.635205 ], [ 37.3542688, 55.6352637 ], [ 37.3546368, 55.6353714 ], [ 37.3553381, 55.6352955 ], [ 37.3569341, 55.6349718 ], [ 37.3580837, 55.6344371 ], [ 37.3577083, 55.6341232 ], [ 37.3580003, 55.6339427 ], [ 37.3584267, 55.6339924 ], [ 37.3585075, 55.6339467 ], [ 37.3576033, 55.6333168 ], [ 37.3568952, 55.6326294 ], [ 37.356407, 55.6319359 ], [ 37.3560314, 55.6311686 ], [ 37.3536766, 55.6315089 ], [ 37.35286, 55.6316429 ], [ 37.3538076, 55.6317618 ], [ 37.3542628, 55.6317347 ], [ 37.3552192, 55.6318839 ], [ 37.3559654, 55.6319304 ], [ 37.3566295, 55.6323721 ] ] ] } },
{ "type": "Feature", "properties": { "name": "Ульяновский лесопарк", "area_ha": 1002.2 }, "geometry": { "type": "Polygon", "coordinates": [ [ [ 37.4115479, 55.5960347 ], [ 37.4098313, 55.5947344 ], [ 37.406382, 55.5918092 ], [ 37.4061674, 55.5917122 ], [ 37.4055773, 55.5912272 ], [ 37.4055397, 55.5910787 ], [ 37.4033443, 55.5891097 ], [ 37.4016797, 55.5877129 ], [ 37.4003195, 55.587058 ], [ 37.3991883, 55.5868102 ], [ 37.3986733, 55.5867314 ], [ 37.3982978, 55.5868708 ], [ 37.3978807, 55.5869703 ], [ 37.3975629, 55.5869375 ], [ 37.3968584, 55.5865306 ], [ 37.3960853, 55.5862711 ], [ 37.3944635, 55.5859612 ], [ 37.3941162, 55.5858029 ], [ 37.3935581, 55.5855485 ], [ 37.390433, 55.5839556 ], [ 37.3869721, 55.5822388 ], [ 37.3852848, 55.581233 ], [ 37.3835307, 55.5803483 ], [ 37.3812367, 55.5791546 ], [ 37.3804145, 55.5788443 ], [ 37.3800933, 55.5788711 ], [ 37.3796081, 55.5793757 ], [ 37.3793399, 55.5793817 ], [ 37.3784065, 55.579027 ], [ 37.3783636, 55.5789269 ], [ 37.378782, 55.5785175 ], [ 37.378546, 55.578466 ], [ 37.37831, 55.5784326 ], [ 37.3779452, 55.5784842 ], [ 37.377634, 55.5786631 ], [ 37.3774473, 55.5786101 ], [ 37.3769162, 55.5789618 ], [ 37.3763369, 55.5801596 ], [ 37.3751138, 55.5809753 ], [ 37.3736546, 55.5812178 ], [ 37.3714542, 55.5813042 ], [ 37.3695616, 55.5815483 ], [ 37.3692495, 55.5819136 ], [ 37.3681068, 55.5823866 ], [ 37.3671196, 55.5829399 ], [ 37.3673452, 55.5832616 ], [ 37.3672083, 55.5834722 ], [ 37.3669294, 55.5839013 ], [ 37.3671574, 55.5842227 ], [ 37.3674311, 55.5845169 ], [ 37.3681179, 55.5848955 ], [ 37.3706285, 55.5856504 ], [ 37.3713151, 55.5860233 ], [ 37.3720819, 55.5864282 ], [ 37.3724148, 55.5867449 ], [ 37.3722432, 55.5869601 ], [ 37.3723609, 55.5870211 ], [ 37.3726023, 55.5867907 ], [ 37.3734172, 55.586132 ], [ 37.3742825, 55.5853565 ], [ 37.3741554, 55.5852471 ], [ 37.3742546, 55.5851474 ], [ 37.3733426, 55.5842439 ], [ 37.3726774, 55.5837224 ], [ 37.3722053, 55.5830008 ], [ 37.3716411, 55.5814237 ], [ 37.375602, 55.5811533 ], [ 37.3761192, 55.5813316 ], [ 37.3764754, 55.5814544 ], [ 37.3767544, 55.5817213 ], [ 37.3772157, 55.581794 ], [ 37.3773294, 55.5819401 ], [ 37.3779131, 55.5818122 ], [ 37.3786856, 55.5816303 ], [ 37.3795975, 55.581503 ], [ 37.3800267, 55.5815272 ], [ 37.3803271, 55.5819578 ], [ 37.3805417, 55.582449 ], [ 37.3809386, 55.5830433 ], [ 37.3811961, 55.5835951 ], [ 37.3813714, 55.583933 ], [ 37.3813173, 55.5841561 ], [ 37.3814967, 55.5847469 ], [ 37.3818683, 55.586001 ], [ 37.3819079, 55.5861347 ], [ 37.3822091, 55.5871514 ], [ 37.3812105, 55.5872111 ], [ 37.3810952, 55.5869778 ], [ 37.3808456, 55.5867715 ], [ 37.3801734, 55.5866847 ], [ 37.3798037, 55.5866928 ], [ 37.3792707, 55.5867987 ], [ 37.3790931, 55.5869967 ], [ 37.3791891, 55.5872301 ], [ 37.379482, 55.5874146 ], [ 37.3793812, 55.5875584 ], [ 37.3791075, 55.5876317 ], [ 37.3792323, 55.5879817 ], [ 37.3793585, 55.5885027 ], [ 37.3796164, 55.5891268 ], [ 37.3801446, 55.589626 ], [ 37.3803986, 55.5898697 ], [ 37.3804471, 55.5899163 ], [ 37.3803414, 55.5902012 ], [ 37.3806591, 55.590337 ], [ 37.3810901, 55.5907268 ], [ 37.3812317, 55.5907562 ], [ 37.3815442, 55.5909925 ], [ 37.3817594, 55.5911552 ], [ 37.3829533, 55.5918129 ], [ 37.3835309, 55.5920893 ], [ 37.3841636, 55.5922948 ], [ 37.3845432, 55.592344 ], [ 37.3849973, 55.5922363 ], [ 37.3859274, 55.5919153 ], [ 37.3864509, 55.5915985 ], [ 37.386731, 55.591318 ], [ 37.3866724, 55.5914689 ], [ 37.3865458, 55.5916253 ], [ 37.3862769, 55.5917727 ], [ 37.3863402, 55.5918577 ], [ 37.3865926, 55.5918638 ], [ 37.3870362, 55.5918934 ], [ 37.3865337, 55.5919024 ], [ 37.386421, 55.5919044 ], [ 37.3857937, 55.5922401 ], [ 37.3851198, 55.5925714 ], [ 37.3849973, 55.5927199 ], [ 37.3851702, 55.5933153 ], [ 37.3857227, 55.5932306 ], [ 37.3859367, 55.5930962 ], [ 37.386221, 55.5929177 ], [ 37.3859906, 55.5931455 ], [ 37.385873, 55.5932618 ], [ 37.3860526, 55.5932445 ], [ 37.3865689, 55.5931948 ], [ 37.3860661, 55.593291 ], [ 37.3855645, 55.593387 ], [ 37.3865606, 55.5936624 ], [ 37.3866797, 55.5936953 ], [ 37.3865583, 55.5936715 ], [ 37.3854064, 55.5934451 ], [ 37.3852395, 55.5935557 ], [ 37.3853725, 55.5939893 ], [ 37.3850279, 55.5941389 ], [ 37.3846811, 55.5945724 ], [ 37.3846113, 55.5950677 ], [ 37.3841424, 55.5954484 ], [ 37.3839341, 55.595564 ], [ 37.3840089, 55.595952 ], [ 37.3844515, 55.5962812 ], [ 37.3844183, 55.5964518 ], [ 37.3843532, 55.5965891 ], [ 37.3842703, 55.596764 ], [ 37.384126, 55.5968251 ], [ 37.3841236, 55.5964722 ], [ 37.3841233, 55.5964276 ], [ 37.3836893, 55.5961381 ], [ 37.3834651, 55.5957923 ], [ 37.383498, 55.5953728 ], [ 37.3838076, 55.5952546 ], [ 37.3839357, 55.5949255 ], [ 37.383972, 55.5945067 ], [ 37.3845621, 55.5936055 ], [ 37.3844065, 55.5931994 ], [ 37.384103, 55.5929157 ], [ 37.3840738, 55.5928849 ], [ 37.3837682, 55.5926255 ], [ 37.3833807, 55.5924065 ], [ 37.3828429, 55.5922591 ], [ 37.3825199, 55.5921976 ], [ 37.3820916, 55.5921161 ], [ 37.3813483, 55.5919316 ], [ 37.3811742, 55.5919552 ], [ 37.3803286, 55.5928697 ], [ 37.3802568, 55.5927596 ], [ 37.3806598, 55.592308 ], [ 37.3810328, 55.5918563 ], [ 37.3808071, 55.5920028 ], [ 37.3805612, 55.5920336 ], [ 37.3803519, 55.5920598 ], [ 37.3770594, 55.5923176 ], [ 37.3759323, 55.5915629 ], [ 37.3748116, 55.5920078 ], [ 37.3708657, 55.5943615 ], [ 37.3707284, 55.5946186 ], [ 37.3709172, 55.5947204 ], [ 37.3710717, 55.5945943 ], [ 37.3715455, 55.5949173 ], [ 37.3712528, 55.5950976 ], [ 37.3712947, 55.5951768 ], [ 37.3717595, 55.5956891 ], [ 37.3721444, 55.596167 ], [ 37.372816, 55.5967655 ], [ 37.3728518, 55.5968115 ], [ 37.3729284, 55.59691 ], [ 37.3734605, 55.5974774 ], [ 37.3747641, 55.5984594 ], [ 37.3757297, 55.5991929 ], [ 37.3770781, 55.5997256 ], [ 37.3790255, 55.6003701 ], [ 37.3820729, 55.6013755 ], [ 37.3839322, 55.6020087 ], [ 37.3856921, 55.6025617 ], [ 37.3865226, 55.6027365 ], [ 37.387364, 55.6028564 ], [ 37.3895468, 55.6030088 ], [ 37.3903267, 55.6030502 ], [ 37.3910782, 55.6030523 ], [ 37.3918939, 55.6029612 ], [ 37.3927178, 55.6027648 ], [ 37.3933192, 55.6025618 ], [ 37.3937841, 55.6023264 ], [ 37.3951584, 55.6016077 ], [ 37.3964298, 55.6009458 ], [ 37.3964707, 55.6009234 ], [ 37.3976968, 55.6002399 ], [ 37.3984951, 55.5998817 ], [ 37.3989671, 55.5997325 ], [ 37.3994596, 55.5996018 ], [ 37.4004691, 55.5995029 ], [ 37.401186, 55.5994998 ], [ 37.4018802, 55.5995709 ], [ 37.4025288, 55.599691 ], [ 37.4030509, 55.5998462 ], [ 37.4033489, 55.5997834 ], [ 37.4036371, 55.5997227 ], [ 37.4013161, 55.5984551 ], [ 37.4020497, 55.5980376 ], [ 37.403076, 55.5986528 ], [ 37.4042087, 55.5981471 ], [ 37.4036099, 55.5977508 ], [ 37.4037856, 55.5977199 ], [ 37.4043341, 55.5977092 ], [ 37.405216, 55.5977113 ], [ 37.4062504, 55.5972918 ], [ 37.4062439, 55.5971457 ], [ 37.4065053, 55.5965833 ], [ 37.4068018, 55.596274 ], [ 37.4071355, 55.5963455 ], [ 37.4074702, 55.5965056 ], [ 37.4073683, 55.597056 ], [ 37.4076795, 55.5973142 ], [ 37.4084326, 55.5969966 ], [ 37.4066961, 55.5956725 ], [ 37.4070015, 55.5955222 ], [ 37.4061312, 55.5949458 ], [ 37.4060508, 55.5946342 ], [ 37.4058187, 55.5942191 ], [ 37.4063911, 55.5939762 ], [ 37.4046346, 55.5923146 ], [ 37.4030164, 55.5909701 ], [ 37.4010833, 55.5896788 ], [ 37.4011151, 55.5895118 ], [ 37.4017749, 55.5891815 ], [ 37.403782, 55.5904663 ], [ 37.4053369, 55.5917694 ], [ 37.4069974, 55.5936887 ], [ 37.4076762, 55.5940856 ], [ 37.4080648, 55.5941472 ], [ 37.4086819, 55.5946707 ], [ 37.4111812, 55.5965776 ], [ 37.4115939, 55.596702 ], [ 37.4123722, 55.5971887 ], [ 37.4125987, 55.5973046 ], [ 37.4126183, 55.5972943 ], [ 37.4126448, 55.5972805 ], [ 37.4126649, 55.5972339 ], [ 37.4127745, 55.5971742 ], [ 37.4121809, 55.5966409 ], [ 37.4120307, 55.5965833 ], [ 37.4120361, 55.596459 ], [ 37.4115479, 55.5960347 ] ] ] } },
{ "type": "Feature", "properties": { "name": "Ульяновский лесопарк", "area_ha": 1002.2 }, "geometry": { "type": "Polygon", "coordinates": [ [ [ 37.4085654, 55.586154 ], [ 37.4085546, 55.5859054 ], [ 37.4084581, 55.5856871 ], [ 37.4077822, 55.585578 ], [ 37.4077714, 55.5853536 ], [ 37.4077283, 55.5850899 ], [ 37.4025033, 55.5852703 ], [ 37.4026054, 55.5863251 ], [ 37.4005324, 55.5863635 ], [ 37.4005507, 55.5865922 ], [ 37.4009054, 55.5867453 ], [ 37.4017686, 55.5871801 ], [ 37.4026444, 55.5876967 ], [ 37.4111343, 55.5950427 ], [ 37.4126798, 55.5961923 ], [ 37.413336, 55.5969169 ], [ 37.4142877, 55.5965301 ], [ 37.4146564, 55.5963224 ], [ 37.4149242, 55.5961787 ], [ 37.4152827, 55.5960041 ], [ 37.4154844, 55.5958857 ], [ 37.4151956, 55.595326 ], [ 37.4146463, 55.5952921 ], [ 37.4144317, 55.5953696 ], [ 37.414157, 55.5953212 ], [ 37.4137365, 55.5951611 ], [ 37.4131786, 55.5951563 ], [ 37.4133502, 55.5956315 ], [ 37.4131271, 55.5955733 ], [ 37.4129211, 55.595229 ], [ 37.4127065, 55.5950156 ], [ 37.412964, 55.5946422 ], [ 37.4125863, 55.59439 ], [ 37.412243, 55.5944967 ], [ 37.4123289, 55.5941766 ], [ 37.4115135, 55.5941426 ], [ 37.4107753, 55.5940942 ], [ 37.4107925, 55.5938856 ], [ 37.4106037, 55.5936286 ], [ 37.4101745, 55.59342 ], [ 37.410432, 55.593163 ], [ 37.4106552, 55.5931872 ], [ 37.4107152, 55.5933133 ], [ 37.4107582, 55.5935461 ], [ 37.4109212, 55.5935655 ], [ 37.4112302, 55.5934976 ], [ 37.4113504, 55.5933909 ], [ 37.4112131, 55.5932551 ], [ 37.4111787, 55.593066 ], [ 37.4114105, 55.5930175 ], [ 37.4115478, 55.5930708 ], [ 37.4119426, 55.5932454 ], [ 37.4123889, 55.5931872 ], [ 37.4127065, 55.5934588 ], [ 37.4127494, 55.5937692 ], [ 37.4125949, 55.5939535 ], [ 37.4126207, 55.5942105 ], [ 37.4129983, 55.5943609 ], [ 37.4131271, 55.5946276 ], [ 37.4130584, 55.5948798 ], [ 37.4132644, 55.5950544 ], [ 37.4140798, 55.5950835 ], [ 37.4140026, 55.5949041 ], [ 37.4136592, 55.5947295 ], [ 37.4138996, 55.5946082 ], [ 37.4141227, 55.594744 ], [ 37.414569, 55.5947925 ], [ 37.4151698, 55.5949041 ], [ 37.4154188, 55.5944579 ], [ 37.4157106, 55.594647 ], [ 37.4155904, 55.5948313 ], [ 37.4156505, 55.5950011 ], [ 37.4154188, 55.5950447 ], [ 37.4151441, 55.5950835 ], [ 37.4151441, 55.5951854 ], [ 37.4154617, 55.5952484 ], [ 37.4157878, 55.5950932 ], [ 37.4158479, 55.5952339 ], [ 37.4160453, 55.5952921 ], [ 37.4163886, 55.5950932 ], [ 37.4162771, 55.5947828 ], [ 37.4163629, 55.5945694 ], [ 37.416629, 55.5948992 ], [ 37.4166461, 55.595035 ], [ 37.421165, 55.5914172 ], [ 37.4202598, 55.5913865 ], [ 37.4203027, 55.5908287 ], [ 37.4199165, 55.5900527 ], [ 37.419144, 55.5900042 ], [ 37.4183072, 55.5896768 ], [ 37.417642, 55.5894949 ], [ 37.4162043, 55.5891675 ], [ 37.414831, 55.589022 ], [ 37.4151958, 55.5886582 ], [ 37.4149812, 55.588355 ], [ 37.4139649, 55.588116 ], [ 37.412247, 55.5887009 ], [ 37.4109663, 55.5885776 ], [ 37.4101039, 55.58823 ], [ 37.4091667, 55.5880277 ], [ 37.4096165, 55.5869604 ], [ 37.4089945, 55.5865724 ], [ 37.4082435, 55.5865784 ], [ 37.4082328, 55.5863602 ], [ 37.4083508, 55.586342 ], [ 37.4085654, 55.586154 ] ] ] } },
{ "type": "Feature", "properties": { "name": "Ульяновский лесопарк", "area_ha": 1002.2 }, "geometry": { "type": "Polygon", "coordinates": [ [ [ 37.3736452, 55.5986618 ], [ 37.3729706, 55.5979812 ], [ 37.3733681, 55.5988353 ], [ 37.3734946, 55.5989102 ], [ 37.3736753, 55.5989136 ], [ 37.3737837, 55.5988285 ], [ 37.3736452, 55.5986618 ] ] ] } },
{ "type": "Feature", "properties": { "name": "Ульяновский лесопарк", "area_ha": 1002.2 }, "geometry": { "type": "Polygon", "coordinates": [ [ [ 37.3751021, 55.5996903 ], [ 37.3745627, 55.5996514 ], [ 37.3755017, 55.6000083 ], [ 37.3756212, 55.5999422 ], [ 37.3756162, 55.5998488 ], [ 37.3751021, 55.5996903 ] ] ] } },
{ "type": "Feature", "properties": { "name": "Ульяновский лесопарк", "area_ha": 1002.2 }, "geometry": { "type": "Polygon", "coordinates": [ [ [ 37.3813863, 55.6052823 ], [ 37.3809485, 55.6053745 ], [ 37.3809228, 55.6055878 ], [ 37.3804507, 55.6056993 ], [ 37.3796353, 55.6056169 ], [ 37.3795323, 55.6053502 ], [ 37.3795752, 55.6049575 ], [ 37.3797555, 55.6048896 ], [ 37.3807597, 55.6051223 ], [ 37.3819098, 55.6052387 ], [ 37.382751, 55.6052193 ], [ 37.3850255, 55.6054423 ], [ 37.3852401, 55.6048169 ], [ 37.3850684, 55.6046375 ], [ 37.3844676, 55.604492 ], [ 37.3845792, 55.6041817 ], [ 37.3849482, 55.6041138 ], [ 37.3902676, 55.6037793 ], [ 37.3903813, 55.6044532 ], [ 37.3910165, 55.6046908 ], [ 37.3904671, 55.604812 ], [ 37.3899007, 55.6045696 ], [ 37.3887934, 55.6046714 ], [ 37.3881068, 55.6050787 ], [ 37.3877635, 55.6055587 ], [ 37.3873858, 55.6055151 ], [ 37.3868794, 55.6055829 ], [ 37.3863902, 55.6057575 ], [ 37.3870082, 55.60967 ], [ 37.3870273, 55.6100667 ], [ 37.387803, 55.6099498 ], [ 37.3892344, 55.6096184 ], [ 37.3898052, 55.6094208 ], [ 37.3902404, 55.6092719 ], [ 37.3908535, 55.6089962 ], [ 37.391621, 55.6086172 ], [ 37.3922264, 55.6083241 ], [ 37.3927066, 55.608242 ], [ 37.3933473, 55.6081623 ], [ 37.3941997, 55.6077356 ], [ 37.3944912, 55.6078232 ], [ 37.3948293, 55.6076808 ], [ 37.3950015, 55.6077977 ], [ 37.3968118, 55.6069974 ], [ 37.3974169, 55.6066287 ], [ 37.3977651, 55.6064538 ], [ 37.4014832, 55.6042393 ], [ 37.4021117, 55.6035863 ], [ 37.4024933, 55.6030662 ], [ 37.4017366, 55.6025499 ], [ 37.40205, 55.6023013 ], [ 37.4001683, 55.6013116 ], [ 37.4024798, 55.5999724 ], [ 37.4019781, 55.5998357 ], [ 37.4011954, 55.5997825 ], [ 37.4002528, 55.5998068 ], [ 37.3994316, 55.5999225 ], [ 37.3984079, 55.60026 ], [ 37.3977269, 55.600598 ], [ 37.3967052, 55.6011449 ], [ 37.3963437, 55.6013498 ], [ 37.396284, 55.601376 ], [ 37.3956522, 55.6017237 ], [ 37.3944054, 55.6024208 ], [ 37.3936783, 55.6027579 ], [ 37.3929511, 55.6030485 ], [ 37.3922454, 55.6031983 ], [ 37.3915326, 55.6033056 ], [ 37.3908685, 55.6033403 ], [ 37.390233, 55.6033466 ], [ 37.3887127, 55.6032318 ], [ 37.3867483, 55.6030588 ], [ 37.385643, 55.6028576 ], [ 37.3849605, 55.6026674 ], [ 37.3837165, 55.6022566 ], [ 37.3823119, 55.6017859 ], [ 37.3804298, 55.60117 ], [ 37.3792267, 55.6007655 ], [ 37.3773163, 55.6001654 ], [ 37.3772598, 55.6003021 ], [ 37.3772402, 55.600372 ], [ 37.3772373, 55.6004545 ], [ 37.3774987, 55.6006037 ], [ 37.3774747, 55.6007676 ], [ 37.3779988, 55.6013144 ], [ 37.3785035, 55.6028393 ], [ 37.3787793, 55.6037497 ], [ 37.3787879, 55.6038758 ], [ 37.3787192, 55.6040988 ], [ 37.3781892, 55.6043228 ], [ 37.3773683, 55.6045941 ], [ 37.3773838, 55.6046642 ], [ 37.377644, 55.604909 ], [ 37.3780474, 55.6049623 ], [ 37.3789828, 55.6055103 ], [ 37.3825201, 55.6070909 ], [ 37.382751, 55.6071053 ], [ 37.3831651, 55.6073586 ], [ 37.3838611, 55.6079515 ], [ 37.3857724, 55.6097899 ], [ 37.3861237, 55.6101713 ], [ 37.3867996, 55.6100871 ], [ 37.3864846, 55.6079344 ], [ 37.3861584, 55.605772 ], [ 37.3841929, 55.6055054 ], [ 37.3813863, 55.6052823 ] ] ] } },
{ "type": "Feature", "properties": { "name": "Ульяновский лесопарк", "area_ha": 1002.2 }, "geometry": { "type": "Polygon", "coordinates": [ [ [ 37.3738416, 55.6137848 ], [ 37.3745974, 55.6139444 ], [ 37.374991, 55.6139773 ], [ 37.3753928, 55.6139689 ], [ 37.3757479, 55.6139071 ], [ 37.3760537, 55.6138184 ], [ 37.3784162, 55.6124807 ], [ 37.3791315, 55.6119537 ], [ 37.3797166, 55.6116827 ], [ 37.3805452, 55.6114509 ], [ 37.3810552, 55.6112884 ], [ 37.3817067, 55.6110369 ], [ 37.3843596, 55.6104087 ], [ 37.3849509, 55.6103392 ], [ 37.3819514, 55.6072272 ], [ 37.3764962, 55.6048935 ], [ 37.3760511, 55.6053576 ], [ 37.3755888, 55.6054005 ], [ 37.3752952, 55.6053661 ], [ 37.3747418, 55.6051157 ], [ 37.3735307, 55.6053069 ], [ 37.3732567, 55.6054994 ], [ 37.3731637, 55.6057058 ], [ 37.3724561, 55.605854 ], [ 37.3723876, 55.6059297 ], [ 37.3721731, 55.606057 ], [ 37.3722696, 55.6064146 ], [ 37.3721623, 55.6065903 ], [ 37.3720014, 55.6067479 ], [ 37.3714006, 55.606857 ], [ 37.3712611, 55.6070206 ], [ 37.370789, 55.6072752 ], [ 37.3705208, 55.6073661 ], [ 37.3702419, 55.6072933 ], [ 37.3701024, 55.6071176 ], [ 37.3700166, 55.6069358 ], [ 37.3697698, 55.6068025 ], [ 37.3688793, 55.6068631 ], [ 37.3685789, 55.6068267 ], [ 37.3683107, 55.6067297 ], [ 37.3679244, 55.6064328 ], [ 37.367624, 55.6063479 ], [ 37.3671198, 55.6061358 ], [ 37.3671154, 55.6059441 ], [ 37.3666155, 55.6059782 ], [ 37.3661679, 55.606157 ], [ 37.3656429, 55.6062537 ], [ 37.3649165, 55.6069376 ], [ 37.3645526, 55.6070591 ], [ 37.3633509, 55.6079587 ], [ 37.3630953, 55.6081573 ], [ 37.3629597, 55.6083266 ], [ 37.3629635, 55.6085239 ], [ 37.3631823, 55.6085099 ], [ 37.363354, 55.6084236 ], [ 37.3635688, 55.6084009 ], [ 37.3637161, 55.6085811 ], [ 37.3637053, 55.6087478 ], [ 37.3637, 55.6088266 ], [ 37.3637214, 55.6089841 ], [ 37.3635712, 55.6090871 ], [ 37.3633137, 55.6091887 ], [ 37.3632172, 55.6092129 ], [ 37.3630225, 55.6091262 ], [ 37.3630428, 55.6089614 ], [ 37.362906, 55.6088432 ], [ 37.3629329, 55.6087448 ], [ 37.3628175, 55.6086629 ], [ 37.3625038, 55.6087945 ], [ 37.3614174, 55.609578 ], [ 37.3611063, 55.6099083 ], [ 37.3609561, 55.610187 ], [ 37.3611377, 55.6104241 ], [ 37.3619669, 55.6106458 ], [ 37.3625033, 55.6103686 ], [ 37.3629027, 55.6108553 ], [ 37.3637496, 55.6111204 ], [ 37.3643305, 55.6113023 ], [ 37.3648999, 55.6114805 ], [ 37.3654461, 55.6115897 ], [ 37.3659334, 55.6116872 ], [ 37.3664634, 55.6117932 ], [ 37.3670789, 55.611976 ], [ 37.3680398, 55.6122613 ], [ 37.3696761, 55.6127471 ], [ 37.3725805, 55.6134916 ], [ 37.373174, 55.6134046 ], [ 37.3736077, 55.613556 ], [ 37.3738416, 55.6137848 ] ] ] } },
{ "type": "Feature", "properties": { "name": "Парк \"Барыши\"", "area_ha": 9.1 }, "geometry": { "type": "Polygon", "coordinates": [ [ [ 37.5451903, 55.4993302 ], [ 37.5452622, 55.4993924 ], [ 37.5454311, 55.4993968 ], [ 37.5455548, 55.4980668 ], [ 37.5455239, 55.4980402 ], [ 37.54445, 55.498002 ], [ 37.5443284, 55.4979977 ], [ 37.5436768, 55.4980233 ], [ 37.5421428, 55.4980836 ], [ 37.5419407, 55.4959852 ], [ 37.538912, 55.496935 ], [ 37.5391248, 55.4972554 ], [ 37.5378585, 55.4975029 ], [ 37.5368946, 55.4975979 ], [ 37.537326, 55.4984523 ], [ 37.5380298, 55.4987921 ], [ 37.5392806, 55.4983109 ], [ 37.5396279, 55.4986265 ], [ 37.5398077, 55.4987919 ], [ 37.5401213, 55.4987239 ], [ 37.5399656, 55.498672 ], [ 37.5398424, 55.4984867 ], [ 37.5407016, 55.4982595 ], [ 37.5412917, 55.4990283 ], [ 37.5432846, 55.498963 ], [ 37.5433329, 55.4994218 ], [ 37.5451903, 55.4993302 ] ] ] } },
{ "type": "Feature", "properties": { "name": "усадьба Остафьево", "area_ha": 38.8 }, "geometry": { "type": "Polygon", "coordinates": [ [ [ 37.5029617, 55.4948993 ], [ 37.5028686, 55.4948592 ], [ 37.5028322, 55.4948427 ], [ 37.5027958, 55.4948263 ], [ 37.5026918, 55.4947815 ], [ 37.5027302, 55.4947542 ], [ 37.5027805, 55.4947222 ], [ 37.5028679, 55.4946664 ], [ 37.5029807, 55.4945946 ], [ 37.503169, 55.4944746 ], [ 37.5033399, 55.4943595 ], [ 37.5035347, 55.4941576 ], [ 37.5034848, 55.4940893 ], [ 37.500259, 55.4936742 ], [ 37.499291, 55.4946064 ], [ 37.4987864, 55.4951849 ], [ 37.4984663, 55.4955519 ], [ 37.4967402, 55.4971156 ], [ 37.4964666, 55.4972863 ], [ 37.4962687, 55.4974098 ], [ 37.4957398, 55.4976367 ], [ 37.4944067, 55.4981331 ], [ 37.4941063, 55.4982469 ], [ 37.4933014, 55.4986222 ], [ 37.4914898, 55.4993915 ], [ 37.4898387, 55.5002757 ], [ 37.4904359, 55.5007263 ], [ 37.4914964, 55.5014742 ], [ 37.4919013, 55.501704 ], [ 37.4945694, 55.5027816 ], [ 37.4946626, 55.5027234 ], [ 37.5005276, 55.4990563 ], [ 37.5029183, 55.4975014 ], [ 37.5028621, 55.4974577 ], [ 37.5029239, 55.4974143 ], [ 37.5030651, 55.497351 ], [ 37.5031916, 55.4973527 ], [ 37.5033916, 55.497381 ], [ 37.5036063, 55.497381 ], [ 37.5036593, 55.4973777 ], [ 37.5037034, 55.4973644 ], [ 37.5037357, 55.497341 ], [ 37.5037269, 55.4972827 ], [ 37.5037004, 55.4972594 ], [ 37.5035798, 55.4972144 ], [ 37.5035593, 55.4971894 ], [ 37.5035475, 55.4971328 ], [ 37.5035681, 55.4971044 ], [ 37.5035563, 55.4970761 ], [ 37.5035622, 55.4969578 ], [ 37.5036063, 55.4968762 ], [ 37.5036857, 55.4967845 ], [ 37.5037622, 55.4967445 ], [ 37.5037622, 55.4967162 ], [ 37.5037122, 55.4966362 ], [ 37.503724, 55.4966079 ], [ 37.5037475, 55.4965829 ], [ 37.5037916, 55.4965629 ], [ 37.5038387, 55.4965496 ], [ 37.5038916, 55.4965463 ], [ 37.5039299, 55.4965263 ], [ 37.5040093, 55.4964496 ], [ 37.5040475, 55.4964296 ], [ 37.5041593, 55.496433 ], [ 37.5042064, 55.4964513 ], [ 37.5042622, 55.4964996 ], [ 37.5044181, 55.4965813 ], [ 37.5045093, 55.4966512 ], [ 37.5046329, 55.4967046 ], [ 37.5048958, 55.4967438 ], [ 37.5049713, 55.4967276 ], [ 37.5049953, 55.4967097 ], [ 37.5050494, 55.4966696 ], [ 37.5051149, 55.4966071 ], [ 37.5053182, 55.4964846 ], [ 37.5054815, 55.4963773 ], [ 37.5057823, 55.4961205 ], [ 37.5049615, 55.4956516 ], [ 37.5044665, 55.4954124 ], [ 37.5032705, 55.4948864 ], [ 37.5030304, 55.4949249 ], [ 37.5029794, 55.4949055 ], [ 37.5029617, 55.4948993 ] ] ] } },
{ "type": "Feature", "properties": { "name": "Детский ландшафтный парк", "area_ha": 6.8 }, "geometry": { "type": "Polygon", "coordinates": [ [ [ 37.5384142, 55.543229 ], [ 37.5382777, 55.5431648 ], [ 37.5386249, 55.5428748 ], [ 37.5388431, 55.5429389 ], [ 37.5389869, 55.5427826 ], [ 37.5383631, 55.5422782 ], [ 37.537756, 55.5415689 ], [ 37.5377022, 55.5415109 ], [ 37.5354448, 55.5419722 ], [ 37.5350757, 55.5415173 ], [ 37.5348169, 55.5411408 ], [ 37.534638, 55.5407581 ], [ 37.5343609, 55.5399372 ], [ 37.5334895, 55.5399105 ], [ 37.5333677, 55.5415837 ], [ 37.5331246, 55.5423037 ], [ 37.5359808, 55.5432435 ], [ 37.5379204, 55.5438951 ], [ 37.5384142, 55.543229 ] ] ] } },
{ "type": "Feature", "properties": { "name": "ландшафтный парк Южное Бутово", "area_ha": 6.4 }, "geometry": { "type": "Polygon", "coordinates": [ [ [ 37.5374186, 55.5448981 ], [ 37.5375734, 55.5448568 ], [ 37.5376262, 55.5444703 ], [ 37.5378936, 55.5441145 ], [ 37.5367494, 55.5437107 ], [ 37.5351728, 55.543192 ], [ 37.5329798, 55.5425324 ], [ 37.5325867, 55.5428706 ], [ 37.5322262, 55.5431426 ], [ 37.5329386, 55.543599 ], [ 37.5330244, 55.5436039 ], [ 37.5341402, 55.5444391 ], [ 37.5344406, 55.5448422 ], [ 37.5346809, 55.5451093 ], [ 37.5350672, 55.5455269 ], [ 37.5353847, 55.545488 ], [ 37.5355982, 55.5458808 ], [ 37.5373751, 55.5457396 ], [ 37.5373712, 55.5456353 ], [ 37.5373564, 55.5449908 ], [ 37.5374186, 55.5448981 ] ] ] } },
{ "type": "Feature", "properties": { "name": "Ландшафтный парк \"Южное Бутово\"", "area_ha": 9.3 }, "geometry": { "type": "Polygon", "coordinates": [ [ [ 37.5358649, 55.5465932 ], [ 37.5355032, 55.5466416 ], [ 37.5355461, 55.5468252 ], [ 37.5354978, 55.546933 ], [ 37.5352779, 55.5470893 ], [ 37.5356715, 55.5472229 ], [ 37.53602, 55.5469599 ], [ 37.536252, 55.5469384 ], [ 37.5364673, 55.546959 ], [ 37.5365281, 55.5469921 ], [ 37.5365822, 55.5470533 ], [ 37.5366363, 55.5471621 ], [ 37.5366573, 55.5472916 ], [ 37.5366002, 55.5473864 ], [ 37.536399, 55.5478261 ], [ 37.5362376, 55.5480283 ], [ 37.5360903, 55.5481298 ], [ 37.5358477, 55.5482148 ], [ 37.5356863, 55.5482356 ], [ 37.5354477, 55.548212 ], [ 37.5353186, 55.5481655 ], [ 37.5351882, 55.5481239 ], [ 37.5350464, 55.5479918 ], [ 37.5349918, 55.5479126 ], [ 37.5350033, 55.5478252 ], [ 37.5350791, 55.547709 ], [ 37.5352456, 55.5475391 ], [ 37.5355434, 55.5473128 ], [ 37.5351552, 55.547154 ], [ 37.5348472, 55.5474014 ], [ 37.5344501, 55.5475529 ], [ 37.5346872, 55.5482349 ], [ 37.5351337, 55.5481822 ], [ 37.5352847, 55.5482074 ], [ 37.5354013, 55.5482644 ], [ 37.5354656, 55.5484261 ], [ 37.5354039, 55.5485217 ], [ 37.5353396, 55.5485778 ], [ 37.5352804, 55.5487432 ], [ 37.5352275, 55.5489884 ], [ 37.5352054, 55.5491272 ], [ 37.535254, 55.5493954 ], [ 37.5355193, 55.5493911 ], [ 37.5357714, 55.5494275 ], [ 37.535825, 55.5495064 ], [ 37.5359565, 55.5497826 ], [ 37.5355971, 55.5498372 ], [ 37.5357044, 55.5501528 ], [ 37.5353986, 55.5501801 ], [ 37.5354147, 55.5502256 ], [ 37.5354415, 55.5504138 ], [ 37.5353449, 55.5504805 ], [ 37.5356485, 55.5504869 ], [ 37.5356561, 55.5510176 ], [ 37.5356371, 55.5514332 ], [ 37.5359004, 55.5514436 ], [ 37.5365253, 55.551393 ], [ 37.537024, 55.5513913 ], [ 37.5366109, 55.551315 ], [ 37.5365109, 55.5512713 ], [ 37.5364044, 55.5512194 ], [ 37.5363052, 55.5511147 ], [ 37.5363293, 55.5510161 ], [ 37.5364339, 55.5509327 ], [ 37.5365948, 55.5508811 ], [ 37.5367424, 55.550878 ], [ 37.5370964, 55.5509752 ], [ 37.537893, 55.5508963 ], [ 37.5380835, 55.5508416 ], [ 37.5381881, 55.5507825 ], [ 37.5382564, 55.55069 ], [ 37.5380144, 55.5506313 ], [ 37.5379674, 55.5506921 ], [ 37.5379029, 55.5507352 ], [ 37.5378149, 55.5507717 ], [ 37.5376917, 55.5508248 ], [ 37.5375802, 55.5508315 ], [ 37.5364011, 55.5506158 ], [ 37.5373396, 55.5491265 ], [ 37.5374263, 55.5489678 ], [ 37.5374236, 55.548901 ], [ 37.5374961, 55.54881 ], [ 37.5375899, 55.5487584 ], [ 37.5377187, 55.548728 ], [ 37.537826, 55.5487311 ], [ 37.538054, 55.5487478 ], [ 37.5386709, 55.5478996 ], [ 37.5384375, 55.5478298 ], [ 37.5383946, 55.5477751 ], [ 37.5383785, 55.5476902 ], [ 37.5384268, 55.5475779 ], [ 37.538585, 55.5474717 ], [ 37.5386601, 55.5474626 ], [ 37.5387782, 55.5474656 ], [ 37.5398584, 55.5477096 ], [ 37.5399343, 55.5475897 ], [ 37.5398859, 55.5475415 ], [ 37.5391268, 55.5473533 ], [ 37.539218, 55.5472183 ], [ 37.5393656, 55.547062 ], [ 37.5394568, 55.5470347 ], [ 37.5395882, 55.5470271 ], [ 37.5396767, 55.5470362 ], [ 37.5403875, 55.5472061 ], [ 37.540484, 55.5472516 ], [ 37.5407469, 55.5473123 ], [ 37.5409883, 55.5470604 ], [ 37.5411063, 55.5470331 ], [ 37.5412297, 55.5470392 ], [ 37.5413531, 55.5470726 ], [ 37.5414791, 55.5471075 ], [ 37.5416535, 55.5471673 ], [ 37.5418037, 55.5469694 ], [ 37.5414657, 55.5469026 ], [ 37.5413638, 55.5467979 ], [ 37.541337, 55.5466705 ], [ 37.541388, 55.5465111 ], [ 37.5413236, 55.5464489 ], [ 37.541109, 55.5464277 ], [ 37.5408622, 55.5464687 ], [ 37.5407067, 55.5464413 ], [ 37.5404894, 55.5462668 ], [ 37.5403178, 55.5463366 ], [ 37.54024, 55.5463518 ], [ 37.5401595, 55.5463518 ], [ 37.5400871, 55.5463427 ], [ 37.5398269, 55.5462486 ], [ 37.5391349, 55.5462592 ], [ 37.5389927, 55.5463245 ], [ 37.5389525, 55.5464429 ], [ 37.5389766, 55.546631 ], [ 37.5390008, 55.546804 ], [ 37.5390196, 55.5470013 ], [ 37.5388828, 55.5470878 ], [ 37.5387352, 55.5471181 ], [ 37.5385931, 55.5471242 ], [ 37.5384295, 55.5470923 ], [ 37.5383463, 55.5470347 ], [ 37.5382632, 55.5469284 ], [ 37.5382015, 55.5464338 ], [ 37.538188, 55.5458795 ], [ 37.5357119, 55.5461242 ], [ 37.5358649, 55.5465932 ] ] ] } },
{ "type": "Feature", "properties": { "name": "Усадьба малое Голубино", "area_ha": 7.6 }, "geometry": { "type": "Polygon", "coordinates": [ [ [ 37.5126368, 55.5971308 ], [ 37.5126061, 55.5971758 ], [ 37.5125468, 55.5972232 ], [ 37.5123453, 55.597327 ], [ 37.5122369, 55.597397 ], [ 37.5121441, 55.5974904 ], [ 37.5120698, 55.5975896 ], [ 37.512078, 55.5976415 ], [ 37.5121309, 55.5976562 ], [ 37.5121747, 55.597656 ], [ 37.5122138, 55.5976454 ], [ 37.51226, 55.5976225 ], [ 37.5123208, 55.5976054 ], [ 37.5123728, 55.5976029 ], [ 37.5124249, 55.5976209 ], [ 37.512474, 55.5976266 ], [ 37.5125406, 55.597607 ], [ 37.5125666, 55.5975694 ], [ 37.512609, 55.5975484 ], [ 37.5127923, 55.597847 ], [ 37.5128493, 55.5979481 ], [ 37.5130646, 55.5980158 ], [ 37.5131933, 55.5982219 ], [ 37.5131986, 55.59832 ], [ 37.5131334, 55.5983832 ], [ 37.5129937, 55.5984168 ], [ 37.5128633, 55.5984442 ], [ 37.5128149, 55.5984936 ], [ 37.5128149, 55.5985378 ], [ 37.5127851, 55.5985599 ], [ 37.5127721, 55.5985757 ], [ 37.5127553, 55.5986105 ], [ 37.5127572, 55.5986441 ], [ 37.5127832, 55.5986694 ], [ 37.5128354, 55.5986841 ], [ 37.5128827, 55.5987296 ], [ 37.5128894, 55.5987841 ], [ 37.5128764, 55.5988251 ], [ 37.512867, 55.5988756 ], [ 37.5128764, 55.5988998 ], [ 37.5129296, 55.5989154 ], [ 37.5129612, 55.5989109 ], [ 37.5130099, 55.5988863 ], [ 37.513089, 55.5988536 ], [ 37.5132088, 55.5988209 ], [ 37.5133774, 55.5987889 ], [ 37.5136118, 55.5987673 ], [ 37.5137264, 55.5987621 ], [ 37.5138739, 55.5987695 ], [ 37.5140029, 55.5988119 ], [ 37.5141228, 55.5988767 ], [ 37.5141965, 55.5989317 ], [ 37.5142584, 55.5989645 ], [ 37.5143071, 55.5989786 ], [ 37.5144217, 55.5989927 ], [ 37.5144612, 55.5989868 ], [ 37.5145022, 55.5989736 ], [ 37.5147481, 55.598881 ], [ 37.5147934, 55.598881 ], [ 37.5148431, 55.5989004 ], [ 37.514887, 55.5989274 ], [ 37.5149768, 55.5990019 ], [ 37.5150169, 55.5990548 ], [ 37.5150665, 55.5990699 ], [ 37.5151697, 55.5990677 ], [ 37.515227, 55.5990451 ], [ 37.5152767, 55.5990299 ], [ 37.5154467, 55.5989986 ], [ 37.5155116, 55.5989922 ], [ 37.5155678, 55.5989921 ], [ 37.5156325, 55.5990152 ], [ 37.5156567, 55.5990357 ], [ 37.5156977, 55.5990466 ], [ 37.5157267, 55.5990629 ], [ 37.5157532, 55.599082 ], [ 37.5157773, 55.5991011 ], [ 37.5158111, 55.599112 ], [ 37.5158522, 55.5991188 ], [ 37.5158932, 55.5991257 ], [ 37.5159318, 55.5991297 ], [ 37.5159632, 55.5991161 ], [ 37.5159873, 55.5990984 ], [ 37.5159946, 55.5990766 ], [ 37.5159897, 55.5990534 ], [ 37.5159656, 55.5990329 ], [ 37.5159366, 55.5990166 ], [ 37.5159101, 55.5990002 ], [ 37.5158763, 55.5989852 ], [ 37.5158522, 55.5989675 ], [ 37.5158232, 55.5989511 ], [ 37.5157966, 55.5989307 ], [ 37.5157749, 55.5989102 ], [ 37.5157532, 55.5988925 ], [ 37.5157291, 55.5988748 ], [ 37.5156977, 55.5988598 ], [ 37.5156639, 55.5988448 ], [ 37.5156349, 55.5988284 ], [ 37.5156012, 55.5988107 ], [ 37.515565, 55.5987929 ], [ 37.5155336, 55.5987779 ], [ 37.5155022, 55.5987643 ], [ 37.515466, 55.598752 ], [ 37.5154346, 55.5987357 ], [ 37.5153984, 55.5987234 ], [ 37.5153646, 55.598707 ], [ 37.5153308, 55.5986961 ], [ 37.5152946, 55.5986839 ], [ 37.5152681, 55.5986661 ], [ 37.5152512, 55.598647 ], [ 37.515244, 55.5986252 ], [ 37.5152464, 55.5986034 ], [ 37.5152778, 55.5985911 ], [ 37.5153188, 55.5985884 ], [ 37.515355, 55.5985993 ], [ 37.5153839, 55.5986157 ], [ 37.5154129, 55.5986334 ], [ 37.515437, 55.5986552 ], [ 37.5154636, 55.5986743 ], [ 37.515495, 55.5986893 ], [ 37.5155312, 55.5987002 ], [ 37.5155722, 55.5987043 ], [ 37.5156108, 55.598707 ], [ 37.5156446, 55.5986948 ], [ 37.5156567, 55.5986716 ], [ 37.5156518, 55.5986498 ], [ 37.5156325, 55.5986293 ], [ 37.5156205, 55.5986089 ], [ 37.5156181, 55.598587 ], [ 37.5156422, 55.5985693 ], [ 37.5156736, 55.5985584 ], [ 37.5157098, 55.5985489 ], [ 37.5157484, 55.5985434 ], [ 37.515787, 55.5985448 ], [ 37.515816, 55.5985611 ], [ 37.5158328, 55.5985843 ], [ 37.5158377, 55.5986089 ], [ 37.5158425, 55.5986334 ], [ 37.5158497, 55.598658 ], [ 37.515857, 55.5986839 ], [ 37.5158739, 55.5987057 ], [ 37.5159053, 55.5987234 ], [ 37.5159439, 55.5987329 ], [ 37.5159825, 55.5987357 ], [ 37.5160187, 55.5987289 ], [ 37.5160308, 55.5987084 ], [ 37.5160259, 55.5986866 ], [ 37.5160066, 55.5986675 ], [ 37.5159801, 55.5986498 ], [ 37.5159656, 55.5986293 ], [ 37.5159704, 55.5986075 ], [ 37.5159994, 55.5985911 ], [ 37.5160332, 55.598583 ], [ 37.5160694, 55.5985775 ], [ 37.516108, 55.5985748 ], [ 37.516149, 55.598572 ], [ 37.5161876, 55.598572 ], [ 37.5162287, 55.5985734 ], [ 37.5162552, 55.5985584 ], [ 37.5162649, 55.598538 ], [ 37.5162673, 55.5985161 ], [ 37.5162552, 55.5984943 ], [ 37.5162335, 55.5984752 ], [ 37.5162142, 55.5984561 ], [ 37.5161949, 55.5984357 ], [ 37.516178, 55.5984166 ], [ 37.5161611, 55.5983961 ], [ 37.5161466, 55.5983757 ], [ 37.5160935, 55.5983007 ], [ 37.5160911, 55.5982543 ], [ 37.5160959, 55.5982325 ], [ 37.5161056, 55.5982107 ], [ 37.5161273, 55.598193 ], [ 37.5161418, 55.5981725 ], [ 37.5161466, 55.5981493 ], [ 37.5161466, 55.5981275 ], [ 37.5161418, 55.5981043 ], [ 37.5161345, 55.5980825 ], [ 37.5161152, 55.5980389 ], [ 37.5161104, 55.5980157 ], [ 37.5161104, 55.5979721 ], [ 37.5161369, 55.5979421 ], [ 37.5161659, 55.5979271 ], [ 37.5161973, 55.5979162 ], [ 37.5162311, 55.5979025 ], [ 37.5162576, 55.5978862 ], [ 37.5162793, 55.5978684 ], [ 37.5163011, 55.5978507 ], [ 37.5163276, 55.5978316 ], [ 37.516359, 55.5978153 ], [ 37.5163904, 55.5978016 ], [ 37.5163952, 55.5977962 ], [ 37.5164652, 55.5977771 ], [ 37.5165014, 55.5977675 ], [ 37.51654, 55.5977607 ], [ 37.5165909, 55.5977437 ], [ 37.5166456, 55.5977336 ], [ 37.5167046, 55.5977212 ], [ 37.516754, 55.597714 ], [ 37.5168216, 55.5976949 ], [ 37.5168763, 55.5976822 ], [ 37.5169181, 55.5976771 ], [ 37.5169623, 55.5976762 ], [ 37.5170034, 55.5976734 ], [ 37.517042, 55.5976762 ], [ 37.517083, 55.5976775 ], [ 37.517124, 55.5976748 ], [ 37.5171434, 55.5976571 ], [ 37.5171482, 55.5976353 ], [ 37.5171265, 55.5976148 ], [ 37.517083, 55.5976134 ], [ 37.5170396, 55.5976203 ], [ 37.5169985, 55.5976271 ], [ 37.5169551, 55.5976298 ], [ 37.5169189, 55.5976216 ], [ 37.5168972, 55.5976025 ], [ 37.5168899, 55.5975807 ], [ 37.5168948, 55.5975589 ], [ 37.5169117, 55.5975398 ], [ 37.5169334, 55.5975221 ], [ 37.5169648, 55.5975071 ], [ 37.5169985, 55.5974975 ], [ 37.5170323, 55.5974866 ], [ 37.5170685, 55.5974784 ], [ 37.5171096, 55.5974716 ], [ 37.5171458, 55.5974634 ], [ 37.5171868, 55.5974566 ], [ 37.5172254, 55.5974512 ], [ 37.5172664, 55.5974471 ], [ 37.5173075, 55.5974471 ], [ 37.5173485, 55.5974594 ], [ 37.5173871, 55.5974703 ], [ 37.5174112, 55.5974907 ], [ 37.517433, 55.5975112 ], [ 37.517445, 55.5975344 ], [ 37.5174402, 55.5975589 ], [ 37.5174306, 55.5975834 ], [ 37.5174185, 55.597608 ], [ 37.5174088, 55.5976325 ], [ 37.5174112, 55.5976571 ], [ 37.5174233, 55.5976803 ], [ 37.5174426, 55.5977021 ], [ 37.5174981, 55.5977648 ], [ 37.5175271, 55.5977825 ], [ 37.5175561, 55.5977989 ], [ 37.5175826, 55.5978207 ], [ 37.5175971, 55.5978425 ], [ 37.5176067, 55.5978657 ], [ 37.517614, 55.5978916 ], [ 37.5176285, 55.5979134 ], [ 37.5176405, 55.597938 ], [ 37.5176647, 55.5979843 ], [ 37.5176767, 55.5980089 ], [ 37.5176888, 55.5980321 ], [ 37.5176985, 55.598058 ], [ 37.5177129, 55.5980798 ], [ 37.5177298, 55.5981016 ], [ 37.5177443, 55.5981248 ], [ 37.5177588, 55.5981466 ], [ 37.5177757, 55.5981684 ], [ 37.5177974, 55.5981889 ], [ 37.5178336, 55.5982025 ], [ 37.5178722, 55.5982093 ], [ 37.5179108, 55.5982093 ], [ 37.5179495, 55.5982066 ], [ 37.5179808, 55.5981957 ], [ 37.5180122, 55.5981807 ], [ 37.518046, 55.5981698 ], [ 37.5180822, 55.5981602 ], [ 37.5181015, 55.5981412 ], [ 37.5180943, 55.5981193 ], [ 37.518075, 55.5980989 ], [ 37.5180387, 55.598058 ], [ 37.5180219, 55.5980375 ], [ 37.5180025, 55.5980157 ], [ 37.5179857, 55.5979953 ], [ 37.5179663, 55.5979762 ], [ 37.5179374, 55.5979325 ], [ 37.5179205, 55.5979134 ], [ 37.5178915, 55.5978698 ], [ 37.5178795, 55.5978466 ], [ 37.5178674, 55.5978262 ], [ 37.5178602, 55.5978043 ], [ 37.5178481, 55.5977825 ], [ 37.517836, 55.5977621 ], [ 37.517824, 55.5977389 ], [ 37.5178119, 55.5977157 ], [ 37.5177974, 55.5976925 ], [ 37.5177853, 55.5976707 ], [ 37.5177709, 55.5976489 ], [ 37.517754, 55.5976298 ], [ 37.5177347, 55.5976094 ], [ 37.5177105, 55.5975889 ], [ 37.5176888, 55.5975712 ], [ 37.5176743, 55.5975507 ], [ 37.5176598, 55.5975125 ], [ 37.5176478, 55.597488 ], [ 37.5176188, 55.5974444 ], [ 37.5176043, 55.5974239 ], [ 37.5175923, 55.5974021 ], [ 37.5175898, 55.5973789 ], [ 37.5175971, 55.5973571 ], [ 37.5176067, 55.5973353 ], [ 37.5176212, 55.5973148 ], [ 37.5176381, 55.5972957 ], [ 37.5176502, 55.5972753 ], [ 37.5176574, 55.5972521 ], [ 37.5176574, 55.5972289 ], [ 37.517655, 55.5972071 ], [ 37.5176478, 55.5971853 ], [ 37.517626, 55.5971675 ], [ 37.5175826, 55.5971635 ], [ 37.517544, 55.5971744 ], [ 37.5175078, 55.597188 ], [ 37.5174764, 55.5972071 ], [ 37.5174619, 55.5972303 ], [ 37.5174716, 55.5972548 ], [ 37.5174643, 55.5972794 ], [ 37.5174402, 55.5972998 ], [ 37.5173992, 55.5973025 ], [ 37.5173606, 55.5972971 ], [ 37.5173268, 55.5972834 ], [ 37.5172954, 55.5972698 ], [ 37.5172568, 55.5972644 ], [ 37.5172182, 55.5972548 ], [ 37.5171771, 55.5972466 ], [ 37.5171385, 55.5972357 ], [ 37.5171168, 55.597218 ], [ 37.5171144, 55.5971962 ], [ 37.5171313, 55.5971771 ], [ 37.5171578, 55.5971594 ], [ 37.5172158, 55.5971321 ], [ 37.5172495, 55.5971198 ], [ 37.5172809, 55.5971089 ], [ 37.5173147, 55.5970994 ], [ 37.5173485, 55.5970885 ], [ 37.5173799, 55.5970762 ], [ 37.5174112, 55.5970625 ], [ 37.5174354, 55.5970448 ], [ 37.5174475, 55.5970244 ], [ 37.5174523, 55.5970025 ], [ 37.5174547, 55.5969807 ], [ 37.5174547, 55.5969371 ], [ 37.5174547, 55.5969057 ], [ 37.5174643, 55.5968839 ], [ 37.5174643, 55.5968144 ], [ 37.5174571, 55.5967912 ], [ 37.5174402, 55.5967612 ], [ 37.5174233, 55.5967394 ], [ 37.5173823, 55.5967012 ], [ 37.5173533, 55.5966848 ], [ 37.5173244, 55.5966698 ], [ 37.5172882, 55.5966589 ], [ 37.5172544, 55.596648 ], [ 37.517183, 55.5966301 ], [ 37.5165798, 55.5962438 ], [ 37.5165087, 55.5962327 ], [ 37.5164604, 55.5962384 ], [ 37.5164271, 55.5962404 ], [ 37.5163956, 55.5962404 ], [ 37.5163675, 55.5962364 ], [ 37.5163413, 55.5962305 ], [ 37.5163167, 55.5962206 ], [ 37.5162957, 55.5962087 ], [ 37.5162799, 55.5961948 ], [ 37.5162676, 55.5961809 ], [ 37.5162536, 55.5961671 ], [ 37.5162413, 55.5961532 ], [ 37.5162098, 55.5961255 ], [ 37.516201, 55.5961086 ], [ 37.5161752, 55.5960835 ], [ 37.5161604, 55.5960625 ], [ 37.5161306, 55.5960345 ], [ 37.5161058, 55.5960135 ], [ 37.5160786, 55.5959939 ], [ 37.5160488, 55.5959757 ], [ 37.5160215, 55.5959574 ], [ 37.5159968, 55.5959392 ], [ 37.5159695, 55.595921 ], [ 37.5159397, 55.5959042 ], [ 37.5159125, 55.595886 ], [ 37.5158827, 55.5958664 ], [ 37.5158555, 55.5958496 ], [ 37.5158307, 55.59583 ], [ 37.5158034, 55.5958118 ], [ 37.5157439, 55.5957754 ], [ 37.5157117, 55.5957586 ], [ 37.5156795, 55.5957431 ], [ 37.5156423, 55.5957291 ], [ 37.5156051, 55.5957193 ], [ 37.5155605, 55.5957137 ], [ 37.5155183, 55.5957123 ], [ 37.5154737, 55.5957165 ], [ 37.5154316, 55.5957249 ], [ 37.5153894, 55.5957361 ], [ 37.5153473, 55.5957459 ], [ 37.5152581, 55.5957572 ], [ 37.5152159, 55.5957614 ], [ 37.5140214, 55.5962691 ], [ 37.5137137, 55.5963958 ], [ 37.513679, 55.5964435 ], [ 37.5136641, 55.5964673 ], [ 37.5136468, 55.5964911 ], [ 37.5135823, 55.5965275 ], [ 37.5135501, 55.5965443 ], [ 37.5135179, 55.5965639 ], [ 37.5134931, 55.5965849 ], [ 37.5134733, 55.5966073 ], [ 37.5134212, 55.5966774 ], [ 37.5134088, 55.5967012 ], [ 37.5133865, 55.5967236 ], [ 37.5133733, 55.5967356 ], [ 37.5133667, 55.5967572 ], [ 37.5133419, 55.5967782 ], [ 37.5133047, 55.5967978 ], [ 37.5132626, 55.596809 ], [ 37.5132279, 55.596823 ], [ 37.5131932, 55.5968398 ], [ 37.5131188, 55.5968706 ], [ 37.513089, 55.5968888 ], [ 37.5130494, 55.5969 ], [ 37.5130072, 55.5969043 ], [ 37.5129676, 55.5969155 ], [ 37.5129304, 55.5969309 ], [ 37.5129007, 55.5969505 ], [ 37.5128536, 55.5969898 ], [ 37.5126368, 55.5971308 ] ] ] } },
{ "type": "Feature", "properties": { "name": "Сквер Олимпийских чемпионов", "area_ha": 5.3 }, "geometry": { "type": "Polygon", "coordinates": [ [ [ 37.5300543, 55.5989373 ], [ 37.5299399, 55.5989605 ], [ 37.5298048, 55.5989878 ], [ 37.5298455, 55.5990219 ], [ 37.5298865, 55.5990752 ], [ 37.5298686, 55.5991246 ], [ 37.5297926, 55.5991838 ], [ 37.5296988, 55.5992437 ], [ 37.5296761, 55.599275 ], [ 37.5297086, 55.5993628 ], [ 37.5296963, 55.5994054 ], [ 37.5296706, 55.5994427 ], [ 37.5296703, 55.5995135 ], [ 37.5297917, 55.5995887 ], [ 37.5298144, 55.5996327 ], [ 37.5298345, 55.5996605 ], [ 37.5297921, 55.5996968 ], [ 37.5298142, 55.5997771 ], [ 37.5298445, 55.5998249 ], [ 37.5298345, 55.5998623 ], [ 37.5297675, 55.5999442 ], [ 37.5297839, 55.6000239 ], [ 37.5298523, 55.6000981 ], [ 37.5298715, 55.6001661 ], [ 37.529967, 55.6001944 ], [ 37.5301541, 55.6002231 ], [ 37.5300785, 55.6004526 ], [ 37.5302996, 55.6004801 ], [ 37.5302717, 55.600572 ], [ 37.5301522, 55.6006894 ], [ 37.5300684, 55.6007221 ], [ 37.5297238, 55.6008075 ], [ 37.529656, 55.6008317 ], [ 37.5295422, 55.6008752 ], [ 37.5292061, 55.6008752 ], [ 37.5290844, 55.6007024 ], [ 37.5287943, 55.6006662 ], [ 37.528935, 55.6008819 ], [ 37.5294437, 55.6016522 ], [ 37.5299155, 55.6023507 ], [ 37.5304528, 55.6031338 ], [ 37.5307605, 55.6035951 ], [ 37.5309372, 55.6035553 ], [ 37.5309903, 55.6035434 ], [ 37.5314047, 55.6034502 ], [ 37.5315952, 55.6034073 ], [ 37.5320542, 55.6033041 ], [ 37.5326968, 55.6031595 ], [ 37.532872, 55.6031201 ], [ 37.5325534, 55.6026398 ], [ 37.5322806, 55.6022429 ], [ 37.5320653, 55.601922 ], [ 37.5315864, 55.6011808 ], [ 37.5310796, 55.6004257 ], [ 37.5304555, 55.599533 ], [ 37.5302799, 55.599574 ], [ 37.5303188, 55.5996271 ], [ 37.5300439, 55.5996846 ], [ 37.5300023, 55.5996255 ], [ 37.5298735, 55.5996558 ], [ 37.529836, 55.5995778 ], [ 37.5298588, 55.5995664 ], [ 37.5298306, 55.5995225 ], [ 37.5297421, 55.599499 ], [ 37.5297381, 55.5993823 ], [ 37.5297917, 55.5993649 ], [ 37.5300506, 55.5993588 ], [ 37.5301351, 55.5993778 ], [ 37.5301753, 55.5994232 ], [ 37.530245, 55.5994073 ], [ 37.5302893, 55.5994725 ], [ 37.5303188, 55.5994649 ], [ 37.5303416, 55.5994952 ], [ 37.5304173, 55.5994763 ], [ 37.5300543, 55.5989373 ] ] ] } },
{ "type": "Feature", "properties": { "name": "Усадьба Узкое", "area_ha": 16.5 }, "geometry": { "type": "Polygon", "coordinates": [ [ [ 37.5327207, 55.6194207 ], [ 37.532173, 55.6196834 ], [ 37.5322857, 55.6198638 ], [ 37.5324481, 55.6202482 ], [ 37.5323544, 55.6204767 ], [ 37.5322661, 55.6205677 ], [ 37.5320107, 55.6207296 ], [ 37.5318288, 55.621007 ], [ 37.5319032, 55.6212751 ], [ 37.5319918, 55.6214454 ], [ 37.5321405, 55.6217174 ], [ 37.5320837, 55.6219899 ], [ 37.5319215, 55.6221124 ], [ 37.5318869, 55.6223171 ], [ 37.5318513, 55.6228517 ], [ 37.5326634, 55.6229266 ], [ 37.532828, 55.6229652 ], [ 37.5330195, 55.6230165 ], [ 37.5334169, 55.6229611 ], [ 37.5339645, 55.6228142 ], [ 37.5340725, 55.6227575 ], [ 37.5350986, 55.6220077 ], [ 37.5354841, 55.6217679 ], [ 37.5363576, 55.6214011 ], [ 37.5367336, 55.6212781 ], [ 37.5368994, 55.6212239 ], [ 37.5370896, 55.6212895 ], [ 37.5372442, 55.6214027 ], [ 37.5373443, 55.6214759 ], [ 37.5382446, 55.6211036 ], [ 37.538926, 55.6208403 ], [ 37.5391701, 55.6206647 ], [ 37.5394385, 55.6204438 ], [ 37.5396609, 55.6202497 ], [ 37.5397419, 55.6200167 ], [ 37.5397953, 55.6197155 ], [ 37.5397602, 55.619559 ], [ 37.5396794, 55.6194121 ], [ 37.5374858, 55.6181634 ], [ 37.537389, 55.6181713 ], [ 37.5362214, 55.618325 ], [ 37.5360731, 55.6182741 ], [ 37.5356737, 55.6180876 ], [ 37.5354403, 55.6183096 ], [ 37.5350689, 55.6184579 ], [ 37.5345815, 55.6186824 ], [ 37.5335355, 55.6191559 ], [ 37.5331627, 55.619281 ], [ 37.5327207, 55.6194207 ] ] ] } },
{ "type": "Feature", "properties": { "name": "Ландшафтный заказник «Тёплый Стан»", "area_ha": 313.4 }, "geometry": { "type": "Polygon", "coordinates": [ [ [ 37.4690324, 55.6407135 ], [ 37.4678828, 55.6413707 ], [ 37.467191, 55.6418092 ], [ 37.4697669, 55.6430188 ], [ 37.4701943, 55.6428421 ], [ 37.4715271, 55.6425362 ], [ 37.4719154, 55.6422863 ], [ 37.4718407, 55.6421005 ], [ 37.4715665, 55.6419891 ], [ 37.4709589, 55.6417912 ], [ 37.4709932, 55.6417569 ], [ 37.4708054, 55.6416872 ], [ 37.4707472, 55.6417417 ], [ 37.4695233, 55.6413542 ], [ 37.4702918, 55.6405741 ], [ 37.4707426, 55.6407424 ], [ 37.4713721, 55.6401903 ], [ 37.4714469, 55.640127 ], [ 37.4715603, 55.6401008 ], [ 37.4716196, 55.6401221 ], [ 37.4731789, 55.640682 ], [ 37.4735732, 55.6404473 ], [ 37.474103, 55.6400357 ], [ 37.4743089, 55.6401372 ], [ 37.4745568, 55.6400368 ], [ 37.4747952, 55.6399625 ], [ 37.4750238, 55.6398593 ], [ 37.4753295, 55.6397471 ], [ 37.475443, 55.6398566 ], [ 37.4756698, 55.6398996 ], [ 37.4758949, 55.6399733 ], [ 37.4768184, 55.6404116 ], [ 37.477375, 55.6405546 ], [ 37.4781076, 55.6409653 ], [ 37.4866607, 55.6449289 ], [ 37.4867334, 55.6448821 ], [ 37.4864779, 55.6447445 ], [ 37.4863041, 55.6445581 ], [ 37.4865448, 55.6443907 ], [ 37.4857034, 55.6440016 ], [ 37.485567, 55.6439385 ], [ 37.485662, 55.6438729 ], [ 37.4854559, 55.6437715 ], [ 37.4849952, 55.6435448 ], [ 37.4848053, 55.6434883 ], [ 37.4839369, 55.6430962 ], [ 37.4834586, 55.6427177 ], [ 37.482044, 55.6420429 ], [ 37.4820966, 55.6419152 ], [ 37.4811883, 55.6414693 ], [ 37.4811021, 55.641427 ], [ 37.4808846, 55.6412554 ], [ 37.4809285, 55.6412444 ], [ 37.4812769, 55.6411564 ], [ 37.4821417, 55.6410046 ], [ 37.4820903, 55.6409239 ], [ 37.4821239, 55.6409167 ], [ 37.4823658, 55.6408647 ], [ 37.4827022, 55.6407925 ], [ 37.4841189, 55.6404928 ], [ 37.484149, 55.6404865 ], [ 37.4843404, 55.6404502 ], [ 37.4848612, 55.6403516 ], [ 37.4850844, 55.6404291 ], [ 37.4859984, 55.641024 ], [ 37.4860318, 55.6410428 ], [ 37.4860715, 55.641066 ], [ 37.486494, 55.64133 ], [ 37.4873675, 55.6418291 ], [ 37.4890378, 55.6427057 ], [ 37.4897361, 55.643079 ], [ 37.4898264, 55.6431291 ], [ 37.4900224, 55.6432378 ], [ 37.4901071, 55.6432848 ], [ 37.4907687, 55.6436518 ], [ 37.4908253, 55.643646 ], [ 37.490995, 55.6435057 ], [ 37.4910859, 55.6434389 ], [ 37.4912813, 55.6432706 ], [ 37.4913756, 55.64323 ], [ 37.4916274, 55.6431945 ], [ 37.4931231, 55.6431782 ], [ 37.4932051, 55.6432133 ], [ 37.4938234, 55.6431737 ], [ 37.4942684, 55.6430269 ], [ 37.4958733, 55.642793 ], [ 37.4962021, 55.6428184 ], [ 37.4976185, 55.6422819 ], [ 37.4980772, 55.6421003 ], [ 37.4994124, 55.6416025 ], [ 37.4998006, 55.6415146 ], [ 37.4998382, 55.6414026 ], [ 37.4997993, 55.6413512 ], [ 37.4997869, 55.6413357 ], [ 37.500398, 55.6411117 ], [ 37.5005585, 55.6410191 ], [ 37.499186, 55.6403013 ], [ 37.4994376, 55.6399434 ], [ 37.4998153, 55.6394444 ], [ 37.4998153, 55.6390036 ], [ 37.4996522, 55.6387468 ], [ 37.4996694, 55.6384029 ], [ 37.5004427, 55.6381926 ], [ 37.5008453, 55.6384852 ], [ 37.5024028, 55.6397726 ], [ 37.5023452, 55.6398968 ], [ 37.5022049, 55.6399547 ], [ 37.5021467, 55.6399092 ], [ 37.5018364, 55.6399085 ], [ 37.5020014, 55.6396307 ], [ 37.5018954, 55.639527 ], [ 37.5014341, 55.639907 ], [ 37.5012988, 55.6401945 ], [ 37.5009352, 55.6403551 ], [ 37.5003907, 55.640508 ], [ 37.5003853, 55.6403096 ], [ 37.5001027, 55.640284 ], [ 37.4998402, 55.6403145 ], [ 37.4996357, 55.6403948 ], [ 37.4999406, 55.6406107 ], [ 37.5006601, 55.6410042 ], [ 37.5073607, 55.6383007 ], [ 37.5075281, 55.6384673 ], [ 37.5095511, 55.6376702 ], [ 37.5094843, 55.637499 ], [ 37.5087687, 55.6357503 ], [ 37.5086569, 55.6355203 ], [ 37.5086272, 55.6354706 ], [ 37.5085123, 55.6352434 ], [ 37.5083909, 55.6349937 ], [ 37.5084642, 55.6348914 ], [ 37.5083025, 55.6345129 ], [ 37.5081101, 55.6342419 ], [ 37.5080833, 55.6341836 ], [ 37.5082335, 55.6339769 ], [ 37.5081369, 55.6338709 ], [ 37.5078392, 55.6339027 ], [ 37.5079166, 55.6336908 ], [ 37.5076944, 55.6334046 ], [ 37.5073618, 55.6333637 ], [ 37.5067405, 55.6339762 ], [ 37.5064321, 55.6342285 ], [ 37.5063575, 55.6343499 ], [ 37.5059164, 55.6345029 ], [ 37.5052675, 55.6343253 ], [ 37.5053643, 55.6336015 ], [ 37.5059476, 55.6328168 ], [ 37.5061692, 55.6326053 ], [ 37.5062919, 55.6325945 ], [ 37.5063555, 55.6325783 ], [ 37.5067331, 55.6323753 ], [ 37.506193, 55.6319017 ], [ 37.5050712, 55.6321111 ], [ 37.5042931, 55.6312029 ], [ 37.5041983, 55.6309745 ], [ 37.5041851, 55.6309423 ], [ 37.5041214, 55.6308985 ], [ 37.5040228, 55.6308175 ], [ 37.5038885, 55.6305146 ], [ 37.5039162, 55.6304095 ], [ 37.5037646, 55.630235 ], [ 37.5036446, 55.6301164 ], [ 37.5035671, 55.6298492 ], [ 37.5036822, 55.6298272 ], [ 37.5034643, 55.6290611 ], [ 37.5037702, 55.6289522 ], [ 37.50357, 55.6287613 ], [ 37.5034029, 55.6283538 ], [ 37.5033006, 55.6280672 ], [ 37.5034498, 55.6279996 ], [ 37.5031295, 55.6275703 ], [ 37.5029524, 55.627156 ], [ 37.5030345, 55.6267798 ], [ 37.504157, 55.6261223 ], [ 37.5040359, 55.62604 ], [ 37.5039413, 55.6258945 ], [ 37.5039103, 55.6258588 ], [ 37.50394, 55.6257959 ], [ 37.5035364, 55.6255266 ], [ 37.5030233, 55.625071 ], [ 37.5029857, 55.625043 ], [ 37.5025861, 55.6245773 ], [ 37.502539, 55.624521 ], [ 37.5014516, 55.6235626 ], [ 37.5012412, 55.6236382 ], [ 37.5011463, 55.6236784 ], [ 37.4998711, 55.6242952 ], [ 37.4985512, 55.6248515 ], [ 37.497859, 55.6250771 ], [ 37.4977809, 55.6251003 ], [ 37.4969051, 55.6243115 ], [ 37.4970129, 55.6240575 ], [ 37.4977682, 55.6237952 ], [ 37.4990721, 55.6232606 ], [ 37.4993076, 55.6232151 ], [ 37.50028, 55.6228372 ], [ 37.500689, 55.6226707 ], [ 37.5013338, 55.6224083 ], [ 37.5014498, 55.6223696 ], [ 37.5023165, 55.622047 ], [ 37.5022414, 55.6219997 ], [ 37.5018311, 55.6221254 ], [ 37.5016808, 55.6222292 ], [ 37.5014529, 55.6223295 ], [ 37.5014354, 55.6223162 ], [ 37.5012611, 55.622179 ], [ 37.5014877, 55.6221171 ], [ 37.5015413, 55.6220386 ], [ 37.5013603, 55.6218832 ], [ 37.501587, 55.6218733 ], [ 37.5020614, 55.6216354 ], [ 37.5023293, 55.621718 ], [ 37.5029446, 55.6215013 ], [ 37.5032881, 55.6214396 ], [ 37.5037742, 55.6212729 ], [ 37.5039362, 55.6212075 ], [ 37.5041807, 55.6211024 ], [ 37.5043892, 55.6209985 ], [ 37.5045555, 55.6208905 ], [ 37.5043367, 55.6207075 ], [ 37.5040747, 55.6205549 ], [ 37.5035603, 55.6202891 ], [ 37.5033556, 55.6203659 ], [ 37.5033774, 55.6203843 ], [ 37.5033143, 55.620408 ], [ 37.5032926, 55.6203895 ], [ 37.5019159, 55.6209058 ], [ 37.4995298, 55.6218082 ], [ 37.4989517, 55.622034 ], [ 37.498789, 55.6220945 ], [ 37.4974202, 55.6226158 ], [ 37.4973938, 55.6226259 ], [ 37.4973764, 55.6226326 ], [ 37.4962467, 55.6230621 ], [ 37.4948441, 55.6235922 ], [ 37.4930121, 55.6242802 ], [ 37.4929537, 55.6243024 ], [ 37.4927367, 55.6243851 ], [ 37.4913847, 55.6249 ], [ 37.4910596, 55.6250277 ], [ 37.4907326, 55.6251564 ], [ 37.4911518, 55.6254401 ], [ 37.4907602, 55.62564 ], [ 37.4906341, 55.6255613 ], [ 37.4903498, 55.625634 ], [ 37.4902704, 55.6257029 ], [ 37.4902332, 55.6259365 ], [ 37.4899355, 55.6261122 ], [ 37.489834, 55.6261699 ], [ 37.489635, 55.6262551 ], [ 37.4892647, 55.6262309 ], [ 37.4887073, 55.6259903 ], [ 37.4886699, 55.6259344 ], [ 37.4883138, 55.626106 ], [ 37.4881693, 55.6262345 ], [ 37.4879441, 55.6266672 ], [ 37.4878742, 55.6267368 ], [ 37.4884106, 55.6268042 ], [ 37.4883543, 55.626917 ], [ 37.4878782, 55.6268175 ], [ 37.4875883, 55.6270319 ], [ 37.4879745, 55.6271967 ], [ 37.4885478, 55.6271513 ], [ 37.4885735, 55.6269333 ], [ 37.4890628, 55.6271174 ], [ 37.4894102, 55.6274447 ], [ 37.4896334, 55.6277499 ], [ 37.4895991, 55.6279583 ], [ 37.4896244, 55.6281057 ], [ 37.4895466, 55.6283138 ], [ 37.4892558, 55.6283024 ], [ 37.4889468, 55.6285834 ], [ 37.4884976, 55.628882 ], [ 37.4880491, 55.6290699 ], [ 37.4875751, 55.629037 ], [ 37.4874544, 55.6291241 ], [ 37.4873887, 55.6291104 ], [ 37.4873878, 55.6290325 ], [ 37.487316, 55.628942 ], [ 37.4867938, 55.6289481 ], [ 37.4867785, 55.6290716 ], [ 37.4871386, 55.6291756 ], [ 37.4874303, 55.6293229 ], [ 37.4880284, 55.6292957 ], [ 37.4883518, 55.629287 ], [ 37.4888364, 55.6293043 ], [ 37.4892894, 55.6296747 ], [ 37.4901528, 55.6297194 ], [ 37.4902536, 55.6299076 ], [ 37.490825, 55.6300721 ], [ 37.4909407, 55.6304222 ], [ 37.4906945, 55.6303052 ], [ 37.4904558, 55.6304899 ], [ 37.4903619, 55.6305081 ], [ 37.4904478, 55.6303158 ], [ 37.490177, 55.6301923 ], [ 37.4902163, 55.630616 ], [ 37.4888954, 55.6306647 ], [ 37.4891504, 55.6309811 ], [ 37.4898221, 55.6318129 ], [ 37.4899486, 55.6319695 ], [ 37.4900421, 55.6321416 ], [ 37.4898828, 55.6323114 ], [ 37.4897519, 55.6325543 ], [ 37.4896355, 55.6327766 ], [ 37.4896476, 55.6329767 ], [ 37.4896553, 55.633103 ], [ 37.4896639, 55.6333271 ], [ 37.4894708, 55.6335245 ], [ 37.4894638, 55.633837 ], [ 37.4893289, 55.6340414 ], [ 37.4885413, 55.6344965 ], [ 37.4886668, 55.6345607 ], [ 37.4885999, 55.6346121 ], [ 37.4885442, 55.6346496 ], [ 37.4884854, 55.6348788 ], [ 37.4881147, 55.6357018 ], [ 37.488095, 55.6357312 ], [ 37.4880484, 55.6357199 ], [ 37.4879637, 55.6356999 ], [ 37.4875526, 55.6356027 ], [ 37.4871596, 55.6355098 ], [ 37.487071, 55.635489 ], [ 37.4866499, 55.6354181 ], [ 37.4865528, 55.6354014 ], [ 37.4865955, 55.6353449 ], [ 37.4855327, 55.6351373 ], [ 37.4847847, 55.634977 ], [ 37.4841481, 55.6348882 ], [ 37.4839858, 55.6348722 ], [ 37.4838082, 55.6348548 ], [ 37.4834449, 55.6348191 ], [ 37.4831933, 55.6347949 ], [ 37.483157, 55.6347914 ], [ 37.4830906, 55.6347893 ], [ 37.4822845, 55.6347641 ], [ 37.4822862, 55.6348114 ], [ 37.4821084, 55.634811 ], [ 37.4804214, 55.6348222 ], [ 37.4795213, 55.634866 ], [ 37.4786731, 55.6348761 ], [ 37.4753858, 55.6349892 ], [ 37.4752739, 55.6349556 ], [ 37.4738614, 55.6349804 ], [ 37.4738101, 55.6349834 ], [ 37.4737031, 55.6350697 ], [ 37.4737399, 55.6353059 ], [ 37.4737487, 55.6353622 ], [ 37.4728754, 55.6353545 ], [ 37.4727934, 55.6358366 ], [ 37.4727419, 55.6360595 ], [ 37.4727162, 55.6363308 ], [ 37.4725874, 55.6366215 ], [ 37.47239, 55.6368734 ], [ 37.472081, 55.6371398 ], [ 37.4717549, 55.6374063 ], [ 37.4714888, 55.6376679 ], [ 37.4713343, 55.6379198 ], [ 37.4711798, 55.6381572 ], [ 37.4712828, 55.6382105 ], [ 37.4711626, 55.6383897 ], [ 37.470991, 55.6384624 ], [ 37.470888, 55.6385399 ], [ 37.4706906, 55.6388838 ], [ 37.4706305, 55.6390776 ], [ 37.4705962, 55.6393392 ], [ 37.4704417, 55.6396153 ], [ 37.4701756, 55.6399447 ], [ 37.4698775, 55.6402269 ], [ 37.4690324, 55.6407135 ] ] ] } },
{ "type": "Feature", "properties": { "name": "Ландшафтный заказник «Тёплый Стан»", "area_ha": 313.4 }, "geometry": { "type": "Polygon", "coordinates": [ [ [ 37.4702769, 55.6396874 ], [ 37.4703941, 55.6394497 ], [ 37.4704882, 55.6389325 ], [ 37.4706954, 55.6385558 ], [ 37.4707832, 55.6383941 ], [ 37.4708667, 55.6381 ], [ 37.4679056, 55.6375519 ], [ 37.4674228, 55.6372946 ], [ 37.4666396, 55.6368404 ], [ 37.4665805, 55.6367435 ], [ 37.4692206, 55.6359258 ], [ 37.4699341, 55.6349116 ], [ 37.4710124, 55.6352022 ], [ 37.4714683, 55.6352324 ], [ 37.4725841, 55.6355625 ], [ 37.4726588, 55.6355354 ], [ 37.4727259, 55.6350444 ], [ 37.4727047, 55.6349366 ], [ 37.472634, 55.6348967 ], [ 37.4724926, 55.6348508 ], [ 37.4711877, 55.6346072 ], [ 37.4706608, 55.6344316 ], [ 37.469991, 55.6341884 ], [ 37.4698435, 55.6340978 ], [ 37.4697263, 55.6338425 ], [ 37.4673075, 55.633092 ], [ 37.4668059, 55.6335058 ], [ 37.4660685, 55.6340887 ], [ 37.4652537, 55.634855 ], [ 37.4642602, 55.6356648 ], [ 37.4627686, 55.6370007 ], [ 37.4626739, 55.6373003 ], [ 37.4628115, 55.6377026 ], [ 37.4634056, 55.6400142 ], [ 37.4637007, 55.6402504 ], [ 37.4640087, 55.6403699 ], [ 37.4641298, 55.6404169 ], [ 37.4645008, 55.6405117 ], [ 37.4655943, 55.6408377 ], [ 37.4660051, 55.6410156 ], [ 37.4663547, 55.6413342 ], [ 37.4668856, 55.6416517 ], [ 37.4669373, 55.6416275 ], [ 37.4669035, 55.6415569 ], [ 37.4673219, 55.6412107 ], [ 37.4673769, 55.6410766 ], [ 37.4677326, 55.641221 ], [ 37.4679954, 55.6411308 ], [ 37.4692458, 55.6403816 ], [ 37.4699498, 55.6399665 ], [ 37.4702769, 55.6396874 ] ] ] } },
{ "type": "Feature", "properties": { "name": "Яблоневый сад", "area_ha": 8.6 }, "geometry": { "type": "Polygon", "coordinates": [ [ [ 37.5159277, 55.6424853 ], [ 37.5160098, 55.6425488 ], [ 37.5150976, 55.6429249 ], [ 37.5154292, 55.643167 ], [ 37.5174102, 55.6423282 ], [ 37.5170921, 55.6421039 ], [ 37.5194352, 55.6411086 ], [ 37.5184431, 55.6403465 ], [ 37.5176411, 55.6406851 ], [ 37.5170381, 55.6402092 ], [ 37.515988, 55.6406203 ], [ 37.5160574, 55.6406763 ], [ 37.5152023, 55.6410181 ], [ 37.5151936, 55.6410381 ], [ 37.5142114, 55.6413952 ], [ 37.5140762, 55.6412992 ], [ 37.513761, 55.6413548 ], [ 37.5134487, 55.6411451 ], [ 37.5132329, 55.6410928 ], [ 37.5128904, 55.6407536 ], [ 37.5126586, 55.6408361 ], [ 37.5123951, 55.6406005 ], [ 37.5118357, 55.6406162 ], [ 37.5106789, 55.6410402 ], [ 37.5104237, 55.6411755 ], [ 37.5103953, 55.6412421 ], [ 37.5104022, 55.6413209 ], [ 37.5104463, 55.6413981 ], [ 37.5105367, 55.6414743 ], [ 37.5117002, 55.6423328 ], [ 37.5124379, 55.6428976 ], [ 37.5126464, 55.6428097 ], [ 37.5150594, 55.6418147 ], [ 37.5155158, 55.6421672 ], [ 37.5159277, 55.6424853 ] ] ] } },
{ "type": "Feature", "properties": { "name": "Брусиловский парк", "area_ha": 15.7 }, "geometry": { "type": "Polygon", "coordinates": [ [ [ 37.5862034, 55.5006745 ], [ 37.5865762, 55.5005689 ], [ 37.5867113, 55.5006322 ], [ 37.5886264, 55.5001282 ], [ 37.5896235, 55.4999857 ], [ 37.5911023, 55.4998635 ], [ 37.590926, 55.4995281 ], [ 37.5902286, 55.4996557 ], [ 37.5899389, 55.4992121 ], [ 37.5893532, 55.4992678 ], [ 37.5890178, 55.4986238 ], [ 37.5852156, 55.4989458 ], [ 37.5845726, 55.4990092 ], [ 37.5843919, 55.4990288 ], [ 37.5828486, 55.4993839 ], [ 37.5831003, 55.4997112 ], [ 37.5820286, 55.499917 ], [ 37.5818981, 55.4998009 ], [ 37.5811528, 55.4998184 ], [ 37.580984, 55.4996143 ], [ 37.5798268, 55.4997102 ], [ 37.579275, 55.4996241 ], [ 37.5791667, 55.4994988 ], [ 37.5785638, 55.4996689 ], [ 37.577869, 55.4990146 ], [ 37.5773063, 55.4992556 ], [ 37.5757129, 55.4995102 ], [ 37.5746369, 55.4996907 ], [ 37.573682, 55.4997347 ], [ 37.5731188, 55.4997925 ], [ 37.5725529, 55.4998927 ], [ 37.5727138, 55.5001085 ], [ 37.5730652, 55.5001571 ], [ 37.5732368, 55.5001525 ], [ 37.5740238, 55.5000715 ], [ 37.575333, 55.4999396 ], [ 37.5760365, 55.4999646 ], [ 37.5768566, 55.5000648 ], [ 37.5771828, 55.5001757 ], [ 37.5779516, 55.5004686 ], [ 37.5787576, 55.5007352 ], [ 37.5799225, 55.5010466 ], [ 37.5808544, 55.5012287 ], [ 37.5818189, 55.5013316 ], [ 37.583883, 55.5012735 ], [ 37.5844142, 55.5012102 ], [ 37.584992, 55.5010941 ], [ 37.5861715, 55.5007824 ], [ 37.5862034, 55.5006745 ] ] ] } },
{ "type": "Feature", "properties": { "name": "Парк Битца", "area_ha": 17.6 }, "geometry": { "type": "Polygon", "coordinates": [ [ [ 37.5813211, 55.5730499 ], [ 37.5816264, 55.5730027 ], [ 37.5818895, 55.5729801 ], [ 37.5821738, 55.572968 ], [ 37.5824259, 55.5729771 ], [ 37.5828015, 55.5730074 ], [ 37.5850974, 55.5732986 ], [ 37.5856768, 55.5733228 ], [ 37.5862991, 55.5732804 ], [ 37.5866746, 55.5731985 ], [ 37.5867155, 55.5731886 ], [ 37.5929882, 55.5716774 ], [ 37.5930368, 55.5716305 ], [ 37.5931655, 55.5711665 ], [ 37.5931491, 55.5708827 ], [ 37.5930099, 55.5705599 ], [ 37.592731, 55.5701504 ], [ 37.592441, 55.5699304 ], [ 37.5923379, 55.5698327 ], [ 37.5910147, 55.5701139 ], [ 37.590944, 55.570219 ], [ 37.5907765, 55.5702858 ], [ 37.590217, 55.5704297 ], [ 37.5900389, 55.5704313 ], [ 37.5897467, 55.5705846 ], [ 37.5893842, 55.5706815 ], [ 37.5889858, 55.5707255 ], [ 37.5887091, 55.5706924 ], [ 37.5885284, 55.5705985 ], [ 37.5880632, 55.5707194 ], [ 37.5879909, 55.5708723 ], [ 37.5874677, 55.5709504 ], [ 37.5873859, 55.5709824 ], [ 37.5874406, 55.5710754 ], [ 37.5874026, 55.571085 ], [ 37.5864564, 55.5712958 ], [ 37.5862788, 55.571321 ], [ 37.5857308, 55.5713989 ], [ 37.5857943, 55.5715297 ], [ 37.5852293, 55.5716156 ], [ 37.5853324, 55.5717958 ], [ 37.584473, 55.571926 ], [ 37.5839413, 55.5717775 ], [ 37.58311, 55.5715453 ], [ 37.5830194, 55.5715639 ], [ 37.5821363, 55.5717458 ], [ 37.5820824, 55.5716561 ], [ 37.5806652, 55.5719146 ], [ 37.580377, 55.5719672 ], [ 37.579685, 55.570939 ], [ 37.5789334, 55.5711193 ], [ 37.578774, 55.5711751 ], [ 37.5786364, 55.5712646 ], [ 37.5783378, 55.5715005 ], [ 37.5782721, 55.5717579 ], [ 37.5786981, 55.5722888 ], [ 37.5793839, 55.5732842 ], [ 37.5795918, 55.573455 ], [ 37.580237, 55.5732939 ], [ 37.5813211, 55.5730499 ] ] ] } },
{ "type": "Feature", "properties": { "name": "Бутовский парк", "area_ha": 14.4 }, "geometry": { "type": "Polygon", "coordinates": [ [ [ 37.5688682, 55.5760427 ], [ 37.5746938, 55.574645 ], [ 37.5759679, 55.5743513 ], [ 37.5763227, 55.5742661 ], [ 37.5762699, 55.5741873 ], [ 37.576802, 55.5740698 ], [ 37.5768671, 55.5741332 ], [ 37.5786363, 55.5737105 ], [ 37.5789796, 55.5735892 ], [ 37.5790226, 55.5734437 ], [ 37.5779819, 55.5721156 ], [ 37.5777094, 55.5719879 ], [ 37.5774347, 55.5719879 ], [ 37.568282, 55.5742624 ], [ 37.5678021, 55.574378 ], [ 37.5677699, 55.5744315 ], [ 37.5678729, 55.5745718 ], [ 37.5677246, 55.5746305 ], [ 37.5675163, 55.5746779 ], [ 37.5673466, 55.5744888 ], [ 37.5670639, 55.5745657 ], [ 37.5672809, 55.5747635 ], [ 37.5680534, 55.5753846 ], [ 37.5687942, 55.5759899 ], [ 37.5688682, 55.5760427 ] ] ] } },
{ "type": "Feature", "properties": { "name": "Аннинский лесопарк", "area_ha": 19.5 }, "geometry": { "type": "Polygon", "coordinates": [ [ [ 37.5975898, 55.577869 ], [ 37.597238, 55.5779497 ], [ 37.5970758, 55.5782277 ], [ 37.5974357, 55.5784471 ], [ 37.5979927, 55.5782702 ], [ 37.5980598, 55.5782178 ], [ 37.5983668, 55.5782196 ], [ 37.5985171, 55.5781509 ], [ 37.598888, 55.5781582 ], [ 37.5990734, 55.5782431 ], [ 37.5994059, 55.5782847 ], [ 37.599569, 55.5782648 ], [ 37.5999943, 55.5782992 ], [ 37.6001381, 55.5783678 ], [ 37.6002852, 55.5783787 ], [ 37.6004611, 55.5782955 ], [ 37.6004771, 55.5781654 ], [ 37.6007105, 55.5781564 ], [ 37.6007137, 55.5783407 ], [ 37.6008224, 55.5784275 ], [ 37.6009823, 55.5784564 ], [ 37.6010878, 55.5783787 ], [ 37.6012956, 55.5784709 ], [ 37.6014267, 55.5786408 ], [ 37.6017752, 55.5787402 ], [ 37.6019191, 55.5787022 ], [ 37.6019351, 55.5785883 ], [ 37.6021301, 55.5785215 ], [ 37.6021973, 55.5784202 ], [ 37.6022037, 55.5783751 ], [ 37.6025586, 55.5782865 ], [ 37.6026641, 55.5783118 ], [ 37.6027472, 55.5784672 ], [ 37.6031501, 55.5788594 ], [ 37.6031592, 55.5789149 ], [ 37.6031885, 55.5790944 ], [ 37.6033643, 55.5792173 ], [ 37.6034954, 55.5792155 ], [ 37.6036745, 55.5792462 ], [ 37.6066001, 55.5783624 ], [ 37.6066353, 55.5782937 ], [ 37.6068783, 55.5782269 ], [ 37.607035, 55.578254 ], [ 37.608234, 55.5778616 ], [ 37.6081456, 55.5776882 ], [ 37.6080112, 55.5774927 ], [ 37.6079078, 55.5774352 ], [ 37.6077, 55.5774388 ], [ 37.6074506, 55.5774207 ], [ 37.6073227, 55.5773358 ], [ 37.607198, 55.5772671 ], [ 37.607148, 55.5772537 ], [ 37.6071008, 55.5772603 ], [ 37.6056877, 55.577669 ], [ 37.6053461, 55.5773242 ], [ 37.6051093, 55.5770292 ], [ 37.604971, 55.5767207 ], [ 37.6049029, 55.5766808 ], [ 37.6046215, 55.5766258 ], [ 37.6044425, 55.5766432 ], [ 37.6043811, 55.5766996 ], [ 37.604422, 55.5768615 ], [ 37.6044118, 55.576928 ], [ 37.6043376, 55.5769454 ], [ 37.604289, 55.5769237 ], [ 37.6041637, 55.5769324 ], [ 37.6038669, 55.5769479 ], [ 37.6037614, 55.5770654 ], [ 37.6036175, 55.5770726 ], [ 37.6035056, 55.577107 ], [ 37.6034609, 55.5771937 ], [ 37.6031635, 55.5772534 ], [ 37.6030836, 55.5773365 ], [ 37.6029653, 55.5773437 ], [ 37.6028246, 55.5774197 ], [ 37.6027414, 55.5774287 ], [ 37.6027159, 55.5773636 ], [ 37.6028118, 55.5772859 ], [ 37.6028598, 55.5771919 ], [ 37.6030036, 55.5770401 ], [ 37.6031731, 55.5769334 ], [ 37.6032211, 55.576834 ], [ 37.6032147, 55.5767346 ], [ 37.6033745, 55.5766298 ], [ 37.6034737, 55.5765033 ], [ 37.6036463, 55.5763749 ], [ 37.6036463, 55.5762954 ], [ 37.60356, 55.5762122 ], [ 37.6034385, 55.5761851 ], [ 37.603333, 55.576196 ], [ 37.6032402, 55.5761399 ], [ 37.6031028, 55.5761309 ], [ 37.6029109, 55.5761562 ], [ 37.6027894, 55.5762104 ], [ 37.6026903, 55.5762285 ], [ 37.6025112, 55.5762791 ], [ 37.6008901, 55.5770039 ], [ 37.6008166, 55.5771106 ], [ 37.6006184, 55.5770961 ], [ 37.6000364, 55.577304 ], [ 37.5994993, 55.5774648 ], [ 37.5994833, 55.5775389 ], [ 37.5991316, 55.5775371 ], [ 37.5989429, 55.5775516 ], [ 37.5981308, 55.577745 ], [ 37.5980087, 55.5778129 ], [ 37.5979447, 55.5779286 ], [ 37.5975898, 55.577869 ] ] ] } },
{ "type": "Feature", "properties": { "name": "Аннинский лесопарк", "area_ha": 19.5 }, "geometry": { "type": "Polygon", "coordinates": [ [ [ 37.6009805, 55.5808894 ], [ 37.6011721, 55.5817258 ], [ 37.6010569, 55.5817565 ], [ 37.6014086, 55.5821523 ], [ 37.6014488, 55.5821866 ], [ 37.6015325, 55.5821817 ], [ 37.6018243, 55.5821839 ], [ 37.6019446, 55.5822358 ], [ 37.602284, 55.5823847 ], [ 37.6025196, 55.5822614 ], [ 37.6027275, 55.5823059 ], [ 37.602927, 55.5824023 ], [ 37.6031072, 55.5824708 ], [ 37.6032471, 55.5825499 ], [ 37.6036007, 55.5825586 ], [ 37.6036148, 55.5825589 ], [ 37.6040716, 55.5825051 ], [ 37.6046908, 55.5826884 ], [ 37.6056967, 55.5824129 ], [ 37.6065245, 55.5821704 ], [ 37.6073958, 55.5818902 ], [ 37.6068722, 55.5813978 ], [ 37.6070872, 55.5813287 ], [ 37.6069843, 55.5812192 ], [ 37.607044, 55.5811854 ], [ 37.6068519, 55.5810024 ], [ 37.6065936, 55.5807597 ], [ 37.6064456, 55.5806377 ], [ 37.6062976, 55.5805057 ], [ 37.6061497, 55.5803569 ], [ 37.6060369, 55.580345 ], [ 37.6059249, 55.5803744 ], [ 37.6058524, 55.5802832 ], [ 37.6056583, 55.5802837 ], [ 37.6053555, 55.5803788 ], [ 37.6051693, 55.5804354 ], [ 37.6050608, 55.5804493 ], [ 37.6048767, 55.5804991 ], [ 37.6048337, 55.5805002 ], [ 37.604731, 55.5803894 ], [ 37.6046491, 55.5803764 ], [ 37.6040908, 55.5798287 ], [ 37.6040207, 55.579758 ], [ 37.6039816, 55.5797697 ], [ 37.6038921, 55.5797866 ], [ 37.6037739, 55.5798362 ], [ 37.6036496, 55.5797787 ], [ 37.6034436, 55.5797447 ], [ 37.6031602, 55.5797765 ], [ 37.6029744, 55.5797724 ], [ 37.6027886, 55.5798073 ], [ 37.6024932, 55.5798909 ], [ 37.6021989, 55.5799619 ], [ 37.6019743, 55.5800008 ], [ 37.601693, 55.5800702 ], [ 37.6013833, 55.5801542 ], [ 37.6012809, 55.5801672 ], [ 37.6008206, 55.5802887 ], [ 37.6006309, 55.5803813 ], [ 37.6005542, 55.5804376 ], [ 37.6009805, 55.5808894 ] ] ] } },
{ "type": "Feature", "properties": { "name": "Покровский парк", "area_ha": 20.8 }, "geometry": { "type": "Polygon", "coordinates": [ [ [ 37.6232971, 55.6038061 ], [ 37.6234062, 55.6041075 ], [ 37.6236045, 55.6045058 ], [ 37.6246557, 55.6067897 ], [ 37.6247646, 55.6068322 ], [ 37.6265349, 55.6062541 ], [ 37.6282343, 55.6056666 ], [ 37.6285856, 55.6053381 ], [ 37.6291874, 55.6049733 ], [ 37.6317005, 55.6040431 ], [ 37.6310978, 55.6034731 ], [ 37.6311838, 55.6034417 ], [ 37.6305052, 55.6027739 ], [ 37.6298636, 55.602269 ], [ 37.6294157, 55.6018872 ], [ 37.6278685, 55.6009927 ], [ 37.6273368, 55.6007395 ], [ 37.626745, 55.6005071 ], [ 37.6260285, 55.6007979 ], [ 37.6239207, 55.6031678 ], [ 37.6234878, 55.6034062 ], [ 37.6233052, 55.6034967 ], [ 37.6231931, 55.6035734 ], [ 37.6232971, 55.6038061 ] ] ] } },
{ "type": "Feature", "properties": { "name": "Битцевский парк", "area_ha": 2151.2 }, "geometry": { "type": "Polygon", "coordinates": [ [ [ 37.556199, 55.5630445 ], [ 37.5561145, 55.5629308 ], [ 37.5556517, 55.56233 ], [ 37.5555723, 55.5621991 ], [ 37.5554116, 55.5619339 ], [ 37.555238, 55.5615856 ], [ 37.5546551, 55.5602657 ], [ 37.5543289, 55.5594866 ], [ 37.5542632, 55.5594922 ], [ 37.554799, 55.5614779 ], [ 37.5520122, 55.561846 ], [ 37.5503542, 55.5629287 ], [ 37.5504895, 55.5633156 ], [ 37.5505874, 55.5636035 ], [ 37.5517352, 55.5635183 ], [ 37.5525068, 55.5636521 ], [ 37.5531575, 55.5640597 ], [ 37.5534487, 55.5649232 ], [ 37.5534945, 55.5676245 ], [ 37.550135, 55.5683165 ], [ 37.5478851, 55.5689233 ], [ 37.5488783, 55.5699379 ], [ 37.5475033, 55.5703996 ], [ 37.5474998, 55.5704006 ], [ 37.5469486, 55.5704487 ], [ 37.5461161, 55.5699389 ], [ 37.5447308, 55.5701812 ], [ 37.5445091, 55.57022 ], [ 37.5436823, 55.5707516 ], [ 37.543679, 55.5707527 ], [ 37.5406863, 55.5711273 ], [ 37.5403199, 55.5716706 ], [ 37.5389077, 55.5722054 ], [ 37.5389042, 55.5722064 ], [ 37.5372358, 55.5723867 ], [ 37.5368835, 55.5730962 ], [ 37.5369111, 55.573152 ], [ 37.5376849, 55.5731846 ], [ 37.5379659, 55.5731965 ], [ 37.5395423, 55.573263 ], [ 37.5395417, 55.5733259 ], [ 37.5395031, 55.5744015 ], [ 37.539947, 55.5760432 ], [ 37.5399436, 55.5760443 ], [ 37.5387246, 55.5759206 ], [ 37.5392964, 55.5767203 ], [ 37.539293, 55.5767215 ], [ 37.5368462, 55.577289 ], [ 37.5386505, 55.5795598 ], [ 37.5405107, 55.5793042 ], [ 37.5410234, 55.5792324 ], [ 37.5410704, 55.5791878 ], [ 37.5407877, 55.5790545 ], [ 37.540913, 55.5788372 ], [ 37.5419016, 55.5785535 ], [ 37.5424738, 55.5785204 ], [ 37.5429333, 55.5784362 ], [ 37.5442516, 55.5785155 ], [ 37.545368, 55.5783908 ], [ 37.5454204, 55.5783914 ], [ 37.545742, 55.5783573 ], [ 37.5479303, 55.578997 ], [ 37.5510241, 55.5802794 ], [ 37.5511787, 55.5803213 ], [ 37.5511347, 55.5803414 ], [ 37.5510101, 55.5803966 ], [ 37.5509374, 55.580433 ], [ 37.5508642, 55.580476 ], [ 37.5508287, 55.5804999 ], [ 37.5506998, 55.5806003 ], [ 37.5506806, 55.5806403 ], [ 37.5506603, 55.5806497 ], [ 37.5506328, 55.580658 ], [ 37.550619, 55.5806602 ], [ 37.5505979, 55.5806604 ], [ 37.5505762, 55.5806567 ], [ 37.5505654, 55.5806533 ], [ 37.5505325, 55.5806478 ], [ 37.5505132, 55.5806456 ], [ 37.5504801, 55.5806444 ], [ 37.5504663, 55.5806452 ], [ 37.5504438, 55.5806489 ], [ 37.550428, 55.5806547 ], [ 37.5504209, 55.5806593 ], [ 37.5504144, 55.5806691 ], [ 37.5504177, 55.5806797 ], [ 37.5504422, 55.5806999 ], [ 37.5504539, 55.5807111 ], [ 37.5504576, 55.5807173 ], [ 37.5504592, 55.580724 ], [ 37.5504568, 55.5807382 ], [ 37.5504298, 55.580733 ], [ 37.5504346, 55.5807641 ], [ 37.5504182, 55.5807727 ], [ 37.5504004, 55.5807772 ], [ 37.5503589, 55.5807823 ], [ 37.550334, 55.5807891 ], [ 37.5503204, 55.5807941 ], [ 37.5502757, 55.5808201 ], [ 37.550256, 55.5808346 ], [ 37.550222, 55.5808649 ], [ 37.5502048, 55.5808852 ], [ 37.5501999, 55.5808936 ], [ 37.5501969, 55.580907 ], [ 37.5502003, 55.5809166 ], [ 37.5502147, 55.5809295 ], [ 37.5501998, 55.5809226 ], [ 37.5502223, 55.5809422 ], [ 37.5502194, 55.5809524 ], [ 37.5502025, 55.5809773 ], [ 37.5501818, 55.5810023 ], [ 37.5501261, 55.5810678 ], [ 37.5500833, 55.5811238 ], [ 37.5500584, 55.5811612 ], [ 37.5500169, 55.5812274 ], [ 37.5499878, 55.581262 ], [ 37.549978, 55.5812695 ], [ 37.5499579, 55.581279 ], [ 37.5499447, 55.5812823 ], [ 37.5499208, 55.5812854 ], [ 37.5499076, 55.5812878 ], [ 37.5498956, 55.5812923 ], [ 37.5498801, 55.5813057 ], [ 37.5498673, 55.581315 ], [ 37.5498557, 55.5813191 ], [ 37.5498254, 55.5813248 ], [ 37.5497993, 55.5813306 ], [ 37.5497722, 55.5813405 ], [ 37.5497165, 55.5813679 ], [ 37.5496618, 55.5813974 ], [ 37.5496407, 55.5814151 ], [ 37.5496268, 55.5814363 ], [ 37.5496106, 55.5814869 ], [ 37.5495879, 55.5815649 ], [ 37.5495787, 55.5816044 ], [ 37.5495706, 55.5816243 ], [ 37.5495256, 55.5817015 ], [ 37.5495158, 55.5817281 ], [ 37.5495131, 55.581742 ], [ 37.5495129, 55.5817639 ], [ 37.5495235, 55.5817993 ], [ 37.5495386, 55.5818249 ], [ 37.5495766, 55.5818772 ], [ 37.5495986, 55.5819135 ], [ 37.5496023, 55.5819243 ], [ 37.5496047, 55.5819446 ], [ 37.5496015, 55.5819641 ], [ 37.5495859, 55.5820068 ], [ 37.5495656, 55.5820601 ], [ 37.5495509, 55.5820858 ], [ 37.5495308, 55.58211 ], [ 37.5495182, 55.5821206 ], [ 37.5495034, 55.5821299 ], [ 37.5494691, 55.5821454 ], [ 37.5493461, 55.5821825 ], [ 37.5492866, 55.5822054 ], [ 37.54925, 55.5822231 ], [ 37.549185, 55.5822621 ], [ 37.5491443, 55.5822926 ], [ 37.5490836, 55.5823468 ], [ 37.5490433, 55.5823881 ], [ 37.5490207, 55.5824152 ], [ 37.5489986, 55.5824476 ], [ 37.5489921, 55.5824649 ], [ 37.5489924, 55.5824817 ], [ 37.548996, 55.5824895 ], [ 37.5490117, 55.5825033 ], [ 37.5490247, 55.582509 ], [ 37.5490512, 55.5825159 ], [ 37.5490667, 55.5825178 ], [ 37.5490898, 55.5825175 ], [ 37.5491053, 55.5825131 ], [ 37.5491126, 55.5825087 ], [ 37.5491231, 55.5824981 ], [ 37.5491565, 55.5824624 ], [ 37.5491978, 55.5824194 ], [ 37.5492365, 55.5823774 ], [ 37.5492692, 55.5823359 ], [ 37.5492866, 55.5823204 ], [ 37.5493256, 55.582291 ], [ 37.5493664, 55.5822622 ], [ 37.5493881, 55.582249 ], [ 37.5494073, 55.5822441 ], [ 37.5494465, 55.5822406 ], [ 37.5494681, 55.5822419 ], [ 37.5494881, 55.5822465 ], [ 37.5494967, 55.5822502 ], [ 37.5495103, 55.5822613 ], [ 37.5495153, 55.5822685 ], [ 37.5495216, 55.582287 ], [ 37.5495233, 55.5823022 ], [ 37.5495205, 55.58234 ], [ 37.5495024, 55.5824129 ], [ 37.5494878, 55.5824524 ], [ 37.5494606, 55.5825086 ], [ 37.5494277, 55.5825555 ], [ 37.5494025, 55.5825811 ], [ 37.5493842, 55.5825964 ], [ 37.5493438, 55.5826199 ], [ 37.5493219, 55.5826295 ], [ 37.5492785, 55.5826465 ], [ 37.5492504, 55.5826604 ], [ 37.5492305, 55.5826781 ], [ 37.5492245, 55.5826892 ], [ 37.5492204, 55.582714 ], [ 37.5492228, 55.5827263 ], [ 37.5492288, 55.5827337 ], [ 37.5492476, 55.5827467 ], [ 37.5492614, 55.582758 ], [ 37.5492703, 55.5827726 ], [ 37.5492735, 55.5827839 ], [ 37.5492748, 55.5828078 ], [ 37.5492703, 55.5828318 ], [ 37.5492651, 55.5828447 ], [ 37.5492517, 55.5828666 ], [ 37.5492228, 55.582902 ], [ 37.5492038, 55.5829212 ], [ 37.5491709, 55.5829504 ], [ 37.5491369, 55.5829742 ], [ 37.5491168, 55.5829828 ], [ 37.5490937, 55.5829877 ], [ 37.5490807, 55.5829884 ], [ 37.5490519, 55.5829856 ], [ 37.5490357, 55.5829817 ], [ 37.5490089, 55.5829726 ], [ 37.5489989, 55.5829594 ], [ 37.5489809, 55.5829432 ], [ 37.5489649, 55.5829378 ], [ 37.5489552, 55.582938 ], [ 37.5489376, 55.5829437 ], [ 37.5488935, 55.5829631 ], [ 37.5488711, 55.5829745 ], [ 37.5488349, 55.5829973 ], [ 37.5487963, 55.5830245 ], [ 37.5487799, 55.5830392 ], [ 37.5487625, 55.583061 ], [ 37.5487564, 55.5830811 ], [ 37.5487621, 55.583118 ], [ 37.548763, 55.5831519 ], [ 37.548759, 55.5831659 ], [ 37.5487517, 55.5831752 ], [ 37.5487304, 55.5831875 ], [ 37.5487241, 55.5832059 ], [ 37.5487053, 55.583249 ], [ 37.5485977, 55.5832408 ], [ 37.5485336, 55.5832287 ], [ 37.5484624, 55.5832167 ], [ 37.5483947, 55.5832147 ], [ 37.5483378, 55.5832288 ], [ 37.5482914, 55.583245 ], [ 37.5482381, 55.5832733 ], [ 37.5481776, 55.5833095 ], [ 37.5480744, 55.5833519 ], [ 37.5479889, 55.5833942 ], [ 37.5478218, 55.5835072 ], [ 37.5476795, 55.5836141 ], [ 37.5476582, 55.5836444 ], [ 37.5476368, 55.5837029 ], [ 37.5476153, 55.5837401 ], [ 37.5475692, 55.5837573 ], [ 37.5475194, 55.5837714 ], [ 37.5474572, 55.5837852 ], [ 37.5474089, 55.5838088 ], [ 37.5473558, 55.5838511 ], [ 37.5472746, 55.5838948 ], [ 37.5471173, 55.5839308 ], [ 37.5469819, 55.5839672 ], [ 37.5468252, 55.5840171 ], [ 37.5466403, 55.584056 ], [ 37.546448, 55.5840802 ], [ 37.5463052, 55.5840964 ], [ 37.5462463, 55.5841122 ], [ 37.5462316, 55.5841289 ], [ 37.5462377, 55.5842079 ], [ 37.5462313, 55.5842602 ], [ 37.5462124, 55.5843427 ], [ 37.5461606, 55.5845201 ], [ 37.5461394, 55.5845848 ], [ 37.54611, 55.5846185 ], [ 37.5460775, 55.5846471 ], [ 37.5460093, 55.5846916 ], [ 37.5459645, 55.5847347 ], [ 37.545944, 55.5847902 ], [ 37.5459115, 55.5848254 ], [ 37.5458759, 55.5848406 ], [ 37.5458192, 55.5848441 ], [ 37.5457769, 55.5848443 ], [ 37.5454578, 55.5848952 ], [ 37.5454412, 55.5849082 ], [ 37.5454306, 55.5849216 ], [ 37.5454209, 55.5849365 ], [ 37.5454146, 55.5849398 ], [ 37.5454099, 55.5849516 ], [ 37.5454162, 55.5849652 ], [ 37.5454226, 55.5849761 ], [ 37.545437, 55.5849842 ], [ 37.5454544, 55.5849923 ], [ 37.5454753, 55.584996 ], [ 37.5454921, 55.5849998 ], [ 37.5455103, 55.5850031 ], [ 37.5455198, 55.5850049 ], [ 37.5455324, 55.5850059 ], [ 37.5455324, 55.585014 ], [ 37.5455122, 55.5850176 ], [ 37.545462, 55.5850249 ], [ 37.545453, 55.5850313 ], [ 37.5454421, 55.5850385 ], [ 37.5454369, 55.5850429 ], [ 37.5454308, 55.5850522 ], [ 37.5454261, 55.585063 ], [ 37.5454259, 55.5850757 ], [ 37.5454263, 55.5850791 ], [ 37.5454286, 55.5850894 ], [ 37.5454324, 55.5851047 ], [ 37.5454468, 55.5851274 ], [ 37.545474, 55.5851627 ], [ 37.5455, 55.5851946 ], [ 37.5455222, 55.5852146 ], [ 37.5455351, 55.5852282 ], [ 37.5455559, 55.5852472 ], [ 37.5455828, 55.5852662 ], [ 37.5456107, 55.5852835 ], [ 37.545641, 55.5853026 ], [ 37.5456819, 55.5853302 ], [ 37.5457154, 55.5853547 ], [ 37.5457504, 55.5853946 ], [ 37.5457571, 55.5854077 ], [ 37.54576, 55.5854181 ], [ 37.54576, 55.5854233 ], [ 37.5457601, 55.5854285 ], [ 37.5457612, 55.5854396 ], [ 37.5457685, 55.5854989 ], [ 37.5457476, 55.585531 ], [ 37.5456713, 55.5855826 ], [ 37.5458268, 55.5856945 ], [ 37.5470512, 55.5864811 ], [ 37.5471933, 55.5866009 ], [ 37.5472658, 55.586663 ], [ 37.5473509, 55.5867098 ], [ 37.5477642, 55.5866321 ], [ 37.5488525, 55.5864333 ], [ 37.5542716, 55.5851535 ], [ 37.5550965, 55.5848853 ], [ 37.5552201, 55.5848539 ], [ 37.5550879, 55.584745 ], [ 37.5549042, 55.5844975 ], [ 37.5552269, 55.5844228 ], [ 37.5559072, 55.5842305 ], [ 37.5567514, 55.5839396 ], [ 37.5572607, 55.5843828 ], [ 37.5615951, 55.5833252 ], [ 37.5621146, 55.5831943 ], [ 37.563097, 55.5829899 ], [ 37.565544, 55.5824775 ], [ 37.5679261, 55.5818624 ], [ 37.5695995, 55.5814466 ], [ 37.5705651, 55.5811039 ], [ 37.5711123, 55.5807825 ], [ 37.5711394, 55.5804858 ], [ 37.5709248, 55.580216 ], [ 37.5706888, 55.5799643 ], [ 37.5700608, 55.5793515 ], [ 37.569117, 55.5786301 ], [ 37.5689743, 55.5785246 ], [ 37.5676525, 55.5775475 ], [ 37.5667349, 55.5768982 ], [ 37.5657639, 55.5761886 ], [ 37.5646608, 55.5751666 ], [ 37.5642427, 55.5747394 ], [ 37.5638001, 55.57411 ], [ 37.5635453, 55.5737478 ], [ 37.562887, 55.5728367 ], [ 37.5615896, 55.5711071 ], [ 37.5615666, 55.5710692 ], [ 37.5608974, 55.5712425 ], [ 37.5604331, 55.5705267 ], [ 37.5611107, 55.570371 ], [ 37.5609371, 55.5701206 ], [ 37.5606064, 55.5701921 ], [ 37.560587, 55.5701656 ], [ 37.5604044, 55.5699161 ], [ 37.5602697, 55.5698493 ], [ 37.5600609, 55.5695842 ], [ 37.5599198, 55.5694051 ], [ 37.5600217, 55.5693819 ], [ 37.5603371, 55.5693101 ], [ 37.5599081, 55.5687781 ], [ 37.5598243, 55.5688064 ], [ 37.5588722, 55.5691072 ], [ 37.5585306, 55.5687355 ], [ 37.5582989, 55.5684249 ], [ 37.5581272, 55.5682405 ], [ 37.5578354, 55.5678862 ], [ 37.5577658, 55.5676358 ], [ 37.5580233, 55.5674781 ], [ 37.5578624, 55.5673871 ], [ 37.5578999, 55.5672415 ], [ 37.5575727, 55.5672324 ], [ 37.5574899, 55.566989 ], [ 37.5572723, 55.566735 ], [ 37.5574279, 55.566553 ], [ 37.5570845, 55.5664938 ], [ 37.5568969, 55.5662427 ], [ 37.5558761, 55.5661474 ], [ 37.5549514, 55.5659969 ], [ 37.553985, 55.5659831 ], [ 37.5538941, 55.5653319 ], [ 37.5538694, 55.5651875 ], [ 37.5561941, 55.5646177 ], [ 37.5542602, 55.5649817 ], [ 37.5541181, 55.564931 ], [ 37.5540272, 55.564624 ], [ 37.5558049, 55.5642978 ], [ 37.5569627, 55.5641271 ], [ 37.5565242, 55.5635005 ], [ 37.5563475, 55.5632441 ], [ 37.556199, 55.5630445 ] ] ] } },
{ "type": "Feature", "properties": { "name": "Битцевский парк", "area_ha": 2151.2 }, "geometry": { "type": "Polygon", "coordinates": [ [ [ 37.5781547, 55.5841482 ], [ 37.5779951, 55.5841664 ], [ 37.577987, 55.584002 ], [ 37.5779944, 55.583942 ], [ 37.5780007, 55.5838951 ], [ 37.5780115, 55.5838238 ], [ 37.5780823, 55.5835101 ], [ 37.5781492, 55.5831643 ], [ 37.5781639, 55.5830112 ], [ 37.5781581, 55.582962 ], [ 37.5781404, 55.5829098 ], [ 37.5781113, 55.5828597 ], [ 37.5780661, 55.582807 ], [ 37.5779858, 55.5834952 ], [ 37.5759902, 55.5830707 ], [ 37.5748744, 55.5827494 ], [ 37.5743916, 55.5825371 ], [ 37.573738, 55.5823815 ], [ 37.5733171, 55.5824631 ], [ 37.5730144, 55.5824608 ], [ 37.572728, 55.5825329 ], [ 37.5706349, 55.5819652 ], [ 37.5634884, 55.5837058 ], [ 37.5622868, 55.5839969 ], [ 37.5612688, 55.5841452 ], [ 37.5604183, 55.5843554 ], [ 37.560381, 55.5844439 ], [ 37.5605829, 55.5846534 ], [ 37.5603457, 55.5846958 ], [ 37.5602007, 55.5846894 ], [ 37.5601262, 55.5845606 ], [ 37.5599507, 55.584477 ], [ 37.5574677, 55.5851302 ], [ 37.5566221, 55.5853526 ], [ 37.5564438, 55.5852768 ], [ 37.5485388, 55.5872239 ], [ 37.5483539, 55.587391 ], [ 37.548266, 55.5875151 ], [ 37.5477388, 55.5874426 ], [ 37.547397, 55.5875237 ], [ 37.5480902, 55.5881015 ], [ 37.548415, 55.5888605 ], [ 37.5488879, 55.5887878 ], [ 37.5490147, 55.5890567 ], [ 37.5488359, 55.5892188 ], [ 37.5492223, 55.589602 ], [ 37.5491863, 55.5897024 ], [ 37.5491364, 55.5898415 ], [ 37.5492484, 55.5905942 ], [ 37.5489643, 55.5907712 ], [ 37.5491419, 55.5910183 ], [ 37.5491512, 55.5910312 ], [ 37.5495313, 55.5911736 ], [ 37.5491343, 55.5913116 ], [ 37.5494007, 55.5916286 ], [ 37.5492775, 55.5917565 ], [ 37.5489509, 55.5918027 ], [ 37.5490304, 55.5919144 ], [ 37.5493377, 55.5918925 ], [ 37.549417, 55.5922982 ], [ 37.5494573, 55.5924625 ], [ 37.5491824, 55.5927071 ], [ 37.5492305, 55.592979 ], [ 37.5497514, 55.5932947 ], [ 37.5484204, 55.5939298 ], [ 37.5484225, 55.5942797 ], [ 37.5480493, 55.5943671 ], [ 37.5477669, 55.5944332 ], [ 37.5417467, 55.5956888 ], [ 37.5418459, 55.5957505 ], [ 37.5420892, 55.5957194 ], [ 37.5420161, 55.5959724 ], [ 37.5418576, 55.5959116 ], [ 37.5416343, 55.5959564 ], [ 37.5416391, 55.5959994 ], [ 37.5416502, 55.5960234 ], [ 37.5417134, 55.5960675 ], [ 37.541879, 55.5961831 ], [ 37.5432689, 55.59655 ], [ 37.5435795, 55.5967322 ], [ 37.54386, 55.5969534 ], [ 37.5440464, 55.5971941 ], [ 37.5443755, 55.5978944 ], [ 37.5447575, 55.5975499 ], [ 37.545006, 55.5977283 ], [ 37.5450418, 55.5981631 ], [ 37.5438068, 55.5984766 ], [ 37.5434675, 55.5981055 ], [ 37.5432338, 55.5982026 ], [ 37.5432785, 55.5984608 ], [ 37.5435465, 55.5986569 ], [ 37.5452029, 55.5983788 ], [ 37.5453112, 55.5987046 ], [ 37.5447733, 55.5986552 ], [ 37.5439321, 55.5987631 ], [ 37.5450118, 55.5991608 ], [ 37.5455668, 55.5990664 ], [ 37.5457247, 55.599233 ], [ 37.5459071, 55.5992658 ], [ 37.5459852, 55.599196 ], [ 37.5460725, 55.5990834 ], [ 37.5462221, 55.5989986 ], [ 37.5463422, 55.5989603 ], [ 37.5465496, 55.598899 ], [ 37.5472327, 55.5988327 ], [ 37.5483867, 55.5986323 ], [ 37.5486703, 55.5986145 ], [ 37.5492255, 55.5985391 ], [ 37.5494872, 55.5985056 ], [ 37.5501222, 55.5984429 ], [ 37.5502819, 55.5984271 ], [ 37.5504324, 55.5984123 ], [ 37.5512191, 55.5983347 ], [ 37.5513451, 55.5983234 ], [ 37.5513971, 55.5983197 ], [ 37.5530362, 55.5981757 ], [ 37.5532322, 55.5981589 ], [ 37.5532612, 55.598156 ], [ 37.5537921, 55.5981094 ], [ 37.5557681, 55.5979239 ], [ 37.5569534, 55.5978127 ], [ 37.5572686, 55.5977831 ], [ 37.5574012, 55.5977699 ], [ 37.5578531, 55.5977251 ], [ 37.5579037, 55.5977201 ], [ 37.5591496, 55.5976365 ], [ 37.5591771, 55.5976329 ], [ 37.5591919, 55.5977525 ], [ 37.559368, 55.5983499 ], [ 37.5595167, 55.5988004 ], [ 37.559397, 55.5990048 ], [ 37.5591879, 55.5991713 ], [ 37.5590993, 55.5994328 ], [ 37.5588498, 55.5993489 ], [ 37.5586525, 55.5994048 ], [ 37.5587898, 55.5995923 ], [ 37.5584156, 55.599694 ], [ 37.5581168, 55.5999146 ], [ 37.5582904, 55.600383 ], [ 37.5577472, 55.6008264 ], [ 37.5572687, 55.6010718 ], [ 37.5565895, 55.6009109 ], [ 37.5562236, 55.600981 ], [ 37.5560183, 55.6010629 ], [ 37.5558539, 55.6010256 ], [ 37.5555852, 55.6010916 ], [ 37.5554419, 55.6011733 ], [ 37.5553626, 55.6013568 ], [ 37.5554674, 55.6015549 ], [ 37.5556174, 55.6017614 ], [ 37.5556751, 55.6018258 ], [ 37.5557703, 55.6018917 ], [ 37.5561766, 55.6022523 ], [ 37.5562685, 55.6024146 ], [ 37.556292, 55.6024562 ], [ 37.5563605, 55.6025473 ], [ 37.5560558, 55.602658 ], [ 37.5560172, 55.6028121 ], [ 37.5554767, 55.6028432 ], [ 37.555122, 55.6028701 ], [ 37.5551143, 55.6027462 ], [ 37.5548869, 55.6027876 ], [ 37.5546165, 55.6029068 ], [ 37.5547872, 55.6032533 ], [ 37.5548487, 55.6033508 ], [ 37.5551664, 55.6039379 ], [ 37.5552753, 55.6040096 ], [ 37.5553844, 55.6041796 ], [ 37.5557569, 55.6045022 ], [ 37.5562625, 55.6045087 ], [ 37.5565455, 55.60537 ], [ 37.5564409, 55.6053927 ], [ 37.5566079, 55.6058412 ], [ 37.5567995, 55.6062543 ], [ 37.5567972, 55.6065337 ], [ 37.5567745, 55.6066491 ], [ 37.5567955, 55.6067415 ], [ 37.557179, 55.606774 ], [ 37.5572973, 55.6070888 ], [ 37.557222, 55.6071804 ], [ 37.5570329, 55.6074106 ], [ 37.5569343, 55.6074199 ], [ 37.5554011, 55.6075654 ], [ 37.5548989, 55.607474 ], [ 37.5548919, 55.6073734 ], [ 37.5548727, 55.6070775 ], [ 37.5545339, 55.607109 ], [ 37.5545471, 55.6071876 ], [ 37.5547609, 55.6071623 ], [ 37.5547731, 55.6073774 ], [ 37.5534389, 55.6074859 ], [ 37.5530401, 55.6076742 ], [ 37.5514243, 55.6079164 ], [ 37.5513329, 55.6079988 ], [ 37.5510393, 55.6079599 ], [ 37.5509363, 55.6086581 ], [ 37.5510533, 55.6088073 ], [ 37.5515972, 55.6089441 ], [ 37.5519749, 55.6089247 ], [ 37.5520865, 55.6089683 ], [ 37.5521637, 55.6091332 ], [ 37.5529791, 55.6092447 ], [ 37.5536057, 55.6098507 ], [ 37.5549618, 55.6101173 ], [ 37.5549959, 55.6102225 ], [ 37.5550905, 55.6105148 ], [ 37.5554965, 55.6105957 ], [ 37.5558888, 55.6105148 ], [ 37.5563866, 55.6106166 ], [ 37.5562851, 55.6108035 ], [ 37.5563351, 55.6110045 ], [ 37.5562643, 55.6113369 ], [ 37.5565006, 55.6114134 ], [ 37.556701, 55.61136 ], [ 37.5567395, 55.6114149 ], [ 37.5565454, 55.6115249 ], [ 37.556507, 55.6114704 ], [ 37.5562364, 55.6114007 ], [ 37.5561986, 55.6116534 ], [ 37.5565453, 55.6116641 ], [ 37.5567123, 55.611924 ], [ 37.5562175, 55.6119827 ], [ 37.5562837, 55.6118083 ], [ 37.5556916, 55.612375 ], [ 37.5555081, 55.6125506 ], [ 37.5554101, 55.612747 ], [ 37.5546331, 55.6133897 ], [ 37.5547742, 55.6135472 ], [ 37.5541671, 55.6135917 ], [ 37.5539177, 55.6137641 ], [ 37.5538156, 55.6137923 ], [ 37.5537391, 55.6138447 ], [ 37.5516615, 55.6152661 ], [ 37.5510016, 55.6157176 ], [ 37.548842, 55.6171856 ], [ 37.5479738, 55.617766 ], [ 37.5468554, 55.618459 ], [ 37.5460582, 55.6187681 ], [ 37.5457269, 55.6188441 ], [ 37.5444689, 55.6197513 ], [ 37.5437608, 55.6201436 ], [ 37.5436804, 55.6201451 ], [ 37.5437499, 55.6203907 ], [ 37.5439397, 55.6210558 ], [ 37.5439612, 55.6215248 ], [ 37.5438411, 55.6219736 ], [ 37.5434575, 55.6225489 ], [ 37.5431109, 55.6230575 ], [ 37.5428829, 55.6235186 ], [ 37.5422747, 55.6250528 ], [ 37.5420964, 55.6256215 ], [ 37.5419413, 55.6259903 ], [ 37.5419188, 55.6260248 ], [ 37.5413554, 55.6268881 ], [ 37.5409793, 55.6279623 ], [ 37.5409446, 55.6280512 ], [ 37.5404187, 55.6293985 ], [ 37.5402858, 55.6297402 ], [ 37.5402193, 55.6300868 ], [ 37.540221, 55.6303604 ], [ 37.540295, 55.6305962 ], [ 37.540315, 55.6306601 ], [ 37.5403258, 55.6307123 ], [ 37.5403744, 55.6309465 ], [ 37.5405588, 55.6314208 ], [ 37.540697, 55.6316794 ], [ 37.5413082, 55.6326462 ], [ 37.5421062, 55.6339393 ], [ 37.542526, 55.6346236 ], [ 37.5426344, 55.6347579 ], [ 37.5427079, 55.6347677 ], [ 37.5429206, 55.6347314 ], [ 37.5430465, 55.6346998 ], [ 37.5430126, 55.634632 ], [ 37.5433199, 55.6345781 ], [ 37.5435813, 55.6348344 ], [ 37.5439, 55.6350104 ], [ 37.5441232, 55.6350879 ], [ 37.5440888, 55.6352187 ], [ 37.5442262, 55.6353108 ], [ 37.5442707, 55.635395 ], [ 37.5441253, 55.6355614 ], [ 37.544182, 55.6357107 ], [ 37.5438729, 55.6357781 ], [ 37.5434088, 55.6358805 ], [ 37.543386, 55.635848 ], [ 37.5432977, 55.635867 ], [ 37.5437408, 55.636542 ], [ 37.5442152, 55.6372326 ], [ 37.5443076, 55.6372826 ], [ 37.5445303, 55.637338 ], [ 37.544697, 55.6374021 ], [ 37.5447899, 55.6374649 ], [ 37.5448733, 55.6375577 ], [ 37.54491, 55.6376525 ], [ 37.5448922, 55.6377987 ], [ 37.5448676, 55.6378813 ], [ 37.5448356, 55.6379889 ], [ 37.5448361, 55.6380284 ], [ 37.5449128, 55.6381255 ], [ 37.5452989, 55.6385679 ], [ 37.5455222, 55.6387214 ], [ 37.5458438, 55.6390274 ], [ 37.5462567, 55.6393372 ], [ 37.5469853, 55.6397094 ], [ 37.5500741, 55.6410592 ], [ 37.5508471, 55.6412868 ], [ 37.5514426, 55.6415331 ], [ 37.551678, 55.6416218 ], [ 37.5540478, 55.6423335 ], [ 37.5581824, 55.6436188 ], [ 37.5588381, 55.643912 ], [ 37.559256, 55.644108 ], [ 37.5596739, 55.6439602 ], [ 37.5598378, 55.644066 ], [ 37.5600312, 55.6440378 ], [ 37.5601774, 55.6443579 ], [ 37.5608105, 55.644252 ], [ 37.5612139, 55.6444439 ], [ 37.5615983, 55.6451542 ], [ 37.5614249, 55.6452816 ], [ 37.5617803, 55.6457901 ], [ 37.5619184, 55.6460575 ], [ 37.5621076, 55.6462559 ], [ 37.5623137, 55.6464004 ], [ 37.5624449, 55.6465028 ], [ 37.5625491, 55.6466145 ], [ 37.5627715, 55.6466215 ], [ 37.5629101, 55.6466382 ], [ 37.563066, 55.6468687 ], [ 37.5631665, 55.6471201 ], [ 37.5631087, 55.6473885 ], [ 37.5631451, 55.6478343 ], [ 37.5635862, 55.6484 ], [ 37.5637332, 55.6483918 ], [ 37.564096, 55.6486026 ], [ 37.5646965, 55.6487435 ], [ 37.5653204, 55.6488833 ], [ 37.5654342, 55.6490035 ], [ 37.5656735, 55.6489321 ], [ 37.5670339, 55.6486543 ], [ 37.5711679, 55.6477064 ], [ 37.5718807, 55.6475429 ], [ 37.5738732, 55.6470844 ], [ 37.5759538, 55.6464977 ], [ 37.5803074, 55.6451772 ], [ 37.5802986, 55.6451224 ], [ 37.5804286, 55.645111 ], [ 37.5804947, 55.6450935 ], [ 37.5805662, 55.6450753 ], [ 37.5837055, 55.6441201 ], [ 37.5839039, 55.6440596 ], [ 37.5847312, 55.6438135 ], [ 37.5849086, 55.6437138 ], [ 37.5848631, 55.6431817 ], [ 37.5848952, 55.6431775 ], [ 37.5852575, 55.6431664 ], [ 37.5855799, 55.6431564 ], [ 37.585579, 55.6431467 ], [ 37.5857138, 55.6431364 ], [ 37.5857444, 55.6434707 ], [ 37.5859557, 55.643408 ], [ 37.5873601, 55.6429718 ], [ 37.5874011, 55.6429571 ], [ 37.5876078, 55.6428821 ], [ 37.5875538, 55.6423007 ], [ 37.5878045, 55.6422873 ], [ 37.5877234, 55.6417235 ], [ 37.5878951, 55.6417159 ], [ 37.5877865, 55.6407747 ], [ 37.5877835, 55.6400546 ], [ 37.5875414, 55.6389175 ], [ 37.5875217, 55.6388254 ], [ 37.5874287, 55.6386296 ], [ 37.587424, 55.6382318 ], [ 37.5866067, 55.6359493 ], [ 37.5863833, 55.6349333 ], [ 37.5860125, 55.6336435 ], [ 37.5862994, 55.6335651 ], [ 37.5864155, 55.6335278 ], [ 37.5871823, 55.6334876 ], [ 37.5871925, 55.6334384 ], [ 37.5872175, 55.6333176 ], [ 37.5879269, 55.6332174 ], [ 37.5880079, 55.6332092 ], [ 37.5887202, 55.6331367 ], [ 37.5885495, 55.632621 ], [ 37.5891924, 55.6322541 ], [ 37.5898863, 55.6320476 ], [ 37.5899652, 55.6321907 ], [ 37.5909943, 55.6321447 ], [ 37.5920871, 55.6325832 ], [ 37.5925869, 55.6325755 ], [ 37.5929367, 55.6327781 ], [ 37.5935819, 55.632242 ], [ 37.5930776, 55.6319779 ], [ 37.592805, 55.631765 ], [ 37.5927414, 55.6317598 ], [ 37.5925666, 55.6316252 ], [ 37.5922033, 55.6312617 ], [ 37.5918882, 55.6313089 ], [ 37.5917084, 55.6313358 ], [ 37.5916175, 55.6311543 ], [ 37.5920531, 55.6310909 ], [ 37.5917051, 55.6305208 ], [ 37.5917695, 55.6305096 ], [ 37.5914593, 55.6300717 ], [ 37.5913951, 55.6300868 ], [ 37.5912305, 55.6297903 ], [ 37.5910269, 55.6298314 ], [ 37.590821, 55.6294753 ], [ 37.5901463, 55.6284079 ], [ 37.5898934, 55.6280078 ], [ 37.5900536, 55.6279795 ], [ 37.5899983, 55.627696 ], [ 37.5899844, 55.6274993 ], [ 37.5900207, 55.6272627 ], [ 37.5900633, 55.627064 ], [ 37.590136, 55.6269196 ], [ 37.5900981, 55.6269047 ], [ 37.5900665, 55.6268964 ], [ 37.5896269, 55.6269712 ], [ 37.5888912, 55.626876 ], [ 37.5885851, 55.6261836 ], [ 37.5879687, 55.6250036 ], [ 37.5879144, 55.6248903 ], [ 37.5877878, 55.6246629 ], [ 37.5875787, 55.6244195 ], [ 37.5874982, 55.6242952 ], [ 37.5872503, 55.6241405 ], [ 37.5870726, 55.6242744 ], [ 37.5864224, 55.6240103 ], [ 37.5862959, 55.6240997 ], [ 37.5859612, 55.6239174 ], [ 37.585653, 55.6239798 ], [ 37.5855677, 55.6240348 ], [ 37.5858403, 55.6250872 ], [ 37.5837313, 55.625351 ], [ 37.5836363, 55.6250513 ], [ 37.5831892, 55.6236412 ], [ 37.5845066, 55.6234575 ], [ 37.5845618, 55.6234634 ], [ 37.5846304, 55.6234054 ], [ 37.5843732, 55.6233436 ], [ 37.5845632, 55.6231896 ], [ 37.5838277, 55.6223255 ], [ 37.5837259, 55.6222059 ], [ 37.5824635, 55.6212732 ], [ 37.5820871, 55.6212092 ], [ 37.5819661, 55.6211636 ], [ 37.5818096, 55.621162 ], [ 37.5813108, 55.6210771 ], [ 37.5811126, 55.6210434 ], [ 37.5810055, 55.6209207 ], [ 37.5811139, 55.6207348 ], [ 37.581275, 55.6206211 ], [ 37.5804899, 55.620428 ], [ 37.5798021, 55.6200759 ], [ 37.5796037, 55.6199009 ], [ 37.5795171, 55.6198313 ], [ 37.5804987, 55.6193862 ], [ 37.5804221, 55.6193292 ], [ 37.5794247, 55.6196914 ], [ 37.5786884, 55.6189758 ], [ 37.5787268, 55.6189589 ], [ 37.5798672, 55.6185467 ], [ 37.5803823, 55.6184599 ], [ 37.5809053, 55.6183718 ], [ 37.5804895, 55.6179641 ], [ 37.5802159, 55.6175733 ], [ 37.5799852, 55.6172219 ], [ 37.5799155, 55.6169613 ], [ 37.5800496, 55.616825 ], [ 37.5802539, 55.616739 ], [ 37.5801462, 55.6164494 ], [ 37.579878, 55.6159557 ], [ 37.5796473, 55.6156618 ], [ 37.5793581, 55.6153033 ], [ 37.5791069, 55.6151254 ], [ 37.578728, 55.6149551 ], [ 37.5781173, 55.6147769 ], [ 37.5780867, 55.614758 ], [ 37.577792, 55.6145257 ], [ 37.5775274, 55.6143282 ], [ 37.5746262, 55.6132284 ], [ 37.5752291, 55.6126364 ], [ 37.5757104, 55.6122829 ], [ 37.5756843, 55.6118866 ], [ 37.5756781, 55.6117933 ], [ 37.5756343, 55.6114469 ], [ 37.5755756, 55.6109835 ], [ 37.5746859, 55.6088169 ], [ 37.5746259, 55.6077984 ], [ 37.5752892, 55.6066688 ], [ 37.5757622, 55.6062573 ], [ 37.5778221, 55.6043664 ], [ 37.5815303, 55.604343 ], [ 37.5815648, 55.6043428 ], [ 37.5817703, 55.6034936 ], [ 37.5792964, 55.6010331 ], [ 37.5803395, 55.6009188 ], [ 37.5800283, 55.5999308 ], [ 37.5812514, 55.5997732 ], [ 37.5809832, 55.5995671 ], [ 37.5806184, 55.5987337 ], [ 37.5808384, 55.5978972 ], [ 37.580571, 55.5977608 ], [ 37.5804659, 55.5975179 ], [ 37.5805015, 55.5975351 ], [ 37.5808064, 55.597595 ], [ 37.5809898, 55.5975969 ], [ 37.5810531, 55.5975972 ], [ 37.5814963, 55.5975968 ], [ 37.5826089, 55.5973953 ], [ 37.5823792, 55.5970148 ], [ 37.582973, 55.5968799 ], [ 37.5827391, 55.5965126 ], [ 37.5829337, 55.5964715 ], [ 37.584976, 55.5961562 ], [ 37.5848919, 55.5958211 ], [ 37.5867434, 55.5957774 ], [ 37.5867246, 55.595544 ], [ 37.5867582, 55.5951364 ], [ 37.5874946, 55.5950232 ], [ 37.5886323, 55.5950012 ], [ 37.5892304, 55.5949306 ], [ 37.5910764, 55.5946052 ], [ 37.5909769, 55.5944979 ], [ 37.5931689, 55.5939733 ], [ 37.5937857, 55.5938257 ], [ 37.5934357, 55.5934624 ], [ 37.5930576, 55.5931387 ], [ 37.5893731, 55.5904566 ], [ 37.5891613, 55.5905556 ], [ 37.5875457, 55.5893524 ], [ 37.5873616, 55.589267 ], [ 37.5870389, 55.5889707 ], [ 37.5877556, 55.588834 ], [ 37.5879353, 55.5887277 ], [ 37.5877744, 55.5883579 ], [ 37.5871092, 55.5884367 ], [ 37.5873591, 55.5881254 ], [ 37.5878213, 55.5880828 ], [ 37.588207, 55.5880472 ], [ 37.5882459, 55.5881646 ], [ 37.5886439, 55.5881866 ], [ 37.5887694, 55.5884995 ], [ 37.5891673, 55.5885386 ], [ 37.5892106, 55.5886217 ], [ 37.588791, 55.5887782 ], [ 37.5887459, 55.5891377 ], [ 37.5898772, 55.5890362 ], [ 37.5906926, 55.5893272 ], [ 37.5908898, 55.589005 ], [ 37.5917042, 55.5888827 ], [ 37.5933338, 55.5886379 ], [ 37.5939112, 55.5885512 ], [ 37.593949, 55.5883731 ], [ 37.5938281, 55.5874734 ], [ 37.5939864, 55.5872089 ], [ 37.5943887, 55.5871407 ], [ 37.5946941, 55.5869655 ], [ 37.5954133, 55.5868905 ], [ 37.5955839, 55.5865774 ], [ 37.5960812, 55.5865904 ], [ 37.5960839, 55.5864221 ], [ 37.595754, 55.5863979 ], [ 37.5956279, 55.5861766 ], [ 37.5952584, 55.5858498 ], [ 37.5952348, 55.5857971 ], [ 37.5951845, 55.5855036 ], [ 37.5949771, 55.5847948 ], [ 37.595121, 55.5846167 ], [ 37.5949681, 55.5845166 ], [ 37.5952491, 55.5844385 ], [ 37.5950861, 55.5840315 ], [ 37.5949145, 55.5839295 ], [ 37.5947052, 55.5838799 ], [ 37.5944762, 55.5839068 ], [ 37.5943766, 55.5839318 ], [ 37.5938971, 55.5840667 ], [ 37.593694, 55.5838355 ], [ 37.5908938, 55.5842983 ], [ 37.5902876, 55.5843669 ], [ 37.5899039, 55.5842621 ], [ 37.5898517, 55.5825319 ], [ 37.5897983, 55.5812347 ], [ 37.5897406, 55.5811234 ], [ 37.5895952, 55.5810617 ], [ 37.5861261, 55.5811573 ], [ 37.5852754, 55.5812504 ], [ 37.5851929, 55.5813062 ], [ 37.585252, 55.5814214 ], [ 37.5856275, 55.5821309 ], [ 37.5855631, 55.5822522 ], [ 37.5853271, 55.5823128 ], [ 37.5848764, 55.5823917 ], [ 37.5847906, 55.5825372 ], [ 37.5846189, 55.5827131 ], [ 37.5843615, 55.5828525 ], [ 37.5842005, 55.5829011 ], [ 37.5838894, 55.5829314 ], [ 37.5838123, 55.5829519 ], [ 37.583652, 55.5830712 ], [ 37.583274, 55.5833544 ], [ 37.5833558, 55.5836405 ], [ 37.5833361, 55.5836736 ], [ 37.5833068, 55.5836993 ], [ 37.5832627, 55.5837209 ], [ 37.5832035, 55.5837419 ], [ 37.5831672, 55.583752 ], [ 37.583123, 55.5837617 ], [ 37.5830869, 55.5837678 ], [ 37.5828338, 55.5837984 ], [ 37.5826736, 55.5838123 ], [ 37.5826728, 55.5838662 ], [ 37.5824742, 55.5838653 ], [ 37.582239, 55.5838642 ], [ 37.5817864, 55.583862 ], [ 37.5817258, 55.5838926 ], [ 37.5815353, 55.5839886 ], [ 37.5811318, 55.5841847 ], [ 37.5808409, 55.5843274 ], [ 37.5806332, 55.5844293 ], [ 37.5802723, 55.5844332 ], [ 37.5802723, 55.5844818 ], [ 37.5802722, 55.5847309 ], [ 37.5790643, 55.5847314 ], [ 37.5788126, 55.5847429 ], [ 37.5784028, 55.5847547 ], [ 37.5781547, 55.5841482 ] ] ] } },
{ "type": "Feature", "properties": { "name": "Битцевский парк", "area_ha": 2151.2 }, "geometry": { "type": "Polygon", "coordinates": [ [ [ 37.5281526, 55.6130471 ], [ 37.5280487, 55.6130124 ], [ 37.5272209, 55.6124415 ], [ 37.5271796, 55.6123769 ], [ 37.527184, 55.6122979 ], [ 37.5273264, 55.6119605 ], [ 37.5274049, 55.6118889 ], [ 37.52728, 55.6118104 ], [ 37.5269742, 55.6113072 ], [ 37.5252262, 55.6087987 ], [ 37.5248293, 55.6085884 ], [ 37.5244434, 55.6085557 ], [ 37.5229729, 55.6089887 ], [ 37.5221848, 55.6093147 ], [ 37.5220475, 55.6094796 ], [ 37.5218329, 55.6095281 ], [ 37.5204838, 55.6103461 ], [ 37.5198846, 55.6108855 ], [ 37.5194735, 55.6118277 ], [ 37.5193437, 55.6120513 ], [ 37.518975, 55.6125617 ], [ 37.5177132, 55.6134503 ], [ 37.5172145, 55.6136941 ], [ 37.5171571, 55.6136336 ], [ 37.5170528, 55.6136902 ], [ 37.5164834, 55.6139989 ], [ 37.516546, 55.6140328 ], [ 37.5161824, 55.6142403 ], [ 37.5160918, 55.6141808 ], [ 37.5146248, 55.6150928 ], [ 37.5138356, 55.615745 ], [ 37.5140718, 55.6158495 ], [ 37.5136163, 55.6163919 ], [ 37.5131585, 55.616937 ], [ 37.5129542, 55.6171802 ], [ 37.5123685, 55.6177511 ], [ 37.5123004, 55.6178551 ], [ 37.5122928, 55.6182287 ], [ 37.5120229, 55.6186921 ], [ 37.5119617, 55.6187083 ], [ 37.5117411, 55.61938 ], [ 37.5118243, 55.6194226 ], [ 37.5116413, 55.6196288 ], [ 37.5116097, 55.6196645 ], [ 37.5113982, 55.6205899 ], [ 37.5120417, 55.6218986 ], [ 37.5119583, 55.6221612 ], [ 37.5123253, 55.6231295 ], [ 37.5128694, 55.623674 ], [ 37.5124345, 55.6239147 ], [ 37.5120512, 55.6241268 ], [ 37.5118994, 55.6241807 ], [ 37.5118671, 55.6241941 ], [ 37.5117876, 55.6242188 ], [ 37.51162, 55.6242709 ], [ 37.5115256, 55.6242989 ], [ 37.5115019, 55.6243059 ], [ 37.5117009, 55.6244936 ], [ 37.5121437, 55.6248717 ], [ 37.5124441, 55.6251283 ], [ 37.5125614, 55.6252365 ], [ 37.5130043, 55.6256549 ], [ 37.5130401, 55.6257672 ], [ 37.5131533, 55.6258688 ], [ 37.5132663, 55.6259544 ], [ 37.5137308, 55.6263052 ], [ 37.5162209, 55.6283974 ], [ 37.5162892, 55.6284574 ], [ 37.5163725, 55.6284311 ], [ 37.5167443, 55.6282028 ], [ 37.516961, 55.6280697 ], [ 37.5186367, 55.627018 ], [ 37.5188614, 55.6268753 ], [ 37.519976, 55.6261676 ], [ 37.520339, 55.6259953 ], [ 37.5212848, 55.6256706 ], [ 37.5216748, 55.6256288 ], [ 37.5231607, 55.6254776 ], [ 37.5233673, 55.6254528 ], [ 37.5240566, 55.6253867 ], [ 37.5250275, 55.6252928 ], [ 37.5255211, 55.6253231 ], [ 37.5256533, 55.6253582 ], [ 37.5258858, 55.625417 ], [ 37.5261001, 55.6254927 ], [ 37.5263201, 55.6256201 ], [ 37.5264545, 55.6257745 ], [ 37.5265512, 55.6260054 ], [ 37.5265621, 55.6260714 ], [ 37.526526, 55.626337 ], [ 37.5264861, 55.6264037 ], [ 37.5250759, 55.6275598 ], [ 37.5249869, 55.6276327 ], [ 37.5240727, 55.6283822 ], [ 37.5240225, 55.628453 ], [ 37.5238903, 55.6286396 ], [ 37.5238849, 55.6287969 ], [ 37.5240779, 55.629328 ], [ 37.5242558, 55.6298399 ], [ 37.5242851, 55.6299241 ], [ 37.5244425, 55.6301023 ], [ 37.5245208, 55.6302017 ], [ 37.5246565, 55.630329 ], [ 37.524813, 55.6303988 ], [ 37.5253026, 55.6306053 ], [ 37.5258619, 55.6307848 ], [ 37.5265345, 55.6310343 ], [ 37.527061, 55.6312273 ], [ 37.5275485, 55.6314104 ], [ 37.5279349, 55.6316028 ], [ 37.5281682, 55.6317555 ], [ 37.5281872, 55.6317679 ], [ 37.5282504, 55.6318217 ], [ 37.5284712, 55.63201 ], [ 37.5285238, 55.6320793 ], [ 37.5287617, 55.6323929 ], [ 37.5288313, 55.6324003 ], [ 37.5308751, 55.6319355 ], [ 37.5310317, 55.6319038 ], [ 37.5313997, 55.6318181 ], [ 37.5323031, 55.6316235 ], [ 37.5337776, 55.6315742 ], [ 37.5344771, 55.6315843 ], [ 37.5345731, 55.6316125 ], [ 37.5357885, 55.6317091 ], [ 37.5374891, 55.6320464 ], [ 37.5383777, 55.6319181 ], [ 37.5383587, 55.6318216 ], [ 37.5385408, 55.6317521 ], [ 37.538485, 55.6316621 ], [ 37.5390097, 55.6312817 ], [ 37.5390091, 55.6311112 ], [ 37.5392013, 55.6310447 ], [ 37.5392749, 55.6309163 ], [ 37.5400225, 55.6285671 ], [ 37.5401174, 55.6282689 ], [ 37.5400344, 55.6275162 ], [ 37.5403888, 55.627355 ], [ 37.5404922, 55.6271284 ], [ 37.5405646, 55.6269679 ], [ 37.5406585, 55.6269195 ], [ 37.5407148, 55.6268801 ], [ 37.5409106, 55.62645 ], [ 37.5407765, 55.626347 ], [ 37.5410367, 55.6257156 ], [ 37.5412642, 55.6256409 ], [ 37.5412915, 55.6255565 ], [ 37.5413699, 55.6253879 ], [ 37.5418236, 55.6242315 ], [ 37.5422091, 55.6230771 ], [ 37.5423705, 55.6211295 ], [ 37.5423705, 55.6208289 ], [ 37.5423705, 55.620629 ], [ 37.541578, 55.6194627 ], [ 37.5399974, 55.6198053 ], [ 37.539707, 55.6194107 ], [ 37.5378752, 55.6182867 ], [ 37.5375555, 55.6180755 ], [ 37.5367147, 55.6181276 ], [ 37.5364455, 55.6180214 ], [ 37.5363865, 55.617809 ], [ 37.5358776, 55.6178069 ], [ 37.5355088, 55.6177163 ], [ 37.5354439, 55.617608 ], [ 37.535214, 55.6171702 ], [ 37.5346465, 55.6172202 ], [ 37.5344405, 55.6171657 ], [ 37.5343565, 55.6170771 ], [ 37.5343415, 55.6170612 ], [ 37.5341355, 55.6164309 ], [ 37.5333584, 55.6165178 ], [ 37.5325143, 55.6160955 ], [ 37.5323865, 55.61591 ], [ 37.5323293, 55.6157215 ], [ 37.5318103, 55.6157109 ], [ 37.5296031, 55.6143647 ], [ 37.5288495, 55.6138805 ], [ 37.5289483, 55.6138425 ], [ 37.5298581, 55.6135032 ], [ 37.5299917, 55.6134094 ], [ 37.5298174, 55.6132193 ], [ 37.529645, 55.6131413 ], [ 37.5295528, 55.6131011 ], [ 37.5292385, 55.6129639 ], [ 37.5290808, 55.6129337 ], [ 37.5288109, 55.6129746 ], [ 37.5282647, 55.6130488 ], [ 37.5281526, 55.6130471 ] ] ] } },
{ "type": "Feature", "properties": { "name": "Битцевский парк", "area_ha": 2151.2 }, "geometry": { "type": "Polygon", "coordinates": [ [ [ 37.551496, 55.6430907 ], [ 37.5512214, 55.6431973 ], [ 37.5514274, 55.6433426 ], [ 37.5523972, 55.6434782 ], [ 37.5520968, 55.6441661 ], [ 37.552526, 55.6442775 ], [ 37.5521998, 55.6450524 ], [ 37.5555061, 55.6455095 ], [ 37.5558734, 55.6454835 ], [ 37.5555096, 55.6452872 ], [ 37.5561309, 55.6448635 ], [ 37.5567317, 55.6444373 ], [ 37.557075, 55.6445826 ], [ 37.5575042, 55.6443211 ], [ 37.5581918, 55.6440133 ], [ 37.5578422, 55.6438034 ], [ 37.5516352, 55.6419351 ], [ 37.5515217, 55.6421292 ], [ 37.5514936, 55.6426218 ], [ 37.5517707, 55.6427904 ], [ 37.5518222, 55.6430036 ], [ 37.551496, 55.6430907 ] ] ] } },
{ "type": "Feature", "properties": { "name": "Парк «Варшавские пруды»", "area_ha": 14.0 }, "geometry": { "type": "Polygon", "coordinates": [ [ [ 37.6089395, 55.6068587 ], [ 37.608481, 55.6058708 ], [ 37.6084547, 55.6057967 ], [ 37.6091034, 55.6056912 ], [ 37.6090716, 55.6056068 ], [ 37.6088835, 55.6051073 ], [ 37.6159203, 55.6040949 ], [ 37.6160521, 55.6045829 ], [ 37.6161286, 55.6047471 ], [ 37.617021, 55.6046282 ], [ 37.6176105, 55.604609 ], [ 37.6199361, 55.6047597 ], [ 37.6199747, 55.6048426 ], [ 37.6205263, 55.6049179 ], [ 37.6212185, 55.6049701 ], [ 37.6214383, 55.6049822 ], [ 37.6218516, 55.6050207 ], [ 37.6231297, 55.6048933 ], [ 37.6231989, 55.6049583 ], [ 37.6233638, 55.6049521 ], [ 37.6227261, 55.6035732 ], [ 37.6214727, 55.603598 ], [ 37.6212074, 55.6035274 ], [ 37.6211313, 55.6035408 ], [ 37.6211306, 55.6035743 ], [ 37.6211301, 55.6036001 ], [ 37.6207957, 55.603581 ], [ 37.6197461, 55.603521 ], [ 37.6186239, 55.6034569 ], [ 37.6185174, 55.6032965 ], [ 37.6184361, 55.6031746 ], [ 37.6175347, 55.6033067 ], [ 37.617214, 55.6031178 ], [ 37.6129407, 55.6036788 ], [ 37.6119291, 55.6036477 ], [ 37.6105438, 55.6032502 ], [ 37.6095975, 55.6032966 ], [ 37.6096983, 55.603536 ], [ 37.6086547, 55.6036805 ], [ 37.6089431, 55.6042809 ], [ 37.6079198, 55.6045785 ], [ 37.6079713, 55.6047481 ], [ 37.6073566, 55.6048361 ], [ 37.6079178, 55.6060358 ], [ 37.6083291, 55.6069454 ], [ 37.6089395, 55.6068587 ] ] ] } },
{ "type": "Feature", "properties": { "name": "Парк Каскад Кировоградских прудов", "area_ha": 21.0 }, "geometry": { "type": "Polygon", "coordinates": [ [ [ 37.5915543, 55.6062672 ], [ 37.5929853, 55.6061466 ], [ 37.5929888, 55.6062142 ], [ 37.5936824, 55.6061743 ], [ 37.5938844, 55.6061905 ], [ 37.5942851, 55.6063428 ], [ 37.5943724, 55.6066232 ], [ 37.5944092, 55.6067588 ], [ 37.5944361, 55.6068389 ], [ 37.5955639, 55.6066946 ], [ 37.5956171, 55.6068151 ], [ 37.598343, 55.606443 ], [ 37.5984181, 55.6065726 ], [ 37.6005958, 55.6062393 ], [ 37.6006816, 55.6063049 ], [ 37.6010236, 55.6062437 ], [ 37.6005955, 55.6052493 ], [ 37.5981979, 55.6047971 ], [ 37.5970242, 55.6048486 ], [ 37.5968603, 55.6045913 ], [ 37.5952791, 55.6048205 ], [ 37.5909771, 55.6049604 ], [ 37.5905495, 55.6051137 ], [ 37.590448, 55.6052538 ], [ 37.5906909, 55.6063685 ], [ 37.5915488, 55.6063068 ], [ 37.5915543, 55.6062672 ] ] ] } },
{ "type": "Feature", "properties": { "name": "Парк Каскад Кировоградских прудов", "area_ha": 21.0 }, "geometry": { "type": "Polygon", "coordinates": [ [ [ 37.5774706, 55.6048809 ], [ 37.578055, 55.604875 ], [ 37.5790087, 55.6049058 ], [ 37.5795481, 55.6049136 ], [ 37.5795749, 55.6047969 ], [ 37.579785, 55.604674 ], [ 37.5807309, 55.6047185 ], [ 37.5813261, 55.6047906 ], [ 37.5814854, 55.6053751 ], [ 37.5818032, 55.6054604 ], [ 37.5826183, 55.6053557 ], [ 37.5829434, 55.6053139 ], [ 37.5831143, 55.6056165 ], [ 37.5838506, 55.6058202 ], [ 37.5838995, 55.6059584 ], [ 37.584525, 55.6060745 ], [ 37.5846574, 55.6059591 ], [ 37.585062, 55.6060156 ], [ 37.5857141, 55.6062447 ], [ 37.5860162, 55.606453 ], [ 37.5861123, 55.6065453 ], [ 37.5861349, 55.606675 ], [ 37.5861618, 55.606787 ], [ 37.5861091, 55.6068659 ], [ 37.5864567, 55.6075036 ], [ 37.5861796, 55.6076145 ], [ 37.5861994, 55.6077816 ], [ 37.5864223, 55.6081947 ], [ 37.5869557, 55.6082994 ], [ 37.5872612, 55.6080182 ], [ 37.5876141, 55.6077572 ], [ 37.587871, 55.6075848 ], [ 37.5881336, 55.6074884 ], [ 37.5876981, 55.6071184 ], [ 37.5884477, 55.606911 ], [ 37.5883686, 55.6066702 ], [ 37.5899241, 55.6065365 ], [ 37.5898911, 55.6064331 ], [ 37.5899437, 55.6064283 ], [ 37.5897715, 55.6056995 ], [ 37.5896999, 55.6053454 ], [ 37.5896632, 55.6051638 ], [ 37.5889186, 55.6052965 ], [ 37.5888592, 55.6054398 ], [ 37.5880139, 55.6055383 ], [ 37.5878935, 55.6054562 ], [ 37.5873747, 55.6055441 ], [ 37.5854205, 55.6052148 ], [ 37.5844266, 55.6049958 ], [ 37.5835162, 55.6047036 ], [ 37.5828965, 55.6044452 ], [ 37.5827967, 55.604415 ], [ 37.5817703, 55.6034936 ], [ 37.5815648, 55.6043428 ], [ 37.5815303, 55.604343 ], [ 37.5778221, 55.6043664 ], [ 37.5778626, 55.6045325 ], [ 37.5774706, 55.6048809 ] ] ] } },
{ "type": "Feature", "properties": { "name": "Парк 30-летия Победы", "area_ha": 6.6 }, "geometry": { "type": "Polygon", "coordinates": [ [ [ 37.5934553, 55.6174794 ], [ 37.5936888, 55.6182783 ], [ 37.5958571, 55.6179616 ], [ 37.596393, 55.6178874 ], [ 37.5980099, 55.6176473 ], [ 37.6057143, 55.6165248 ], [ 37.6053742, 55.6158406 ], [ 37.5934553, 55.6174794 ] ] ] } },
{ "type": "Feature", "properties": { "name": "парк Зюзино", "area_ha": 12.7 }, "geometry": { "type": "Polygon", "coordinates": [ [ [ 37.5839642, 55.6516164 ], [ 37.5841404, 55.6519387 ], [ 37.5842728, 55.6519361 ], [ 37.5845702, 55.6518478 ], [ 37.5852524, 55.6515653 ], [ 37.5851065, 55.6513737 ], [ 37.5861102, 55.6508375 ], [ 37.5864385, 55.651331 ], [ 37.5866371, 55.6513335 ], [ 37.5869019, 55.6509599 ], [ 37.5870933, 55.6502482 ], [ 37.587392, 55.6488645 ], [ 37.5883151, 55.6489382 ], [ 37.5885731, 55.6479992 ], [ 37.5890981, 55.6474987 ], [ 37.5893916, 55.646592 ], [ 37.5884992, 55.6464117 ], [ 37.5882544, 55.6462919 ], [ 37.5881639, 55.6461068 ], [ 37.5882112, 55.6457008 ], [ 37.5882328, 55.6453859 ], [ 37.5878051, 55.6453738 ], [ 37.5874205, 55.6466933 ], [ 37.5865487, 55.646634 ], [ 37.5868077, 55.6457165 ], [ 37.5864806, 55.6456858 ], [ 37.5863669, 55.6461755 ], [ 37.5859865, 55.6461635 ], [ 37.5859813, 55.6452913 ], [ 37.5855038, 55.6452823 ], [ 37.5854214, 55.6460415 ], [ 37.5853345, 55.6468413 ], [ 37.5851343, 55.6478096 ], [ 37.5845046, 55.6479237 ], [ 37.5846005, 55.6490007 ], [ 37.5838891, 55.6512846 ], [ 37.5839642, 55.6516164 ] ] ] } },
{ "type": "Feature", "properties": { "name": "Боровский парк", "area_ha": 108.7 }, "geometry": { "type": "Polygon", "coordinates": [ [ [ 37.3377389, 55.6215628 ], [ 37.3330235, 55.620439 ], [ 37.3314786, 55.6200512 ], [ 37.330057, 55.6191152 ], [ 37.3293328, 55.6188244 ], [ 37.3257605, 55.6175984 ], [ 37.325053, 55.6176301 ], [ 37.3244381, 55.6183538 ], [ 37.3241764, 55.61863 ], [ 37.3239939, 55.6189418 ], [ 37.3255058, 55.6208672 ], [ 37.3236055, 55.6223263 ], [ 37.3196023, 55.6205935 ], [ 37.3187038, 55.6218519 ], [ 37.3156661, 55.62081 ], [ 37.3155205, 55.6208324 ], [ 37.31519, 55.6208409 ], [ 37.3148986, 55.6207988 ], [ 37.3139887, 55.6214375 ], [ 37.3138263, 55.6216519 ], [ 37.3140737, 55.6218473 ], [ 37.3145092, 55.6232942 ], [ 37.3145426, 55.6233127 ], [ 37.314987, 55.6235192 ], [ 37.3153909, 55.6237965 ], [ 37.3157908, 55.624234 ], [ 37.3158277, 55.6242718 ], [ 37.3158861, 55.6242975 ], [ 37.3178197, 55.6245271 ], [ 37.3185805, 55.6260517 ], [ 37.32007, 55.6271738 ], [ 37.3197062, 55.6280473 ], [ 37.3194866, 55.6285744 ], [ 37.3194849, 55.6286435 ], [ 37.319554, 55.6286567 ], [ 37.3217355, 55.6291617 ], [ 37.3226851, 55.6293502 ], [ 37.3231723, 55.6293805 ], [ 37.3236843, 55.6293368 ], [ 37.3242264, 55.6292682 ], [ 37.3249809, 55.6292914 ], [ 37.3252894, 55.6293335 ], [ 37.3257323, 55.6292717 ], [ 37.3264299, 55.6292717 ], [ 37.3268607, 55.6292402 ], [ 37.3276636, 55.6280189 ], [ 37.3282975, 55.6266787 ], [ 37.328503, 55.6259886 ], [ 37.3286353, 55.6257547 ], [ 37.3288512, 55.625853 ], [ 37.3291716, 55.6255541 ], [ 37.3293069, 55.6255907 ], [ 37.3320344, 55.626515 ], [ 37.3344048, 55.6270151 ], [ 37.3348431, 55.6271444 ], [ 37.3354976, 55.6271551 ], [ 37.3362738, 55.62707 ], [ 37.33704, 55.6270445 ], [ 37.337136, 55.6269834 ], [ 37.3372208, 55.6269295 ], [ 37.3379701, 55.6216173 ], [ 37.3377389, 55.6215628 ] ] ] } },
{ "type": "Feature", "properties": { "name": "Парк Рассказовка", "area_ha": 27.3 }, "geometry": { "type": "Polygon", "coordinates": [ [ [ 37.3136484, 55.6291516 ], [ 37.313299, 55.6291223 ], [ 37.312966, 55.6291286 ], [ 37.3126019, 55.6292678 ], [ 37.3113406, 55.629963 ], [ 37.3100755, 55.6307445 ], [ 37.3084974, 55.6315998 ], [ 37.307017, 55.6323924 ], [ 37.306511, 55.6333835 ], [ 37.3064268, 55.6335954 ], [ 37.3063927, 55.6339203 ], [ 37.3072785, 55.6340204 ], [ 37.3076974, 55.6340677 ], [ 37.3081395, 55.634097 ], [ 37.308309, 55.6341082 ], [ 37.3085834, 55.6341263 ], [ 37.30907, 55.6341585 ], [ 37.3105699, 55.6342341 ], [ 37.3118743, 55.6337543 ], [ 37.3131108, 55.633229 ], [ 37.3148695, 55.6325053 ], [ 37.3153344, 55.6322563 ], [ 37.3159907, 55.6322492 ], [ 37.3165483, 55.6323225 ], [ 37.3170782, 55.6323156 ], [ 37.317236, 55.6323019 ], [ 37.3174233, 55.6324103 ], [ 37.3179375, 55.6324726 ], [ 37.3181598, 55.6324368 ], [ 37.3185021, 55.6324916 ], [ 37.3189098, 55.6325522 ], [ 37.3200873, 55.632484 ], [ 37.3222457, 55.6320985 ], [ 37.3223116, 55.63199 ], [ 37.3222958, 55.6318483 ], [ 37.3222564, 55.6316915 ], [ 37.3221239, 55.6316045 ], [ 37.3211525, 55.6313724 ], [ 37.319452, 55.6309969 ], [ 37.3179553, 55.6306395 ], [ 37.3168123, 55.6302991 ], [ 37.3157401, 55.6299083 ], [ 37.3147752, 55.6295231 ], [ 37.314693, 55.6295263 ], [ 37.3144927, 55.6295337 ], [ 37.3143159, 55.6294535 ], [ 37.3142461, 55.6293122 ], [ 37.3140017, 55.6292087 ], [ 37.3136484, 55.6291516 ] ] ] } },
{ "type": "Feature", "properties": { "name": "Парк \"Говоровский лес\"", "area_ha": 43.5 }, "geometry": { "type": "Polygon", "coordinates": [ [ [ 37.431127, 55.6481691 ], [ 37.4298978, 55.6471931 ], [ 37.4297247, 55.6434837 ], [ 37.4297681, 55.6430011 ], [ 37.4297199, 55.6410998 ], [ 37.4267711, 55.6403492 ], [ 37.4262623, 55.6410289 ], [ 37.4259632, 55.6412789 ], [ 37.4259978, 55.6409668 ], [ 37.4261401, 55.6406397 ], [ 37.4249028, 55.6421121 ], [ 37.4249125, 55.6425786 ], [ 37.4245069, 55.6425828 ], [ 37.4239396, 55.6435428 ], [ 37.4235927, 55.6440492 ], [ 37.4236681, 55.644201 ], [ 37.4234561, 55.6443034 ], [ 37.4233524, 55.644548 ], [ 37.4238095, 55.6450426 ], [ 37.4237153, 55.6451357 ], [ 37.423032, 55.644899 ], [ 37.4226974, 55.6455239 ], [ 37.4224323, 55.6455737 ], [ 37.4221643, 55.6459091 ], [ 37.4215889, 55.6465864 ], [ 37.4211841, 55.6467176 ], [ 37.4206755, 55.6468759 ], [ 37.4191992, 55.6473786 ], [ 37.420334, 55.6482608 ], [ 37.4217729, 55.6493908 ], [ 37.4220188, 55.6494132 ], [ 37.4224288, 55.6497562 ], [ 37.4233618, 55.6502372 ], [ 37.4236293, 55.6504198 ], [ 37.4240646, 55.6505977 ], [ 37.4241529, 55.65068 ], [ 37.4242227, 55.650674 ], [ 37.4266739, 55.6496696 ], [ 37.4284054, 55.647876 ], [ 37.4284506, 55.6478292 ], [ 37.4306989, 55.6485378 ], [ 37.4308117, 55.6484271 ], [ 37.431127, 55.6481691 ] ] ] } },
{ "type": "Feature", "properties": { "name": "Чоботовский лес", "area_ha": 32.3 }, "geometry": { "type": "Polygon", "coordinates": [ [ [ 37.3558259, 55.6435524 ], [ 37.3554721, 55.643545 ], [ 37.3544765, 55.6440477 ], [ 37.3543716, 55.6441882 ], [ 37.3551091, 55.6471211 ], [ 37.3556826, 55.6474285 ], [ 37.3566848, 55.6473829 ], [ 37.3578434, 55.6470453 ], [ 37.3592787, 55.6476014 ], [ 37.3597265, 55.6475762 ], [ 37.3608118, 55.6480682 ], [ 37.3618032, 55.6486452 ], [ 37.361926, 55.6488249 ], [ 37.3630754, 55.649836 ], [ 37.3620486, 55.6503791 ], [ 37.362013, 55.6504068 ], [ 37.3619824, 55.6504524 ], [ 37.361974, 55.6505026 ], [ 37.3619821, 55.6505269 ], [ 37.3628754, 55.6512059 ], [ 37.3629311, 55.6511996 ], [ 37.3645735, 55.6505684 ], [ 37.3661514, 55.649857 ], [ 37.3663837, 55.6496446 ], [ 37.3675228, 55.6489961 ], [ 37.3686953, 55.6484424 ], [ 37.3688784, 55.6483178 ], [ 37.3674072, 55.6474276 ], [ 37.3669198, 55.6474485 ], [ 37.3663206, 55.6470317 ], [ 37.3644581, 55.6457348 ], [ 37.3628518, 55.6446289 ], [ 37.3624951, 55.6444013 ], [ 37.3617907, 55.6439666 ], [ 37.3613988, 55.6437206 ], [ 37.3610863, 55.6435507 ], [ 37.360638, 55.6435418 ], [ 37.3605957, 55.6435654 ], [ 37.3605852, 55.643598 ], [ 37.3606108, 55.6436289 ], [ 37.3610912, 55.6439 ], [ 37.3616242, 55.6442425 ], [ 37.3618803, 55.6445551 ], [ 37.3612421, 55.6447629 ], [ 37.3585489, 55.6456431 ], [ 37.3573833, 55.644707 ], [ 37.3558259, 55.6435524 ] ] ] } },
{ "type": "Feature", "properties": { "name": "Ландшафтный заказник Тропарёвский", "area_ha": 201.2 }, "geometry": { "type": "Polygon", "coordinates": [ [ [ 37.4707471, 55.6547346 ], [ 37.4707929, 55.6546594 ], [ 37.4707054, 55.654596 ], [ 37.4707304, 55.6545114 ], [ 37.4708637, 55.6544526 ], [ 37.4707346, 55.6544057 ], [ 37.470718, 55.6542877 ], [ 37.4705295, 55.6542013 ], [ 37.4704529, 55.6541581 ], [ 37.4703116, 55.6541315 ], [ 37.4701761, 55.6541614 ], [ 37.4700112, 55.6542345 ], [ 37.4699405, 55.6542412 ], [ 37.4698404, 55.6542146 ], [ 37.4697462, 55.6541814 ], [ 37.4696048, 55.6542013 ], [ 37.4694399, 55.6541681 ], [ 37.4692868, 55.6540119 ], [ 37.4690688, 55.6539056 ], [ 37.468727, 55.6537602 ], [ 37.4682421, 55.6532592 ], [ 37.4681468, 55.6531533 ], [ 37.4677452, 55.6527052 ], [ 37.4679022, 55.652283 ], [ 37.4679963, 55.6519176 ], [ 37.4678155, 55.6515227 ], [ 37.4675638, 55.6512254 ], [ 37.4673865, 55.6496683 ], [ 37.467304, 55.6493438 ], [ 37.4673431, 55.6487437 ], [ 37.4674836, 55.6487401 ], [ 37.4676034, 55.6486301 ], [ 37.467767, 55.6485908 ], [ 37.4676382, 55.6482828 ], [ 37.4673071, 55.646859 ], [ 37.4683784, 55.6464891 ], [ 37.4674768, 55.64539 ], [ 37.4665945, 55.6443022 ], [ 37.4666016, 55.6442166 ], [ 37.4666511, 55.6441356 ], [ 37.4669642, 55.6438981 ], [ 37.4672784, 55.6436328 ], [ 37.4674514, 55.6434765 ], [ 37.4672879, 55.6433868 ], [ 37.4665811, 55.6430832 ], [ 37.4666665, 55.6429696 ], [ 37.4662518, 55.6427734 ], [ 37.4656725, 55.6426943 ], [ 37.4658615, 55.6424947 ], [ 37.4628146, 55.6410907 ], [ 37.4627615, 55.6409909 ], [ 37.4627113, 55.6408965 ], [ 37.4627578, 55.6408063 ], [ 37.4623487, 55.6406917 ], [ 37.4617815, 55.6406058 ], [ 37.4612567, 55.6405778 ], [ 37.4586156, 55.6408378 ], [ 37.4580784, 55.6409943 ], [ 37.457565, 55.6413212 ], [ 37.4561043, 55.6426847 ], [ 37.4555209, 55.6430891 ], [ 37.454782, 55.6437293 ], [ 37.4538085, 55.6445183 ], [ 37.4520175, 55.64597 ], [ 37.4515223, 55.6463907 ], [ 37.4423095, 55.6542152 ], [ 37.4493402, 55.6557517 ], [ 37.4501771, 55.6564964 ], [ 37.4512178, 55.6564268 ], [ 37.4515611, 55.657026 ], [ 37.4521995, 55.6571229 ], [ 37.4527413, 55.6565115 ], [ 37.4543291, 55.6568263 ], [ 37.4552464, 55.6568777 ], [ 37.4556702, 55.6566901 ], [ 37.4559653, 55.6569927 ], [ 37.4564427, 55.6568777 ], [ 37.4559224, 55.6565569 ], [ 37.4555737, 55.6561575 ], [ 37.4559492, 55.6560727 ], [ 37.4552357, 55.6555098 ], [ 37.454533, 55.6550982 ], [ 37.4542433, 55.6555855 ], [ 37.4537229, 55.6553373 ], [ 37.4538235, 55.6549259 ], [ 37.4540341, 55.6546563 ], [ 37.4555844, 55.654726 ], [ 37.4556488, 55.6554281 ], [ 37.4566251, 55.6558457 ], [ 37.45708, 55.6549573 ], [ 37.4572474, 55.6549378 ], [ 37.4576122, 55.6556369 ], [ 37.4581593, 55.6555794 ], [ 37.4589718, 55.6548418 ], [ 37.4592376, 55.6548894 ], [ 37.4593395, 55.6552041 ], [ 37.4591169, 55.655534 ], [ 37.4591383, 55.6557731 ], [ 37.4594843, 55.6558942 ], [ 37.4594441, 55.6563148 ], [ 37.4590418, 55.6564102 ], [ 37.4590525, 55.6566144 ], [ 37.4594226, 55.6570215 ], [ 37.4593288, 55.6571743 ], [ 37.4597794, 55.6574936 ], [ 37.4610105, 55.6580171 ], [ 37.4616381, 55.6580277 ], [ 37.4621987, 55.6582638 ], [ 37.4622095, 55.6585724 ], [ 37.4625957, 55.658639 ], [ 37.4626332, 55.6588206 ], [ 37.462483, 55.6590022 ], [ 37.4620378, 55.6591898 ], [ 37.4617615, 55.6595847 ], [ 37.4615335, 55.6599357 ], [ 37.4609327, 55.660258 ], [ 37.4611983, 55.6604214 ], [ 37.4614584, 55.6605092 ], [ 37.4621531, 55.6602005 ], [ 37.4625233, 55.6598313 ], [ 37.4628264, 55.659568 ], [ 37.4627352, 55.65945 ], [ 37.4636746, 55.6589161 ], [ 37.4640315, 55.6591596 ], [ 37.466222, 55.6573862 ], [ 37.4669784, 55.6568717 ], [ 37.4678581, 55.6563817 ], [ 37.4678542, 55.6560106 ], [ 37.4682857, 55.6557429 ], [ 37.4685806, 55.655575 ], [ 37.469375, 55.6549411 ], [ 37.4707238, 55.6548639 ], [ 37.4707471, 55.6547346 ] ] ] } },
{ "type": "Feature", "properties": { "name": "Тропарёвский лесопарк", "area_ha": 244.6 }, "geometry": { "type": "Polygon", "coordinates": [ [ [ 37.4514699, 55.658058 ], [ 37.4527573, 55.6565448 ], [ 37.4552143, 55.6571077 ], [ 37.4576926, 55.6578946 ], [ 37.4562039, 55.6584137 ], [ 37.4572454, 55.6596201 ], [ 37.4559751, 55.6599567 ], [ 37.4558743, 55.6599834 ], [ 37.4560619, 55.6602061 ], [ 37.4555867, 55.660301 ], [ 37.4552541, 55.6606086 ], [ 37.4559412, 55.6606778 ], [ 37.4556575, 55.6615016 ], [ 37.4561408, 55.6615964 ], [ 37.4558572, 55.6622009 ], [ 37.4562845, 55.6623057 ], [ 37.4548148, 55.6637306 ], [ 37.4548375, 55.6638755 ], [ 37.4548928, 55.6641733 ], [ 37.4549785, 55.6644198 ], [ 37.4550854, 55.6646608 ], [ 37.4552458, 55.6649462 ], [ 37.4554007, 55.6651428 ], [ 37.4555708, 55.6653401 ], [ 37.4557879, 55.6655495 ], [ 37.4559919, 55.6657066 ], [ 37.4562119, 55.6658582 ], [ 37.4578786, 55.6667814 ], [ 37.4579281, 55.666768 ], [ 37.4581455, 55.666709 ], [ 37.4584191, 55.6667081 ], [ 37.4586484, 55.6666798 ], [ 37.4586899, 55.6666353 ], [ 37.4587687, 55.6666653 ], [ 37.4589062, 55.6667176 ], [ 37.4590924, 55.6667034 ], [ 37.459328, 55.6665743 ], [ 37.4603772, 55.6661558 ], [ 37.4608231, 55.6659779 ], [ 37.4612482, 55.6658579 ], [ 37.4611335, 55.6657642 ], [ 37.4616137, 55.6650459 ], [ 37.4615164, 55.6644273 ], [ 37.4614874, 55.664243 ], [ 37.4614512, 55.6641019 ], [ 37.4613671, 55.6629779 ], [ 37.4614, 55.6628452 ], [ 37.4611033, 55.6626222 ], [ 37.4610812, 55.6621934 ], [ 37.4611876, 55.6620084 ], [ 37.4614656, 55.6617583 ], [ 37.4614436, 55.6617217 ], [ 37.4615032, 55.6616924 ], [ 37.4619781, 55.6614586 ], [ 37.4619936, 55.661451 ], [ 37.4627795, 55.6603526 ], [ 37.4632956, 55.6602363 ], [ 37.4633148, 55.660177 ], [ 37.4631017, 55.6601398 ], [ 37.4630814, 55.6600181 ], [ 37.4632463, 55.6599795 ], [ 37.4634577, 55.6597226 ], [ 37.4640315, 55.6591596 ], [ 37.466222, 55.6573862 ], [ 37.4669784, 55.6568717 ], [ 37.4678581, 55.6563817 ], [ 37.4678542, 55.6560106 ], [ 37.4682857, 55.6557429 ], [ 37.4685806, 55.655575 ], [ 37.469375, 55.6549411 ], [ 37.4707238, 55.6548639 ], [ 37.4707471, 55.6547346 ], [ 37.4707929, 55.6546594 ], [ 37.4707054, 55.654596 ], [ 37.4707304, 55.6545114 ], [ 37.4708637, 55.6544526 ], [ 37.4707346, 55.6544057 ], [ 37.470718, 55.6542877 ], [ 37.4705295, 55.6542013 ], [ 37.4704529, 55.6541581 ], [ 37.4703116, 55.6541315 ], [ 37.4701761, 55.6541614 ], [ 37.4700112, 55.6542345 ], [ 37.4699405, 55.6542412 ], [ 37.4698404, 55.6542146 ], [ 37.4697462, 55.6541814 ], [ 37.4696048, 55.6542013 ], [ 37.4694399, 55.6541681 ], [ 37.4692868, 55.6540119 ], [ 37.4690688, 55.6539056 ], [ 37.468727, 55.6537602 ], [ 37.4682421, 55.6532592 ], [ 37.4681468, 55.6531533 ], [ 37.4677452, 55.6527052 ], [ 37.4679022, 55.652283 ], [ 37.4679963, 55.6519176 ], [ 37.4678155, 55.6515227 ], [ 37.4675638, 55.6512254 ], [ 37.4673865, 55.6496683 ], [ 37.467304, 55.6493438 ], [ 37.4673431, 55.6487437 ], [ 37.4674836, 55.6487401 ], [ 37.4676034, 55.6486301 ], [ 37.467767, 55.6485908 ], [ 37.4676382, 55.6482828 ], [ 37.4673071, 55.646859 ], [ 37.4683784, 55.6464891 ], [ 37.4674768, 55.64539 ], [ 37.4665945, 55.6443022 ], [ 37.4666016, 55.6442166 ], [ 37.4666511, 55.6441356 ], [ 37.4669642, 55.6438981 ], [ 37.4672784, 55.6436328 ], [ 37.4674514, 55.6434765 ], [ 37.4672879, 55.6433868 ], [ 37.4665811, 55.6430832 ], [ 37.4666665, 55.6429696 ], [ 37.4662518, 55.6427734 ], [ 37.4656725, 55.6426943 ], [ 37.4658615, 55.6424947 ], [ 37.4628146, 55.6410907 ], [ 37.4627615, 55.6409909 ], [ 37.4627113, 55.6408965 ], [ 37.4627578, 55.6408063 ], [ 37.4623487, 55.6406917 ], [ 37.4617815, 55.6406058 ], [ 37.4612567, 55.6405778 ], [ 37.4586156, 55.6408378 ], [ 37.4580784, 55.6409943 ], [ 37.457565, 55.6413212 ], [ 37.4561043, 55.6426847 ], [ 37.4555209, 55.6430891 ], [ 37.454782, 55.6437293 ], [ 37.4538085, 55.6445183 ], [ 37.4520175, 55.64597 ], [ 37.4515223, 55.6463907 ], [ 37.4423095, 55.6542152 ], [ 37.4493402, 55.6557517 ], [ 37.4514699, 55.658058 ] ] ] } },
{ "type": "Feature", "properties": { "name": "60 лет октября", "area_ha": 7.7 }, "geometry": { "type": "Polygon", "coordinates": [ [ [ 37.3968921, 55.6563066 ], [ 37.3970914, 55.6564884 ], [ 37.3973225, 55.6566648 ], [ 37.3975981, 55.6568353 ], [ 37.3979035, 55.6569828 ], [ 37.3982339, 55.6571143 ], [ 37.3986131, 55.6572398 ], [ 37.4022132, 55.6581044 ], [ 37.4033369, 55.6583659 ], [ 37.4037473, 55.6584614 ], [ 37.4043621, 55.6586045 ], [ 37.4044612, 55.6586256 ], [ 37.4045258, 55.658618 ], [ 37.4045621, 55.6586073 ], [ 37.4045919, 55.6585915 ], [ 37.4046452, 55.6585507 ], [ 37.405028, 55.6579191 ], [ 37.4054568, 55.6571994 ], [ 37.4054854, 55.6571362 ], [ 37.4054645, 55.6570877 ], [ 37.4054009, 55.6570549 ], [ 37.4049522, 55.656971 ], [ 37.4034542, 55.6566961 ], [ 37.4034159, 55.6566889 ], [ 37.4033586, 55.6566744 ], [ 37.4031062, 55.6566249 ], [ 37.4030333, 55.656623 ], [ 37.4028199, 55.6569743 ], [ 37.4026875, 55.6571923 ], [ 37.40099, 55.656858 ], [ 37.4013546, 55.6562961 ], [ 37.4013063, 55.6562864 ], [ 37.4011555, 55.6562575 ], [ 37.3994192, 55.6559263 ], [ 37.3990504, 55.655858 ], [ 37.3985571, 55.655766 ], [ 37.397604, 55.6555878 ], [ 37.3975579, 55.6556655 ], [ 37.3975542, 55.6557102 ], [ 37.397628, 55.6557837 ], [ 37.3977223, 55.6558241 ], [ 37.3976647, 55.6559158 ], [ 37.3977246, 55.6559278 ], [ 37.3976322, 55.6560751 ], [ 37.3975904, 55.6560668 ], [ 37.3975233, 55.656174 ], [ 37.3972142, 55.6561125 ], [ 37.3968921, 55.6563066 ] ] ] } },
{ "type": "Feature", "properties": { "name": "Парк Школьников", "area_ha": 19.8 }, "geometry": { "type": "Polygon", "coordinates": [ [ [ 37.465877, 55.6699561 ], [ 37.4656956, 55.6697581 ], [ 37.4656169, 55.6698034 ], [ 37.4637216, 55.6687419 ], [ 37.463707, 55.6687337 ], [ 37.4633837, 55.6685517 ], [ 37.4628806, 55.6683309 ], [ 37.4626234, 55.6682387 ], [ 37.4624119, 55.6680724 ], [ 37.462292, 55.6678791 ], [ 37.462375, 55.6677656 ], [ 37.4624731, 55.6676933 ], [ 37.4628126, 55.6676124 ], [ 37.4629729, 55.6675981 ], [ 37.4631201, 55.6675864 ], [ 37.4631808, 55.667554 ], [ 37.4632287, 55.6675078 ], [ 37.4632197, 55.6674452 ], [ 37.4631844, 55.6673852 ], [ 37.4629686, 55.6672297 ], [ 37.4627768, 55.6670032 ], [ 37.4626158, 55.6666024 ], [ 37.4623447, 55.6659176 ], [ 37.4623166, 55.6659153 ], [ 37.4612343, 55.6662304 ], [ 37.460164, 55.666666 ], [ 37.4594247, 55.6670514 ], [ 37.4566674, 55.6686368 ], [ 37.45574, 55.6691445 ], [ 37.4550185, 55.669559 ], [ 37.4548843, 55.6695454 ], [ 37.4545575, 55.6697073 ], [ 37.4543383, 55.6698186 ], [ 37.4535668, 55.67021 ], [ 37.4531479, 55.6703951 ], [ 37.4531165, 55.6705208 ], [ 37.453053, 55.6706215 ], [ 37.4525801, 55.6709823 ], [ 37.4524966, 55.6710596 ], [ 37.4524978, 55.671115 ], [ 37.4525161, 55.6711498 ], [ 37.4529039, 55.6712768 ], [ 37.4542771, 55.6717062 ], [ 37.4560179, 55.6722171 ], [ 37.4561479, 55.6719965 ], [ 37.4561565, 55.6718231 ], [ 37.4560648, 55.6716804 ], [ 37.4560875, 55.6715396 ], [ 37.4561768, 55.6713607 ], [ 37.456428, 55.6711404 ], [ 37.4565186, 55.6711082 ], [ 37.4566231, 55.6711403 ], [ 37.4567662, 55.6711372 ], [ 37.456805, 55.6711082 ], [ 37.4567197, 55.6710372 ], [ 37.4567825, 55.67096 ], [ 37.457342, 55.6706454 ], [ 37.4575163, 55.6707444 ], [ 37.4580611, 55.6704317 ], [ 37.4598934, 55.66939 ], [ 37.4611276, 55.6686455 ], [ 37.4624078, 55.6693386 ], [ 37.4626793, 55.6692349 ], [ 37.4628005, 55.6692367 ], [ 37.462925, 55.6692928 ], [ 37.4635421, 55.6696309 ], [ 37.4634407, 55.6696941 ], [ 37.4635567, 55.6697603 ], [ 37.4635816, 55.6697637 ], [ 37.4636073, 55.669761 ], [ 37.4637396, 55.6696931 ], [ 37.4638605, 55.6697452 ], [ 37.463816, 55.6697843 ], [ 37.4643506, 55.6700789 ], [ 37.4641285, 55.6702199 ], [ 37.4658706, 55.6711914 ], [ 37.4672344, 55.6706318 ], [ 37.465877, 55.6699561 ] ] ] } },
{ "type": "Feature", "properties": { "name": "Парк Мещёрский", "area_ha": 591.1 }, "geometry": { "type": "Polygon", "coordinates": [ [ [ 37.3852423, 55.6645803 ], [ 37.3827468, 55.6645545 ], [ 37.3809207, 55.6645088 ], [ 37.3806073, 55.6644874 ], [ 37.3803746, 55.6644515 ], [ 37.3800534, 55.6643532 ], [ 37.3798485, 55.6641575 ], [ 37.3797341, 55.6638996 ], [ 37.3793848, 55.66254 ], [ 37.3792663, 55.6621374 ], [ 37.379149, 55.6617448 ], [ 37.3791003, 55.6615147 ], [ 37.3790471, 55.6613393 ], [ 37.3790251, 55.6612921 ], [ 37.379002, 55.6612219 ], [ 37.3786933, 55.6600656 ], [ 37.3784594, 55.6600943 ], [ 37.378399077822934, 55.660092392086035 ], [ 37.378518, 55.6604799 ], [ 37.379096, 55.6625254 ], [ 37.379712, 55.6640279 ], [ 37.3798883, 55.6642691 ], [ 37.380066, 55.6644295 ], [ 37.3805794, 55.6645089 ], [ 37.3822024, 55.6645672 ], [ 37.3852393, 55.664597 ], [ 37.38577348353639, 55.664584616337258 ], [ 37.3852423, 55.6645803 ] ] ] } },
{ "type": "Feature", "properties": { "name": "Парк Мещёрский", "area_ha": 591.1 }, "geometry": { "type": "Polygon", "coordinates": [ [ [ 37.3749572, 55.6590233 ], [ 37.3733291, 55.6590067 ], [ 37.373291806149453, 55.659061186947746 ], [ 37.374972319812692, 55.659064151667835 ], [ 37.3749572, 55.6590233 ] ] ] } },
{ "type": "Feature", "properties": { "name": "Парк Мещёрский", "area_ha": 591.1 }, "geometry": { "type": "Polygon", "coordinates": [ [ [ 37.3730636, 55.6590203 ], [ 37.3721141, 55.6590491 ], [ 37.372112820301361, 55.659059331976401 ], [ 37.372619, 55.65906 ], [ 37.373179332511356, 55.659060988524573 ], [ 37.3730636, 55.6590203 ] ] ] } },
{ "type": "Feature", "properties": { "name": "Парк Мещёрский", "area_ha": 591.1 }, "geometry": { "type": "Polygon", "coordinates": [ [ [ 37.3695391, 55.6597355 ], [ 37.3687854, 55.6600386 ], [ 37.3690131, 55.6607243 ], [ 37.36977304006205, 55.660811935503204 ], [ 37.3699714, 55.6605437 ], [ 37.369781960998012, 55.659602203785852 ], [ 37.3695391, 55.6597355 ] ] ] } },
{ "type": "Feature", "properties": { "name": "Парк Мещёрский", "area_ha": 591.1 }, "geometry": { "type": "Polygon", "coordinates": [ [ [ 37.3691652, 55.663469 ], [ 37.3687274, 55.6635362 ], [ 37.3687079, 55.6648946 ], [ 37.3654812, 55.6648958 ], [ 37.365351, 55.6657153 ], [ 37.3651079, 55.6663797 ], [ 37.3636308, 55.6664218 ], [ 37.3628456, 55.6660528 ], [ 37.3622286, 55.6644393 ], [ 37.3611628, 55.6639225 ], [ 37.3600376, 55.6633126 ], [ 37.35844879167751, 55.662636126253581 ], [ 37.3583786, 55.6638038 ], [ 37.3584375, 55.6644554 ], [ 37.358244, 55.6660449 ], [ 37.3596204, 55.6667486 ], [ 37.3633638, 55.6686623 ], [ 37.3639045, 55.6689185 ], [ 37.3646174, 55.6691244 ], [ 37.3690415, 55.6689191 ], [ 37.3698156, 55.6681733 ], [ 37.3699988, 55.6679968 ], [ 37.3699412, 55.6669242 ], [ 37.3698343, 55.6667184 ], [ 37.3699172, 55.6662026 ], [ 37.3697995, 55.6642071 ], [ 37.36973127612108, 55.663094661023216 ], [ 37.3691652, 55.663469 ] ] ] } },
{ "type": "Feature", "properties": { "name": "Парк Мещёрский", "area_ha": 591.1 }, "geometry": { "type": "Polygon", "coordinates": [ [ [ 37.3556936, 55.6613746 ], [ 37.3531711, 55.66037 ], [ 37.3529401, 55.660278 ], [ 37.3527548, 55.660351 ], [ 37.3525407, 55.6604354 ], [ 37.351797493373383, 55.660742541689324 ], [ 37.3528876, 55.6603377 ], [ 37.3550293, 55.661146 ], [ 37.356879959313936, 55.661919166978727 ], [ 37.3556936, 55.6613746 ] ] ] } },
{ "type": "Feature", "properties": { "name": "Парк Мещёрский", "area_ha": 591.1 }, "geometry": { "type": "Polygon", "coordinates": [ [ [ 37.3493781, 55.6617048 ], [ 37.3489408, 55.6619037 ], [ 37.3487696, 55.6620288 ], [ 37.3487088, 55.6621223 ], [ 37.3486671, 55.6623127 ], [ 37.3486854, 55.6624225 ], [ 37.3488375, 55.6626156 ], [ 37.3489597, 55.6627986 ], [ 37.3493364, 55.662664 ], [ 37.3493525, 55.6624159 ], [ 37.350508965217216, 55.662095213385506 ], [ 37.350509, 55.6620289 ], [ 37.3505549, 55.6618095 ], [ 37.3504312, 55.6617956 ], [ 37.35029061964368, 55.661362022878315 ], [ 37.3493781, 55.6617048 ] ] ] } },
{ "type": "Feature", "properties": { "name": "Парк Мещёрский", "area_ha": 591.1 }, "geometry": { "type": "Polygon", "coordinates": [ [ [ 37.3507591, 55.6628365 ], [ 37.3497817, 55.6626791 ], [ 37.3493954, 55.6627669 ], [ 37.3491165, 55.6630513 ], [ 37.3494762, 55.6632537 ], [ 37.3507192, 55.6633917 ], [ 37.3510411, 55.6640573 ], [ 37.3509714, 55.6647926 ], [ 37.3500663, 55.6647908 ], [ 37.349995, 55.6653373 ], [ 37.3488095, 55.6655218 ], [ 37.3485949, 55.6655339 ], [ 37.3484623, 55.6643006 ], [ 37.3482248, 55.6642479 ], [ 37.3482302, 55.6640725 ], [ 37.3485267, 55.6640555 ], [ 37.3489383, 55.6632706 ], [ 37.348929, 55.6630328 ], [ 37.3484516, 55.6626818 ], [ 37.3477949, 55.6622557 ], [ 37.347767515372773, 55.66223139118236 ], [ 37.3481067, 55.6628222 ], [ 37.3482962, 55.6627913 ], [ 37.3484908, 55.6629065 ], [ 37.3482288, 55.6639829 ], [ 37.3481316, 55.6641931 ], [ 37.3479632, 55.6657021 ], [ 37.3480466, 55.6658288 ], [ 37.349778, 55.6655648 ], [ 37.3501553, 55.6654285 ], [ 37.3514965, 55.6648907 ], [ 37.351702, 55.6648773 ], [ 37.352291, 55.6646039 ], [ 37.3529643, 55.6641714 ], [ 37.3535824, 55.6637243 ], [ 37.35084071251076, 55.662552107284739 ], [ 37.3507591, 55.6628365 ] ] ] } },
{ "type": "Feature", "properties": { "name": "Парк Мещёрский", "area_ha": 591.1 }, "geometry": { "type": "Polygon", "coordinates": [ [ [ 37.4082273, 55.6755191 ], [ 37.4086742, 55.6752566 ], [ 37.4066063, 55.674166 ], [ 37.4063894, 55.6742766 ], [ 37.4058832, 55.6739773 ], [ 37.40586069225089, 55.673963723149946 ], [ 37.4059717, 55.6744578 ], [ 37.4078106, 55.6756199 ], [ 37.407948762138048, 55.675707256844802 ], [ 37.4082273, 55.6755191 ] ] ] } },
{ "type": "Feature", "properties": { "name": "Парк Мещёрский", "area_ha": 591.1 }, "geometry": { "type": "Polygon", "coordinates": [ [ [ 37.4042258, 55.6711231 ], [ 37.4043093, 55.6710457 ], [ 37.4045718, 55.6707832 ], [ 37.405031968107153, 55.670366348627127 ], [ 37.4048815, 55.6704097 ], [ 37.4043674, 55.6707029 ], [ 37.4042452, 55.6707015 ], [ 37.4040325, 55.6710433 ], [ 37.404292794590624, 55.671569424046766 ], [ 37.4042258, 55.6711231 ] ] ] } },
{ "type": "Feature", "properties": { "name": "Парк Мещёрский", "area_ha": 591.1 }, "geometry": { "type": "Polygon", "coordinates": [ [ [ 37.4122598, 55.6678229 ], [ 37.4128629, 55.6678124 ], [ 37.4130069, 55.667625 ], [ 37.4134407, 55.6671477 ], [ 37.413341186478398, 55.667112869600189 ], [ 37.4130736, 55.6674098 ], [ 37.412091206636291, 55.667799074762044 ], [ 37.4122598, 55.6678229 ] ] ] } },
{ "type": "Feature", "properties": { "name": "Парк Мещёрский", "area_ha": 591.1 }, "geometry": { "type": "Polygon", "coordinates": [ [ [ 37.4135818, 55.6668506 ], [ 37.413661772817889, 55.66675712729765 ], [ 37.413578147759168, 55.666849922801617 ], [ 37.4135818, 55.6668506 ] ] ] } },
{ "type": "Feature", "properties": { "name": "Парк Мещёрский", "area_ha": 591.1 }, "geometry": { "type": "Polygon", "coordinates": [ [ [ 37.4145205, 55.6658686 ], [ 37.4149193, 55.6654178 ], [ 37.4155034, 55.6648044 ], [ 37.415440460514382, 55.664783386128036 ], [ 37.413934303578152, 55.666454710418854 ], [ 37.4145205, 55.6658686 ] ] ] } },
{ "type": "Feature", "properties": { "name": "Парк Мещёрский", "area_ha": 591.1 }, "geometry": { "type": "Polygon", "coordinates": [ [ [ 37.4020412, 55.6615168 ], [ 37.4018887, 55.6615214 ], [ 37.4017549, 55.6615412 ], [ 37.401564249193164, 55.661573670432823 ], [ 37.402114002949084, 55.661527186631297 ], [ 37.4020412, 55.6615168 ] ] ] } },
{ "type": "Feature", "properties": { "name": "Парк Мещёрский", "area_ha": 591.1 }, "geometry": { "type": "Polygon", "coordinates": [ [ [ 37.4004204, 55.6615878 ], [ 37.4003172, 55.6615794 ], [ 37.3995211, 55.6614619 ], [ 37.398452708108621, 55.661277497573401 ], [ 37.3998873, 55.6615583 ], [ 37.4008174, 55.6616488 ], [ 37.400962531997486, 55.661632007556193 ], [ 37.4004204, 55.6615878 ] ] ] } },
{ "type": "Feature", "properties": { "name": "Парк Мещёрский", "area_ha": 591.1 }, "geometry": { "type": "Polygon", "coordinates": [ [ [ 37.3949429, 55.6609491 ], [ 37.3943974, 55.6609204 ], [ 37.394107, 55.6609158 ], [ 37.3938733, 55.6609414 ], [ 37.3904281, 55.6615382 ], [ 37.3897266, 55.6616709 ], [ 37.389677163024139, 55.661734254107721 ], [ 37.3941332, 55.6609367 ], [ 37.395705151683458, 55.660989145592168 ], [ 37.3949429, 55.6609491 ] ] ] } },
{ "type": "Feature", "properties": { "name": "Парк Мещёрский", "area_ha": 591.1 }, "geometry": { "type": "Polygon", "coordinates": [ [ [ 37.3894841, 55.6617612 ], [ 37.3894236, 55.6617325 ], [ 37.3892138, 55.6618196 ], [ 37.3889519, 55.6619166 ], [ 37.3887868, 55.6620202 ], [ 37.3886074, 55.6621799 ], [ 37.3872276, 55.6637816 ], [ 37.3880708, 55.6628389 ], [ 37.3890614, 55.6619263 ], [ 37.389527897234366, 55.661761718031805 ], [ 37.3894841, 55.6617612 ] ] ] } },
{ "type": "Feature", "properties": { "name": "Центральный парк", "area_ha": 14.1 }, "geometry": { "type": "Polygon", "coordinates": [ [ [ 37.3534839, 55.6973881 ], [ 37.3535961, 55.6965645 ], [ 37.3541124, 55.696569 ], [ 37.3541132, 55.6965521 ], [ 37.354115, 55.6964466 ], [ 37.3541158, 55.6964018 ], [ 37.3554111, 55.696409 ], [ 37.3554166, 55.6962882 ], [ 37.3556379, 55.6962871 ], [ 37.3556383, 55.6962485 ], [ 37.3554612, 55.6962497 ], [ 37.3554624, 55.696171 ], [ 37.355259, 55.6961682 ], [ 37.3552548, 55.6961233 ], [ 37.3557372, 55.6961265 ], [ 37.3557465, 55.6962851 ], [ 37.3562823, 55.6962876 ], [ 37.356345, 55.6962878 ], [ 37.3569267, 55.6962905 ], [ 37.3569274, 55.6962614 ], [ 37.3570763, 55.6962606 ], [ 37.3570756, 55.6962894 ], [ 37.3576073, 55.6962875 ], [ 37.3576101, 55.6962441 ], [ 37.3576625, 55.6954265 ], [ 37.3576012, 55.6950569 ], [ 37.3574802, 55.6947088 ], [ 37.3572872, 55.6940255 ], [ 37.3572861, 55.6934847 ], [ 37.3569569, 55.6934841 ], [ 37.3553757, 55.6934815 ], [ 37.3553335, 55.6934814 ], [ 37.3548639, 55.6934844 ], [ 37.3546582, 55.6934633 ], [ 37.3544623, 55.6934269 ], [ 37.354325, 55.6933676 ], [ 37.3542247, 55.6933041 ], [ 37.3540109, 55.6931256 ], [ 37.3539061, 55.6930264 ], [ 37.353798, 55.692924 ], [ 37.3536256, 55.6929544 ], [ 37.35347, 55.6929755 ], [ 37.3532923, 55.6929939 ], [ 37.3530268, 55.6930101 ], [ 37.3526573, 55.6930339 ], [ 37.3522959, 55.693066 ], [ 37.3522899, 55.6931557 ], [ 37.3522452, 55.6938214 ], [ 37.3522416, 55.6938586 ], [ 37.3522348, 55.6939765 ], [ 37.3522259, 55.6942356 ], [ 37.3521711, 55.694631 ], [ 37.3521648, 55.6946763 ], [ 37.3520722, 55.6953441 ], [ 37.3519955, 55.6953416 ], [ 37.3518084, 55.6955063 ], [ 37.3519197, 55.6958873 ], [ 37.3516734, 55.695956 ], [ 37.3512183, 55.695958 ], [ 37.3511808, 55.6959583 ], [ 37.3507053, 55.6959616 ], [ 37.350588, 55.6959624 ], [ 37.3496242, 55.695969 ], [ 37.3494949, 55.6959904 ], [ 37.3490565, 55.6962549 ], [ 37.3498286, 55.6966055 ], [ 37.3499515, 55.6966855 ], [ 37.350131, 55.6968023 ], [ 37.3502499, 55.6969181 ], [ 37.3504552, 55.6969197 ], [ 37.3504614, 55.6967972 ], [ 37.3504659, 55.6967651 ], [ 37.3518537, 55.6967611 ], [ 37.3519046, 55.6973852 ], [ 37.3533634, 55.6973879 ], [ 37.3534839, 55.6973881 ] ] ] } },
{ "type": "Feature", "properties": { "name": "парк Никулино", "area_ha": 10.7 }, "geometry": { "type": "Polygon", "coordinates": [ [ [ 37.4797132, 55.6550307 ], [ 37.4792513, 55.6535203 ], [ 37.4792101, 55.6532424 ], [ 37.4791577, 55.6522349 ], [ 37.4793109, 55.6515166 ], [ 37.477621, 55.6513803 ], [ 37.4777492, 55.6508738 ], [ 37.4788752, 55.6509473 ], [ 37.4794656, 55.6509233 ], [ 37.4795364, 55.6505378 ], [ 37.4795223, 55.6501884 ], [ 37.4794313, 55.6501916 ], [ 37.4793677, 55.6497259 ], [ 37.4794452, 55.6497171 ], [ 37.4792504, 55.6493082 ], [ 37.4782283, 55.6483313 ], [ 37.4780652, 55.6482724 ], [ 37.4779081, 55.6482202 ], [ 37.477426, 55.6478715 ], [ 37.4766354, 55.647246 ], [ 37.476546, 55.6471099 ], [ 37.4754819, 55.6465971 ], [ 37.4761506, 55.6476436 ], [ 37.4764426, 55.6476454 ], [ 37.4765251, 55.6478481 ], [ 37.476222, 55.6479236 ], [ 37.4767765, 55.6490013 ], [ 37.4768923, 55.6492916 ], [ 37.4769561, 55.6494177 ], [ 37.4769978, 55.6495317 ], [ 37.4771176, 55.6502161 ], [ 37.4771462, 55.6508912 ], [ 37.4771301, 55.6514039 ], [ 37.47705, 55.6520061 ], [ 37.4770269, 55.6527852 ], [ 37.4776974, 55.6552464 ], [ 37.4797132, 55.6550307 ] ] ] } },
{ "type": "Feature", "properties": { "name": "Юго-Западный лесопарк", "area_ha": 92.5 }, "geometry": { "type": "Polygon", "coordinates": [ [ [ 37.509679, 55.6576056 ], [ 37.5099375, 55.657575 ], [ 37.510457, 55.6575133 ], [ 37.5105039, 55.6575006 ], [ 37.5107222, 55.6574413 ], [ 37.512213, 55.6570368 ], [ 37.5122863, 55.6570169 ], [ 37.5133065, 55.6569947 ], [ 37.5136757, 55.6569867 ], [ 37.5137937, 55.65656 ], [ 37.5131124, 55.6560334 ], [ 37.5122702, 55.6559789 ], [ 37.5121522, 55.6552041 ], [ 37.5136489, 55.6550347 ], [ 37.5134879, 55.6548319 ], [ 37.5128871, 55.6544627 ], [ 37.5129461, 55.6541297 ], [ 37.5128818, 55.6539814 ], [ 37.5131929, 55.6538301 ], [ 37.5127637, 55.6535123 ], [ 37.5127906, 55.6532853 ], [ 37.5120234, 55.6525347 ], [ 37.5115782, 55.6523955 ], [ 37.5116372, 55.651881 ], [ 37.5107601, 55.6512227 ], [ 37.5107012, 55.6511909 ], [ 37.5106609, 55.6510562 ], [ 37.5105455, 55.6509744 ], [ 37.5098723, 55.6509321 ], [ 37.5095826, 55.6507247 ], [ 37.5096872, 55.6506566 ], [ 37.5095156, 55.6504796 ], [ 37.5092393, 55.6505885 ], [ 37.5091347, 55.6505068 ], [ 37.5092876, 55.6504296 ], [ 37.509099, 55.6502782 ], [ 37.5090408, 55.6502314 ], [ 37.5085688, 55.6504251 ], [ 37.5087887, 55.6506491 ], [ 37.5084507, 55.6508065 ], [ 37.5096631, 55.6519778 ], [ 37.5093037, 55.6521231 ], [ 37.5089818, 55.6520868 ], [ 37.5081557, 55.6524712 ], [ 37.5087136, 55.6529766 ], [ 37.5067502, 55.6537665 ], [ 37.506026, 55.6534155 ], [ 37.5056559, 55.6534548 ], [ 37.505039, 55.6533216 ], [ 37.5044113, 55.6531612 ], [ 37.5039124, 55.6528767 ], [ 37.5028664, 55.6528616 ], [ 37.5026733, 55.6529373 ], [ 37.5029468, 55.6532187 ], [ 37.5029093, 55.6533277 ], [ 37.502507, 55.6534821 ], [ 37.5027215, 55.6537272 ], [ 37.5015843, 55.6542326 ], [ 37.5023997, 55.6548591 ], [ 37.5007153, 55.6556309 ], [ 37.5011659, 55.655994 ], [ 37.4999696, 55.6564419 ], [ 37.5003773, 55.6567658 ], [ 37.5003424, 55.6571622 ], [ 37.4998999, 55.6574119 ], [ 37.5009379, 55.6579112 ], [ 37.5017077, 55.6582925 ], [ 37.5026223, 55.6588448 ], [ 37.5050014, 55.6604396 ], [ 37.505782, 55.6609782 ], [ 37.5067054, 55.6610747 ], [ 37.5067663, 55.6610629 ], [ 37.5070748, 55.6610659 ], [ 37.5072142, 55.6611189 ], [ 37.5075817, 55.6605727 ], [ 37.5076353, 55.6598162 ], [ 37.5078553, 55.6594803 ], [ 37.5082872, 55.6591293 ], [ 37.5088369, 55.6588902 ], [ 37.508204, 55.6583243 ], [ 37.5084885, 55.6580564 ], [ 37.5094889, 55.6576282 ], [ 37.509679, 55.6576056 ] ] ] } },
{ "type": "Feature", "properties": { "name": "Юго-Западный лесопарк", "area_ha": 92.5 }, "geometry": { "type": "Polygon", "coordinates": [ [ [ 37.5047263, 55.6609031 ], [ 37.5022801, 55.6592872 ], [ 37.5010785, 55.6585427 ], [ 37.5003167, 55.6581009 ], [ 37.4998876, 55.657883 ], [ 37.4996151, 55.6577568 ], [ 37.498899, 55.6586247 ], [ 37.4981351, 55.6591695 ], [ 37.4978627, 55.6593322 ], [ 37.4973098, 55.6596555 ], [ 37.4967791, 55.6596823 ], [ 37.4965636, 55.6597365 ], [ 37.4964026, 55.6597849 ], [ 37.4962094, 55.6598714 ], [ 37.4959519, 55.6600689 ], [ 37.4955966, 55.6603097 ], [ 37.4952098, 55.6604915 ], [ 37.4947779, 55.6609696 ], [ 37.4941695, 55.6614382 ], [ 37.493507, 55.6620848 ], [ 37.4934339, 55.662226 ], [ 37.4934726, 55.6623708 ], [ 37.4936631, 55.6625948 ], [ 37.4938012, 55.6626933 ], [ 37.4941298, 55.6628257 ], [ 37.4942762, 55.6629363 ], [ 37.4944336, 55.6630235 ], [ 37.494591, 55.6630749 ], [ 37.4947208, 55.6631372 ], [ 37.4947677, 55.6632197 ], [ 37.4947677, 55.6633038 ], [ 37.4951018, 55.663564 ], [ 37.4954332, 55.6637337 ], [ 37.4957161, 55.6638477 ], [ 37.4957618, 55.6638661 ], [ 37.4962491, 55.6640108 ], [ 37.4966387, 55.6640999 ], [ 37.4974004, 55.6643117 ], [ 37.4978418, 55.6643335 ], [ 37.4983855, 55.6643804 ], [ 37.4998239, 55.664578 ], [ 37.4999546, 55.6647557 ], [ 37.5004833, 55.6648492 ], [ 37.5017578, 55.6650476 ], [ 37.5016149, 55.6653764 ], [ 37.5020441, 55.6654842 ], [ 37.5028917, 55.6652966 ], [ 37.5039002, 55.6650182 ], [ 37.5051232, 55.6645341 ], [ 37.5064751, 55.6636688 ], [ 37.5074192, 55.6631786 ], [ 37.5072164, 55.6629903 ], [ 37.5065417, 55.6625391 ], [ 37.5066362, 55.6623847 ], [ 37.5062299, 55.6622521 ], [ 37.5058943, 55.6620008 ], [ 37.5057964, 55.6617517 ], [ 37.5056961, 55.6616303 ], [ 37.5054119, 55.6614854 ], [ 37.5048432, 55.661134 ], [ 37.5047263, 55.6609031 ] ] ] } },
{ "type": "Feature", "properties": { "name": "парк Никулино", "area_ha": 7.4 }, "geometry": { "type": "Polygon", "coordinates": [ [ [ 37.4812206, 55.6602016 ], [ 37.4810239, 55.6598964 ], [ 37.4808189, 55.6592304 ], [ 37.4809829, 55.6592073 ], [ 37.480248, 55.6568576 ], [ 37.4797862, 55.655381 ], [ 37.4795703, 55.6553252 ], [ 37.4787463, 55.6554145 ], [ 37.478598, 55.6554779 ], [ 37.4778435, 55.6555575 ], [ 37.4793208, 55.6605967 ], [ 37.4794848, 55.6611562 ], [ 37.4800726, 55.6610148 ], [ 37.4801276, 55.6609885 ], [ 37.4801431, 55.6609379 ], [ 37.4800293, 55.6606071 ], [ 37.4805303, 55.660544 ], [ 37.4807208, 55.6604813 ], [ 37.4811882, 55.6602197 ], [ 37.4812206, 55.6602016 ] ] ] } },
{ "type": "Feature", "properties": { "name": "Воронцовский парк", "area_ha": 39.7 }, "geometry": { "type": "Polygon", "coordinates": [ [ [ 37.541328, 55.6668656 ], [ 37.540864, 55.6659907 ], [ 37.5406126, 55.6655167 ], [ 37.5405325, 55.6653697 ], [ 37.5404482, 55.6652121 ], [ 37.5399444, 55.6651285 ], [ 37.5395862, 55.6650726 ], [ 37.5389679, 55.6649762 ], [ 37.5380021, 55.6648491 ], [ 37.5371822, 55.6647853 ], [ 37.5351984, 55.6646308 ], [ 37.5330307, 55.664462 ], [ 37.5314309, 55.6644609 ], [ 37.5309236, 55.6645329 ], [ 37.5304036, 55.6646527 ], [ 37.5296651, 55.6648275 ], [ 37.5289852, 55.665091 ], [ 37.5284516, 55.6654775 ], [ 37.528146, 55.6657122 ], [ 37.5269258, 55.6667581 ], [ 37.5270073, 55.6668855 ], [ 37.5270901, 55.6670148 ], [ 37.5268079, 55.6670465 ], [ 37.5265596, 55.667072 ], [ 37.5265161, 55.6671061 ], [ 37.5262073, 55.6673477 ], [ 37.5266638, 55.6674772 ], [ 37.5273068, 55.6690888 ], [ 37.5271341, 55.669294 ], [ 37.526238, 55.6697438 ], [ 37.5276368, 55.6707239 ], [ 37.5277801, 55.6708053 ], [ 37.527978, 55.6707083 ], [ 37.528398, 55.6705765 ], [ 37.5284736, 55.6705528 ], [ 37.5285371, 55.6705935 ], [ 37.5286612, 55.6705877 ], [ 37.529352, 55.6710108 ], [ 37.5294255, 55.6710111 ], [ 37.5294734, 55.6710114 ], [ 37.5301588, 55.6699984 ], [ 37.5307469, 55.6691216 ], [ 37.5309575, 55.6690091 ], [ 37.5313485, 55.6686767 ], [ 37.5317786, 55.6684703 ], [ 37.5321231, 55.6683016 ], [ 37.5328524, 55.6681067 ], [ 37.5334041, 55.6680614 ], [ 37.5339341, 55.6680584 ], [ 37.5351208, 55.6680911 ], [ 37.5381087, 55.6682352 ], [ 37.5404954, 55.668377 ], [ 37.5405845, 55.6683806 ], [ 37.5415898, 55.6684216 ], [ 37.541886, 55.6682209 ], [ 37.541816, 55.6677857 ], [ 37.541328, 55.6668656 ] ] ] } },
{ "type": "Feature", "properties": { "name": "Парк Лётчиков-испытателей", "area_ha": 8.3 }, "geometry": { "type": "Polygon", "coordinates": [ [ [ 37.4728301, 55.6721055 ], [ 37.4726664, 55.6719164 ], [ 37.4725929, 55.67135 ], [ 37.4729354, 55.6713104 ], [ 37.4728928, 55.6711868 ], [ 37.4726743, 55.6709097 ], [ 37.4726279, 55.6709235 ], [ 37.472671, 55.6710573 ], [ 37.4726494, 55.671099 ], [ 37.4725794, 55.6711059 ], [ 37.4724198, 55.6712155 ], [ 37.472204, 55.6712696 ], [ 37.4719739, 55.6712815 ], [ 37.4716483, 55.6712676 ], [ 37.4714314, 55.671243 ], [ 37.4713813, 55.6712675 ], [ 37.4715301, 55.6713908 ], [ 37.4715409, 55.6715663 ], [ 37.4714684, 55.6717221 ], [ 37.4712726, 55.671831 ], [ 37.4709186, 55.671955 ], [ 37.4705592, 55.6719822 ], [ 37.4702722, 55.6719489 ], [ 37.470071, 55.6718673 ], [ 37.4698967, 55.6717463 ], [ 37.4697733, 55.6715678 ], [ 37.4697331, 55.6714362 ], [ 37.4696553, 55.6713424 ], [ 37.4694809, 55.6712562 ], [ 37.4692905, 55.6712244 ], [ 37.4690089, 55.6712214 ], [ 37.4686924, 55.6711806 ], [ 37.4685958, 55.6711155 ], [ 37.468569, 55.6710278 ], [ 37.4677849, 55.671198 ], [ 37.4684569, 55.672155 ], [ 37.4685915, 55.672159 ], [ 37.4686994, 55.6724762 ], [ 37.469412, 55.6728834 ], [ 37.4699798, 55.6728115 ], [ 37.4700608, 55.6728013 ], [ 37.470171, 55.6729447 ], [ 37.4711828, 55.6734918 ], [ 37.4710999, 55.6735354 ], [ 37.4708738, 55.6736541 ], [ 37.4708264, 55.6736792 ], [ 37.4710692, 55.6738163 ], [ 37.4714274, 55.673628 ], [ 37.4729818, 55.6744947 ], [ 37.4722185, 55.6749115 ], [ 37.4724059, 55.6749467 ], [ 37.4736549, 55.6742521 ], [ 37.4757967, 55.6730285 ], [ 37.4756319, 55.6729459 ], [ 37.4754031, 55.6730702 ], [ 37.4752093, 55.6731413 ], [ 37.4750108, 55.673194 ], [ 37.4747843, 55.6732163 ], [ 37.4747026, 55.6732137 ], [ 37.4744761, 55.6731373 ], [ 37.474378, 55.6730544 ], [ 37.4741889, 55.6730597 ], [ 37.4739974, 55.6730267 ], [ 37.473862, 55.6729372 ], [ 37.4738233, 55.6728295 ], [ 37.4739157, 55.6726853 ], [ 37.4739465, 55.6726176 ], [ 37.4741838, 55.6725741 ], [ 37.4745011, 55.6725811 ], [ 37.4745966, 55.6725898 ], [ 37.4745812, 55.6723239 ], [ 37.4746798, 55.6723031 ], [ 37.4746891, 55.6722883 ], [ 37.4747122, 55.6722362 ], [ 37.4746906, 55.6722119 ], [ 37.4746429, 55.6721884 ], [ 37.4745751, 55.6721814 ], [ 37.4743438, 55.6722031 ], [ 37.474089, 55.6722257 ], [ 37.4740729, 55.6722817 ], [ 37.4738905, 55.6722878 ], [ 37.4738583, 55.6722378 ], [ 37.473582, 55.672253 ], [ 37.4733353, 55.6722621 ], [ 37.473118, 55.6722242 ], [ 37.4729987, 55.6721977 ], [ 37.4728301, 55.6721055 ] ] ] } },
{ "type": "Feature", "properties": { "name": "Парк Удальцовские пруды", "area_ha": 12.8 }, "geometry": { "type": "Polygon", "coordinates": [ [ [ 37.5111682, 55.6774288 ], [ 37.51097, 55.6775454 ], [ 37.5106804, 55.6777158 ], [ 37.5115881, 55.6782766 ], [ 37.5122836, 55.6778763 ], [ 37.5125504, 55.67779 ], [ 37.5136646, 55.6771462 ], [ 37.515641, 55.6764467 ], [ 37.516494, 55.6760501 ], [ 37.5165966, 55.6760569 ], [ 37.5167757, 55.676132 ], [ 37.5170535, 55.6765405 ], [ 37.5173197, 55.6766915 ], [ 37.5198324, 55.675505 ], [ 37.5198998, 55.675489 ], [ 37.519928, 55.6754302 ], [ 37.5199078, 55.6753271 ], [ 37.5199132, 55.6752742 ], [ 37.5199735, 55.6751821 ], [ 37.5199202, 55.6750573 ], [ 37.5202901, 55.6748904 ], [ 37.5205389, 55.6750585 ], [ 37.5214555, 55.6746277 ], [ 37.5227619, 55.6740136 ], [ 37.5228573, 55.6740019 ], [ 37.5229796, 55.6740018 ], [ 37.5231076, 55.6740018 ], [ 37.5231816, 55.6740032 ], [ 37.5234367, 55.6738768 ], [ 37.5221929, 55.6731296 ], [ 37.5222104, 55.6732059 ], [ 37.5221214, 55.6732812 ], [ 37.5217766, 55.6734446 ], [ 37.5221061, 55.6737863 ], [ 37.5212753, 55.6741427 ], [ 37.5212281, 55.674158 ], [ 37.5211323, 55.6741656 ], [ 37.5210546, 55.6741797 ], [ 37.5210328, 55.6742548 ], [ 37.5204386, 55.6745456 ], [ 37.5201757, 55.674375 ], [ 37.5182069, 55.6730997 ], [ 37.5150417, 55.6749266 ], [ 37.5152513, 55.6750434 ], [ 37.5142739, 55.6756013 ], [ 37.5142096, 55.6756379 ], [ 37.5132261, 55.6761992 ], [ 37.5123224, 55.6767149 ], [ 37.5122424, 55.6767606 ], [ 37.5112146, 55.677347 ], [ 37.5111682, 55.6774288 ] ] ] } },
{ "type": "Feature", "properties": { "name": "Парк Олимпийской деревни", "area_ha": 55.7 }, "geometry": { "type": "Polygon", "coordinates": [ [ [ 37.4697477, 55.6782901 ], [ 37.4699145, 55.678437 ], [ 37.4707856, 55.6788777 ], [ 37.4706649, 55.6794975 ], [ 37.4714761, 55.6799617 ], [ 37.4711902, 55.6801281 ], [ 37.4706336, 55.6804521 ], [ 37.4708032, 55.6810638 ], [ 37.4704295, 55.6813463 ], [ 37.4719208, 55.6823149 ], [ 37.4737048, 55.6833959 ], [ 37.474633, 55.6838697 ], [ 37.4765599, 55.6849131 ], [ 37.4769109, 55.6851135 ], [ 37.4772213, 55.6853138 ], [ 37.4773376, 55.68536 ], [ 37.4775372, 55.6854059 ], [ 37.4776746, 55.6854271 ], [ 37.4777426, 55.6854089 ], [ 37.4786549, 55.6846018 ], [ 37.4788466, 55.6844355 ], [ 37.4793166, 55.6838784 ], [ 37.4797109, 55.6833128 ], [ 37.4796438, 55.6832969 ], [ 37.4803841, 55.6822361 ], [ 37.4810637, 55.6810595 ], [ 37.4803297, 55.6809004 ], [ 37.4806068, 55.6804833 ], [ 37.4813453, 55.6806269 ], [ 37.4819366, 55.6796997 ], [ 37.4818448, 55.6796712 ], [ 37.4820353, 55.6793754 ], [ 37.4818539, 55.6793721 ], [ 37.4806597, 55.6793868 ], [ 37.4806598, 55.6792926 ], [ 37.4806604, 55.6787762 ], [ 37.4813771, 55.6787655 ], [ 37.4815102, 55.6785941 ], [ 37.4819285, 55.6785922 ], [ 37.4820734, 55.6785905 ], [ 37.481766, 55.6782481 ], [ 37.4810702, 55.678052 ], [ 37.4808923, 55.6780018 ], [ 37.4810719, 55.6777752 ], [ 37.4812918, 55.6774928 ], [ 37.481908, 55.6776376 ], [ 37.4823795, 55.677636 ], [ 37.4831697, 55.6776097 ], [ 37.483267, 55.6774668 ], [ 37.4837274, 55.6767173 ], [ 37.4838003, 55.6766132 ], [ 37.484039, 55.6762359 ], [ 37.4842248, 55.6760514 ], [ 37.4842063, 55.6759829 ], [ 37.479709, 55.6744343 ], [ 37.4796228, 55.6745432 ], [ 37.4793777, 55.6747712 ], [ 37.479213, 55.6749545 ], [ 37.4787668, 55.6754834 ], [ 37.4780768, 55.6757353 ], [ 37.4773076, 55.676224 ], [ 37.4767243, 55.6764324 ], [ 37.4763001, 55.6764264 ], [ 37.4757518, 55.6763499 ], [ 37.475699, 55.6763833 ], [ 37.4755343, 55.6764873 ], [ 37.4755763, 55.6765446 ], [ 37.4755612, 55.6765925 ], [ 37.4754876, 55.6766183 ], [ 37.475359, 55.6766172 ], [ 37.4753388, 55.6766307 ], [ 37.4752998, 55.6766446 ], [ 37.4745943, 55.6770547 ], [ 37.4739318, 55.6774192 ], [ 37.4734641, 55.6777052 ], [ 37.4730459, 55.6779456 ], [ 37.4722529, 55.6783343 ], [ 37.4720083, 55.6783934 ], [ 37.4717571, 55.678407 ], [ 37.4716684, 55.6784044 ], [ 37.4714349, 55.6783723 ], [ 37.471183, 55.6782919 ], [ 37.4710283, 55.6781802 ], [ 37.4708301, 55.6779891 ], [ 37.4706811, 55.6778467 ], [ 37.4705495, 55.6778475 ], [ 37.4703047, 55.6779739 ], [ 37.4697477, 55.6782901 ] ] ] } },
{ "type": "Feature", "properties": { "name": "Парк Никулинской аллеи", "area_ha": 5.0 }, "geometry": { "type": "Polygon", "coordinates": [ [ [ 37.4852736, 55.6780634 ], [ 37.4852125, 55.6781639 ], [ 37.4851653, 55.6782423 ], [ 37.4851076, 55.678231 ], [ 37.4850572, 55.6782936 ], [ 37.4847451, 55.6782286 ], [ 37.4847571, 55.6782827 ], [ 37.4850138, 55.6783402 ], [ 37.485, 55.678392 ], [ 37.484939, 55.6785108 ], [ 37.4847475, 55.6787226 ], [ 37.4846802, 55.6788172 ], [ 37.484928, 55.6788657 ], [ 37.4847984, 55.6790733 ], [ 37.4847625, 55.6791369 ], [ 37.4847445, 55.6791662 ], [ 37.4847019, 55.6792099 ], [ 37.4843898, 55.6791463 ], [ 37.4836792, 55.6790191 ], [ 37.4830382, 55.6788918 ], [ 37.4829926, 55.6789893 ], [ 37.4832255, 55.6790123 ], [ 37.4838208, 55.6791192 ], [ 37.4844018, 55.6792424 ], [ 37.484445, 55.6792871 ], [ 37.4845698, 55.679325 ], [ 37.4851277, 55.6794726 ], [ 37.4853272, 55.6795756 ], [ 37.485641, 55.6797375 ], [ 37.4858394, 55.6798399 ], [ 37.4858857, 55.6798638 ], [ 37.4859304, 55.6798869 ], [ 37.4860175, 55.6799318 ], [ 37.4860241, 55.6799352 ], [ 37.48595, 55.6799739 ], [ 37.4858825, 55.6800091 ], [ 37.4858004, 55.680052 ], [ 37.4857181, 55.6800949 ], [ 37.4856411, 55.6801351 ], [ 37.4855624, 55.6801762 ], [ 37.4855465, 55.6801845 ], [ 37.4854468, 55.6802024 ], [ 37.4853602, 55.6802179 ], [ 37.4852484, 55.680238 ], [ 37.4851319, 55.68029 ], [ 37.4850927, 55.6803243 ], [ 37.4850533, 55.6803587 ], [ 37.4852074, 55.6803403 ], [ 37.4854726, 55.6803217 ], [ 37.4856756, 55.6803247 ], [ 37.4860124, 55.6803237 ], [ 37.4860148, 55.6802861 ], [ 37.4863295, 55.6802847 ], [ 37.486469, 55.680396 ], [ 37.4869317, 55.6804002 ], [ 37.4873057, 55.6805846 ], [ 37.4876413, 55.6807606 ], [ 37.4876265, 55.6809575 ], [ 37.4876207, 55.6812097 ], [ 37.4876052, 55.6815464 ], [ 37.4876052, 55.6818395 ], [ 37.4871955, 55.6820675 ], [ 37.4871301, 55.6821054 ], [ 37.4874623, 55.6823072 ], [ 37.4875828, 55.6823528 ], [ 37.4876396, 55.6823305 ], [ 37.4876998, 55.6822267 ], [ 37.4877635, 55.6821258 ], [ 37.4878031, 55.6820811 ], [ 37.4878496, 55.6820501 ], [ 37.4878909, 55.6820462 ], [ 37.4879804, 55.6820345 ], [ 37.4881887, 55.6820384 ], [ 37.4888806, 55.6820404 ], [ 37.4894228, 55.6820375 ], [ 37.4895519, 55.6820413 ], [ 37.48965, 55.6820734 ], [ 37.489724, 55.6821403 ], [ 37.4897309, 55.6822733 ], [ 37.4901422, 55.6822704 ], [ 37.4901319, 55.6823286 ], [ 37.4902455, 55.6823305 ], [ 37.4902249, 55.6826604 ], [ 37.4902197, 55.6827546 ], [ 37.4903694, 55.6827769 ], [ 37.4905984, 55.6825527 ], [ 37.4907464, 55.6824285 ], [ 37.491903, 55.681623 ], [ 37.4918206, 55.6815767 ], [ 37.49116, 55.6819224 ], [ 37.490743, 55.6821015 ], [ 37.4905402, 55.6820376 ], [ 37.490016, 55.6818574 ], [ 37.490342, 55.6816603 ], [ 37.4901653, 55.6816505 ], [ 37.4900985, 55.681606 ], [ 37.4909477, 55.681394 ], [ 37.4911008, 55.6813558 ], [ 37.4910932, 55.6813101 ], [ 37.4910031, 55.6812872 ], [ 37.4908944, 55.6813296 ], [ 37.4897908, 55.6806926 ], [ 37.489648, 55.6807136 ], [ 37.4898919, 55.6805829 ], [ 37.4897944, 55.6805325 ], [ 37.4895078, 55.680678 ], [ 37.4889142, 55.6809978 ], [ 37.4887786, 55.6809361 ], [ 37.4885654, 55.6808367 ], [ 37.4885122, 55.680803 ], [ 37.4883068, 55.6806726 ], [ 37.4882069, 55.6806188 ], [ 37.4880643, 55.680542 ], [ 37.4878141, 55.6804031 ], [ 37.4877201, 55.6803884 ], [ 37.4876289, 55.6803263 ], [ 37.4874094, 55.6800775 ], [ 37.4872667, 55.6798848 ], [ 37.4871493, 55.6797858 ], [ 37.4869042, 55.6797217 ], [ 37.486392, 55.6795619 ], [ 37.4864048, 55.6795271 ], [ 37.4861903, 55.6794543 ], [ 37.486135, 55.6794854 ], [ 37.485842, 55.6793249 ], [ 37.4857717, 55.6793533 ], [ 37.4855947, 55.6792523 ], [ 37.4854787, 55.6791718 ], [ 37.4853649, 55.6790927 ], [ 37.4854052, 55.6790758 ], [ 37.4854503, 55.6790569 ], [ 37.485398, 55.6789879 ], [ 37.4853465, 55.67892 ], [ 37.485308, 55.6788643 ], [ 37.4853043, 55.6788231 ], [ 37.4853147, 55.678785 ], [ 37.4853348, 55.6787388 ], [ 37.485367, 55.678702 ], [ 37.4853868, 55.6786906 ], [ 37.4854989, 55.6786261 ], [ 37.4856274, 55.6785512 ], [ 37.4858626, 55.6784137 ], [ 37.4857167, 55.6783388 ], [ 37.4858265, 55.6782632 ], [ 37.4856943, 55.6782059 ], [ 37.4855901, 55.6782056 ], [ 37.4852736, 55.6780634 ] ] ] } },
{ "type": "Feature", "properties": { "name": "Парк имени 50-летия Октября", "area_ha": 98.4 }, "geometry": { "type": "Polygon", "coordinates": [ [ [ 37.5059724, 55.6891538 ], [ 37.5058812, 55.6889104 ], [ 37.5057578, 55.6887425 ], [ 37.5055003, 55.6884341 ], [ 37.5053769, 55.6882708 ], [ 37.506178, 55.6880234 ], [ 37.5069621, 55.6883026 ], [ 37.5073403, 55.6879822 ], [ 37.5070775, 55.687849 ], [ 37.5078131, 55.6873592 ], [ 37.5076131, 55.6872754 ], [ 37.5076538, 55.6872463 ], [ 37.5079369, 55.6871054 ], [ 37.5081447, 55.6870255 ], [ 37.5088451, 55.6872603 ], [ 37.5089941, 55.6872333 ], [ 37.5096282, 55.6872278 ], [ 37.5098181, 55.6873059 ], [ 37.5100206, 55.6873043 ], [ 37.5100237, 55.6871953 ], [ 37.5103255, 55.6871782 ], [ 37.5128565, 55.6877945 ], [ 37.5137835, 55.6874123 ], [ 37.5139765, 55.6874347 ], [ 37.5140064, 55.6871394 ], [ 37.5141692, 55.6870384 ], [ 37.5136034, 55.6869239 ], [ 37.5132218, 55.6869162 ], [ 37.5126552, 55.6869975 ], [ 37.5102309, 55.6865882 ], [ 37.5099099, 55.6866792 ], [ 37.509331, 55.6867128 ], [ 37.5087806, 55.6865791 ], [ 37.5086843, 55.6864724 ], [ 37.5082936, 55.6860397 ], [ 37.5081572, 55.6858886 ], [ 37.5078845, 55.6852474 ], [ 37.5079046, 55.6850687 ], [ 37.508475, 55.6843407 ], [ 37.508644, 55.6842834 ], [ 37.5086681, 55.6842752 ], [ 37.5085887, 55.6841606 ], [ 37.5086326, 55.6840551 ], [ 37.5087288, 55.6839744 ], [ 37.5090985, 55.6838454 ], [ 37.5096847, 55.6834265 ], [ 37.5097776, 55.6834377 ], [ 37.5099897, 55.6831772 ], [ 37.5100919, 55.6827923 ], [ 37.5100539, 55.6820527 ], [ 37.5101003, 55.6820184 ], [ 37.5094879, 55.6809311 ], [ 37.5094262, 55.6802947 ], [ 37.5098173, 55.6800586 ], [ 37.5098816, 55.6799657 ], [ 37.5098361, 55.6798756 ], [ 37.5092312, 55.6795547 ], [ 37.5096643, 55.6792841 ], [ 37.5094804, 55.6791802 ], [ 37.5078758, 55.6782729 ], [ 37.5075166, 55.6784803 ], [ 37.5070154, 55.6782169 ], [ 37.5069319, 55.6782662 ], [ 37.5068547, 55.6782238 ], [ 37.5067998, 55.678256 ], [ 37.5061158, 55.6778341 ], [ 37.5056491, 55.6780957 ], [ 37.5053675, 55.6782575 ], [ 37.5047157, 55.6785978 ], [ 37.5041927, 55.6787989 ], [ 37.5038923, 55.6789017 ], [ 37.5031386, 55.6793569 ], [ 37.5025512, 55.6796428 ], [ 37.5023742, 55.6796927 ], [ 37.5022776, 55.6795475 ], [ 37.501861, 55.6792954 ], [ 37.5012804, 55.6794635 ], [ 37.5002361, 55.6796925 ], [ 37.4982112, 55.6800107 ], [ 37.4983036, 55.6800769 ], [ 37.4992459, 55.6807526 ], [ 37.499055, 55.6808601 ], [ 37.499114, 55.6809493 ], [ 37.4990603, 55.6810491 ], [ 37.4989128, 55.6811368 ], [ 37.4981542, 55.6813283 ], [ 37.4939981, 55.6837044 ], [ 37.4969164, 55.6852527 ], [ 37.4945347, 55.68645 ], [ 37.4939252, 55.6864776 ], [ 37.4939323, 55.6867217 ], [ 37.4966508, 55.6880121 ], [ 37.4967697, 55.6881006 ], [ 37.4971753, 55.6884026 ], [ 37.4985271, 55.6890981 ], [ 37.4986696, 55.6892035 ], [ 37.4986227, 55.6892307 ], [ 37.4994891, 55.6896654 ], [ 37.5019305, 55.6909882 ], [ 37.5020449, 55.6909684 ], [ 37.5021775, 55.6909668 ], [ 37.502303, 55.6909673 ], [ 37.5024547, 55.6909871 ], [ 37.5025591, 55.6910124 ], [ 37.5027916, 55.6911083 ], [ 37.5043867, 55.691938 ], [ 37.5058023, 55.6916361 ], [ 37.5072047, 55.691176 ], [ 37.5072974, 55.6910527 ], [ 37.5072249, 55.6910013 ], [ 37.5070459, 55.6909083 ], [ 37.5069728, 55.6908599 ], [ 37.5069085, 55.6908142 ], [ 37.5068401, 55.6907473 ], [ 37.5067972, 55.6906785 ], [ 37.506769, 55.6906127 ], [ 37.5066523, 55.689943 ], [ 37.5066188, 55.6898523 ], [ 37.5064364, 55.6896739 ], [ 37.5059724, 55.6891538 ] ] ] } },
{ "type": "Feature", "properties": { "name": "Парк имени 40-летия ВЛКСМ", "area_ha": 9.3 }, "geometry": { "type": "Polygon", "coordinates": [ [ [ 37.5459456, 55.7001371 ], [ 37.5492406, 55.6982917 ], [ 37.549222, 55.6982812 ], [ 37.5461724, 55.6965632 ], [ 37.545599, 55.6969087 ], [ 37.5456053, 55.6969897 ], [ 37.5455323, 55.6970332 ], [ 37.5454093, 55.6970414 ], [ 37.5450987, 55.6968864 ], [ 37.5448572, 55.697019 ], [ 37.5455434, 55.6974144 ], [ 37.5452302, 55.6975613 ], [ 37.543165, 55.6963924 ], [ 37.5421805, 55.6969087 ], [ 37.5420135, 55.6969284 ], [ 37.5419167, 55.6969688 ], [ 37.541863, 55.6970331 ], [ 37.54185, 55.697165 ], [ 37.5457667, 55.7000088 ], [ 37.5459456, 55.7001371 ] ] ] } },
{ "type": "Feature", "properties": { "name": "Парк 70-летия Великой победы", "area_ha": 5.1 }, "geometry": { "type": "Polygon", "coordinates": [ [ [ 37.5693549, 55.6652083 ], [ 37.5700663, 55.6651797 ], [ 37.5724211, 55.6650871 ], [ 37.5720456, 55.6646809 ], [ 37.5713177, 55.6642658 ], [ 37.5701885, 55.6638255 ], [ 37.5697178, 55.6636228 ], [ 37.5696266, 55.6636954 ], [ 37.5695193, 55.6639148 ], [ 37.5691518, 55.6643566 ], [ 37.5690794, 55.6643762 ], [ 37.5689641, 55.6643717 ], [ 37.5680378, 55.6642217 ], [ 37.5676388, 55.6641069 ], [ 37.5672533, 55.6639997 ], [ 37.5664162, 55.6637411 ], [ 37.5656144, 55.6634894 ], [ 37.5653382, 55.6634158 ], [ 37.5652256, 55.663513 ], [ 37.5651239, 55.6636102 ], [ 37.5650952, 55.663665 ], [ 37.565146, 55.6637049 ], [ 37.5653647, 55.6637784 ], [ 37.5662152, 55.6640501 ], [ 37.5667115, 55.6642463 ], [ 37.5670057, 55.6644481 ], [ 37.5679466, 55.6652535 ], [ 37.5680159, 55.6652968 ], [ 37.5681104, 55.6653156 ], [ 37.5689723, 55.6652342 ], [ 37.5693549, 55.6652083 ] ] ] } },
{ "type": "Feature", "properties": { "name": "Парк 70-летия Великой победы", "area_ha": 5.1 }, "geometry": { "type": "Polygon", "coordinates": [ [ [ 37.5727266, 55.6650864 ], [ 37.5738565, 55.66502 ], [ 37.5750957, 55.6648718 ], [ 37.5750581, 55.6648324 ], [ 37.573953, 55.6647023 ], [ 37.5735237, 55.6644028 ], [ 37.5740228, 55.6642122 ], [ 37.5739477, 55.6640457 ], [ 37.5720165, 55.6643846 ], [ 37.5724403, 55.6646993 ], [ 37.5727266, 55.6650864 ] ] ] } },
{ "type": "Feature", "properties": { "name": "Коробковский сад", "area_ha": 26.5 }, "geometry": { "type": "Polygon", "coordinates": [ [ [ 37.6060334, 55.6687997 ], [ 37.6064751, 55.6688041 ], [ 37.6069929, 55.6683379 ], [ 37.6099518, 55.6669093 ], [ 37.6107804, 55.6665264 ], [ 37.6116352, 55.6661287 ], [ 37.6110133, 55.6656645 ], [ 37.6108049, 55.6654981 ], [ 37.6108253, 55.665442 ], [ 37.6104698, 55.6654444 ], [ 37.607517, 55.6654571 ], [ 37.6072901, 55.6655366 ], [ 37.6048067, 55.6655207 ], [ 37.6032699, 55.6656721 ], [ 37.5993204, 55.6661834 ], [ 37.5992409, 55.6664223 ], [ 37.5996167, 55.6674667 ], [ 37.5998705, 55.6675762 ], [ 37.6005498, 55.6675736 ], [ 37.6014671, 55.6692702 ], [ 37.6026402, 55.6700163 ], [ 37.6030401, 55.6704855 ], [ 37.6035709, 55.6709558 ], [ 37.6037982, 55.6711555 ], [ 37.6041375, 55.6714282 ], [ 37.6042889, 55.6714657 ], [ 37.604572, 55.6715014 ], [ 37.6050551, 55.6714844 ], [ 37.6052381, 55.6714533 ], [ 37.6054289, 55.6713931 ], [ 37.6056078, 55.6712277 ], [ 37.6057313, 55.6710427 ], [ 37.6059202, 55.6705147 ], [ 37.6060334, 55.6687997 ] ] ] } },
{ "type": "Feature", "properties": { "name": "Природный парк \"Коршуниха\"", "area_ha": 9.6 }, "geometry": { "type": "Polygon", "coordinates": [ [ [ 37.5980532, 55.6807407 ], [ 37.5979503, 55.6808385 ], [ 37.5979429, 55.6809694 ], [ 37.5980458, 55.681161 ], [ 37.5981492, 55.681253 ], [ 37.5982302, 55.681281 ], [ 37.5984336, 55.6813495 ], [ 37.5987128, 55.6813672 ], [ 37.5993139, 55.6814846 ], [ 37.5997286, 55.6815144 ], [ 37.6002357, 55.6816821 ], [ 37.6004126, 55.6817416 ], [ 37.6005408, 55.6817846 ], [ 37.6007589, 55.6819673 ], [ 37.6011145, 55.6821142 ], [ 37.6014823, 55.6821986 ], [ 37.601868, 55.6822959 ], [ 37.6019237, 55.6822828 ], [ 37.6020378, 55.6823128 ], [ 37.6020602, 55.6823451 ], [ 37.602232, 55.6823914 ], [ 37.6025881, 55.6824633 ], [ 37.6033535, 55.682669 ], [ 37.6036282, 55.6827637 ], [ 37.6038421, 55.6828961 ], [ 37.6041667, 55.6830222 ], [ 37.6044576, 55.6832826 ], [ 37.6045662, 55.6832662 ], [ 37.6046092, 55.6831495 ], [ 37.6045211, 55.6827253 ], [ 37.6085096, 55.6831276 ], [ 37.6101029, 55.6836626 ], [ 37.6100378, 55.6838122 ], [ 37.6125961, 55.6842769 ], [ 37.6127241, 55.6841475 ], [ 37.613179, 55.6838868 ], [ 37.612648, 55.6833848 ], [ 37.6120525, 55.6829765 ], [ 37.6107179, 55.6831344 ], [ 37.6102458, 55.6829106 ], [ 37.608463, 55.6825201 ], [ 37.6078546, 55.6825003 ], [ 37.6069827, 55.6821268 ], [ 37.606509, 55.6819917 ], [ 37.6053052, 55.6818611 ], [ 37.6045697, 55.6818058 ], [ 37.6033821, 55.6815048 ], [ 37.6032477, 55.6816725 ], [ 37.6021223, 55.6813858 ], [ 37.6022567, 55.6812181 ], [ 37.5989206, 55.6804719 ], [ 37.5980532, 55.6807407 ] ] ] } },
{ "type": "Feature", "properties": { "name": "Академический парк", "area_ha": 8.3 }, "geometry": { "type": "Polygon", "coordinates": [ [ [ 37.5659301, 55.6919634 ], [ 37.5663166, 55.6920718 ], [ 37.5665018, 55.6918978 ], [ 37.566707, 55.6919534 ], [ 37.567508, 55.6921427 ], [ 37.5679489, 55.6922416 ], [ 37.5685843, 55.6924495 ], [ 37.56845, 55.692553 ], [ 37.5686391, 55.6926261 ], [ 37.5724235, 55.6933129 ], [ 37.5725742, 55.6932414 ], [ 37.5728412, 55.6931862 ], [ 37.573722, 55.6937121 ], [ 37.574673, 55.6941959 ], [ 37.5755429, 55.6947677 ], [ 37.57601, 55.6944955 ], [ 37.5757721, 55.693362 ], [ 37.5750178, 55.6932161 ], [ 37.5746565, 55.6937995 ], [ 37.5737703, 55.6936056 ], [ 37.5737424, 55.6935895 ], [ 37.5737303, 55.6935683 ], [ 37.5737382, 55.693547 ], [ 37.5738189, 55.6934194 ], [ 37.5737263, 55.6933121 ], [ 37.573944, 55.6929855 ], [ 37.5732397, 55.6927713 ], [ 37.5732844, 55.6927159 ], [ 37.5725998, 55.6925879 ], [ 37.5725523, 55.6926314 ], [ 37.5723463, 55.69291 ], [ 37.5720817, 55.6929658 ], [ 37.5707715, 55.6927433 ], [ 37.5709415, 55.6924328 ], [ 37.5720933, 55.6926478 ], [ 37.5723638, 55.6925872 ], [ 37.5725788, 55.6923173 ], [ 37.5717401, 55.6921602 ], [ 37.5716637, 55.6921321 ], [ 37.571615, 55.6920937 ], [ 37.5714549, 55.691741 ], [ 37.5713382, 55.6917158 ], [ 37.5699951, 55.6914234 ], [ 37.5683222, 55.6910735 ], [ 37.5680805, 55.6909042 ], [ 37.5677611, 55.6910085 ], [ 37.5669888, 55.6903768 ], [ 37.5666301, 55.6904953 ], [ 37.5666035, 55.6907197 ], [ 37.5665936, 55.6907985 ], [ 37.5664664, 55.6908395 ], [ 37.5662325, 55.690915 ], [ 37.5659874, 55.6909939 ], [ 37.5656743, 55.6908202 ], [ 37.5640783, 55.6913669 ], [ 37.5644916, 55.69152 ], [ 37.5646546, 55.6914154 ], [ 37.5653776, 55.6917812 ], [ 37.5655263, 55.691853 ], [ 37.5659301, 55.6919634 ] ] ] } },
{ "type": "Feature", "properties": { "name": "Парк Новые Черёмушки", "area_ha": 5.6 }, "geometry": { "type": "Polygon", "coordinates": [ [ [ 37.5863505, 55.6947216 ], [ 37.5863656, 55.6947861 ], [ 37.587018, 55.6947868 ], [ 37.5875893, 55.6947626 ], [ 37.5876859, 55.6948382 ], [ 37.5879434, 55.6948336 ], [ 37.5880959, 55.6949686 ], [ 37.5882924, 55.6948952 ], [ 37.5907811, 55.693965 ], [ 37.5915374, 55.6937447 ], [ 37.5917381, 55.6937129 ], [ 37.5920668, 55.6934332 ], [ 37.5917351, 55.6931395 ], [ 37.5916561, 55.6931021 ], [ 37.5915727, 55.6930491 ], [ 37.5914584, 55.6929542 ], [ 37.5913488, 55.6928622 ], [ 37.5912171, 55.6927303 ], [ 37.5907563, 55.6922708 ], [ 37.5906902, 55.6922359 ], [ 37.5906304, 55.6922343 ], [ 37.5905431, 55.6922324 ], [ 37.5900357, 55.6924227 ], [ 37.5899884, 55.6924404 ], [ 37.589596, 55.6925875 ], [ 37.5895036, 55.692622 ], [ 37.5895151, 55.69272 ], [ 37.5891988, 55.6928383 ], [ 37.5892269, 55.6929577 ], [ 37.5891324, 55.6930397 ], [ 37.5888977, 55.693113 ], [ 37.5887267, 55.6931667 ], [ 37.5880336, 55.6933987 ], [ 37.5879589, 55.6934237 ], [ 37.5875011, 55.6936157 ], [ 37.5873184, 55.6935675 ], [ 37.5872157, 55.6935001 ], [ 37.586996, 55.6935774 ], [ 37.586696, 55.6936838 ], [ 37.5861534, 55.6938193 ], [ 37.5861312, 55.6942538 ], [ 37.5861167, 55.6944564 ], [ 37.5863505, 55.6947216 ] ] ] } },
{ "type": "Feature", "properties": { "name": "Детский парк", "area_ha": 5.5 }, "geometry": { "type": "Polygon", "coordinates": [ [ [ 37.6096437, 55.6949724 ], [ 37.609386, 55.6950107 ], [ 37.607584, 55.6953235 ], [ 37.6068736, 55.6954211 ], [ 37.605937, 55.6955626 ], [ 37.6044074, 55.6958749 ], [ 37.6036447, 55.6958086 ], [ 37.6042211, 55.6960211 ], [ 37.6059065, 55.6962105 ], [ 37.6085583, 55.6962027 ], [ 37.6094572, 55.697113 ], [ 37.6099001, 55.6975241 ], [ 37.6102886, 55.6978417 ], [ 37.6103417, 55.6978851 ], [ 37.611829, 55.6975188 ], [ 37.6117221, 55.6973915 ], [ 37.6116434, 55.6973025 ], [ 37.6096437, 55.6949724 ] ] ] } },
{ "type": "Feature", "properties": { "name": "Парк у пруда Бекет", "area_ha": 5.5 }, "geometry": { "type": "Polygon", "coordinates": [ [ [ 37.6104199, 55.6980016 ], [ 37.6102418, 55.6980529 ], [ 37.609122, 55.6991709 ], [ 37.60979, 55.6992143 ], [ 37.6102486, 55.6997025 ], [ 37.6103961, 55.6997176 ], [ 37.6106858, 55.6999201 ], [ 37.6109648, 55.7001756 ], [ 37.611432, 55.7004151 ], [ 37.6118444, 55.7003796 ], [ 37.6138884, 55.7001244 ], [ 37.6141206, 55.6999601 ], [ 37.6141037, 55.6999405 ], [ 37.6140969, 55.699925 ], [ 37.6140828, 55.6999083 ], [ 37.6140279, 55.6998603 ], [ 37.6135616, 55.6993422 ], [ 37.6130929, 55.6988349 ], [ 37.6128491, 55.6985962 ], [ 37.6119861, 55.6976657 ], [ 37.6119424, 55.6976426 ], [ 37.6118901, 55.697612 ], [ 37.6105329, 55.6979325 ], [ 37.6103944, 55.69797 ], [ 37.6104199, 55.6980016 ] ] ] } },
{ "type": "Feature", "properties": { "name": "Парк Воробьёвы горы", "area_ha": 96.6 }, "geometry": { "type": "Polygon", "coordinates": [ [ [ 37.572978, 55.7113933 ], [ 37.5727634, 55.7112241 ], [ 37.572463, 55.7110548 ], [ 37.5724917, 55.7107568 ], [ 37.5726575, 55.7107999 ], [ 37.5728365, 55.7110976 ], [ 37.5730987, 55.7113266 ], [ 37.5735296, 55.7109325 ], [ 37.5738244, 55.7109366 ], [ 37.5740129, 55.7109729 ], [ 37.5760094, 55.7116244 ], [ 37.5763477, 55.7117907 ], [ 37.5763248, 55.7118855 ], [ 37.5763569, 55.7119139 ], [ 37.5764272, 55.7119199 ], [ 37.5767647, 55.7117469 ], [ 37.5767299, 55.7116673 ], [ 37.5763623, 55.7115799 ], [ 37.5761914, 55.7115738 ], [ 37.5757349, 55.7114215 ], [ 37.5757111, 55.7112838 ], [ 37.5744148, 55.710793 ], [ 37.5744492, 55.7106891 ], [ 37.5752406, 55.710249 ], [ 37.5738621, 55.7103012 ], [ 37.5735858, 55.710274 ], [ 37.5732613, 55.710268 ], [ 37.573103, 55.7102226 ], [ 37.5715929, 55.7096605 ], [ 37.5714579, 55.7096157 ], [ 37.5712554, 55.7095383 ], [ 37.5711128, 55.7095075 ], [ 37.5706242, 55.7091724 ], [ 37.5702692, 55.709128 ], [ 37.5690311, 55.709034 ], [ 37.5685316, 55.7090353 ], [ 37.5665205, 55.7086629 ], [ 37.5662782, 55.7086207 ], [ 37.5661693, 55.7086018 ], [ 37.5653239, 55.7084055 ], [ 37.565053, 55.7082851 ], [ 37.5650641, 55.708072 ], [ 37.5646071, 55.7079892 ], [ 37.5640454, 55.7079103 ], [ 37.5634013, 55.7078767 ], [ 37.5634039, 55.7078302 ], [ 37.5613605, 55.7075662 ], [ 37.5609814, 55.7073212 ], [ 37.5611142, 55.707087 ], [ 37.5621845, 55.7065882 ], [ 37.5602332, 55.7063072 ], [ 37.5600197, 55.7063159 ], [ 37.5575145, 55.7063944 ], [ 37.554696, 55.7065334 ], [ 37.5563393, 55.7077366 ], [ 37.5586446, 55.7094245 ], [ 37.5589201, 55.7096114 ], [ 37.5592261, 55.7096093 ], [ 37.5595426, 55.7096149 ], [ 37.5596094, 55.7096153 ], [ 37.5602503, 55.7096274 ], [ 37.5610617, 55.7096511 ], [ 37.5627291, 55.709761 ], [ 37.5641957, 55.7099305 ], [ 37.5656589, 55.7101435 ], [ 37.5665304, 55.7102945 ], [ 37.5683542, 55.7106469 ], [ 37.5698519, 55.7109752 ], [ 37.5717985, 55.7114787 ], [ 37.5718495, 55.711531 ], [ 37.5721378, 55.7116116 ], [ 37.5721478, 55.7116144 ], [ 37.5722533, 55.7116439 ], [ 37.5726093, 55.7117434 ], [ 37.5726577, 55.7117317 ], [ 37.5728372, 55.7117871 ], [ 37.572978, 55.7115142 ], [ 37.572978, 55.7113933 ] ] ] } },
{ "type": "Feature", "properties": { "name": "Парк Воробьёвы горы", "area_ha": 96.6 }, "geometry": { "type": "Polygon", "coordinates": [ [ [ 37.5420395, 55.7275269 ], [ 37.5421612, 55.7273803 ], [ 37.5429299, 55.7269374 ], [ 37.5425004, 55.7265864 ], [ 37.542382, 55.7265305 ], [ 37.5418481, 55.7260295 ], [ 37.5414147, 55.7255317 ], [ 37.5410034, 55.7250299 ], [ 37.5407293, 55.7246697 ], [ 37.5404835, 55.7242963 ], [ 37.5403004, 55.7239426 ], [ 37.5403084, 55.723906 ], [ 37.540256, 55.7237828 ], [ 37.5402164, 55.7237864 ], [ 37.5400499, 55.7233972 ], [ 37.5398892, 55.7229227 ], [ 37.5397724, 55.722477 ], [ 37.5396725, 55.7220135 ], [ 37.5395849, 55.721465 ], [ 37.5395313, 55.7210892 ], [ 37.5395122, 55.7208159 ], [ 37.5395268, 55.7208145 ], [ 37.5395207, 55.7207384 ], [ 37.5395554, 55.720724 ], [ 37.5395487, 55.720543 ], [ 37.5395115, 55.7205217 ], [ 37.5395049, 55.720461 ], [ 37.5394896, 55.7204586 ], [ 37.5394927, 55.7196311 ], [ 37.5396, 55.7188029 ], [ 37.5398376, 55.7178952 ], [ 37.5401819, 55.7169933 ], [ 37.5404092, 55.716524 ], [ 37.5406709, 55.716072 ], [ 37.5410187, 55.7155987 ], [ 37.5413906, 55.7151759 ], [ 37.5419071, 55.7146735 ], [ 37.5423272, 55.7143515 ], [ 37.5423926, 55.714305 ], [ 37.5433223, 55.7136435 ], [ 37.5442658, 55.7130654 ], [ 37.5452127, 55.7125204 ], [ 37.5477187, 55.7112804 ], [ 37.5478059, 55.7112013 ], [ 37.5486264, 55.7108659 ], [ 37.5494753, 55.7105807 ], [ 37.5504243, 55.7104041 ], [ 37.5505284, 55.7104213 ], [ 37.552056, 55.7101586 ], [ 37.5520377, 55.7101268 ], [ 37.5532815, 55.7099249 ], [ 37.5543727, 55.7097699 ], [ 37.5551869, 55.7097089 ], [ 37.5560185, 55.7096604 ], [ 37.5569735, 55.7096304 ], [ 37.5579346, 55.7096096 ], [ 37.5570689, 55.7089328 ], [ 37.556142, 55.7082321 ], [ 37.5537801, 55.7065857 ], [ 37.5532624, 55.7066333 ], [ 37.5507813, 55.7068617 ], [ 37.5506653, 55.7068783 ], [ 37.5499832, 55.7069635 ], [ 37.549663, 55.7070094 ], [ 37.5488234, 55.7071248 ], [ 37.5480168, 55.7072537 ], [ 37.5478087, 55.7072873 ], [ 37.5476741, 55.7073066 ], [ 37.5474512, 55.7073542 ], [ 37.5473194, 55.7073824 ], [ 37.5458126, 55.7077044 ], [ 37.5447271, 55.7080813 ], [ 37.5447265, 55.7080815 ], [ 37.5435058, 55.7085921 ], [ 37.5436238, 55.7086764 ], [ 37.5435514, 55.7087156 ], [ 37.5400555, 55.7108943 ], [ 37.5388879, 55.7119366 ], [ 37.5371026, 55.7144025 ], [ 37.5366735, 55.7155774 ], [ 37.5359273, 55.7177502 ], [ 37.5357457, 55.7188137 ], [ 37.5363511, 55.7188274 ], [ 37.5370887, 55.7189921 ], [ 37.537801, 55.7188299 ], [ 37.5377217, 55.7193109 ], [ 37.537711, 55.7195979 ], [ 37.5377834, 55.7200119 ], [ 37.5380114, 55.7203487 ], [ 37.5379711, 55.7209409 ], [ 37.5381562, 55.7211298 ], [ 37.5382876, 55.7221117 ], [ 37.53847, 55.723216 ], [ 37.538698, 55.7234833 ], [ 37.5390628, 55.7243836 ], [ 37.5401169, 55.7259652 ], [ 37.5406373, 55.7262577 ], [ 37.5410074, 55.7269273 ], [ 37.5412246, 55.7273563 ], [ 37.5411872, 55.7273635 ], [ 37.5409242, 55.7274122 ], [ 37.5408526, 55.727788 ], [ 37.5413373, 55.7278124 ], [ 37.5420395, 55.7275269 ] ] ] } },
{ "type": "Feature", "properties": { "name": "Нескучный сад", "area_ha": 61.5 }, "geometry": { "type": "Polygon", "coordinates": [ [ [ 37.5866904, 55.7119504 ], [ 37.5866145, 55.7119827 ], [ 37.5854794, 55.7111405 ], [ 37.5854288, 55.7111634 ], [ 37.5853472, 55.7111972 ], [ 37.585232, 55.7112481 ], [ 37.5852018, 55.7112269 ], [ 37.585171, 55.7112041 ], [ 37.5851014, 55.7112334 ], [ 37.5839253, 55.7110138 ], [ 37.5827864, 55.7112279 ], [ 37.582267, 55.7110349 ], [ 37.5817123, 55.7115131 ], [ 37.5815994, 55.7116036 ], [ 37.5815919, 55.7116086 ], [ 37.5814088, 55.7115159 ], [ 37.5804131, 55.7122384 ], [ 37.5801931, 55.7126026 ], [ 37.5789962, 55.7133993 ], [ 37.5786327, 55.7136581 ], [ 37.578482, 55.7137618 ], [ 37.5783711, 55.7138327 ], [ 37.5785345, 55.7138994 ], [ 37.5785622, 55.7139016 ], [ 37.5785788, 55.7138951 ], [ 37.5788474, 55.7140123 ], [ 37.5802929, 55.7147598 ], [ 37.5813343, 55.7152851 ], [ 37.5822998, 55.7158351 ], [ 37.5831304, 55.7163825 ], [ 37.5842192, 55.7171879 ], [ 37.5854303, 55.7181476 ], [ 37.5861512, 55.7187543 ], [ 37.5867122, 55.7191619 ], [ 37.5878631, 55.7200967 ], [ 37.5889341, 55.7209082 ], [ 37.5893911, 55.7212566 ], [ 37.5897087, 55.7214798 ], [ 37.5897726, 55.7215717 ], [ 37.5900509, 55.721761 ], [ 37.5900453, 55.7218233 ], [ 37.5913144, 55.7229401 ], [ 37.5914319, 55.7229575 ], [ 37.591681, 55.72317 ], [ 37.5919913, 55.7234419 ], [ 37.5922335, 55.7236611 ], [ 37.5922531, 55.723678 ], [ 37.5922203, 55.7236938 ], [ 37.5921934, 55.7237223 ], [ 37.5921966, 55.7237498 ], [ 37.5922152, 55.7237772 ], [ 37.592259, 55.7238036 ], [ 37.5923056, 55.7238128 ], [ 37.5923472, 55.7238137 ], [ 37.5923983, 55.7238053 ], [ 37.5924183, 55.7238263 ], [ 37.5926161, 55.7240026 ], [ 37.5927353, 55.7240773 ], [ 37.5931505, 55.7239583 ], [ 37.5931812, 55.7239495 ], [ 37.5948458, 55.7234046 ], [ 37.596681, 55.7225504 ], [ 37.5963251, 55.7223536 ], [ 37.5961446, 55.7222538 ], [ 37.5954094, 55.7225052 ], [ 37.5950588, 55.7223691 ], [ 37.5942948, 55.7220724 ], [ 37.5938655, 55.7218226 ], [ 37.5935943, 55.7216648 ], [ 37.5948244, 55.7211034 ], [ 37.5968012, 55.7200931 ], [ 37.5958694, 55.7194985 ], [ 37.5957666, 55.7194239 ], [ 37.5957372, 55.7194047 ], [ 37.595022, 55.7189378 ], [ 37.5944729, 55.7185793 ], [ 37.5944117, 55.7185393 ], [ 37.5940838, 55.7183252 ], [ 37.5925649, 55.719146 ], [ 37.5926185, 55.7194059 ], [ 37.5929726, 55.7195751 ], [ 37.5928184, 55.7196453 ], [ 37.5927473, 55.7196718 ], [ 37.5927146, 55.719686 ], [ 37.592479, 55.7195612 ], [ 37.5922285, 55.7194285 ], [ 37.5922069, 55.719293 ], [ 37.5921327, 55.7188278 ], [ 37.5914581, 55.7183647 ], [ 37.5914256, 55.7183392 ], [ 37.5907951, 55.717873 ], [ 37.5908118, 55.7177465 ], [ 37.5916661, 55.7174589 ], [ 37.5924592, 55.7169919 ], [ 37.592419, 55.7169684 ], [ 37.5925046, 55.7169234 ], [ 37.5925444, 55.7169478 ], [ 37.5926713, 55.7168706 ], [ 37.5919057, 55.7163791 ], [ 37.5917207, 55.7164483 ], [ 37.5906915, 55.7156866 ], [ 37.5905037, 55.7157456 ], [ 37.5904085, 55.7156775 ], [ 37.5899322, 55.7153367 ], [ 37.5892373, 55.7148545 ], [ 37.5894204, 55.7147702 ], [ 37.5893421, 55.7147091 ], [ 37.5892612, 55.7146452 ], [ 37.5891755, 55.7145791 ], [ 37.5889792, 55.7146754 ], [ 37.5879384, 55.7139531 ], [ 37.5884454, 55.7137628 ], [ 37.5879123, 55.7133267 ], [ 37.5878737, 55.7132951 ], [ 37.5882421, 55.7131353 ], [ 37.5866904, 55.7119504 ] ] ] } },
{ "type": "Feature", "properties": { "name": "парк \"Новодевичьи пруды\"", "area_ha": 26.7 }, "geometry": { "type": "Polygon", "coordinates": [ [ [ 37.5501031, 55.72679 ], [ 37.5501265, 55.7268349 ], [ 37.5502928, 55.7268667 ], [ 37.550366, 55.72698 ], [ 37.5501011, 55.7272677 ], [ 37.550092, 55.727382 ], [ 37.5502723, 55.7276224 ], [ 37.5503575, 55.7276764 ], [ 37.5512108, 55.7278742 ], [ 37.5514609, 55.7279495 ], [ 37.5527456, 55.7283434 ], [ 37.5531885, 55.7284902 ], [ 37.5535613, 55.7286295 ], [ 37.5545929, 55.7290519 ], [ 37.5558435, 55.7296636 ], [ 37.5565045, 55.730033 ], [ 37.5565474, 55.7300477 ], [ 37.5566028, 55.7300556 ], [ 37.5566506, 55.7300477 ], [ 37.556701, 55.7300365 ], [ 37.5589795, 55.7283162 ], [ 37.5592397, 55.7281515 ], [ 37.5603394, 55.7275247 ], [ 37.5604172, 55.7274688 ], [ 37.5604279, 55.7274024 ], [ 37.5603834, 55.7273441 ], [ 37.5603335, 55.7272932 ], [ 37.5600057, 55.7271371 ], [ 37.5593739, 55.7267869 ], [ 37.5588824, 55.7264186 ], [ 37.5580909, 55.725767 ], [ 37.5572654, 55.7250051 ], [ 37.5570387, 55.7247997 ], [ 37.556811, 55.7245713 ], [ 37.5566473, 55.7243857 ], [ 37.5562408, 55.7238983 ], [ 37.5562025, 55.7238506 ], [ 37.5555725, 55.7230647 ], [ 37.5555099, 55.723032 ], [ 37.55544, 55.7230273 ], [ 37.5553922, 55.7230396 ], [ 37.5553528, 55.7230499 ], [ 37.5552393, 55.7230931 ], [ 37.5542283, 55.7235118 ], [ 37.553547, 55.7238515 ], [ 37.5528587, 55.7242391 ], [ 37.5523975, 55.7245482 ], [ 37.5518958, 55.7249153 ], [ 37.5515243, 55.7252363 ], [ 37.5512159, 55.7255309 ], [ 37.5508703, 55.7259074 ], [ 37.5501122, 55.7267403 ], [ 37.5501031, 55.72679 ] ] ] } },
{ "type": "Feature", "properties": { "name": "Площадь М. В. Ломоносова", "area_ha": 5.0 }, "geometry": { "type": "Polygon", "coordinates": [ [ [ 37.5281844, 55.7026508 ], [ 37.5302296, 55.7014755 ], [ 37.530131, 55.701421 ], [ 37.5289754, 55.700774 ], [ 37.5283328, 55.7004137 ], [ 37.5277827, 55.7001057 ], [ 37.5271686, 55.6997636 ], [ 37.5262411, 55.7002922 ], [ 37.5259938, 55.700434 ], [ 37.5252099, 55.7008853 ], [ 37.5251017, 55.7009475 ], [ 37.5281844, 55.7026508 ] ] ] } },
{ "type": "Feature", "properties": { "name": "Парк у посольства КНР", "area_ha": 14.3 }, "geometry": { "type": "Polygon", "coordinates": [ [ [ 37.5186028, 55.7103028 ], [ 37.5209266, 55.711607 ], [ 37.5234768, 55.7130052 ], [ 37.5236126, 55.713087 ], [ 37.5260217, 55.7116995 ], [ 37.5214461, 55.7097634 ], [ 37.5185224, 55.7085181 ], [ 37.5146943, 55.7069266 ], [ 37.5146122, 55.7069876 ], [ 37.513819, 55.7066487 ], [ 37.5129474, 55.7071244 ], [ 37.5186028, 55.7103028 ] ] ] } },
{ "type": "Feature", "properties": { "name": "Большой газон", "area_ha": 30.7 }, "geometry": { "type": "Polygon", "coordinates": [ [ [ 37.5361199, 55.7070896 ], [ 37.5281205, 55.7117637 ], [ 37.5355935, 55.7148822 ], [ 37.5358323, 55.7141704 ], [ 37.536373, 55.7133098 ], [ 37.5369824, 55.7123911 ], [ 37.537815, 55.7113225 ], [ 37.5390406, 55.7102664 ], [ 37.540346, 55.7094501 ], [ 37.5361199, 55.7070896 ] ] ] } },
{ "type": "Feature", "properties": { "name": "Парк Победы", "area_ha": 104.3 }, "geometry": { "type": "Polygon", "coordinates": [ [ [ 37.508514, 55.7346323 ], [ 37.5091358, 55.7347457 ], [ 37.5114215, 55.7351626 ], [ 37.5114468, 55.7351388 ], [ 37.5116419, 55.7351747 ], [ 37.5119274, 55.7351215 ], [ 37.5121602, 55.7351086 ], [ 37.5124526, 55.7351192 ], [ 37.5128147, 55.735166 ], [ 37.513842, 55.7353276 ], [ 37.5152671, 55.7355759 ], [ 37.5161786, 55.7357201 ], [ 37.5162726, 55.7357274 ], [ 37.5163599, 55.7356573 ], [ 37.5171062, 55.7350583 ], [ 37.5171783, 55.7350005 ], [ 37.5172752, 55.7350385 ], [ 37.5173395, 55.7350385 ], [ 37.5173863, 55.7350294 ], [ 37.5182915, 55.7334097 ], [ 37.5182638, 55.7333573 ], [ 37.5168308, 55.733091 ], [ 37.5157179, 55.7328842 ], [ 37.5146499, 55.7325011 ], [ 37.5109447, 55.7302055 ], [ 37.5107067, 55.7301077 ], [ 37.5071621, 55.7279387 ], [ 37.5073868, 55.7278116 ], [ 37.5059343, 55.726838 ], [ 37.5063632, 55.7265311 ], [ 37.5019344, 55.7245542 ], [ 37.4985433, 55.7234874 ], [ 37.4981895, 55.7238534 ], [ 37.497986, 55.7238541 ], [ 37.497947, 55.723897 ], [ 37.4980359, 55.7239226 ], [ 37.4979483, 55.724019 ], [ 37.4978595, 55.7239933 ], [ 37.497769, 55.7240929 ], [ 37.49785, 55.7241162 ], [ 37.4978216, 55.7241475 ], [ 37.4977406, 55.7241241 ], [ 37.4962925, 55.7257173 ], [ 37.4964351, 55.7258803 ], [ 37.4963935, 55.7261972 ], [ 37.4965013, 55.7262746 ], [ 37.4962241, 55.7266199 ], [ 37.4960803, 55.7266815 ], [ 37.4956986, 55.7270942 ], [ 37.49513, 55.7269854 ], [ 37.494844, 55.7272656 ], [ 37.4946427, 55.7275577 ], [ 37.4942828, 55.7284951 ], [ 37.4941072, 55.728782 ], [ 37.4918324, 55.7312995 ], [ 37.4918358, 55.731367 ], [ 37.4919981, 55.7315536 ], [ 37.4920841, 55.7315864 ], [ 37.4946736, 55.7320323 ], [ 37.4946763, 55.7320323 ], [ 37.494644, 55.7320893 ], [ 37.496442, 55.7324303 ], [ 37.500363, 55.7331455 ], [ 37.5027053, 55.7335728 ], [ 37.5041955, 55.733847 ], [ 37.5050457, 55.733999 ], [ 37.5056518, 55.7341094 ], [ 37.5057268, 55.7341235 ], [ 37.5059411, 55.734163 ], [ 37.508514, 55.7346323 ] ] ] } },
{ "type": "Feature", "properties": { "name": "Филевский парк", "area_ha": 127.2 }, "geometry": { "type": "Polygon", "coordinates": [ [ [ 37.4962701, 55.7508687 ], [ 37.4962912, 55.7504325 ], [ 37.4966281, 55.7504411 ], [ 37.4966463, 55.7503436 ], [ 37.4967366, 55.7498583 ], [ 37.4969939, 55.7496307 ], [ 37.4963542, 55.7493895 ], [ 37.4966668, 55.7491249 ], [ 37.4974406, 55.7481658 ], [ 37.4952583, 55.7475351 ], [ 37.4947907, 55.7473999 ], [ 37.4944218, 55.7472996 ], [ 37.4942, 55.7472356 ], [ 37.4808984, 55.7433953 ], [ 37.4748791, 55.7416574 ], [ 37.4747102, 55.7419523 ], [ 37.4745036, 55.7423149 ], [ 37.4744689, 55.7423918 ], [ 37.474164, 55.7430671 ], [ 37.4731958, 55.7445177 ], [ 37.4708569, 55.7454079 ], [ 37.471801, 55.7459499 ], [ 37.47289, 55.7466715 ], [ 37.473118, 55.7468602 ], [ 37.4738223, 55.7474847 ], [ 37.4738918, 55.7475532 ], [ 37.4737269, 55.7476075 ], [ 37.4740916, 55.7479653 ], [ 37.4742781, 55.7479041 ], [ 37.474568, 55.7481903 ], [ 37.4746845, 55.7483052 ], [ 37.4749446, 55.7485706 ], [ 37.4754369, 55.7491362 ], [ 37.4754249, 55.7492012 ], [ 37.4755561, 55.749386 ], [ 37.4760637, 55.7504289 ], [ 37.4764569, 55.7515638 ], [ 37.4766141, 55.7521607 ], [ 37.4766613, 55.752345 ], [ 37.4767491, 55.7526785 ], [ 37.4768617, 55.7531149 ], [ 37.4775862, 55.7530351 ], [ 37.4782626, 55.7530303 ], [ 37.4784859, 55.7522469 ], [ 37.4798685, 55.7522672 ], [ 37.4802685, 55.7528021 ], [ 37.4804686, 55.7528032 ], [ 37.4832957, 55.7528232 ], [ 37.4840073, 55.7528283 ], [ 37.4845379, 55.752832 ], [ 37.491974, 55.752884 ], [ 37.4920488, 55.7528835 ], [ 37.4936742, 55.7528718 ], [ 37.4944335, 55.7528549 ], [ 37.4975824, 55.752838 ], [ 37.4976279, 55.7508848 ], [ 37.4962701, 55.7508687 ] ] ] } },
{ "type": "Feature", "properties": { "name": "парк Красная Пресня", "area_ha": 17.9 }, "geometry": { "type": "Polygon", "coordinates": [ [ [ 37.5524586, 55.7521095 ], [ 37.5504429, 55.7513677 ], [ 37.5493718, 55.7524139 ], [ 37.5488331, 55.7529126 ], [ 37.5478175, 55.7539003 ], [ 37.5477987, 55.7539187 ], [ 37.5477678, 55.7539462 ], [ 37.5476412, 55.7540732 ], [ 37.5477267, 55.754209 ], [ 37.5478059, 55.7543629 ], [ 37.5481331, 55.7551457 ], [ 37.5483357, 55.7552807 ], [ 37.5486165, 55.7554549 ], [ 37.5493075, 55.7557414 ], [ 37.5538374, 55.7561698 ], [ 37.5562393, 55.7533283 ], [ 37.5524586, 55.7521095 ] ] ] } },
{ "type": "Feature", "properties": { "name": "Красногвардейские пруды", "area_ha": 6.8 }, "geometry": { "type": "Polygon", "coordinates": [ [ [ 37.5479292, 55.7647997 ], [ 37.5479764, 55.7647684 ], [ 37.5479842, 55.7647359 ], [ 37.54798, 55.7647241 ], [ 37.5479573, 55.7646603 ], [ 37.5467862, 55.7647928 ], [ 37.5467306, 55.7646318 ], [ 37.5465976, 55.764246 ], [ 37.5466797, 55.7640768 ], [ 37.5468735, 55.7636901 ], [ 37.5468064, 55.7635203 ], [ 37.546369, 55.7635132 ], [ 37.5461091, 55.7627074 ], [ 37.5459629, 55.7627123 ], [ 37.5453486, 55.7611122 ], [ 37.5452164, 55.7609566 ], [ 37.5449617, 55.7603504 ], [ 37.5449684, 55.759394 ], [ 37.545907, 55.7577518 ], [ 37.5457809, 55.7576612 ], [ 37.5458406, 55.7575127 ], [ 37.5449075, 55.7573717 ], [ 37.5446552, 55.7573405 ], [ 37.544269, 55.7580121 ], [ 37.543916, 55.7589843 ], [ 37.543673, 55.7596483 ], [ 37.5436799, 55.7597601 ], [ 37.5442295, 55.7612327 ], [ 37.5456806, 55.7649755 ], [ 37.5457126, 55.7650213 ], [ 37.5457485, 55.7650444 ], [ 37.5458118, 55.7650618 ], [ 37.5458879, 55.7650622 ], [ 37.5478443, 55.7648184 ], [ 37.5479292, 55.7647997 ] ] ] } },
{ "type": "Feature", "properties": { "name": "Ходынское поле", "area_ha": 25.1 }, "geometry": { "type": "Polygon", "coordinates": [ [ [ 37.5379427, 55.7871984 ], [ 37.5378632, 55.7871388 ], [ 37.5378197, 55.7871061 ], [ 37.5377886, 55.7870768 ], [ 37.5377242, 55.7870165 ], [ 37.5376851, 55.7869775 ], [ 37.5376598, 55.7869534 ], [ 37.5376395, 55.7869368 ], [ 37.5376176, 55.7869216 ], [ 37.5373332, 55.7867362 ], [ 37.5371471, 55.7866257 ], [ 37.5369087, 55.7864961 ], [ 37.5365747, 55.7863253 ], [ 37.536131, 55.7861261 ], [ 37.5358032, 55.7859888 ], [ 37.5356732, 55.785935 ], [ 37.53559, 55.7859022 ], [ 37.5353057, 55.7858007 ], [ 37.5350918, 55.7857231 ], [ 37.5348819, 55.7856514 ], [ 37.5346271, 55.7855698 ], [ 37.5347182, 55.7854751 ], [ 37.5346849, 55.7854645 ], [ 37.5346501, 55.7854535 ], [ 37.5343716, 55.7853717 ], [ 37.534249, 55.7853358 ], [ 37.5342364, 55.7853324 ], [ 37.5342222, 55.7853286 ], [ 37.5340477, 55.785282 ], [ 37.5336602, 55.7851868 ], [ 37.5333651, 55.7851222 ], [ 37.5332054, 55.7850915 ], [ 37.5331309, 55.785077 ], [ 37.5329155, 55.7850403 ], [ 37.5329028, 55.7850381 ], [ 37.5328895, 55.7850359 ], [ 37.5327825, 55.7850195 ], [ 37.5321842, 55.7849352 ], [ 37.5320989, 55.7849242 ], [ 37.5314568, 55.7848622 ], [ 37.5314506, 55.7848823 ], [ 37.531229, 55.7848652 ], [ 37.5310805, 55.7848572 ], [ 37.5309457, 55.7848499 ], [ 37.5308413, 55.7848466 ], [ 37.5306701, 55.7848414 ], [ 37.5304945, 55.7848387 ], [ 37.5303889, 55.7848371 ], [ 37.5302548, 55.7848369 ], [ 37.530105, 55.7848367 ], [ 37.5299084, 55.7848412 ], [ 37.5298615, 55.7849294 ], [ 37.5297023, 55.7849364 ], [ 37.5295463, 55.7849437 ], [ 37.5294659, 55.7848653 ], [ 37.5293604, 55.7848732 ], [ 37.5293544, 55.7848549 ], [ 37.5293268, 55.7848568 ], [ 37.5292817, 55.7848599 ], [ 37.5287854, 55.7849086 ], [ 37.5283394, 55.7849618 ], [ 37.5282397, 55.7849768 ], [ 37.5279612, 55.7850263 ], [ 37.5278317, 55.7850526 ], [ 37.5278035, 55.7850579 ], [ 37.5277695, 55.7850651 ], [ 37.5276537, 55.7850897 ], [ 37.5275029, 55.7851295 ], [ 37.5273963, 55.7851539 ], [ 37.5273162, 55.7851722 ], [ 37.5268195, 55.7852921 ], [ 37.5264017, 55.7854211 ], [ 37.5263025, 55.7854527 ], [ 37.5259213, 55.7855957 ], [ 37.5258497, 55.7856265 ], [ 37.525823, 55.785638 ], [ 37.5254938, 55.7857804 ], [ 37.5251612, 55.7859149 ], [ 37.5250756, 55.7859547 ], [ 37.5250513, 55.7859659 ], [ 37.5246953, 55.7861474 ], [ 37.5243535, 55.7863399 ], [ 37.5243012, 55.7863747 ], [ 37.5242489, 55.7864095 ], [ 37.5239296, 55.7866311 ], [ 37.5238025, 55.7867196 ], [ 37.5237622, 55.7867527 ], [ 37.5236405, 55.7868508 ], [ 37.523621, 55.7868669 ], [ 37.5236016, 55.786883 ], [ 37.5233388, 55.7871113 ], [ 37.5232801, 55.7871682 ], [ 37.5230988, 55.7873504 ], [ 37.5230667, 55.7873858 ], [ 37.5230497, 55.7874045 ], [ 37.5228924, 55.7875914 ], [ 37.5228448, 55.7876559 ], [ 37.5227725, 55.7877504 ], [ 37.5226864, 55.787875 ], [ 37.5226077, 55.7879995 ], [ 37.5224994, 55.7881859 ], [ 37.5224734, 55.7882379 ], [ 37.522465, 55.7882547 ], [ 37.5224567, 55.7882713 ], [ 37.5224473, 55.7882902 ], [ 37.5223639, 55.7884757 ], [ 37.5223032, 55.7886316 ], [ 37.5222847, 55.7886901 ], [ 37.5222797, 55.7887075 ], [ 37.5222542, 55.78881 ], [ 37.5222496, 55.7888277 ], [ 37.522245, 55.7888454 ], [ 37.5222406, 55.7888631 ], [ 37.5222215, 55.7889397 ], [ 37.5222078, 55.7890328 ], [ 37.5222049, 55.7890522 ], [ 37.5222014, 55.7890711 ], [ 37.5221978, 55.78909 ], [ 37.522182, 55.7892081 ], [ 37.5223361, 55.7892122 ], [ 37.5223468, 55.7892122 ], [ 37.5251968, 55.7888402 ], [ 37.5254041, 55.7888124 ], [ 37.5275352, 55.7885419 ], [ 37.5276093, 55.7885329 ], [ 37.5276777, 55.7885247 ], [ 37.5295134, 55.7883029 ], [ 37.5296958, 55.7882824 ], [ 37.5302114, 55.7882243 ], [ 37.5303759, 55.7882058 ], [ 37.5322101, 55.7879902 ], [ 37.5333316, 55.7878591 ], [ 37.5334489, 55.7877904 ], [ 37.5326023, 55.7871525 ], [ 37.5331938, 55.7869096 ], [ 37.5330782, 55.7868256 ], [ 37.5329658, 55.7867436 ], [ 37.5329512, 55.7867314 ], [ 37.5329292, 55.7867157 ], [ 37.5329058, 55.7866992 ], [ 37.5328781, 55.7866804 ], [ 37.532854, 55.7866653 ], [ 37.532829, 55.7866501 ], [ 37.5328035, 55.7866355 ], [ 37.5327703, 55.7866172 ], [ 37.532745, 55.786603 ], [ 37.5327121, 55.7865861 ], [ 37.532678, 55.7865689 ], [ 37.5326457, 55.7865545 ], [ 37.5326046, 55.7865369 ], [ 37.5325714, 55.7865239 ], [ 37.5325354, 55.78651 ], [ 37.5324925, 55.7864944 ], [ 37.5324462, 55.786479 ], [ 37.5324057, 55.786466 ], [ 37.5323626, 55.7864528 ], [ 37.532304, 55.7864367 ], [ 37.5322476, 55.7864229 ], [ 37.5322422, 55.7863773 ], [ 37.5322397, 55.7863561 ], [ 37.532237, 55.7863362 ], [ 37.5322327, 55.7863169 ], [ 37.5322269, 55.786297 ], [ 37.5322199, 55.7862785 ], [ 37.5322117, 55.7862591 ], [ 37.5322029, 55.7862417 ], [ 37.5321913, 55.7862249 ], [ 37.532177, 55.7862057 ], [ 37.5321645, 55.7861886 ], [ 37.5321511, 55.7861713 ], [ 37.5321321, 55.7861525 ], [ 37.5321211, 55.7861407 ], [ 37.5321051, 55.7861254 ], [ 37.5320887, 55.7861117 ], [ 37.5320701, 55.7860961 ], [ 37.5320472, 55.7860778 ], [ 37.5320213, 55.7860593 ], [ 37.5319964, 55.7860427 ], [ 37.5319601, 55.7860209 ], [ 37.5319367, 55.7860081 ], [ 37.5319071, 55.7859932 ], [ 37.5318776, 55.7859795 ], [ 37.531842, 55.7859641 ], [ 37.5317987, 55.7859466 ], [ 37.531771, 55.7859356 ], [ 37.5317381, 55.7859249 ], [ 37.5317142, 55.7859171 ], [ 37.5316914, 55.7859096 ], [ 37.5316353, 55.7858922 ], [ 37.5315931, 55.7858791 ], [ 37.5315488, 55.7858652 ], [ 37.5314942, 55.7858488 ], [ 37.531439, 55.7858319 ], [ 37.5313772, 55.7858134 ], [ 37.5313111, 55.7857947 ], [ 37.5312475, 55.7857774 ], [ 37.5311847, 55.7857608 ], [ 37.5312326, 55.7854204 ], [ 37.5312352, 55.7854021 ], [ 37.5318278, 55.7854481 ], [ 37.5322335, 55.7854845 ], [ 37.532691, 55.7855586 ], [ 37.5326852, 55.785569 ], [ 37.5326416, 55.7856412 ], [ 37.5326327, 55.7856634 ], [ 37.5326276, 55.7856927 ], [ 37.5326203, 55.7857308 ], [ 37.5326276, 55.7858354 ], [ 37.5326319, 55.7858623 ], [ 37.5326424, 55.7859093 ], [ 37.5326549, 55.7859543 ], [ 37.5326739, 55.785998 ], [ 37.5327256, 55.7859995 ], [ 37.5327598, 55.7860026 ], [ 37.5328002, 55.7860076 ], [ 37.5328414, 55.7860157 ], [ 37.532876, 55.7860245 ], [ 37.5329071, 55.7860343 ], [ 37.532944, 55.7860472 ], [ 37.5329712, 55.7860581 ], [ 37.5330004, 55.786071 ], [ 37.5330147, 55.7860778 ], [ 37.5330377, 55.7860898 ], [ 37.5330637, 55.786104 ], [ 37.5330882, 55.7861191 ], [ 37.5331158, 55.7861425 ], [ 37.533134, 55.7861597 ], [ 37.5331562, 55.7861835 ], [ 37.5331717, 55.7862045 ], [ 37.5331881, 55.7862301 ], [ 37.5332084, 55.7862628 ], [ 37.5332312, 55.7862963 ], [ 37.5332506, 55.7863197 ], [ 37.5332649, 55.7863357 ], [ 37.5332922, 55.7863643 ], [ 37.5333218, 55.7863935 ], [ 37.5333505, 55.7864191 ], [ 37.5333975, 55.7864536 ], [ 37.5334527, 55.7864949 ], [ 37.5334935, 55.7865255 ], [ 37.5336064, 55.7864669 ], [ 37.5336484, 55.7864454 ], [ 37.5337197, 55.7865166 ], [ 37.5337302, 55.7865306 ], [ 37.5337504, 55.7865498 ], [ 37.5337737, 55.7865695 ], [ 37.5338802, 55.7866478 ], [ 37.5341067, 55.7865475 ], [ 37.5340871, 55.7865318 ], [ 37.5342255, 55.78648 ], [ 37.5343199, 55.7864446 ], [ 37.5343461, 55.786433 ], [ 37.5351135, 55.7869336 ], [ 37.535472, 55.7872216 ], [ 37.5355905, 55.7873635 ], [ 37.5356048, 55.7873723 ], [ 37.5356341, 55.7873834 ], [ 37.5356633, 55.7873903 ], [ 37.5356935, 55.7873957 ], [ 37.5357262, 55.7873983 ], [ 37.5357687, 55.7873999 ], [ 37.5358149, 55.7873983 ], [ 37.5358346, 55.7874453 ], [ 37.5358491, 55.7874801 ], [ 37.5360521, 55.7874551 ], [ 37.5360503, 55.7874486 ], [ 37.5362857, 55.787417 ], [ 37.5375385, 55.7872509 ], [ 37.5375669, 55.7872472 ], [ 37.5375889, 55.7872443 ], [ 37.5376076, 55.7872418 ], [ 37.5378773, 55.787206 ], [ 37.5379427, 55.7871984 ] ] ] } },
{ "type": "Feature", "properties": { "name": "Берёзовая роща", "area_ha": 35.1 }, "geometry": { "type": "Polygon", "coordinates": [ [ [ 37.5118944, 55.7886327 ], [ 37.5109209, 55.7904903 ], [ 37.5107634, 55.7907908 ], [ 37.5102467, 55.7917768 ], [ 37.510233, 55.7918029 ], [ 37.5102237, 55.7918369 ], [ 37.5102299, 55.7918727 ], [ 37.5102539, 55.7919068 ], [ 37.5102959, 55.7919367 ], [ 37.5103446, 55.7919599 ], [ 37.5104036, 55.791978 ], [ 37.5137701, 55.7925767 ], [ 37.5138553, 55.7924221 ], [ 37.5151732, 55.7901628 ], [ 37.517137, 55.7903524 ], [ 37.5172479, 55.7901583 ], [ 37.5174979, 55.7897212 ], [ 37.5174796, 55.7897256 ], [ 37.5180348, 55.7886243 ], [ 37.5177609, 55.7885663 ], [ 37.5181453, 55.7877471 ], [ 37.5181542, 55.7877281 ], [ 37.5182528, 55.7875179 ], [ 37.5192155, 55.7856712 ], [ 37.5192732, 55.7855624 ], [ 37.5196256, 55.7849547 ], [ 37.5197855, 55.7847008 ], [ 37.5200549, 55.7842735 ], [ 37.5201023, 55.7841973 ], [ 37.5192356, 55.7840291 ], [ 37.5195581, 55.7834847 ], [ 37.5196994, 55.7832418 ], [ 37.5196449, 55.7833049 ], [ 37.5152364, 55.7824862 ], [ 37.515198, 55.7824797 ], [ 37.5151566, 55.7824781 ], [ 37.5151236, 55.7824872 ], [ 37.5151091, 55.7825053 ], [ 37.5142677, 55.7841117 ], [ 37.5141274, 55.7843796 ], [ 37.512571, 55.7873416 ], [ 37.5121632, 55.7881199 ], [ 37.51193, 55.7885649 ], [ 37.5118944, 55.7886327 ] ] ] } },
{ "type": "Feature", "properties": { "name": "Петровский парк", "area_ha": 26.1 }, "geometry": { "type": "Polygon", "coordinates": [ [ [ 37.5584131, 55.7932509 ], [ 37.5581899, 55.7931672 ], [ 37.5579471, 55.7930704 ], [ 37.5576521, 55.7928163 ], [ 37.5573633, 55.7925034 ], [ 37.5571932, 55.7924554 ], [ 37.5571647, 55.7924224 ], [ 37.557106, 55.7923566 ], [ 37.5571347, 55.7922814 ], [ 37.5567227, 55.7919808 ], [ 37.5568105, 55.7919438 ], [ 37.5569035, 55.7918967 ], [ 37.5569156, 55.7918726 ], [ 37.5569102, 55.791859 ], [ 37.5565018, 55.7915551 ], [ 37.5564418, 55.7915345 ], [ 37.5563801, 55.79153 ], [ 37.5563044, 55.7915376 ], [ 37.5560768, 55.7916685 ], [ 37.5559806, 55.7916818 ], [ 37.5558528, 55.7916133 ], [ 37.5560116, 55.7914351 ], [ 37.5560485, 55.7913901 ], [ 37.5560684, 55.7913558 ], [ 37.5560889, 55.7913243 ], [ 37.5560802, 55.791296 ], [ 37.5560507, 55.791272 ], [ 37.5556516, 55.7911048 ], [ 37.5551427, 55.7908604 ], [ 37.5550768, 55.7908441 ], [ 37.5550169, 55.7908506 ], [ 37.5516564, 55.7923309 ], [ 37.5516881, 55.7923645 ], [ 37.5516545, 55.7924488 ], [ 37.5516078, 55.7924724 ], [ 37.5516485, 55.7925007 ], [ 37.5518327, 55.7925207 ], [ 37.5525994, 55.7925974 ], [ 37.5529524, 55.7926358 ], [ 37.553132, 55.7927182 ], [ 37.553721, 55.7930954 ], [ 37.5539068, 55.7932454 ], [ 37.5539156, 55.7936552 ], [ 37.5537087, 55.7936593 ], [ 37.5536431, 55.7936599 ], [ 37.5531064, 55.794004 ], [ 37.5530375, 55.7940481 ], [ 37.5525006, 55.7943923 ], [ 37.5522142, 55.7943174 ], [ 37.5520199, 55.7943511 ], [ 37.5517938, 55.7944046 ], [ 37.5509806, 55.7939568 ], [ 37.5508774, 55.7937024 ], [ 37.550451, 55.7934426 ], [ 37.5503832, 55.7932278 ], [ 37.5502991, 55.7932101 ], [ 37.5503087, 55.793171 ], [ 37.5502841, 55.7931316 ], [ 37.5502302, 55.7930992 ], [ 37.5501486, 55.7930824 ], [ 37.5500683, 55.7930932 ], [ 37.5500101, 55.7931158 ], [ 37.5499723, 55.7931495 ], [ 37.5498754, 55.7931335 ], [ 37.5485201, 55.7937476 ], [ 37.5484676, 55.7937708 ], [ 37.5484345, 55.793796 ], [ 37.5484294, 55.7938165 ], [ 37.5484349, 55.7938426 ], [ 37.5484153, 55.7938867 ], [ 37.5481124, 55.7940261 ], [ 37.5480556, 55.7940392 ], [ 37.547995, 55.7940421 ], [ 37.5479016, 55.79404 ], [ 37.547849, 55.7940417 ], [ 37.5478054, 55.794053 ], [ 37.5477003, 55.7940853 ], [ 37.5476619, 55.7941251 ], [ 37.5476703, 55.7941689 ], [ 37.5477182, 55.794216 ], [ 37.5504512, 55.7962647 ], [ 37.550561, 55.7963486 ], [ 37.5523956, 55.7952539 ], [ 37.5536816, 55.795596 ], [ 37.553789, 55.7975469 ], [ 37.553808, 55.7975884 ], [ 37.5538572, 55.7976335 ], [ 37.5539387, 55.7976517 ], [ 37.5540435, 55.7976523 ], [ 37.5542203, 55.7976167 ], [ 37.5581087, 55.7962853 ], [ 37.5584622, 55.7961193 ], [ 37.5585597, 55.7960546 ], [ 37.55866, 55.7959805 ], [ 37.5588606, 55.7957951 ], [ 37.5590351, 55.7955788 ], [ 37.5590707, 55.795403 ], [ 37.5590745, 55.7952361 ], [ 37.5590247, 55.7950306 ], [ 37.5588843, 55.7946049 ], [ 37.5587642, 55.7944827 ], [ 37.5585556, 55.7944108 ], [ 37.5583662, 55.7943976 ], [ 37.558381, 55.7942885 ], [ 37.5585376, 55.794255 ], [ 37.5587765, 55.7941741 ], [ 37.5591496, 55.7938881 ], [ 37.5591933, 55.7938316 ], [ 37.5591297, 55.7936602 ], [ 37.5591022, 55.7936203 ], [ 37.5589086, 55.7934542 ], [ 37.5587465, 55.7933877 ], [ 37.5584131, 55.7932509 ] ] ] } },
{ "type": "Feature", "properties": { "name": "Усадьба Трубецких в Хамовниках", "area_ha": 8.5 }, "geometry": { "type": "Polygon", "coordinates": [ [ [ 37.5796892, 55.7283901 ], [ 37.5799011, 55.7281899 ], [ 37.5799451, 55.7281484 ], [ 37.5799568, 55.7281375 ], [ 37.5800008, 55.7280959 ], [ 37.5800124, 55.728085 ], [ 37.5800565, 55.7280435 ], [ 37.5800681, 55.7280325 ], [ 37.5801237, 55.72798 ], [ 37.5797271, 55.7276875 ], [ 37.5795818, 55.7277447 ], [ 37.5784889, 55.7269489 ], [ 37.5784402, 55.7269597 ], [ 37.5778014, 55.7265195 ], [ 37.5777381, 55.7265141 ], [ 37.5776497, 55.7265112 ], [ 37.575004, 55.7283758 ], [ 37.5744241, 55.7287987 ], [ 37.5748335, 55.7289711 ], [ 37.5748744, 55.728943 ], [ 37.5750022, 55.7288425 ], [ 37.5750794, 55.7287929 ], [ 37.575806, 55.7291358 ], [ 37.575799, 55.7291725 ], [ 37.5757035, 55.7292348 ], [ 37.5756256, 55.7292857 ], [ 37.5765697, 55.7296684 ], [ 37.5765765, 55.7297178 ], [ 37.5766323, 55.729739 ], [ 37.5769319, 55.7297006 ], [ 37.5769913, 55.7297206 ], [ 37.5771093, 55.7302607 ], [ 37.5768943, 55.7304708 ], [ 37.5769316, 55.7304867 ], [ 37.576949, 55.7304772 ], [ 37.5769778, 55.7304719 ], [ 37.5771189, 55.7305142 ], [ 37.5772037, 55.7305503 ], [ 37.577234, 55.7305724 ], [ 37.5772206, 55.7305954 ], [ 37.5781959, 55.7309495 ], [ 37.5782912, 55.7309641 ], [ 37.5783651, 55.7309544 ], [ 37.5784196, 55.7309313 ], [ 37.5784915, 55.7308119 ], [ 37.5787305, 55.7302369 ], [ 37.5789596, 55.7297252 ], [ 37.5794171, 55.7286828 ], [ 37.5794253, 55.7286559 ], [ 37.57944, 55.7286296 ], [ 37.5796892, 55.7283901 ] ] ] } },
{ "type": "Feature", "properties": { "name": "Парк Горького", "area_ha": 70.4 }, "geometry": { "type": "Polygon", "coordinates": [ [ [ 37.6000766, 55.724988 ], [ 37.5996641, 55.7251844 ], [ 37.5990809, 55.7249076 ], [ 37.5993104, 55.7245662 ], [ 37.5977227, 55.7237734 ], [ 37.5971106, 55.7234194 ], [ 37.5977679, 55.723161 ], [ 37.5998078, 55.7219924 ], [ 37.5998308, 55.72198 ], [ 37.6000226, 55.7218715 ], [ 37.6002286, 55.7217507 ], [ 37.599841, 55.7215293 ], [ 37.5994369, 55.7213192 ], [ 37.5989624, 55.7215124 ], [ 37.5968559, 55.7226284 ], [ 37.596681, 55.7225504 ], [ 37.5948458, 55.7234046 ], [ 37.5931812, 55.7239495 ], [ 37.5931505, 55.7239583 ], [ 37.5927353, 55.7240773 ], [ 37.5926857, 55.7241682 ], [ 37.5926881, 55.7242789 ], [ 37.5928547, 55.7244205 ], [ 37.5929707, 55.7244543 ], [ 37.5931778, 55.7244755 ], [ 37.5934114, 55.7246794 ], [ 37.5934011, 55.7247395 ], [ 37.5934124, 55.7247892 ], [ 37.5934473, 55.7248391 ], [ 37.5935169, 55.7248777 ], [ 37.5935894, 55.7249063 ], [ 37.5936852, 55.7249211 ], [ 37.5937332, 55.7249613 ], [ 37.5937679, 55.7249957 ], [ 37.5938027, 55.7250301 ], [ 37.5939716, 55.7252344 ], [ 37.593971, 55.7252488 ], [ 37.5939779, 55.7252632 ], [ 37.5939904, 55.725276 ], [ 37.5940117, 55.7252863 ], [ 37.5940353, 55.7252905 ], [ 37.5940633, 55.7252906 ], [ 37.5955478, 55.7270559 ], [ 37.5955119, 55.7271123 ], [ 37.5955166, 55.7271365 ], [ 37.5955505, 55.7271595 ], [ 37.5956393, 55.7271715 ], [ 37.5963012, 55.7279948 ], [ 37.596662, 55.7291078 ], [ 37.5965048, 55.729124 ], [ 37.5965306, 55.7292151 ], [ 37.5966943, 55.7292001 ], [ 37.5967355, 55.7293285 ], [ 37.5974867, 55.7306705 ], [ 37.5976236, 55.730906 ], [ 37.597739, 55.7310444 ], [ 37.5975838, 55.7310818 ], [ 37.5976446, 55.7311678 ], [ 37.5978053, 55.7311334 ], [ 37.5979178, 55.7312738 ], [ 37.5982473, 55.7316097 ], [ 37.5983114, 55.7316782 ], [ 37.5985961, 55.7319827 ], [ 37.5994684, 55.7328776 ], [ 37.5994778, 55.7328738 ], [ 37.5996037, 55.7328307 ], [ 37.5997832, 55.7327694 ], [ 37.6003664, 55.7325665 ], [ 37.600379, 55.7325782 ], [ 37.6006377, 55.7324936 ], [ 37.6004762, 55.732337 ], [ 37.6007777, 55.7322384 ], [ 37.6009851, 55.7324395 ], [ 37.6011145, 55.7323972 ], [ 37.6011478, 55.7323863 ], [ 37.6013209, 55.7325541 ], [ 37.6011584, 55.7326075 ], [ 37.6011779, 55.7326262 ], [ 37.6012107, 55.7326558 ], [ 37.6012826, 55.7327279 ], [ 37.601604, 55.7326248 ], [ 37.60266, 55.7322904 ], [ 37.6027981, 55.7322473 ], [ 37.6027552, 55.7322101 ], [ 37.6028253, 55.7321862 ], [ 37.6027776, 55.7321393 ], [ 37.6027711, 55.7320703 ], [ 37.6027942, 55.7320176 ], [ 37.6028303, 55.7319692 ], [ 37.6028424, 55.7319623 ], [ 37.60289, 55.7319325 ], [ 37.6029564, 55.7319047 ], [ 37.6029157, 55.731867 ], [ 37.6029714, 55.7318504 ], [ 37.6027654, 55.7316484 ], [ 37.6029927, 55.7315731 ], [ 37.6030553, 55.7316363 ], [ 37.6032106, 55.7315875 ], [ 37.6032031, 55.7315799 ], [ 37.6034775, 55.7314937 ], [ 37.6037555, 55.7314063 ], [ 37.6037631, 55.7314139 ], [ 37.6039148, 55.7313662 ], [ 37.6038447, 55.7312954 ], [ 37.6041548, 55.7312018 ], [ 37.6043627, 55.7314089 ], [ 37.6044161, 55.73139 ], [ 37.6044537, 55.7314287 ], [ 37.6045297, 55.7314102 ], [ 37.6046159, 55.7313994 ], [ 37.6047085, 55.731406 ], [ 37.6048011, 55.7314211 ], [ 37.604904, 55.7314587 ], [ 37.6049523, 55.7315054 ], [ 37.6050241, 55.7314832 ], [ 37.6050599, 55.7315227 ], [ 37.6051893, 55.7314805 ], [ 37.6053621, 55.7314234 ], [ 37.6053953, 55.7314124 ], [ 37.6062106, 55.7311375 ], [ 37.606291, 55.7311314 ], [ 37.6063474, 55.7311405 ], [ 37.6063997, 55.7311526 ], [ 37.606478, 55.7312044 ], [ 37.6066611, 55.7311448 ], [ 37.6082208, 55.7306371 ], [ 37.608423, 55.7305713 ], [ 37.6084668, 55.7305571 ], [ 37.6092073, 55.7303161 ], [ 37.6082343, 55.7296385 ], [ 37.6081082, 55.729634 ], [ 37.6072529, 55.729905 ], [ 37.6066367, 55.7293616 ], [ 37.6070085, 55.7292458 ], [ 37.6074399, 55.7290312 ], [ 37.6074685, 55.7290124 ], [ 37.6060492, 55.7283889 ], [ 37.6050411, 55.728082 ], [ 37.6047634, 55.7279293 ], [ 37.6048788, 55.7278729 ], [ 37.604616, 55.7276433 ], [ 37.6050808, 55.7274321 ], [ 37.6047351, 55.7272085 ], [ 37.6049938, 55.7270755 ], [ 37.6049662, 55.7270594 ], [ 37.6054124, 55.7268179 ], [ 37.6055229, 55.7267599 ], [ 37.6066515, 55.7261587 ], [ 37.6068238, 55.726073 ], [ 37.6068499, 55.72606 ], [ 37.6064723, 55.725805 ], [ 37.605627, 55.7262634 ], [ 37.6055977, 55.7262793 ], [ 37.6054837, 55.7264281 ], [ 37.6046985, 55.7268553 ], [ 37.6046335, 55.7268634 ], [ 37.6044363, 55.7269794 ], [ 37.6043558, 55.7269819 ], [ 37.6041104, 55.7268495 ], [ 37.6038664, 55.7267707 ], [ 37.6035651, 55.7270505 ], [ 37.6035531, 55.7270679 ], [ 37.6018195, 55.7263376 ], [ 37.6021567, 55.7260461 ], [ 37.6009486, 55.7254676 ], [ 37.6000766, 55.724988 ] ] ] } },
{ "type": "Feature", "properties": { "name": "Парк Горького", "area_ha": 70.4 }, "geometry": { "type": "Polygon", "coordinates": [ [ [ 37.6027278, 55.7336762 ], [ 37.6019083, 55.7339416 ], [ 37.6018094, 55.7339698 ], [ 37.6063244, 55.7363973 ], [ 37.6078024, 55.7372197 ], [ 37.6093323, 55.7380178 ], [ 37.6104878, 55.7384891 ], [ 37.6111175, 55.7387988 ], [ 37.6115751, 55.738623 ], [ 37.6115001, 55.738585 ], [ 37.6111381, 55.7384432 ], [ 37.6105432, 55.7381476 ], [ 37.6105378, 55.738083 ], [ 37.6105366, 55.7380332 ], [ 37.6110278, 55.7379 ], [ 37.6113535, 55.7378305 ], [ 37.611703, 55.7377559 ], [ 37.6116675, 55.7377158 ], [ 37.6115467, 55.7375566 ], [ 37.6115338, 55.7375406 ], [ 37.6115132, 55.7375149 ], [ 37.6113617, 55.7373616 ], [ 37.6110227, 55.7370447 ], [ 37.6101986, 55.7362934 ], [ 37.610149, 55.7362381 ], [ 37.6105028, 55.7359916 ], [ 37.6104146, 55.7357555 ], [ 37.6103633, 55.7357308 ], [ 37.6100974, 55.7350529 ], [ 37.6099179, 55.7345655 ], [ 37.6098608, 55.734494 ], [ 37.6093514, 55.7345611 ], [ 37.6089274, 55.7345356 ], [ 37.60834, 55.7341876 ], [ 37.6084809, 55.7338139 ], [ 37.6079378, 55.7334597 ], [ 37.6081941, 55.733367 ], [ 37.6080994, 55.7332799 ], [ 37.6078163, 55.7330196 ], [ 37.6077965, 55.7330047 ], [ 37.60778, 55.7329923 ], [ 37.6069534, 55.7324366 ], [ 37.6068169, 55.7324353 ], [ 37.606659, 55.7324184 ], [ 37.6059998, 55.7326302 ], [ 37.6059205, 55.7326535 ], [ 37.6058782, 55.7326682 ], [ 37.6055716, 55.7327695 ], [ 37.6055356, 55.7327814 ], [ 37.6054994, 55.7327934 ], [ 37.6051225, 55.732918 ], [ 37.605086, 55.7329301 ], [ 37.6050526, 55.7329411 ], [ 37.6047629, 55.7330369 ], [ 37.6046715, 55.7330674 ], [ 37.6042454, 55.7331971 ], [ 37.6042061, 55.733209 ], [ 37.6034666, 55.7334413 ], [ 37.6027278, 55.7336762 ] ] ] } },
{ "type": "Feature", "properties": { "name": "Сквер Девичьего поля", "area_ha": 7.8 }, "geometry": { "type": "Polygon", "coordinates": [ [ [ 37.5817933, 55.7370968 ], [ 37.5819109, 55.7370978 ], [ 37.5819292, 55.7370716 ], [ 37.5819816, 55.7369966 ], [ 37.5820437, 55.7369076 ], [ 37.5817082, 55.7367515 ], [ 37.5816468, 55.7367226 ], [ 37.5797944, 55.735877 ], [ 37.5797128, 55.7358406 ], [ 37.5796749, 55.7358235 ], [ 37.5777142, 55.7349356 ], [ 37.5773942, 55.7347943 ], [ 37.5754623, 55.7339437 ], [ 37.5753116, 55.7338749 ], [ 37.5737922, 55.7331892 ], [ 37.5737104, 55.7331518 ], [ 37.5735715, 55.7331981 ], [ 37.5745205, 55.7349046 ], [ 37.5746246, 55.7351021 ], [ 37.5761923, 55.7350268 ], [ 37.5767821, 55.7362086 ], [ 37.5768849, 55.73689 ], [ 37.5768916, 55.7369342 ], [ 37.5768041, 55.7373485 ], [ 37.5769452, 55.7373397 ], [ 37.5778731, 55.7372852 ], [ 37.5781363, 55.7372694 ], [ 37.5799302, 55.7371725 ], [ 37.5800157, 55.7371689 ], [ 37.5817623, 55.7371107 ], [ 37.5817933, 55.7370968 ] ] ] } },
{ "type": "Feature", "properties": { "name": "Тайницкий Сад", "area_ha": 7.3 }, "geometry": { "type": "Polygon", "coordinates": [ [ [ 37.6211472, 55.7521524 ], [ 37.6212707, 55.7522548 ], [ 37.6213341, 55.7524239 ], [ 37.621354, 55.7524136 ], [ 37.6213497, 55.7524109 ], [ 37.621372, 55.7523994 ], [ 37.6213922, 55.7524117 ], [ 37.6213881, 55.7524138 ], [ 37.6213922, 55.7524163 ], [ 37.6214317, 55.7523619 ], [ 37.6215064, 55.7522537 ], [ 37.6215331, 55.7522133 ], [ 37.6217931, 55.7518501 ], [ 37.621751, 55.7518424 ], [ 37.6217986, 55.7517584 ], [ 37.6218063, 55.7517599 ], [ 37.6219469, 55.7515384 ], [ 37.6221713, 55.7512028 ], [ 37.6220984, 55.7511847 ], [ 37.622183, 55.751078 ], [ 37.6222551, 55.7510961 ], [ 37.6222706, 55.7510765 ], [ 37.6222848, 55.75108 ], [ 37.622305, 55.7510432 ], [ 37.622793, 55.750197 ], [ 37.6230203, 55.749899 ], [ 37.6230913, 55.749806 ], [ 37.6231023, 55.7497809 ], [ 37.6230467, 55.7497772 ], [ 37.622985, 55.7497732 ], [ 37.6229233, 55.7497691 ], [ 37.6228615, 55.7497651 ], [ 37.6228002, 55.749761 ], [ 37.6227618, 55.7497585 ], [ 37.6226264, 55.7497483 ], [ 37.6225373, 55.7497445 ], [ 37.6224484, 55.7497431 ], [ 37.6220702, 55.7497442 ], [ 37.6220079, 55.7497433 ], [ 37.621931, 55.7497422 ], [ 37.6214999, 55.7497262 ], [ 37.6212012, 55.7497056 ], [ 37.6203877, 55.7496472 ], [ 37.620308, 55.7496412 ], [ 37.6202967, 55.7496403 ], [ 37.6202405, 55.7496361 ], [ 37.6202419, 55.7496302 ], [ 37.6197601, 55.7495719 ], [ 37.6195417, 55.7495523 ], [ 37.6190048, 55.7495354 ], [ 37.6189937, 55.7495591 ], [ 37.6188228, 55.7495338 ], [ 37.6188404, 55.7494963 ], [ 37.6179879, 55.7493935 ], [ 37.6179718, 55.7494257 ], [ 37.6176777, 55.7493791 ], [ 37.6176901, 55.7493544 ], [ 37.6169267, 55.7493013 ], [ 37.6169079, 55.749296 ], [ 37.6158263, 55.748993 ], [ 37.615219, 55.7487487 ], [ 37.6150748, 55.7486979 ], [ 37.6150856, 55.7486881 ], [ 37.6136057, 55.7481537 ], [ 37.6133741, 55.7483219 ], [ 37.6128599, 55.7486838 ], [ 37.6126759, 55.7488581 ], [ 37.6126445, 55.7488877 ], [ 37.6126808, 55.7488964 ], [ 37.6127023, 55.7489002 ], [ 37.6127248, 55.7488999 ], [ 37.6127496, 55.7488959 ], [ 37.6129313, 55.748833 ], [ 37.6129522, 55.7488277 ], [ 37.6129752, 55.7488239 ], [ 37.6130058, 55.748821 ], [ 37.613084, 55.7488225 ], [ 37.6131106, 55.7488285 ], [ 37.6131629, 55.7488407 ], [ 37.6150188, 55.7492535 ], [ 37.6167871, 55.7496406 ], [ 37.6176218, 55.7498158 ], [ 37.617687, 55.7498293 ], [ 37.617754, 55.7498407 ], [ 37.6183607, 55.7499466 ], [ 37.618351, 55.7499661 ], [ 37.6187685, 55.7506363 ], [ 37.6188052, 55.7506774 ], [ 37.6188106, 55.7506834 ], [ 37.6188525, 55.7507206 ], [ 37.6189026, 55.7507591 ], [ 37.6189493, 55.7507882 ], [ 37.6200079, 55.7514379 ], [ 37.6211472, 55.7521524 ] ] ] } },
{ "type": "Feature", "properties": { "name": "парк «Зарядье»", "area_ha": 11.0 }, "geometry": { "type": "Polygon", "coordinates": [ [ [ 37.6280592, 55.7496652 ], [ 37.6280617, 55.7496781 ], [ 37.6280646, 55.7496936 ], [ 37.6280648, 55.7496945 ], [ 37.6280973, 55.7496926 ], [ 37.6281357, 55.7496903 ], [ 37.6281678, 55.7496883 ], [ 37.6282111, 55.7496857 ], [ 37.6282425, 55.7496838 ], [ 37.6282844, 55.7496813 ], [ 37.628295, 55.7496807 ], [ 37.6283057, 55.74968 ], [ 37.6283729, 55.749676 ], [ 37.6284377, 55.7496686 ], [ 37.6285459, 55.7496565 ], [ 37.6285976, 55.7496516 ], [ 37.6286714, 55.7496461 ], [ 37.628955, 55.7496288 ], [ 37.6297026, 55.749583 ], [ 37.6300041, 55.7495731 ], [ 37.6301526, 55.7495667 ], [ 37.6301852, 55.7495647 ], [ 37.6302292, 55.7495623 ], [ 37.6302604, 55.7495605 ], [ 37.6303026, 55.7495581 ], [ 37.6303347, 55.7495563 ], [ 37.6303345, 55.7495553 ], [ 37.6303318, 55.7495402 ], [ 37.630329, 55.7495243 ], [ 37.6303265, 55.74951 ], [ 37.6303262, 55.7495084 ], [ 37.6302939, 55.7495091 ], [ 37.6302516, 55.7495101 ], [ 37.6302203, 55.7495108 ], [ 37.6301762, 55.7495119 ], [ 37.6301427, 55.7495126 ], [ 37.630134, 55.7494669 ], [ 37.6282222, 55.7495818 ], [ 37.628232, 55.7496303 ], [ 37.6281994, 55.7496344 ], [ 37.6281573, 55.7496396 ], [ 37.6281259, 55.7496436 ], [ 37.6280885, 55.7496482 ], [ 37.6280567, 55.7496522 ], [ 37.628057, 55.7496538 ], [ 37.6280592, 55.7496652 ] ] ] } },
{ "type": "Feature", "properties": { "name": "парк «Зарядье»", "area_ha": 11.0 }, "geometry": { "type": "Polygon", "coordinates": [ [ [ 37.6311316, 55.7523996 ], [ 37.6312027, 55.7522562 ], [ 37.6313207, 55.7522555 ], [ 37.63144, 55.7520706 ], [ 37.6315111, 55.7519558 ], [ 37.6315366, 55.751903 ], [ 37.6316101, 55.7518637 ], [ 37.6317782, 55.7518128 ], [ 37.6321035, 55.7517846 ], [ 37.6326259, 55.7520684 ], [ 37.632725, 55.7521054 ], [ 37.6327099, 55.7520637 ], [ 37.6325862, 55.7517217 ], [ 37.6322235, 55.7507129 ], [ 37.6321898, 55.7506194 ], [ 37.6322793, 55.7506092 ], [ 37.6320999, 55.7500735 ], [ 37.6320644, 55.7499798 ], [ 37.6320329, 55.7499134 ], [ 37.6319873, 55.7498402 ], [ 37.6319222, 55.7498085 ], [ 37.6318598, 55.7497904 ], [ 37.6318021, 55.7497851 ], [ 37.6316975, 55.749773 ], [ 37.6313752, 55.749789 ], [ 37.63077, 55.7498218 ], [ 37.6304886, 55.7498402 ], [ 37.630332, 55.7498488 ], [ 37.6300118, 55.7498572 ], [ 37.6295914, 55.7498825 ], [ 37.6292477, 55.7499081 ], [ 37.6291884, 55.7499131 ], [ 37.628904, 55.7499302 ], [ 37.6286394, 55.7499487 ], [ 37.6283615, 55.7499687 ], [ 37.628151, 55.7499766 ], [ 37.6280099, 55.7499797 ], [ 37.627815, 55.7499848 ], [ 37.627504, 55.7499895 ], [ 37.6271848, 55.7499937 ], [ 37.6269196, 55.7499929 ], [ 37.6269062, 55.7499928 ], [ 37.6268938, 55.7499927 ], [ 37.6267258, 55.7499911 ], [ 37.6265904, 55.7499877 ], [ 37.626198, 55.7499732 ], [ 37.6261848, 55.7499729 ], [ 37.6261716, 55.7499726 ], [ 37.6258523, 55.7499556 ], [ 37.6256941, 55.7499459 ], [ 37.6256177, 55.7499554 ], [ 37.6255614, 55.7499757 ], [ 37.6255265, 55.7500006 ], [ 37.6255131, 55.7500244 ], [ 37.6255064, 55.7500611 ], [ 37.625503, 55.7503501 ], [ 37.6255043, 55.7503735 ], [ 37.6255097, 55.7506689 ], [ 37.6254153, 55.7518112 ], [ 37.6254094, 55.752061 ], [ 37.6254299, 55.7521505 ], [ 37.625446, 55.7521449 ], [ 37.6256773, 55.7521913 ], [ 37.6258677, 55.75222 ], [ 37.6262778, 55.7522268 ], [ 37.6266345, 55.7522423 ], [ 37.6276836, 55.7521974 ], [ 37.6280224, 55.7521836 ], [ 37.6282073, 55.7521781 ], [ 37.6285573, 55.7521759 ], [ 37.628906, 55.7521808 ], [ 37.6292232, 55.7521883 ], [ 37.6295659, 55.7522 ], [ 37.6296711, 55.7522015 ], [ 37.6297462, 55.7522019 ], [ 37.6298508, 55.7522087 ], [ 37.6299796, 55.7522189 ], [ 37.630113, 55.7522328 ], [ 37.6304805, 55.7523034 ], [ 37.6304966, 55.7523072 ], [ 37.6305911, 55.7523091 ], [ 37.6307158, 55.7523362 ], [ 37.6307614, 55.7523415 ], [ 37.6309237, 55.7523951 ], [ 37.6311316, 55.7523996 ] ] ] } },
{ "type": "Feature", "properties": { "name": "Александровский сад", "area_ha": 9.3 }, "geometry": { "type": "Polygon", "coordinates": [ [ [ 37.6135456, 55.7481241 ], [ 37.6135397, 55.7481216 ], [ 37.6135271, 55.7481137 ], [ 37.6135175, 55.7481046 ], [ 37.6135112, 55.7480945 ], [ 37.6135085, 55.7480839 ], [ 37.6135096, 55.7480733 ], [ 37.6135123, 55.7480675 ], [ 37.6132377, 55.7480233 ], [ 37.6129523, 55.7479774 ], [ 37.6128379, 55.7479592 ], [ 37.6127941, 55.7479537 ], [ 37.612748, 55.7479479 ], [ 37.6126489, 55.7479347 ], [ 37.6126068, 55.7479326 ], [ 37.6125616, 55.7479366 ], [ 37.6125123, 55.7479458 ], [ 37.6124546, 55.7479617 ], [ 37.61241, 55.7479836 ], [ 37.6123665, 55.7480123 ], [ 37.6114015, 55.7488108 ], [ 37.6113475, 55.7488534 ], [ 37.6113435, 55.7488566 ], [ 37.6113294, 55.7488681 ], [ 37.6113126, 55.7488912 ], [ 37.6113136, 55.748917 ], [ 37.6113347, 55.7489363 ], [ 37.6113683, 55.748947 ], [ 37.6114105, 55.7489485 ], [ 37.6115219, 55.7489426 ], [ 37.611612, 55.7489367 ], [ 37.612381, 55.7488907 ], [ 37.6123994, 55.7488844 ], [ 37.6124036, 55.7488857 ], [ 37.612487, 55.7488081 ], [ 37.6124824, 55.7488066 ], [ 37.6124942, 55.7487951 ], [ 37.6125132, 55.7488013 ], [ 37.6125107, 55.7488037 ], [ 37.6126194, 55.7488394 ], [ 37.6126278, 55.7488315 ], [ 37.6126318, 55.7488277 ], [ 37.6126401, 55.7488198 ], [ 37.6126443, 55.7488159 ], [ 37.6126525, 55.7488081 ], [ 37.6126566, 55.7488039 ], [ 37.6126648, 55.748796 ], [ 37.612669, 55.7487921 ], [ 37.6126773, 55.7487842 ], [ 37.6126813, 55.7487803 ], [ 37.6126896, 55.7487725 ], [ 37.6126938, 55.7487686 ], [ 37.6127021, 55.7487608 ], [ 37.6127061, 55.7487568 ], [ 37.6127144, 55.748749 ], [ 37.6127186, 55.7487451 ], [ 37.6127268, 55.7487373 ], [ 37.6127309, 55.7487334 ], [ 37.6127391, 55.7487255 ], [ 37.6127433, 55.7487216 ], [ 37.6127516, 55.7487137 ], [ 37.6127556, 55.7487098 ], [ 37.6127639, 55.748702 ], [ 37.6127681, 55.7486981 ], [ 37.6127764, 55.7486903 ], [ 37.6127804, 55.7486863 ], [ 37.6127887, 55.7486785 ], [ 37.6127929, 55.7486746 ], [ 37.6128011, 55.7486667 ], [ 37.612805, 55.748663 ], [ 37.6128149, 55.7486558 ], [ 37.6128199, 55.7486522 ], [ 37.6128298, 55.748645 ], [ 37.6128347, 55.7486414 ], [ 37.6128446, 55.7486341 ], [ 37.6128496, 55.7486306 ], [ 37.6128595, 55.7486233 ], [ 37.6128644, 55.7486197 ], [ 37.6128743, 55.7486126 ], [ 37.6128793, 55.7486089 ], [ 37.6128892, 55.7486017 ], [ 37.6128941, 55.7485982 ], [ 37.612904, 55.7485909 ], [ 37.612909, 55.7485873 ], [ 37.6129189, 55.7485801 ], [ 37.6129238, 55.7485765 ], [ 37.6129337, 55.7485693 ], [ 37.6129387, 55.7485657 ], [ 37.6129486, 55.7485585 ], [ 37.6129535, 55.7485549 ], [ 37.6129634, 55.7485477 ], [ 37.6129684, 55.7485441 ], [ 37.6129783, 55.7485369 ], [ 37.6129832, 55.7485332 ], [ 37.6129931, 55.748526 ], [ 37.6129981, 55.7485224 ], [ 37.6130081, 55.7485152 ], [ 37.6130129, 55.7485116 ], [ 37.6130228, 55.7485043 ], [ 37.6130279, 55.7485008 ], [ 37.6130378, 55.7484935 ], [ 37.6130426, 55.7484899 ], [ 37.6130525, 55.7484828 ], [ 37.6130576, 55.7484791 ], [ 37.6130675, 55.748472 ], [ 37.6130723, 55.7484683 ], [ 37.6130822, 55.7484611 ], [ 37.6130873, 55.7484576 ], [ 37.6130972, 55.7484503 ], [ 37.613102, 55.7484467 ], [ 37.6131119, 55.7484395 ], [ 37.613117, 55.7484359 ], [ 37.6131269, 55.7484287 ], [ 37.6131317, 55.7484251 ], [ 37.6131418, 55.7484179 ], [ 37.6131467, 55.7484143 ], [ 37.6131566, 55.7484071 ], [ 37.6131616, 55.7484035 ], [ 37.6131715, 55.7483963 ], [ 37.6131764, 55.7483927 ], [ 37.6131863, 55.7483855 ], [ 37.6131913, 55.7483819 ], [ 37.6132012, 55.7483747 ], [ 37.6132061, 55.7483711 ], [ 37.613216, 55.7483638 ], [ 37.613221, 55.7483603 ], [ 37.6132309, 55.748353 ], [ 37.6132358, 55.7483494 ], [ 37.6132457, 55.7483423 ], [ 37.6132507, 55.7483386 ], [ 37.6132606, 55.7483315 ], [ 37.6132655, 55.7483278 ], [ 37.6132754, 55.7483206 ], [ 37.6132804, 55.748317 ], [ 37.6132903, 55.7483098 ], [ 37.6132952, 55.7483062 ], [ 37.6133051, 55.748299 ], [ 37.6133101, 55.7482954 ], [ 37.61332, 55.7482882 ], [ 37.6133249, 55.7482846 ], [ 37.6133348, 55.7482774 ], [ 37.6133398, 55.7482738 ], [ 37.6133497, 55.7482666 ], [ 37.6133546, 55.748263 ], [ 37.6133645, 55.7482558 ], [ 37.6133695, 55.7482522 ], [ 37.6133794, 55.748245 ], [ 37.6133843, 55.7482414 ], [ 37.6133942, 55.7482342 ], [ 37.6133992, 55.7482306 ], [ 37.6134091, 55.7482233 ], [ 37.613414, 55.7482198 ], [ 37.6134239, 55.7482125 ], [ 37.6134289, 55.7482089 ], [ 37.6134388, 55.7482018 ], [ 37.6134437, 55.7481981 ], [ 37.6134536, 55.7481909 ], [ 37.6134586, 55.7481874 ], [ 37.6134685, 55.7481801 ], [ 37.6134734, 55.7481765 ], [ 37.6134833, 55.7481693 ], [ 37.6134883, 55.7481657 ], [ 37.6134983, 55.7481585 ], [ 37.6135031, 55.7481549 ], [ 37.613513, 55.7481477 ], [ 37.6135181, 55.7481441 ], [ 37.613528, 55.7481369 ], [ 37.6135328, 55.7481333 ], [ 37.6135427, 55.7481261 ], [ 37.6135456, 55.7481241 ] ] ] } },
{ "type": "Feature", "properties": { "name": "Александровский сад", "area_ha": 9.3 }, "geometry": { "type": "Polygon", "coordinates": [ [ [ 37.6137449, 55.7544071 ], [ 37.6139233, 55.7546094 ], [ 37.6142344, 55.7549075 ], [ 37.614888, 55.7551289 ], [ 37.6149885, 55.7551624 ], [ 37.6156814, 55.7552652 ], [ 37.6158313, 55.7553309 ], [ 37.6158849, 55.7553131 ], [ 37.6159612, 55.7552871 ], [ 37.6160727, 55.7552466 ], [ 37.6164069, 55.7551491 ], [ 37.616407, 55.7551279 ], [ 37.6164217, 55.7551055 ], [ 37.6164491, 55.7550873 ], [ 37.6164795, 55.7550775 ], [ 37.6164745, 55.7550699 ], [ 37.6156154, 55.753769 ], [ 37.6155539, 55.7537817 ], [ 37.6155391, 55.7537848 ], [ 37.6154757, 55.7536877 ], [ 37.615489, 55.753685 ], [ 37.6155517, 55.753672 ], [ 37.6151121, 55.7530065 ], [ 37.6151108, 55.7530046 ], [ 37.6148927, 55.7526744 ], [ 37.6148599, 55.7526247 ], [ 37.6144823, 55.7527016 ], [ 37.6143679, 55.7525056 ], [ 37.614288, 55.7525196 ], [ 37.6142021, 55.7523738 ], [ 37.6143129, 55.752357 ], [ 37.6143091, 55.7523496 ], [ 37.6142924, 55.7523171 ], [ 37.6142763, 55.7522858 ], [ 37.6142725, 55.7522784 ], [ 37.6142639, 55.7522615 ], [ 37.6142596, 55.7522622 ], [ 37.6142532, 55.7522497 ], [ 37.6142767, 55.7522459 ], [ 37.614278, 55.7522483 ], [ 37.6143969, 55.752229 ], [ 37.6143956, 55.7522265 ], [ 37.6144128, 55.7522237 ], [ 37.6144057, 55.7522099 ], [ 37.6144365, 55.7522048 ], [ 37.6144384, 55.7522085 ], [ 37.6146146, 55.7521799 ], [ 37.6145644, 55.7520557 ], [ 37.614481, 55.7519346 ], [ 37.6143132, 55.751691 ], [ 37.6140437, 55.7512994 ], [ 37.6136023, 55.7506583 ], [ 37.6135784, 55.7506638 ], [ 37.6135494, 55.7506703 ], [ 37.6134891, 55.7505861 ], [ 37.613518, 55.7505795 ], [ 37.6135394, 55.7505747 ], [ 37.6127272, 55.7494328 ], [ 37.6126578, 55.7494435 ], [ 37.612643, 55.7494133 ], [ 37.6126141, 55.7493542 ], [ 37.6126489, 55.7493488 ], [ 37.6126447, 55.7493346 ], [ 37.6126426, 55.7493275 ], [ 37.6126364, 55.7493069 ], [ 37.6126344, 55.7492998 ], [ 37.6126302, 55.7492856 ], [ 37.6126281, 55.7492786 ], [ 37.6126239, 55.7492644 ], [ 37.6126219, 55.7492573 ], [ 37.6126177, 55.7492431 ], [ 37.6126156, 55.7492361 ], [ 37.6126114, 55.7492219 ], [ 37.6126093, 55.7492147 ], [ 37.6126052, 55.7492005 ], [ 37.6126031, 55.7491934 ], [ 37.6125989, 55.7491792 ], [ 37.6125968, 55.7491722 ], [ 37.6125926, 55.749158 ], [ 37.6125905, 55.7491508 ], [ 37.6125863, 55.7491366 ], [ 37.6125843, 55.7491296 ], [ 37.6125801, 55.7491154 ], [ 37.612578, 55.7491082 ], [ 37.612575, 55.749098 ], [ 37.6125738, 55.749094 ], [ 37.6125718, 55.7490871 ], [ 37.6125687, 55.7490767 ], [ 37.6125676, 55.7490729 ], [ 37.6125669, 55.7490708 ], [ 37.612566, 55.7490676 ], [ 37.6125651, 55.7490644 ], [ 37.612564, 55.7490607 ], [ 37.6125535, 55.7490566 ], [ 37.6125418, 55.7490518 ], [ 37.612521, 55.7490435 ], [ 37.6125089, 55.7490387 ], [ 37.6125007, 55.7490366 ], [ 37.6124982, 55.7490384 ], [ 37.6124588, 55.7490216 ], [ 37.6124397, 55.7489958 ], [ 37.6124187, 55.7490303 ], [ 37.6123737, 55.7490334 ], [ 37.6116148, 55.7490961 ], [ 37.6114712, 55.749108 ], [ 37.6113889, 55.7491152 ], [ 37.6112767, 55.7491244 ], [ 37.6112353, 55.749131 ], [ 37.6112098, 55.7491377 ], [ 37.6111854, 55.7491483 ], [ 37.6111653, 55.7491625 ], [ 37.6111508, 55.7491737 ], [ 37.6111408, 55.7491845 ], [ 37.6111299, 55.7492006 ], [ 37.6111218, 55.7492157 ], [ 37.611115, 55.7492411 ], [ 37.6111312, 55.749274 ], [ 37.6111389, 55.7493011 ], [ 37.6111436, 55.749312 ], [ 37.6111474, 55.7493209 ], [ 37.6111571, 55.7493434 ], [ 37.6112072, 55.7495636 ], [ 37.61135, 55.7499152 ], [ 37.6115616, 55.7503598 ], [ 37.6117196, 55.7507069 ], [ 37.6118468, 55.7509717 ], [ 37.6118572, 55.7509957 ], [ 37.6118754, 55.7510282 ], [ 37.6120963, 55.7514987 ], [ 37.612187, 55.7516938 ], [ 37.6122144, 55.7517487 ], [ 37.6123236, 55.7519669 ], [ 37.6123958, 55.7521122 ], [ 37.6125011, 55.7523241 ], [ 37.6125164, 55.7523554 ], [ 37.6127131, 55.7523257 ], [ 37.612844, 55.7523063 ], [ 37.6129083, 55.7524384 ], [ 37.6129162, 55.7524541 ], [ 37.6129201, 55.7524619 ], [ 37.6129214, 55.7524645 ], [ 37.6129162, 55.7524653 ], [ 37.6129244, 55.7524819 ], [ 37.6129297, 55.752481 ], [ 37.6129326, 55.7524869 ], [ 37.6129426, 55.7525078 ], [ 37.6129517, 55.7525266 ], [ 37.6129555, 55.7525346 ], [ 37.6129507, 55.7525353 ], [ 37.6129573, 55.7525495 ], [ 37.6129621, 55.7525488 ], [ 37.6129644, 55.7525536 ], [ 37.6129678, 55.752561 ], [ 37.612974, 55.7525741 ], [ 37.6130105, 55.7526493 ], [ 37.6130703, 55.7526408 ], [ 37.6131441, 55.7526291 ], [ 37.6131853, 55.7527174 ], [ 37.6131423, 55.7527231 ], [ 37.6130994, 55.7527288 ], [ 37.6128514, 55.7527645 ], [ 37.6128279, 55.7527205 ], [ 37.6127539, 55.752732 ], [ 37.6127748, 55.7527747 ], [ 37.6127833, 55.752792 ], [ 37.6128058, 55.7528382 ], [ 37.6129883, 55.7532119 ], [ 37.61312, 55.7534676 ], [ 37.6132908, 55.7537991 ], [ 37.6134456, 55.75411 ], [ 37.6135353, 55.7540963 ], [ 37.6137449, 55.7544071 ] ] ] } },
{ "type": "Feature", "properties": { "name": "Парк Декабрьского восстания", "area_ha": 6.0 }, "geometry": { "type": "Polygon", "coordinates": [ [ [ 37.562968, 55.7627237 ], [ 37.5622894, 55.7620175 ], [ 37.5616828, 55.7613552 ], [ 37.5615636, 55.7612055 ], [ 37.5610834, 55.760588 ], [ 37.5602277, 55.7594875 ], [ 37.5601329, 55.7594066 ], [ 37.5600148, 55.7593244 ], [ 37.5598763, 55.7592407 ], [ 37.5597852, 55.7592061 ], [ 37.5596058, 55.7591576 ], [ 37.559457, 55.7591396 ], [ 37.558421, 55.7590754 ], [ 37.5583499, 55.7590732 ], [ 37.5582989, 55.7590796 ], [ 37.5582627, 55.7590958 ], [ 37.5582438, 55.759116 ], [ 37.5582245, 55.7591554 ], [ 37.5582017, 55.7594104 ], [ 37.5582057, 55.7596063 ], [ 37.5582276, 55.7597134 ], [ 37.5582674, 55.7598398 ], [ 37.5583211, 55.7599515 ], [ 37.558418, 55.7600969 ], [ 37.5587327, 55.7605161 ], [ 37.5594679, 55.7614925 ], [ 37.5597029, 55.7617463 ], [ 37.560692, 55.7630547 ], [ 37.5607162, 55.76309 ], [ 37.5608759, 55.7630505 ], [ 37.5615472, 55.7629582 ], [ 37.5615844, 55.7629207 ], [ 37.5616355, 55.7628888 ], [ 37.561698, 55.7628641 ], [ 37.5617686, 55.7628478 ], [ 37.5618036, 55.7628434 ], [ 37.5618601, 55.7628414 ], [ 37.5619201, 55.7628434 ], [ 37.5619934, 55.7628555 ], [ 37.56206, 55.7628764 ], [ 37.5620789, 55.762886 ], [ 37.562626, 55.7628105 ], [ 37.5626984, 55.7627977 ], [ 37.5629774, 55.7627449 ], [ 37.562968, 55.7627237 ] ] ] } },
{ "type": "Feature", "properties": { "name": "Екатерининский парк", "area_ha": 13.3 }, "geometry": { "type": "Polygon", "coordinates": [ [ [ 37.6200117, 55.7867435 ], [ 37.6200865, 55.7867424 ], [ 37.6201467, 55.7867408 ], [ 37.6208355, 55.7867353 ], [ 37.6208292, 55.7862968 ], [ 37.6207835, 55.7861545 ], [ 37.6205844, 55.7859901 ], [ 37.6202732, 55.7857253 ], [ 37.6201031, 55.785429 ], [ 37.6200824, 55.785198 ], [ 37.6201301, 55.7850032 ], [ 37.6203645, 55.7848294 ], [ 37.621192, 55.7844182 ], [ 37.6210866, 55.7843693 ], [ 37.6212098, 55.7843122 ], [ 37.6218864, 55.783999 ], [ 37.6217946, 55.7839363 ], [ 37.6219482, 55.7838652 ], [ 37.6220168, 55.7839121 ], [ 37.6234935, 55.7831953 ], [ 37.6235685, 55.7829446 ], [ 37.6235851, 55.7827813 ], [ 37.6235823, 55.7824361 ], [ 37.623405, 55.7822069 ], [ 37.6233231, 55.7821439 ], [ 37.6232411, 55.7820809 ], [ 37.6225769, 55.7815668 ], [ 37.6217558, 55.7810211 ], [ 37.6207952, 55.7813426 ], [ 37.6205317, 55.7813701 ], [ 37.6199912, 55.7814539 ], [ 37.619776, 55.7815423 ], [ 37.619607, 55.7814872 ], [ 37.6193554, 55.7814065 ], [ 37.6191303, 55.7813378 ], [ 37.6188726, 55.7815218 ], [ 37.6173193, 55.7825966 ], [ 37.6169451, 55.7824263 ], [ 37.6167917, 55.7825292 ], [ 37.616116, 55.7822344 ], [ 37.6160277, 55.7822981 ], [ 37.615962, 55.7822699 ], [ 37.6159155, 55.782304 ], [ 37.6157689, 55.7824111 ], [ 37.615809, 55.7826163 ], [ 37.6158466, 55.7828089 ], [ 37.6158522, 55.7828374 ], [ 37.6165263, 55.7829364 ], [ 37.6167323, 55.7828399 ], [ 37.6172854, 55.7830472 ], [ 37.6182131, 55.7834013 ], [ 37.6180083, 55.7840071 ], [ 37.6188316, 55.7845973 ], [ 37.6196208, 55.7849933 ], [ 37.6196567, 55.7850109 ], [ 37.6195368, 55.7851092 ], [ 37.6195774, 55.7851469 ], [ 37.6194555, 55.7852486 ], [ 37.6195315, 55.7854469 ], [ 37.6196526, 55.7857628 ], [ 37.6192807, 55.7860714 ], [ 37.6189817, 55.7861323 ], [ 37.6186154, 55.7862044 ], [ 37.6185796, 55.7861513 ], [ 37.6176655, 55.7863161 ], [ 37.6177095, 55.7863926 ], [ 37.6179405, 55.7864012 ], [ 37.6180267, 55.7864149 ], [ 37.6181072, 55.7864594 ], [ 37.6182207, 55.786558 ], [ 37.6182305, 55.7865687 ], [ 37.6184003, 55.7867543 ], [ 37.6200117, 55.7867435 ] ] ] } },
{ "type": "Feature", "properties": { "name": "Спортивный парк \"Динамо\"", "area_ha": 9.2 }, "geometry": { "type": "Polygon", "coordinates": [ [ [ 37.5654085, 55.7890855 ], [ 37.5659621, 55.7878206 ], [ 37.5655188, 55.7872422 ], [ 37.5654691, 55.7872248 ], [ 37.5652642, 55.7873078 ], [ 37.5633882, 55.7878901 ], [ 37.5628164, 55.7880709 ], [ 37.5618374, 55.7884856 ], [ 37.561124, 55.7888732 ], [ 37.5600331, 55.789468 ], [ 37.5600706, 55.7894982 ], [ 37.5602932, 55.7896771 ], [ 37.5607431, 55.7896641 ], [ 37.5607806, 55.7900283 ], [ 37.5608125, 55.790297 ], [ 37.5609977, 55.7903331 ], [ 37.5611533, 55.7903799 ], [ 37.5612955, 55.7904448 ], [ 37.5613787, 55.7905006 ], [ 37.5614079, 55.7905409 ], [ 37.5614323, 55.7905911 ], [ 37.5614565, 55.7906831 ], [ 37.5614632, 55.7907495 ], [ 37.5614457, 55.7908279 ], [ 37.5614081, 55.7909004 ], [ 37.5623251, 55.7914031 ], [ 37.5630153, 55.7917391 ], [ 37.5640736, 55.7905661 ], [ 37.5641938, 55.7904729 ], [ 37.5647751, 55.7897672 ], [ 37.5649467, 55.7893786 ], [ 37.5651655, 55.7893681 ], [ 37.5654085, 55.7890855 ] ] ] } },
{ "type": "Feature", "properties": { "name": "Фестивальный парк", "area_ha": 9.9 }, "geometry": { "type": "Polygon", "coordinates": [ [ [ 37.6213765, 55.7907961 ], [ 37.6213138, 55.7907954 ], [ 37.6202327, 55.7907825 ], [ 37.6202522, 55.7897259 ], [ 37.6190755, 55.7896919 ], [ 37.6188859, 55.7896864 ], [ 37.6188129, 55.7895767 ], [ 37.6179036, 55.7895111 ], [ 37.6169139, 55.7894538 ], [ 37.6169032, 55.7895623 ], [ 37.6168651, 55.7895614 ], [ 37.6168619, 55.7896052 ], [ 37.6168561, 55.7896835 ], [ 37.6168163, 55.7902548 ], [ 37.6167415, 55.7913267 ], [ 37.6167406, 55.791342 ], [ 37.6167396, 55.7913589 ], [ 37.6166792, 55.7923792 ], [ 37.6166804, 55.7924492 ], [ 37.6172606, 55.7927584 ], [ 37.6179415, 55.7927453 ], [ 37.6185015, 55.7927214 ], [ 37.621744, 55.7925142 ], [ 37.6221058, 55.7923491 ], [ 37.622121, 55.7921949 ], [ 37.6221341, 55.792063 ], [ 37.6221599, 55.7920638 ], [ 37.6221737, 55.7919103 ], [ 37.6221872, 55.7917956 ], [ 37.6222649, 55.7908836 ], [ 37.6222693, 55.7908068 ], [ 37.6213765, 55.7907961 ] ] ] } },
{ "type": "Feature", "properties": { "name": "Природный заказник Долина реки Сетунь", "area_ha": 256.9 }, "geometry": { "type": "Polygon", "coordinates": [ [ [ 37.42087, 55.698755 ], [ 37.4213545, 55.6982113 ], [ 37.4209197, 55.6968713 ], [ 37.4184767, 55.6955454 ], [ 37.4168906, 55.6947531 ], [ 37.4153291, 55.6955441 ], [ 37.4157336, 55.6957462 ], [ 37.4156039, 55.6958722 ], [ 37.4160136, 55.6960786 ], [ 37.416491, 55.6965144 ], [ 37.4152985, 55.6972405 ], [ 37.4148683, 55.6972693 ], [ 37.4139739, 55.6977768 ], [ 37.4141195, 55.6990291 ], [ 37.4134046, 55.6993739 ], [ 37.4133332, 55.6994083 ], [ 37.4112935, 55.7002858 ], [ 37.4105659, 55.7012346 ], [ 37.4097855, 55.7016667 ], [ 37.409305, 55.7013539 ], [ 37.4089734, 55.7011381 ], [ 37.407657, 55.7002811 ], [ 37.4066484, 55.6995319 ], [ 37.40645, 55.6994237 ], [ 37.4050016, 55.6994039 ], [ 37.4048378, 55.6995001 ], [ 37.4045101, 55.6995114 ], [ 37.4043202, 55.6994528 ], [ 37.4042223, 55.6993289 ], [ 37.4038066, 55.6991814 ], [ 37.4035629, 55.6991053 ], [ 37.4034469, 55.6992354 ], [ 37.403265, 55.6993582 ], [ 37.4031491, 55.6994156 ], [ 37.4031771, 55.6994933 ], [ 37.403265, 55.6995519 ], [ 37.403321, 55.6996037 ], [ 37.4034589, 55.6996003 ], [ 37.4035828, 55.6995665 ], [ 37.4036448, 55.6996262 ], [ 37.4035928, 55.6997039 ], [ 37.4034749, 55.6997963 ], [ 37.4035728, 55.699812 ], [ 37.4037147, 55.6997749 ], [ 37.4038466, 55.6997197 ], [ 37.4039485, 55.699669 ], [ 37.4041104, 55.6996273 ], [ 37.4042103, 55.6996803 ], [ 37.4042503, 55.6997861 ], [ 37.4044581, 55.6998177 ], [ 37.4047419, 55.6998852 ], [ 37.4049298, 55.6999956 ], [ 37.4050282, 55.7001253 ], [ 37.4052091, 55.7001667 ], [ 37.4053504, 55.700291 ], [ 37.4053504, 55.7003961 ], [ 37.4052034, 55.7005076 ], [ 37.4045817, 55.700068 ], [ 37.4044969, 55.7001285 ], [ 37.4042821, 55.7001922 ], [ 37.4039486, 55.7002336 ], [ 37.4038242, 55.7002177 ], [ 37.4035981, 55.700189 ], [ 37.4033946, 55.7001827 ], [ 37.4032533, 55.7002049 ], [ 37.4032137, 55.7003674 ], [ 37.4031007, 55.7004821 ], [ 37.4029368, 55.700463 ], [ 37.4027898, 55.700377 ], [ 37.402564, 55.7004032 ], [ 37.4027154, 55.7005479 ], [ 37.4025502, 55.7007532 ], [ 37.4029132, 55.7007534 ], [ 37.4029187, 55.7012178 ], [ 37.4031455, 55.7015813 ], [ 37.4031846, 55.7018061 ], [ 37.4031846, 55.7019779 ], [ 37.4032511, 55.7022269 ], [ 37.4033737, 55.7025096 ], [ 37.403591, 55.7026882 ], [ 37.4039864, 55.7028689 ], [ 37.4044501, 55.7028444 ], [ 37.4049656, 55.7030757 ], [ 37.4051937, 55.703178 ], [ 37.4055438, 55.7032718 ], [ 37.4062641, 55.7037224 ], [ 37.405838, 55.7038708 ], [ 37.4063033, 55.7041377 ], [ 37.4065977, 55.704114 ], [ 37.4070276, 55.7042404 ], [ 37.407808, 55.7046749 ], [ 37.4083921, 55.7051067 ], [ 37.4079996, 55.7052699 ], [ 37.4099277, 55.7067057 ], [ 37.4104228, 55.7071075 ], [ 37.4122515, 55.7064741 ], [ 37.4144339, 55.7055989 ], [ 37.4149274, 55.7051609 ], [ 37.4125748, 55.7034324 ], [ 37.4137405, 55.7028256 ], [ 37.4137652, 55.7025406 ], [ 37.4139502, 55.7021687 ], [ 37.4202848, 55.7000555 ], [ 37.4204275, 55.6995779 ], [ 37.4204795, 55.6992907 ], [ 37.4207445, 55.6989527 ], [ 37.42087, 55.698755 ] ] ] } },
{ "type": "Feature", "properties": { "name": "Природный заказник Долина реки Сетунь", "area_ha": 256.9 }, "geometry": { "type": "Polygon", "coordinates": [ [ [ 37.4144558, 55.710366 ], [ 37.415175, 55.7106717 ], [ 37.4156129, 55.710817 ], [ 37.41542, 55.7111919 ], [ 37.4141155, 55.7111378 ], [ 37.4136138, 55.7113861 ], [ 37.413653, 55.7119489 ], [ 37.4135789, 55.7121038 ], [ 37.4119008, 55.7118732 ], [ 37.4118381, 55.7123938 ], [ 37.4123398, 55.712438 ], [ 37.4123389, 55.7127064 ], [ 37.4125426, 55.7131213 ], [ 37.4127459, 55.7134757 ], [ 37.4130128, 55.7137009 ], [ 37.4138279, 55.7139693 ], [ 37.4152099, 55.7143946 ], [ 37.4154504, 55.7144696 ], [ 37.4164359, 55.7150116 ], [ 37.417662, 55.7156226 ], [ 37.4178337, 55.715671 ], [ 37.4179625, 55.7156498 ], [ 37.4184014, 55.7151231 ], [ 37.4181479, 55.7150626 ], [ 37.4183579, 55.7143788 ], [ 37.4182567, 55.7139735 ], [ 37.4181004, 55.7137624 ], [ 37.4178322, 55.7135871 ], [ 37.4170259, 55.7134018 ], [ 37.4168022, 55.7134179 ], [ 37.4164374, 55.7135569 ], [ 37.4155684, 55.7141189 ], [ 37.4134655, 55.7135327 ], [ 37.4130793, 55.7132245 ], [ 37.4128325, 55.7128558 ], [ 37.4130734, 55.7125384 ], [ 37.4135963, 55.7122979 ], [ 37.414581, 55.711952 ], [ 37.4145125, 55.7117842 ], [ 37.4156992, 55.7114573 ], [ 37.4166634, 55.7111231 ], [ 37.4172504, 55.7106939 ], [ 37.4171507, 55.7102259 ], [ 37.4169025, 55.7098862 ], [ 37.4170708, 55.7096821 ], [ 37.4171576, 55.7096579 ], [ 37.4173859, 55.7098039 ], [ 37.4173889, 55.7098474 ], [ 37.4185828, 55.7097379 ], [ 37.4184378, 55.7095189 ], [ 37.418484, 55.7092248 ], [ 37.4193726, 55.7092808 ], [ 37.4196873, 55.7093885 ], [ 37.4206498, 55.7098005 ], [ 37.4204092, 55.7099465 ], [ 37.4204678, 55.7100977 ], [ 37.4202734, 55.7102819 ], [ 37.4203536, 55.710162 ], [ 37.4202858, 55.7101046 ], [ 37.4203104, 55.7100003 ], [ 37.4201037, 55.7099899 ], [ 37.4200112, 55.7101394 ], [ 37.4200822, 55.7101915 ], [ 37.4199341, 55.7102558 ], [ 37.4194682, 55.7101915 ], [ 37.4187124, 55.7100542 ], [ 37.4187278, 55.7102124 ], [ 37.4200359, 55.710553 ], [ 37.4208843, 55.7098978 ], [ 37.4214118, 55.7101359 ], [ 37.4213501, 55.7094859 ], [ 37.4207763, 55.7089523 ], [ 37.4204709, 55.7086064 ], [ 37.4202457, 55.7081945 ], [ 37.4203958, 55.7080635 ], [ 37.4206035, 55.7080989 ], [ 37.4209891, 55.7077947 ], [ 37.4207701, 55.7069187 ], [ 37.4205105, 55.7069396 ], [ 37.4205043, 55.7068979 ], [ 37.4202025, 55.7069222 ], [ 37.4199773, 55.7059192 ], [ 37.420187, 55.7059018 ], [ 37.4199865, 55.7050536 ], [ 37.4200285, 55.7049644 ], [ 37.4196713, 55.7048423 ], [ 37.4195299, 55.704838 ], [ 37.4191721, 55.7050814 ], [ 37.4177786, 55.7055649 ], [ 37.4175236, 55.7056534 ], [ 37.4169586, 55.7059983 ], [ 37.4167272, 55.7059279 ], [ 37.4161943, 55.7061956 ], [ 37.4159914, 55.7061078 ], [ 37.4145859, 55.7065852 ], [ 37.413469, 55.7070006 ], [ 37.412644, 55.7073742 ], [ 37.4115519, 55.7078711 ], [ 37.4123354, 55.7082546 ], [ 37.4145431, 55.7088691 ], [ 37.4144558, 55.710366 ] ] ] } },
{ "type": "Feature", "properties": { "name": "Природный заказник Долина реки Сетунь", "area_ha": 256.9 }, "geometry": { "type": "Polygon", "coordinates": [ [ [ 37.4440786, 55.7125132 ], [ 37.4440533, 55.7124291 ], [ 37.4439027, 55.7117124 ], [ 37.4439106, 55.7115647 ], [ 37.4439241, 55.7115365 ], [ 37.4408914, 55.7117287 ], [ 37.4378185, 55.7119699 ], [ 37.437855, 55.7143282 ], [ 37.4378633, 55.7146852 ], [ 37.4422664, 55.7157006 ], [ 37.4424981, 55.7159617 ], [ 37.4423179, 55.7160338 ], [ 37.4423318, 55.7161105 ], [ 37.4424113, 55.7166058 ], [ 37.442435, 55.7170541 ], [ 37.4429474, 55.7179208 ], [ 37.4432706, 55.7182001 ], [ 37.4433336, 55.7185526 ], [ 37.443342, 55.7187917 ], [ 37.4434671, 55.7189654 ], [ 37.4438393, 55.7190288 ], [ 37.4441117, 55.7189591 ], [ 37.4443538, 55.7186683 ], [ 37.4441547, 55.7183935 ], [ 37.4442662, 55.7179245 ], [ 37.444498, 55.7176055 ], [ 37.4444551, 55.7173299 ], [ 37.4444314, 55.7172774 ], [ 37.4443692, 55.7171123 ], [ 37.443983, 55.7168948 ], [ 37.4441117, 55.716653 ], [ 37.4446267, 55.7162179 ], [ 37.4452104, 55.7161937 ], [ 37.4459828, 55.7162808 ], [ 37.4467296, 55.7162808 ], [ 37.4470746, 55.7162747 ], [ 37.4480496, 55.7162642 ], [ 37.4481364, 55.7159547 ], [ 37.44906, 55.7160431 ], [ 37.4497594, 55.7158311 ], [ 37.4501027, 55.7156716 ], [ 37.450592, 55.7156522 ], [ 37.4512453, 55.7154775 ], [ 37.4512783, 55.7153665 ], [ 37.4513043, 55.7152364 ], [ 37.4507207, 55.7144435 ], [ 37.4507207, 55.7142501 ], [ 37.4508604, 55.713948 ], [ 37.4512319, 55.7137311 ], [ 37.4516961, 55.7133793 ], [ 37.4521627, 55.7131864 ], [ 37.4525918, 55.7130123 ], [ 37.4527377, 55.7128334 ], [ 37.4528836, 55.7127609 ], [ 37.4531926, 55.71264 ], [ 37.4532999, 55.7124472 ], [ 37.4535359, 55.7120936 ], [ 37.4535639, 55.7119217 ], [ 37.453393, 55.7117549 ], [ 37.4534708, 55.7114814 ], [ 37.4536084, 55.7111411 ], [ 37.4532785, 55.7110202 ], [ 37.4532097, 55.7111768 ], [ 37.4530685, 55.7112638 ], [ 37.4526948, 55.7112619 ], [ 37.4523686, 55.7111169 ], [ 37.4518537, 55.710996 ], [ 37.451682, 55.7110202 ], [ 37.4516477, 55.7112136 ], [ 37.451579, 55.711407 ], [ 37.4512185, 55.7117068 ], [ 37.4509353, 55.7118325 ], [ 37.4510963, 55.7116221 ], [ 37.4511499, 55.7115521 ], [ 37.4511069, 55.711349 ], [ 37.451064, 55.7111556 ], [ 37.4511928, 55.7108751 ], [ 37.4510812, 55.7105463 ], [ 37.4511177, 55.7104435 ], [ 37.451167, 55.7103045 ], [ 37.451631, 55.7101362 ], [ 37.4519259, 55.7101467 ], [ 37.4521083, 55.7101532 ], [ 37.4524333, 55.7103235 ], [ 37.4524945, 55.7103556 ], [ 37.4526715, 55.7104644 ], [ 37.4528968, 55.7105158 ], [ 37.4529827, 55.7104342 ], [ 37.4529129, 55.7103405 ], [ 37.4529397, 55.7102227 ], [ 37.4530899, 55.7101924 ], [ 37.4532133, 55.7101562 ], [ 37.4532616, 55.7100474 ], [ 37.4535567, 55.7101108 ], [ 37.4537712, 55.7101441 ], [ 37.4537551, 55.7100806 ], [ 37.4536693, 55.7099749 ], [ 37.4534333, 55.7098993 ], [ 37.4533206, 55.7097814 ], [ 37.4534386, 55.7096001 ], [ 37.453562, 55.7095306 ], [ 37.4533957, 55.7095094 ], [ 37.4532402, 55.7095517 ], [ 37.4532348, 55.709449 ], [ 37.4531382, 55.7093251 ], [ 37.4522692, 55.7094188 ], [ 37.4523336, 55.7094943 ], [ 37.4523067, 55.709588 ], [ 37.4522585, 55.7096938 ], [ 37.452178, 55.7096938 ], [ 37.4519205, 55.7096273 ], [ 37.4518561, 55.7095276 ], [ 37.451747, 55.7094644 ], [ 37.4502915, 55.7099805 ], [ 37.4502367, 55.7100214 ], [ 37.4501099, 55.7101161 ], [ 37.4499482, 55.7102368 ], [ 37.4496049, 55.7104399 ], [ 37.4494308, 55.710538 ], [ 37.4493646, 55.7105753 ], [ 37.4494161, 55.7108171 ], [ 37.4495191, 55.710996 ], [ 37.4493646, 55.7111556 ], [ 37.4491586, 55.7112378 ], [ 37.448619, 55.7114107 ], [ 37.4495117, 55.7123391 ], [ 37.4496404, 55.7122279 ], [ 37.4498452, 55.7116246 ], [ 37.4500512, 55.711407 ], [ 37.4501199, 55.7116584 ], [ 37.4499482, 55.7118809 ], [ 37.4499482, 55.7120453 ], [ 37.4498796, 55.7123499 ], [ 37.4498195, 55.7125578 ], [ 37.4494161, 55.7128189 ], [ 37.4491757, 55.7130413 ], [ 37.4489612, 55.7132347 ], [ 37.4487037, 55.7132541 ], [ 37.448532, 55.7133314 ], [ 37.4488153, 55.7135248 ], [ 37.4484033, 55.7138004 ], [ 37.4475278, 55.7141872 ], [ 37.4470729, 55.714429 ], [ 37.4467296, 55.7145402 ], [ 37.4458713, 55.713873 ], [ 37.4453992, 55.7138343 ], [ 37.4452338, 55.7137806 ], [ 37.4446365, 55.7135866 ], [ 37.4442503, 55.7131514 ], [ 37.4440786, 55.7125132 ] ] ] } },
{ "type": "Feature", "properties": { "name": "Природный заказник Долина реки Сетунь", "area_ha": 256.9 }, "geometry": { "type": "Polygon", "coordinates": [ [ [ 37.427466, 55.7166447 ], [ 37.4281432, 55.7162505 ], [ 37.429013, 55.716018 ], [ 37.428928, 55.7158852 ], [ 37.4294777, 55.7157987 ], [ 37.4293549, 55.7155995 ], [ 37.4297698, 55.7155183 ], [ 37.4298224, 55.7156037 ], [ 37.430054, 55.7156943 ], [ 37.4304489, 55.7156947 ], [ 37.431004, 55.7155659 ], [ 37.4316418, 55.7154178 ], [ 37.4327086, 55.7153016 ], [ 37.4326554, 55.715179 ], [ 37.432742, 55.7152126 ], [ 37.4324368, 55.7144093 ], [ 37.4328843, 55.7141122 ], [ 37.4333881, 55.71378 ], [ 37.4337388, 55.7135458 ], [ 37.4340883, 55.7133362 ], [ 37.434529, 55.7131002 ], [ 37.4350639, 55.7128516 ], [ 37.4353639, 55.7127385 ], [ 37.4357044, 55.7126263 ], [ 37.4360911, 55.7125208 ], [ 37.4362442, 55.7124922 ], [ 37.4364012, 55.7124984 ], [ 37.4364965, 55.7125204 ], [ 37.4365715, 55.712551 ], [ 37.4366529, 55.7126087 ], [ 37.4368662, 55.7128504 ], [ 37.4370153, 55.712992 ], [ 37.4372021, 55.7131258 ], [ 37.4374405, 55.7132548 ], [ 37.4374554, 55.7134572 ], [ 37.437481, 55.7134807 ], [ 37.4375322, 55.7134896 ], [ 37.4375698, 55.7134818 ], [ 37.4375965, 55.7134608 ], [ 37.4375916, 55.7132456 ], [ 37.4375755, 55.7120106 ], [ 37.437503, 55.7119784 ], [ 37.4374108, 55.7119535 ], [ 37.4365551, 55.712009 ], [ 37.4361424, 55.7120698 ], [ 37.4331645, 55.7127409 ], [ 37.4332377, 55.7129415 ], [ 37.43301, 55.7129509 ], [ 37.4329489, 55.7130104 ], [ 37.4328193, 55.71305 ], [ 37.4326835, 55.7128493 ], [ 37.4317127, 55.7129804 ], [ 37.4317589, 55.7131039 ], [ 37.43177, 55.7131348 ], [ 37.4315058, 55.7131674 ], [ 37.4312612, 55.7132034 ], [ 37.4311714, 55.7132185 ], [ 37.4310134, 55.7132413 ], [ 37.4309498, 55.7132579 ], [ 37.4306027, 55.7133448 ], [ 37.4303915, 55.7132259 ], [ 37.4302367, 55.7132572 ], [ 37.4274997, 55.7142907 ], [ 37.4273136, 55.7143213 ], [ 37.4271656, 55.7143183 ], [ 37.4268608, 55.7142989 ], [ 37.4264503, 55.7141691 ], [ 37.4264745, 55.7143743 ], [ 37.4255234, 55.7143263 ], [ 37.4254443, 55.7144908 ], [ 37.425317, 55.714536 ], [ 37.4252159, 55.7144778 ], [ 37.4249692, 55.7144881 ], [ 37.4247439, 55.7145014 ], [ 37.4246375, 55.7145704 ], [ 37.4246048, 55.7146401 ], [ 37.4243508, 55.7146762 ], [ 37.424214, 55.7147276 ], [ 37.4239942, 55.714825 ], [ 37.4240124, 55.7149984 ], [ 37.4234294, 55.715062 ], [ 37.4233787, 55.7151201 ], [ 37.4238343, 55.7168869 ], [ 37.423955, 55.7169187 ], [ 37.4240391, 55.7169021 ], [ 37.4241482, 55.7167843 ], [ 37.424155, 55.7166422 ], [ 37.4240368, 55.7164501 ], [ 37.4242391, 55.7164386 ], [ 37.4243709, 55.7166575 ], [ 37.4243427, 55.7167443 ], [ 37.4256593, 55.7167297 ], [ 37.4259854, 55.7170554 ], [ 37.4268284, 55.7169779 ], [ 37.4271825, 55.7168739 ], [ 37.427495, 55.7168151 ], [ 37.427632, 55.7167235 ], [ 37.427466, 55.7166447 ] ] ] } },
{ "type": "Feature", "properties": { "name": "Природный заказник Долина реки Сетунь", "area_ha": 256.9 }, "geometry": { "type": "Polygon", "coordinates": [ [ [ 37.4666085, 55.717755 ], [ 37.4668413, 55.7180836 ], [ 37.4670508, 55.7184035 ], [ 37.4674074, 55.7189179 ], [ 37.467726, 55.719383 ], [ 37.4680327, 55.7198196 ], [ 37.4683417, 55.7200759 ], [ 37.4686851, 55.7201242 ], [ 37.4690885, 55.7200759 ], [ 37.4691617, 55.7204636 ], [ 37.4692034, 55.7206268 ], [ 37.4692601, 55.7208493 ], [ 37.4694635, 55.7209538 ], [ 37.469552, 55.7209992 ], [ 37.4699039, 55.7210765 ], [ 37.470333, 55.7210137 ], [ 37.4705047, 55.7210137 ], [ 37.470848, 55.7211249 ], [ 37.4710626, 55.7211974 ], [ 37.4711742, 55.7212844 ], [ 37.4717578, 55.7214004 ], [ 37.4727191, 55.7215358 ], [ 37.473586, 55.7217485 ], [ 37.4740666, 55.7218935 ], [ 37.4744186, 55.7219902 ], [ 37.4745559, 55.7218983 ], [ 37.4750108, 55.7219225 ], [ 37.4753112, 55.7220192 ], [ 37.4756545, 55.7221884 ], [ 37.4760408, 55.7223673 ], [ 37.4763412, 55.7225509 ], [ 37.4767274, 55.7226573 ], [ 37.4771308, 55.7224639 ], [ 37.477414, 55.7222851 ], [ 37.4777831, 55.7222222 ], [ 37.4783839, 55.7222609 ], [ 37.4783839, 55.7220772 ], [ 37.4783839, 55.7218162 ], [ 37.4782724, 55.7214294 ], [ 37.4777831, 55.7211732 ], [ 37.4775428, 55.7208493 ], [ 37.4775857, 55.720627 ], [ 37.47756, 55.7203369 ], [ 37.4773883, 55.7199163 ], [ 37.4769849, 55.7194571 ], [ 37.476324, 55.7188673 ], [ 37.475912, 55.7183838 ], [ 37.4754399, 55.7178859 ], [ 37.4750966, 55.71791 ], [ 37.4747275, 55.7179584 ], [ 37.4745387, 55.7180647 ], [ 37.4740666, 55.7181518 ], [ 37.4736536, 55.7180859 ], [ 37.4736117, 55.7180792 ], [ 37.4731912, 55.7179971 ], [ 37.4731136, 55.7176416 ], [ 37.4730624, 55.7174072 ], [ 37.4729077, 55.7171115 ], [ 37.4728221, 55.7169479 ], [ 37.4728049, 55.7166192 ], [ 37.4725646, 55.7164886 ], [ 37.4733747, 55.7162147 ], [ 37.4737316, 55.716094 ], [ 37.4737804, 55.7160775 ], [ 37.4737663, 55.7160241 ], [ 37.4737512, 55.7159638 ], [ 37.4736994, 55.7157561 ], [ 37.4738198, 55.7151546 ], [ 37.4740612, 55.7145004 ], [ 37.474366, 55.7136828 ], [ 37.4743803, 55.7133153 ], [ 37.474394, 55.7132191 ], [ 37.4743556, 55.7127615 ], [ 37.4739273, 55.7119065 ], [ 37.4729714, 55.7107813 ], [ 37.4726116, 55.7104127 ], [ 37.4722065, 55.7104331 ], [ 37.4721329, 55.7104368 ], [ 37.4719864, 55.7104738 ], [ 37.4719742, 55.710663 ], [ 37.4716513, 55.7106698 ], [ 37.4716396, 55.7108486 ], [ 37.470397, 55.7108357 ], [ 37.4702786, 55.7107761 ], [ 37.4700332, 55.7108151 ], [ 37.4700298, 55.71089 ], [ 37.4692068, 55.710878 ], [ 37.4691998, 55.7107373 ], [ 37.4691967, 55.710717 ], [ 37.4681952, 55.7106518 ], [ 37.4677442, 55.7105247 ], [ 37.4675085, 55.7104583 ], [ 37.4668616, 55.7104465 ], [ 37.4661959, 55.7103441 ], [ 37.4659414, 55.7103265 ], [ 37.4652659, 55.710123 ], [ 37.4647795, 55.7099422 ], [ 37.4647446, 55.7099314 ], [ 37.4646262, 55.7098904 ], [ 37.4644746, 55.7098379 ], [ 37.4643533, 55.7098105 ], [ 37.4640196, 55.7097804 ], [ 37.4638967, 55.7097693 ], [ 37.4637346, 55.7096714 ], [ 37.4635306, 55.7095502 ], [ 37.4635142, 55.7095242 ], [ 37.4634514, 55.7094248 ], [ 37.4634058, 55.709293 ], [ 37.4633396, 55.7092855 ], [ 37.4633435, 55.7092996 ], [ 37.4633875, 55.7094598 ], [ 37.4634845, 55.7097914 ], [ 37.4636256, 55.709956 ], [ 37.4631849, 55.7099996 ], [ 37.4624084, 55.7100239 ], [ 37.4616936, 55.710017 ], [ 37.4615889, 55.7099024 ], [ 37.4617861, 55.7094858 ], [ 37.4619216, 55.7092939 ], [ 37.4614925, 55.7093906 ], [ 37.4609775, 55.7094776 ], [ 37.4604882, 55.7095115 ], [ 37.4598445, 55.7094293 ], [ 37.4593124, 55.7092359 ], [ 37.4589781, 55.7090173 ], [ 37.4586965, 55.7088209 ], [ 37.4585643, 55.7086526 ], [ 37.4584195, 55.7086163 ], [ 37.4582908, 55.7086707 ], [ 37.4582076, 55.7087841 ], [ 37.4580153, 55.7088254 ], [ 37.4577808, 55.708827 ], [ 37.457562, 55.7084936 ], [ 37.4573382, 55.7084622 ], [ 37.4569434, 55.7084815 ], [ 37.4566688, 55.7084235 ], [ 37.456598, 55.7082723 ], [ 37.4559811, 55.7081787 ], [ 37.4558691, 55.7082475 ], [ 37.4557826, 55.7084862 ], [ 37.4553867, 55.7094178 ], [ 37.4550099, 55.7104992 ], [ 37.4550208, 55.7106237 ], [ 37.4551925, 55.7109863 ], [ 37.4552274, 55.7111677 ], [ 37.4553985, 55.7112281 ], [ 37.455837, 55.7103794 ], [ 37.4572274, 55.7106012 ], [ 37.4576059, 55.7106746 ], [ 37.457255, 55.7109169 ], [ 37.4582161, 55.711131 ], [ 37.4587199, 55.7112853 ], [ 37.4588431, 55.7112159 ], [ 37.4589887, 55.7110077 ], [ 37.4592141, 55.7109389 ], [ 37.4595233, 55.7109989 ], [ 37.4599631, 55.7111087 ], [ 37.4603663, 55.7113737 ], [ 37.4609117, 55.7114629 ], [ 37.4622899, 55.7117104 ], [ 37.4628864, 55.711707 ], [ 37.4636702, 55.7119163 ], [ 37.4643514, 55.7121226 ], [ 37.4627544, 55.7130461 ], [ 37.4620908, 55.7127932 ], [ 37.4618005, 55.7129864 ], [ 37.461315, 55.7133094 ], [ 37.4612706, 55.7133389 ], [ 37.460824, 55.7131129 ], [ 37.4601339, 55.7127814 ], [ 37.4592632, 55.7123229 ], [ 37.4591898, 55.712397 ], [ 37.4590358, 55.7124856 ], [ 37.4598753, 55.7128897 ], [ 37.4601723, 55.7130394 ], [ 37.4626278, 55.7142268 ], [ 37.4634666, 55.7147916 ], [ 37.4640845, 55.7152074 ], [ 37.4647111, 55.7156377 ], [ 37.4652347, 55.7160874 ], [ 37.4655265, 55.7164113 ], [ 37.4658744, 55.7167186 ], [ 37.46625, 55.7172488 ], [ 37.4663684, 55.717416 ], [ 37.4666085, 55.717755 ] ] ] } },
{ "type": "Feature", "properties": { "name": "Природный заказник Долина реки Сетунь", "area_ha": 256.9 }, "geometry": { "type": "Polygon", "coordinates": [ [ [ 37.4170853, 55.715757 ], [ 37.4169371, 55.7159927 ], [ 37.4186881, 55.7163118 ], [ 37.4190824, 55.7163837 ], [ 37.4191377, 55.7162967 ], [ 37.4216276, 55.716644 ], [ 37.4231434, 55.7168462 ], [ 37.4230389, 55.7163622 ], [ 37.423003, 55.7161609 ], [ 37.4228209, 55.7153074 ], [ 37.4225462, 55.715131 ], [ 37.4220286, 55.7150501 ], [ 37.4220031, 55.7146304 ], [ 37.4217869, 55.7145216 ], [ 37.4214531, 55.7146012 ], [ 37.4209618, 55.7147237 ], [ 37.4203582, 55.7149669 ], [ 37.420199, 55.714935 ], [ 37.4198772, 55.7147778 ], [ 37.4192065, 55.7146456 ], [ 37.4190187, 55.714876 ], [ 37.4184161, 55.7155275 ], [ 37.4181924, 55.7157957 ], [ 37.4180226, 55.7159611 ], [ 37.4176916, 55.7159788 ], [ 37.4170853, 55.715757 ] ] ] } },
{ "type": "Feature", "properties": { "name": "Природный заказник Долина реки Сетунь", "area_ha": 256.9 }, "geometry": { "type": "Polygon", "coordinates": [ [ [ 37.4773969, 55.7169624 ], [ 37.4777831, 55.717736 ], [ 37.4773797, 55.7178617 ], [ 37.4769849, 55.7177505 ], [ 37.4766931, 55.717765 ], [ 37.4762982, 55.7179439 ], [ 37.4765868, 55.7181031 ], [ 37.4770843, 55.7180848 ], [ 37.4774573, 55.718073 ], [ 37.477895, 55.7179587 ], [ 37.4784296, 55.7183403 ], [ 37.47893, 55.7186735 ], [ 37.4792826, 55.7188851 ], [ 37.4794997, 55.719225 ], [ 37.4794568, 55.7194764 ], [ 37.4793538, 55.7197326 ], [ 37.4793281, 55.7200565 ], [ 37.4795598, 55.7204094 ], [ 37.4796518, 55.7209645 ], [ 37.4791734, 55.7210174 ], [ 37.4789247, 55.7213763 ], [ 37.4795856, 55.7214004 ], [ 37.4801263, 55.7215358 ], [ 37.4801606, 55.7218935 ], [ 37.4795426, 55.7221497 ], [ 37.4791135, 55.7222222 ], [ 37.4791564, 55.7225364 ], [ 37.4795598, 55.7226331 ], [ 37.4800398, 55.7225102 ], [ 37.480279, 55.7225756 ], [ 37.4808988, 55.7225606 ], [ 37.4811734, 55.7227298 ], [ 37.4812764, 55.7230682 ], [ 37.4815339, 55.7234211 ], [ 37.4817056, 55.7237111 ], [ 37.4820747, 55.7237594 ], [ 37.4825296, 55.7236144 ], [ 37.482993, 55.7236144 ], [ 37.4834737, 55.7236966 ], [ 37.4837483, 55.7237208 ], [ 37.4841775, 55.7237111 ], [ 37.4839629, 55.7234307 ], [ 37.483508, 55.7233582 ], [ 37.4834737, 55.7231649 ], [ 37.4837312, 55.723102 ], [ 37.4841088, 55.7230923 ], [ 37.4842805, 55.722841 ], [ 37.4844522, 55.7224639 ], [ 37.4845895, 55.7221256 ], [ 37.4843921, 55.7218258 ], [ 37.4840488, 55.7213908 ], [ 37.4837945, 55.7209061 ], [ 37.4834909, 55.7203272 ], [ 37.4831653, 55.7196704 ], [ 37.4828857, 55.7195098 ], [ 37.482787, 55.7194281 ], [ 37.4823751, 55.7194281 ], [ 37.4821605, 55.7195876 ], [ 37.4818601, 55.7197085 ], [ 37.4816026, 55.7194571 ], [ 37.4813022, 55.71908 ], [ 37.4811906, 55.7188769 ], [ 37.4813022, 55.7186932 ], [ 37.4815168, 55.7186546 ], [ 37.4818172, 55.7184998 ], [ 37.4823579, 55.718524 ], [ 37.4824437, 55.7184128 ], [ 37.4819888, 55.7176393 ], [ 37.4814309, 55.7167836 ], [ 37.4807614, 55.7162276 ], [ 37.4798688, 55.7160825 ], [ 37.4793023, 55.7159955 ], [ 37.4788388, 55.7157538 ], [ 37.4784698, 55.7155023 ], [ 37.4781747, 55.7154201 ], [ 37.4780033, 55.7154371 ], [ 37.4778355, 55.7155061 ], [ 37.4776544, 55.7155507 ], [ 37.4772681, 55.7158021 ], [ 37.4773282, 55.7160584 ], [ 37.4768991, 55.7161889 ], [ 37.4767918, 55.7160387 ], [ 37.476575, 55.716097 ], [ 37.4765033, 55.7161296 ], [ 37.4765911, 55.7162638 ], [ 37.4768229, 55.7163938 ], [ 37.4770106, 55.7166047 ], [ 37.4773969, 55.7169624 ] ] ] } },
{ "type": "Feature", "properties": { "name": "Мозжинский овраг", "area_ha": 61.8 }, "geometry": { "type": "Polygon", "coordinates": [ [ [ 36.8900352, 55.734356 ], [ 36.889502048636174, 55.734105068704253 ], [ 36.890033782357357, 55.734357450675091 ], [ 36.8900352, 55.734356 ] ] ] } },
{ "type": "Feature", "properties": { "name": "Мозжинский овраг", "area_ha": 61.8 }, "geometry": { "type": "Polygon", "coordinates": [ [ [ 36.8889784, 55.7342019 ], [ 36.888896150283415, 55.734326922635368 ], [ 36.8889768, 55.7342063 ], [ 36.889137625142489, 55.734129149468806 ], [ 36.8889784, 55.7342019 ] ] ] } },
{ "type": "Feature", "properties": { "name": "Мозжинский овраг", "area_ha": 61.8 }, "geometry": { "type": "Polygon", "coordinates": [ [ [ 36.888085399782035, 55.734431145655002 ], [ 36.8880788, 55.7344361 ], [ 36.8885414, 55.7348575 ], [ 36.888545684234323, 55.734851092344066 ], [ 36.888085399782035, 55.734431145655002 ] ] ] } },
{ "type": "Feature", "properties": { "name": "Мозжинский овраг", "area_ha": 61.8 }, "geometry": { "type": "Polygon", "coordinates": [ [ [ 36.88915, 55.7336281 ], [ 36.889174416704947, 55.733591090152103 ], [ 36.889145992448064, 55.733631104819267 ], [ 36.88915, 55.7336281 ] ] ] } },
{ "type": "Feature", "properties": { "name": "Солдатенковский парк", "area_ha": 19.9 }, "geometry": { "type": "Polygon", "coordinates": [ [ [ 37.4542805, 55.7358883 ], [ 37.4541101, 55.7359343 ], [ 37.454031, 55.7360087 ], [ 37.4529494, 55.7370348 ], [ 37.4527169, 55.737233 ], [ 37.4527043, 55.7376538 ], [ 37.4523124, 55.738872 ], [ 37.4520661, 55.7401961 ], [ 37.4526406, 55.7401983 ], [ 37.4549222, 55.740207 ], [ 37.455846, 55.7402783 ], [ 37.4563359, 55.7403304 ], [ 37.4563868, 55.7403347 ], [ 37.456376, 55.740375 ], [ 37.4567246, 55.7404047 ], [ 37.456735, 55.7403662 ], [ 37.4568194, 55.7403734 ], [ 37.4576771, 55.7405336 ], [ 37.4588305, 55.7407813 ], [ 37.4606064, 55.7376029 ], [ 37.4603937, 55.7374784 ], [ 37.4603489, 55.7372891 ], [ 37.4542805, 55.7358883 ] ] ] } },
{ "type": "Feature", "properties": { "name": "Ворошиловский парк", "area_ha": 23.8 }, "geometry": { "type": "Polygon", "coordinates": [ [ [ 37.4621647, 55.7380393 ], [ 37.4609399, 55.7377061 ], [ 37.4606064, 55.7376029 ], [ 37.4588305, 55.7407813 ], [ 37.4600419, 55.7410836 ], [ 37.4600718, 55.7410461 ], [ 37.4631214, 55.7417934 ], [ 37.4639633, 55.7420389 ], [ 37.4648997, 55.7423973 ], [ 37.4659289, 55.7428544 ], [ 37.4679789, 55.7438694 ], [ 37.4689348, 55.7443391 ], [ 37.4708569, 55.7454079 ], [ 37.4731958, 55.7445177 ], [ 37.4710361, 55.7435477 ], [ 37.4703021, 55.7432932 ], [ 37.4701784, 55.7432503 ], [ 37.4691929, 55.7429586 ], [ 37.4683551, 55.742569 ], [ 37.4676507, 55.7420879 ], [ 37.4668767, 55.7413883 ], [ 37.4661359, 55.740268 ], [ 37.4669974, 55.739372 ], [ 37.4651568, 55.7388355 ], [ 37.4643557, 55.7386228 ], [ 37.4621647, 55.7380393 ] ] ] } },
{ "type": "Feature", "properties": { "name": "Суворовский парк", "area_ha": 95.4 }, "geometry": { "type": "Polygon", "coordinates": [ [ [ 37.4392452, 55.7369319 ], [ 37.4391194, 55.737039 ], [ 37.4386595, 55.7374302 ], [ 37.4404844, 55.7384147 ], [ 37.4412451, 55.7384304 ], [ 37.4418828, 55.7390241 ], [ 37.4399533, 55.739668 ], [ 37.4394908, 55.7397079 ], [ 37.4372508, 55.7407456 ], [ 37.4373275, 55.7411731 ], [ 37.4368879, 55.741791 ], [ 37.4363184, 55.7421457 ], [ 37.4356391, 55.7415513 ], [ 37.4332371, 55.742649 ], [ 37.4319968, 55.7445586 ], [ 37.4302522, 55.7456495 ], [ 37.4305841, 55.7462721 ], [ 37.429084, 55.7470498 ], [ 37.427539, 55.7477403 ], [ 37.4278557, 55.7480996 ], [ 37.4294543, 55.7489692 ], [ 37.43052, 55.7495229 ], [ 37.4310234, 55.7496409 ], [ 37.4319569, 55.7496356 ], [ 37.4321649, 55.7496344 ], [ 37.4322438, 55.7496591 ], [ 37.4326144, 55.7496015 ], [ 37.4346026, 55.7491574 ], [ 37.4354742, 55.7490266 ], [ 37.4355128, 55.7489433 ], [ 37.4352885, 55.7483219 ], [ 37.4352185, 55.7482613 ], [ 37.4350882, 55.7477899 ], [ 37.4350953, 55.7475565 ], [ 37.4351956, 55.7472898 ], [ 37.4354115, 55.7470639 ], [ 37.4354525, 55.747021 ], [ 37.4360722, 55.7466195 ], [ 37.4369934, 55.7460633 ], [ 37.4386561, 55.7451104 ], [ 37.440916, 55.7438787 ], [ 37.4416686, 55.7434465 ], [ 37.4423571, 55.7430563 ], [ 37.4451448, 55.741864 ], [ 37.4489365, 55.7407535 ], [ 37.4511782, 55.7402833 ], [ 37.4520661, 55.7401961 ], [ 37.4523124, 55.738872 ], [ 37.4527043, 55.7376538 ], [ 37.4527169, 55.737233 ], [ 37.4529494, 55.7370348 ], [ 37.454031, 55.7360087 ], [ 37.4541101, 55.7359343 ], [ 37.4530837, 55.7357541 ], [ 37.4525276, 55.7356564 ], [ 37.4520088, 55.7355609 ], [ 37.4505687, 55.7352989 ], [ 37.4502995, 55.7352468 ], [ 37.4496022, 55.7351119 ], [ 37.4495865, 55.7351406 ], [ 37.4494494, 55.7351155 ], [ 37.4488822, 55.7350119 ], [ 37.4472849, 55.7351223 ], [ 37.4457525, 55.7349892 ], [ 37.4450326, 55.7349266 ], [ 37.4440813, 55.7352562 ], [ 37.4392452, 55.7369319 ] ] ] } },
{ "type": "Feature", "properties": { "name": "Крылатские холмы", "area_ha": 187.4 }, "geometry": { "type": "Polygon", "coordinates": [ [ [ 37.4246949, 55.7694367 ], [ 37.4258326, 55.7689839 ], [ 37.4270141, 55.7685023 ], [ 37.4276304, 55.7682088 ], [ 37.4281025, 55.7678829 ], [ 37.4284351, 55.7676023 ], [ 37.4285799, 55.7674061 ], [ 37.4287123, 55.7674213 ], [ 37.4287322, 55.7673656 ], [ 37.428908, 55.766849 ], [ 37.4289081, 55.7668487 ], [ 37.4312525, 55.7603056 ], [ 37.4329169, 55.7555796 ], [ 37.4329761, 55.7553875 ], [ 37.4329734, 55.7552018 ], [ 37.4329257, 55.7549689 ], [ 37.4323226, 55.7535859 ], [ 37.4316449, 55.752034 ], [ 37.4311893, 55.7510022 ], [ 37.4309921, 55.7505985 ], [ 37.4308199, 55.7502706 ], [ 37.4304804, 55.7500121 ], [ 37.4299451, 55.7497411 ], [ 37.4293944, 55.7494762 ], [ 37.4288803, 55.7492168 ], [ 37.4266454, 55.7478802 ], [ 37.4265003, 55.7479515 ], [ 37.4252832, 55.7485492 ], [ 37.4194344, 55.7514215 ], [ 37.4191425, 55.7515775 ], [ 37.4189428, 55.7517527 ], [ 37.4184282, 55.7524142 ], [ 37.4182182, 55.7525928 ], [ 37.4179019, 55.7527549 ], [ 37.4176359, 55.7528687 ], [ 37.4173273, 55.7529785 ], [ 37.4170706, 55.7530294 ], [ 37.4167436, 55.7530533 ], [ 37.4159976, 55.7530714 ], [ 37.4147614, 55.7530966 ], [ 37.4144388, 55.7531407 ], [ 37.4140557, 55.7532418 ], [ 37.4138278, 55.7533367 ], [ 37.4136899, 55.7534262 ], [ 37.4135636, 55.7535265 ], [ 37.413465, 55.7536271 ], [ 37.4133488, 55.7537874 ], [ 37.4134201, 55.7538047 ], [ 37.4133018, 55.7539672 ], [ 37.4132071, 55.7542004 ], [ 37.4131008, 55.7545249 ], [ 37.4130763, 55.7546831 ], [ 37.4131011, 55.7548058 ], [ 37.4131467, 55.7549526 ], [ 37.4131753, 55.7549905 ], [ 37.4132513, 55.7550747 ], [ 37.4134624, 55.7552513 ], [ 37.4136995, 55.755416 ], [ 37.4138296, 55.7554808 ], [ 37.4140093, 55.7555463 ], [ 37.4142535, 55.7555926 ], [ 37.4175836, 55.7560864 ], [ 37.4180353, 55.7561658 ], [ 37.4183622, 55.75623 ], [ 37.4186444, 55.7563231 ], [ 37.4188367, 55.7564347 ], [ 37.4191003, 55.7565752 ], [ 37.4192781, 55.7566829 ], [ 37.4194587, 55.7568369 ], [ 37.4197486, 55.7571201 ], [ 37.4198662, 55.7572802 ], [ 37.4198993, 55.7573444 ], [ 37.4199553, 55.7575155 ], [ 37.4200071, 55.7575105 ], [ 37.4204451, 55.758666 ], [ 37.4204738, 55.7587198 ], [ 37.420492, 55.7586996 ], [ 37.420517, 55.7587004 ], [ 37.4210571, 55.7587181 ], [ 37.4212335, 55.7590757 ], [ 37.4215172, 55.7592862 ], [ 37.4217653, 55.7599539 ], [ 37.4217996, 55.7600056 ], [ 37.4218518, 55.7600491 ], [ 37.4219195, 55.7600913 ], [ 37.4220143, 55.7601209 ], [ 37.4220234, 55.7602433 ], [ 37.4206646, 55.7602439 ], [ 37.4206065, 55.7602929 ], [ 37.4204424, 55.760513 ], [ 37.4202708, 55.7606915 ], [ 37.4200266, 55.7608707 ], [ 37.4194784, 55.7611348 ], [ 37.4187978, 55.7613501 ], [ 37.4171492, 55.7616793 ], [ 37.4166383, 55.7618394 ], [ 37.4162475, 55.7620039 ], [ 37.4158683, 55.7623454 ], [ 37.4157033, 55.7625941 ], [ 37.4179557, 55.7631357 ], [ 37.4184289, 55.7632771 ], [ 37.4186506, 55.7634042 ], [ 37.4187329, 55.7636691 ], [ 37.4186122, 55.7640835 ], [ 37.4160115, 55.7667088 ], [ 37.4154663, 55.766909 ], [ 37.4148564, 55.7670945 ], [ 37.4136169, 55.7674454 ], [ 37.4134793, 55.7685654 ], [ 37.413984, 55.7687184 ], [ 37.4143918, 55.7689502 ], [ 37.4153271, 55.7695236 ], [ 37.4162207, 55.7696209 ], [ 37.4184179, 55.7694954 ], [ 37.418758, 55.7695591 ], [ 37.4190256, 55.7696093 ], [ 37.4190237, 55.7696634 ], [ 37.4190217, 55.7697211 ], [ 37.4194009, 55.7697273 ], [ 37.4198209, 55.7698131 ], [ 37.4202932, 55.7698966 ], [ 37.4211269, 55.7699956 ], [ 37.4219264, 55.7699553 ], [ 37.4230602, 55.769814 ], [ 37.4241067, 55.7695959 ], [ 37.4246949, 55.7694367 ] ] ] } },
{ "type": "Feature", "properties": { "name": "Ботанический сад Сеченовского университета", "area_ha": 6.0 }, "geometry": { "type": "Polygon", "coordinates": [ [ [ 37.4345934, 55.768494 ], [ 37.4335643, 55.7688275 ], [ 37.4337995, 55.769443 ], [ 37.4408376, 55.76909 ], [ 37.4399203, 55.767385 ], [ 37.4390513, 55.7675238 ], [ 37.4390835, 55.7677381 ], [ 37.4392068, 55.7678256 ], [ 37.4392551, 55.7680127 ], [ 37.4390083, 55.768417 ], [ 37.4388581, 55.7686705 ], [ 37.4386007, 55.7688365 ], [ 37.4382251, 55.768927 ], [ 37.4373722, 55.7689783 ], [ 37.4372274, 55.7686675 ], [ 37.436927, 55.7683235 ], [ 37.4379516, 55.7676596 ], [ 37.4371147, 55.7668357 ], [ 37.4355339, 55.7677342 ], [ 37.4345934, 55.768494 ] ] ] } },
{ "type": "Feature", "properties": { "name": "Хорошёвский Серебряный Бор", "area_ha": 126.8 }, "geometry": { "type": "Polygon", "coordinates": [ [ [ 37.4103924, 55.777348 ], [ 37.4084839, 55.7777176 ], [ 37.407834, 55.7780251 ], [ 37.4075897, 55.7781878 ], [ 37.4072011, 55.7785992 ], [ 37.4070189, 55.7787922 ], [ 37.4070672, 55.7788067 ], [ 37.4070838, 55.7788129 ], [ 37.407067, 55.7788359 ], [ 37.4065107, 55.7796428 ], [ 37.4062811, 55.7801441 ], [ 37.4062157, 55.7802657 ], [ 37.4062639, 55.7803653 ], [ 37.4063981, 55.7804437 ], [ 37.4065804, 55.780498 ], [ 37.4069238, 55.7805614 ], [ 37.4071437, 55.7805946 ], [ 37.407943, 55.7807273 ], [ 37.4083668, 55.7807665 ], [ 37.4159967, 55.7812781 ], [ 37.41813, 55.7814211 ], [ 37.4204099, 55.7815659 ], [ 37.4207157, 55.7815448 ], [ 37.420882, 55.7815328 ], [ 37.4208539, 55.7816615 ], [ 37.4214602, 55.7816272 ], [ 37.4215417, 55.7816336 ], [ 37.4215632, 55.7816188 ], [ 37.4216023, 55.7815957 ], [ 37.4216375, 55.7815781 ], [ 37.4216844, 55.7815501 ], [ 37.421786, 55.7814973 ], [ 37.4218007, 55.781488 ], [ 37.4218447, 55.7814715 ], [ 37.4219023, 55.7814418 ], [ 37.4219238, 55.7814281 ], [ 37.4219698, 55.7814022 ], [ 37.4220177, 55.7813902 ], [ 37.4220675, 55.7813847 ], [ 37.4221046, 55.7813841 ], [ 37.4221858, 55.7814028 ], [ 37.4222053, 55.7814138 ], [ 37.4222239, 55.7814303 ], [ 37.4222444, 55.7814517 ], [ 37.4222493, 55.7815111 ], [ 37.4222405, 55.7815314 ], [ 37.4222327, 55.7815523 ], [ 37.42222, 55.7815864 ], [ 37.4222102, 55.7816138 ], [ 37.4221858, 55.7816468 ], [ 37.4221643, 55.7816798 ], [ 37.4221418, 55.7817122 ], [ 37.4221183, 55.7817342 ], [ 37.4220841, 55.7817524 ], [ 37.4220714, 55.781771 ], [ 37.4220695, 55.7817958 ], [ 37.422089, 55.7818145 ], [ 37.4221105, 55.7818249 ], [ 37.4221633, 55.7818364 ], [ 37.4222024, 55.7818392 ], [ 37.4222561, 55.7818326 ], [ 37.4222845, 55.78182 ], [ 37.4223079, 55.7817996 ], [ 37.4223157, 55.7817749 ], [ 37.4223558, 55.7817194 ], [ 37.4223685, 55.7816924 ], [ 37.4223783, 55.781676 ], [ 37.4223861, 55.78166 ], [ 37.4224008, 55.7816375 ], [ 37.4224575, 55.7815913 ], [ 37.4224868, 55.7815715 ], [ 37.4225054, 55.7815578 ], [ 37.4225288, 55.7815385 ], [ 37.4225484, 55.7815215 ], [ 37.422565, 55.7815056 ], [ 37.4225845, 55.7814891 ], [ 37.422606, 55.7814742 ], [ 37.4226256, 55.7814539 ], [ 37.4226481, 55.7814325 ], [ 37.4226637, 55.781416 ], [ 37.4226969, 55.7813956 ], [ 37.4227676, 55.7813478 ], [ 37.4227807, 55.7813379 ], [ 37.422797, 55.7813267 ], [ 37.4228126, 55.7813147 ], [ 37.4228314, 55.7812968 ], [ 37.4228508, 55.7812827 ], [ 37.4228683, 55.7812658 ], [ 37.4228865, 55.781251 ], [ 37.4229196, 55.7812292 ], [ 37.4229534, 55.7812007 ], [ 37.4229696, 55.7811877 ], [ 37.4229828, 55.7811754 ], [ 37.4229972, 55.781161 ], [ 37.4230134, 55.7811466 ], [ 37.4230278, 55.7811314 ], [ 37.4230453, 55.7811174 ], [ 37.4230679, 55.7811044 ], [ 37.4231035, 55.781085 ], [ 37.423131, 55.7810625 ], [ 37.4231485, 55.7810488 ], [ 37.4231792, 55.7810358 ], [ 37.4232067, 55.7810252 ], [ 37.4232311, 55.7810154 ], [ 37.4232711, 55.780995 ], [ 37.4233456, 55.7809689 ], [ 37.4233625, 55.7809633 ], [ 37.42338, 55.7809534 ], [ 37.4233931, 55.7809432 ], [ 37.4234181, 55.7809264 ], [ 37.423455, 55.7809003 ], [ 37.4234694, 55.7808898 ], [ 37.4234857, 55.7808782 ], [ 37.4235088, 55.7808645 ], [ 37.4235263, 55.7808525 ], [ 37.4235514, 55.780837 ], [ 37.4235651, 55.7808279 ], [ 37.4235745, 55.7808194 ], [ 37.4235833, 55.7808054 ], [ 37.4235964, 55.7807871 ], [ 37.4236133, 55.7807691 ], [ 37.4236464, 55.7807357 ], [ 37.4236733, 55.7806668 ], [ 37.4236783, 55.7806421 ], [ 37.4236865, 55.7806182 ], [ 37.4237084, 55.7805795 ], [ 37.4237184, 55.7805676 ], [ 37.4237246, 55.7805563 ], [ 37.423749, 55.780537 ], [ 37.4237791, 55.780513 ], [ 37.4238034, 55.7804845 ], [ 37.4238085, 55.7804729 ], [ 37.4238097, 55.7804522 ], [ 37.4238085, 55.7804392 ], [ 37.4238066, 55.780417 ], [ 37.4238003, 55.7804036 ], [ 37.4237953, 55.780392 ], [ 37.4237816, 55.7803829 ], [ 37.4237665, 55.7803737 ], [ 37.4237547, 55.780366 ], [ 37.4237321, 55.7803572 ], [ 37.4237184, 55.7803519 ], [ 37.4237065, 55.7803375 ], [ 37.423679, 55.7803259 ], [ 37.4236433, 55.7803132 ], [ 37.4236264, 55.7803062 ], [ 37.4235952, 55.7802935 ], [ 37.4235714, 55.7802854 ], [ 37.4235451, 55.7802788 ], [ 37.4235101, 55.7802742 ], [ 37.4234776, 55.7802657 ], [ 37.423445, 55.7802605 ], [ 37.4233987, 55.7802612 ], [ 37.4233343, 55.780271 ], [ 37.4233131, 55.7802802 ], [ 37.423273, 55.7803136 ], [ 37.423248, 55.7803336 ], [ 37.4232305, 55.7803519 ], [ 37.4232211, 55.7803621 ], [ 37.4232017, 55.7803776 ], [ 37.4231848, 55.7803913 ], [ 37.4231661, 55.7804054 ], [ 37.4231417, 55.7804262 ], [ 37.423103, 55.7804459 ], [ 37.4230705, 55.7804598 ], [ 37.4230438, 55.7804748 ], [ 37.4230075, 55.7804888 ], [ 37.4229675, 55.7805038 ], [ 37.4229331, 55.7805167 ], [ 37.4228701, 55.7805393 ], [ 37.4228453, 55.7805532 ], [ 37.4228205, 55.7805704 ], [ 37.422788, 55.7805897 ], [ 37.4227518, 55.7806112 ], [ 37.4227174, 55.7806316 ], [ 37.4226754, 55.7806552 ], [ 37.4226468, 55.7806692 ], [ 37.42258, 55.7806981 ], [ 37.4225322, 55.7807153 ], [ 37.4224941, 55.7807303 ], [ 37.4224559, 55.7807432 ], [ 37.4224196, 55.780755 ], [ 37.4223776, 55.7807658 ], [ 37.4223509, 55.7807711 ], [ 37.4223165, 55.7807765 ], [ 37.4222764, 55.780784 ], [ 37.4222344, 55.7807958 ], [ 37.4221982, 55.780813 ], [ 37.4221734, 55.7808291 ], [ 37.4221543, 55.7808441 ], [ 37.4221447, 55.7808645 ], [ 37.4221199, 55.7808946 ], [ 37.4221027, 55.7809171 ], [ 37.4220836, 55.7809246 ], [ 37.4220474, 55.7809343 ], [ 37.4220073, 55.7809483 ], [ 37.4219691, 55.7809601 ], [ 37.42195, 55.7809729 ], [ 37.4219137, 55.7809912 ], [ 37.4218756, 55.7810148 ], [ 37.4218431, 55.7810481 ], [ 37.4218145, 55.7810728 ], [ 37.4217916, 55.7810985 ], [ 37.4217782, 55.7811114 ], [ 37.4217439, 55.7811222 ], [ 37.4217057, 55.7811372 ], [ 37.4216637, 55.7811511 ], [ 37.4216102, 55.7811511 ], [ 37.4215721, 55.7811426 ], [ 37.4215511, 55.7811254 ], [ 37.4215339, 55.7811125 ], [ 37.4215186, 55.7810975 ], [ 37.4214995, 55.7810824 ], [ 37.42149, 55.7810685 ], [ 37.4214766, 55.7810556 ], [ 37.4214594, 55.7810395 ], [ 37.4214537, 55.7810148 ], [ 37.4214594, 55.7809901 ], [ 37.4214766, 55.7809654 ], [ 37.4215116, 55.7809254 ], [ 37.421536, 55.7808988 ], [ 37.4215681, 55.7808653 ], [ 37.4216261, 55.7808078 ], [ 37.4216612, 55.7807846 ], [ 37.4216902, 55.7807648 ], [ 37.4217437, 55.7807219 ], [ 37.4218153, 55.7806644 ], [ 37.421829, 55.7806534 ], [ 37.4218514, 55.7806369 ], [ 37.4218798, 55.7806226 ], [ 37.421913, 55.780605 ], [ 37.4219629, 55.7805842 ], [ 37.4219981, 55.7805649 ], [ 37.4220479, 55.7805369 ], [ 37.4221017, 55.7805067 ], [ 37.4221575, 55.7804834 ], [ 37.4221842, 55.7804694 ], [ 37.4222491, 55.7804469 ], [ 37.4222892, 55.7804276 ], [ 37.4223446, 55.7804093 ], [ 37.4223961, 55.7803911 ], [ 37.4224267, 55.7803782 ], [ 37.4224667, 55.7803524 ], [ 37.4224954, 55.7803353 ], [ 37.4225546, 55.7803095 ], [ 37.4226214, 55.7802762 ], [ 37.4226901, 55.7802537 ], [ 37.4227359, 55.7802365 ], [ 37.422776, 55.780215 ], [ 37.4228218, 55.7801957 ], [ 37.4228638, 55.7801753 ], [ 37.4229287, 55.7801495 ], [ 37.4229592, 55.7801377 ], [ 37.4230375, 55.7801077 ], [ 37.4230661, 55.7800937 ], [ 37.4231081, 55.7800744 ], [ 37.423152, 55.7800529 ], [ 37.4231959, 55.7800336 ], [ 37.4232456, 55.7800121 ], [ 37.4233162, 55.7799789 ], [ 37.4233792, 55.7799595 ], [ 37.4234346, 55.779937 ], [ 37.4234804, 55.7798983 ], [ 37.4235185, 55.7798758 ], [ 37.4235357, 55.7798629 ], [ 37.4235854, 55.7798511 ], [ 37.4236274, 55.7798414 ], [ 37.4236522, 55.77982 ], [ 37.4236636, 55.7798028 ], [ 37.4236808, 55.7797813 ], [ 37.423698, 55.7797523 ], [ 37.4237133, 55.7797255 ], [ 37.4237133, 55.7796976 ], [ 37.4237171, 55.7796783 ], [ 37.4237209, 55.7796439 ], [ 37.4237266, 55.7795806 ], [ 37.4237304, 55.7795645 ], [ 37.42374, 55.7795419 ], [ 37.4237533, 55.7795086 ], [ 37.4237648, 55.7794915 ], [ 37.4237839, 55.7794668 ], [ 37.4237992, 55.7794539 ], [ 37.4238278, 55.7794238 ], [ 37.4238431, 55.7794034 ], [ 37.4238431, 55.779383 ], [ 37.4238411, 55.7793637 ], [ 37.4238411, 55.7793412 ], [ 37.4238411, 55.7793186 ], [ 37.4238526, 55.7792961 ], [ 37.4238602, 55.7792553 ], [ 37.423866, 55.7792177 ], [ 37.4238774, 55.7791952 ], [ 37.4238927, 55.7791737 ], [ 37.4239022, 55.7791555 ], [ 37.423929, 55.7791308 ], [ 37.4239461, 55.7791136 ], [ 37.4239671, 55.7790943 ], [ 37.423992, 55.7790717 ], [ 37.4240072, 55.7790545 ], [ 37.4240206, 55.7790256 ], [ 37.4240359, 55.7790041 ], [ 37.4240511, 55.7789762 ], [ 37.4240664, 55.778959 ], [ 37.4240912, 55.7789268 ], [ 37.4241218, 55.7788688 ], [ 37.4241313, 55.7788484 ], [ 37.4241447, 55.7788259 ], [ 37.4241466, 55.7788033 ], [ 37.4241542, 55.7787926 ], [ 37.4241828, 55.7787593 ], [ 37.4241962, 55.7787464 ], [ 37.4242248, 55.7787228 ], [ 37.4242458, 55.7787046 ], [ 37.4242764, 55.778681 ], [ 37.4243222, 55.778653 ], [ 37.4244062, 55.7786165 ], [ 37.4244444, 55.7785983 ], [ 37.4244768, 55.7785833 ], [ 37.4244997, 55.7785715 ], [ 37.4245226, 55.7785586 ], [ 37.4245379, 55.7785403 ], [ 37.4245532, 55.7785199 ], [ 37.4245742, 55.7784995 ], [ 37.4245933, 55.7784781 ], [ 37.4246123, 55.7784598 ], [ 37.4246448, 55.7784491 ], [ 37.4246696, 55.7784469 ], [ 37.4247059, 55.778448 ], [ 37.4247822, 55.7784512 ], [ 37.4248357, 55.7784534 ], [ 37.4248777, 55.7784587 ], [ 37.4249235, 55.7784641 ], [ 37.4249655, 55.7784652 ], [ 37.4250056, 55.7784652 ], [ 37.4250705, 55.7784652 ], [ 37.4251182, 55.7784598 ], [ 37.4251583, 55.7784555 ], [ 37.425206, 55.7784501 ], [ 37.4252652, 55.7784469 ], [ 37.4253263, 55.7784458 ], [ 37.4253797, 55.7784437 ], [ 37.4254255, 55.778448 ], [ 37.4255053, 55.7784506 ], [ 37.4255603, 55.7784523 ], [ 37.4255863, 55.7784528 ], [ 37.4256334, 55.7784517 ], [ 37.4256784, 55.7784413 ], [ 37.4256964, 55.7784199 ], [ 37.4256989, 55.7784053 ], [ 37.4257073, 55.7783742 ], [ 37.4257001, 55.7783537 ], [ 37.4256643, 55.7783285 ], [ 37.4256404, 55.7783067 ], [ 37.4256046, 55.7782933 ], [ 37.4255659, 55.7782782 ], [ 37.4255002, 55.7782564 ], [ 37.4254495, 55.7782379 ], [ 37.4253571, 55.7782128 ], [ 37.4252855, 55.7782027 ], [ 37.4252139, 55.778196 ], [ 37.4251364, 55.7781926 ], [ 37.4250588, 55.7781893 ], [ 37.4250081, 55.7781859 ], [ 37.4249663, 55.7781843 ], [ 37.4249186, 55.7781826 ], [ 37.4248709, 55.7781708 ], [ 37.4248291, 55.7781624 ], [ 37.4247814, 55.7781474 ], [ 37.4247397, 55.7781323 ], [ 37.424689, 55.7781155 ], [ 37.4246442, 55.7781054 ], [ 37.4245846, 55.7781054 ], [ 37.424513, 55.7781205 ], [ 37.4244324, 55.778144 ], [ 37.4243579, 55.7781641 ], [ 37.4242975, 55.7781676 ], [ 37.4242117, 55.7781725 ], [ 37.4241223, 55.7781675 ], [ 37.4240268, 55.7781641 ], [ 37.4239463, 55.7781624 ], [ 37.4238538, 55.7781574 ], [ 37.4237524, 55.7781608 ], [ 37.4237112, 55.7781572 ], [ 37.4236361, 55.7781507 ], [ 37.4235436, 55.778139 ], [ 37.4234392, 55.7781155 ], [ 37.4233557, 55.7781004 ], [ 37.4232841, 55.7780601 ], [ 37.4232215, 55.7780299 ], [ 37.4230992, 55.7779293 ], [ 37.4230843, 55.7779125 ], [ 37.4230664, 55.7778823 ], [ 37.4230694, 55.7778437 ], [ 37.4232544, 55.7777368 ], [ 37.423314, 55.7777045 ], [ 37.4233816, 55.7776909 ], [ 37.4235227, 55.7776626 ], [ 37.4235943, 55.7776475 ], [ 37.423645, 55.7776475 ], [ 37.4237256, 55.7776475 ], [ 37.4237882, 55.7776458 ], [ 37.4238717, 55.7776408 ], [ 37.4239403, 55.777629 ], [ 37.4240298, 55.7776122 ], [ 37.4241252, 55.7775938 ], [ 37.4242266, 55.7775938 ], [ 37.4243131, 55.7776022 ], [ 37.4243877, 55.7776139 ], [ 37.4244444, 55.777619 ], [ 37.42448, 55.777619 ], [ 37.4245189, 55.777619 ], [ 37.4245935, 55.7776072 ], [ 37.4246621, 55.777582 ], [ 37.4247665, 55.7775552 ], [ 37.4248769, 55.7775401 ], [ 37.4249842, 55.7775284 ], [ 37.4250767, 55.7775149 ], [ 37.4251632, 55.7774898 ], [ 37.4252288, 55.7774646 ], [ 37.4252706, 55.7774428 ], [ 37.4253183, 55.777421 ], [ 37.425378, 55.7774026 ], [ 37.425426, 55.7773555 ], [ 37.425438, 55.7773169 ], [ 37.425438, 55.7772582 ], [ 37.425426, 55.7772095 ], [ 37.4254171, 55.7771642 ], [ 37.4254141, 55.7771072 ], [ 37.4254231, 55.7770351 ], [ 37.4254052, 55.7770015 ], [ 37.4253813, 55.7769646 ], [ 37.4253903, 55.7769025 ], [ 37.4253783, 55.7768539 ], [ 37.4253813, 55.7768153 ], [ 37.4253813, 55.7767532 ], [ 37.4253724, 55.7767012 ], [ 37.4253604, 55.7766559 ], [ 37.4253455, 55.776619 ], [ 37.4253425, 55.7765704 ], [ 37.4253634, 55.7765033 ], [ 37.4253585, 55.7764322 ], [ 37.4253585, 55.7764128 ], [ 37.4253623, 55.7763828 ], [ 37.4253585, 55.7763516 ], [ 37.4253508, 55.7763237 ], [ 37.4253375, 55.7762797 ], [ 37.4253241, 55.7762486 ], [ 37.4253127, 55.7762185 ], [ 37.4252955, 55.7761831 ], [ 37.4252745, 55.7761509 ], [ 37.4252631, 55.7761309 ], [ 37.4252554, 55.7761176 ], [ 37.4252306, 55.7760596 ], [ 37.425182, 55.775969 ], [ 37.4251774, 55.7759381 ], [ 37.4251805, 55.7759157 ], [ 37.4252049, 55.7758814 ], [ 37.4252415, 55.7758436 ], [ 37.4252354, 55.7758221 ], [ 37.4252247, 55.7758032 ], [ 37.4252202, 55.7757852 ], [ 37.4252079, 55.7757474 ], [ 37.4252308, 55.7757182 ], [ 37.4252064, 55.7757001 ], [ 37.425185, 55.7756881 ], [ 37.4251667, 55.7756598 ], [ 37.4251339, 55.775644 ], [ 37.4251106, 55.7756289 ], [ 37.4250825, 55.7756159 ], [ 37.4250703, 55.7755959 ], [ 37.4250483, 55.7755657 ], [ 37.425021, 55.7755385 ], [ 37.4249958, 55.7755114 ], [ 37.4249787, 55.7754991 ], [ 37.4249494, 55.7754826 ], [ 37.4248918, 55.7754639 ], [ 37.4248564, 55.7754564 ], [ 37.4248198, 55.7754454 ], [ 37.4247856, 55.7754337 ], [ 37.4247465, 55.7754206 ], [ 37.4247013, 55.7754062 ], [ 37.4246536, 55.775398 ], [ 37.4246157, 55.775389 ], [ 37.424562, 55.7753877 ], [ 37.4245192, 55.7753849 ], [ 37.4244618, 55.7753904 ], [ 37.4244025, 55.7753827 ], [ 37.424351, 55.7753827 ], [ 37.4242689, 55.7754085 ], [ 37.424225, 55.7754128 ], [ 37.4241849, 55.7754095 ], [ 37.4241162, 55.775416 ], [ 37.4240742, 55.7754224 ], [ 37.4239845, 55.775431 ], [ 37.4239024, 55.775431 ], [ 37.423826, 55.7754203 ], [ 37.4237688, 55.7754235 ], [ 37.4236731, 55.7754591 ], [ 37.4235665, 55.7754809 ], [ 37.4234774, 55.7754766 ], [ 37.4233678, 55.7754792 ], [ 37.4232688, 55.7754976 ], [ 37.423198, 55.7755036 ], [ 37.4230609, 55.7755036 ], [ 37.422984, 55.7755169 ], [ 37.4229452, 55.7755349 ], [ 37.4228888, 55.7755696 ], [ 37.4228195, 55.7755828 ], [ 37.4227381, 55.7755893 ], [ 37.4226056, 55.7755683 ], [ 37.4225728, 55.775564 ], [ 37.4224754, 55.775558 ], [ 37.4223749, 55.7755657 ], [ 37.4222957, 55.7755738 ], [ 37.4221442, 55.775597 ], [ 37.4220764, 55.7756072 ], [ 37.4218678, 55.7756659 ], [ 37.4217893, 55.7756736 ], [ 37.4216439, 55.7756719 ], [ 37.4215335, 55.7756676 ], [ 37.421468, 55.7756758 ], [ 37.4213355, 55.7757169 ], [ 37.4211871, 55.7757357 ], [ 37.4211018, 55.7757413 ], [ 37.4210287, 55.7757447 ], [ 37.4209442, 55.7757541 ], [ 37.4207287, 55.7757931 ], [ 37.4206396, 55.7758042 ], [ 37.420367, 55.7758291 ], [ 37.4201889, 55.7758239 ], [ 37.4200785, 55.7758047 ], [ 37.4199665, 55.7757991 ], [ 37.419914, 55.7757982 ], [ 37.4198584, 55.7758481 ], [ 37.4197598, 55.7758773 ], [ 37.4196324, 55.7758743 ], [ 37.4194566, 55.7758995 ], [ 37.4194458, 55.7759389 ], [ 37.4193668, 55.7759752 ], [ 37.4192466, 55.7759903 ], [ 37.4191444, 55.7759934 ], [ 37.4190654, 55.7759419 ], [ 37.4189668, 55.7759621 ], [ 37.4188483, 55.7759954 ], [ 37.4187192, 55.7759681 ], [ 37.4186156, 55.7759582 ], [ 37.4186008, 55.7760075 ], [ 37.4184483, 55.7760327 ], [ 37.4184231, 55.7760872 ], [ 37.4183334, 55.7761074 ], [ 37.4181917, 55.7761306 ], [ 37.4181002, 55.776061 ], [ 37.4178957, 55.7760105 ], [ 37.4176265, 55.7760287 ], [ 37.4177736, 55.7764913 ], [ 37.4178082, 55.7766002 ], [ 37.4138279, 55.7767897 ], [ 37.4122108, 55.7768584 ], [ 37.4116786, 55.7770989 ], [ 37.4103924, 55.777348 ] ] ] } },
{ "type": "Feature", "properties": { "name": "Хорошёвский Серебряный Бор", "area_ha": 126.8 }, "geometry": { "type": "Polygon", "coordinates": [ [ [ 37.425359, 55.7787301 ], [ 37.4252655, 55.7787333 ], [ 37.42517, 55.7787466 ], [ 37.4250652, 55.7787682 ], [ 37.4249946, 55.7787959 ], [ 37.4249205, 55.7788333 ], [ 37.4248626, 55.7788677 ], [ 37.4248179, 55.7789027 ], [ 37.4247694, 55.7789342 ], [ 37.4247296, 55.7789653 ], [ 37.4246961, 55.7789989 ], [ 37.4246867, 55.7790323 ], [ 37.424688, 55.7790556 ], [ 37.4246933, 55.7790724 ], [ 37.424704, 55.779116 ], [ 37.4247176, 55.7791598 ], [ 37.4247483, 55.7792731 ], [ 37.4247589, 55.7794299 ], [ 37.4247964, 55.7794738 ], [ 37.4248516, 55.7795031 ], [ 37.4249279, 55.7795195 ], [ 37.4250345, 55.7795261 ], [ 37.4252586, 55.779529 ], [ 37.4253681, 55.7795123 ], [ 37.4255612, 55.7794916 ], [ 37.4256725, 55.7794624 ], [ 37.4257464, 55.7794364 ], [ 37.4258282, 55.779402 ], [ 37.4259503, 55.7793326 ], [ 37.4260379, 55.7792727 ], [ 37.4260998, 55.7792449 ], [ 37.4261674, 55.7792226 ], [ 37.4262391, 55.7792008 ], [ 37.4263078, 55.7791834 ], [ 37.4263599, 55.7791648 ], [ 37.4264042, 55.7791544 ], [ 37.4264912, 55.7791 ], [ 37.4265713, 55.7790813 ], [ 37.4266632, 55.7790741 ], [ 37.4267404, 55.7790747 ], [ 37.4268513, 55.779045 ], [ 37.4269433, 55.778997 ], [ 37.4270081, 55.7789398 ], [ 37.4270423, 55.7789203 ], [ 37.4270766, 55.7788938 ], [ 37.427115, 55.7788653 ], [ 37.4271538, 55.7788383 ], [ 37.4271713, 55.7788069 ], [ 37.4271788, 55.7787703 ], [ 37.4271762, 55.7787243 ], [ 37.4271194, 55.7786547 ], [ 37.4269504, 55.7785611 ], [ 37.4269054, 55.7785488 ], [ 37.4268569, 55.7785408 ], [ 37.4267785, 55.7785173 ], [ 37.4266925, 55.7785041 ], [ 37.4265525, 55.7785054 ], [ 37.4264171, 55.778497 ], [ 37.4263135, 55.7785065 ], [ 37.426165, 55.7785395 ], [ 37.4260594, 55.7785681 ], [ 37.4259724, 55.7786011 ], [ 37.4259118, 55.7786148 ], [ 37.4258373, 55.7786373 ], [ 37.4257745, 55.7786428 ], [ 37.4256778, 55.7786926 ], [ 37.4256217, 55.778724 ], [ 37.4255497, 55.7787411 ], [ 37.4254903, 55.778746 ], [ 37.4254246, 55.778742 ], [ 37.425359, 55.7787301 ] ] ] } },
{ "type": "Feature", "properties": { "name": "Хорошёвский Серебряный Бор", "area_ha": 126.8 }, "geometry": { "type": "Polygon", "coordinates": [ [ [ 37.4418535, 55.778861 ], [ 37.4416614, 55.7788061 ], [ 37.4411423, 55.7787526 ], [ 37.4406837, 55.7788167 ], [ 37.440622, 55.7788574 ], [ 37.4402881, 55.7787405 ], [ 37.4403202, 55.7787013 ], [ 37.4403229, 55.7786515 ], [ 37.4402879, 55.7782977 ], [ 37.4394959, 55.7778931 ], [ 37.4394609, 55.7778758 ], [ 37.4383082, 55.7773079 ], [ 37.4381714, 55.7772405 ], [ 37.4379004, 55.7771069 ], [ 37.4376558, 55.7769927 ], [ 37.4371716, 55.7767757 ], [ 37.4362175, 55.776406 ], [ 37.4358878, 55.7762356 ], [ 37.4355965, 55.776085 ], [ 37.4344761, 55.775709 ], [ 37.4341153, 55.775643 ], [ 37.4335238, 55.7755775 ], [ 37.4331769, 55.7755571 ], [ 37.4331762, 55.7754869 ], [ 37.4331904, 55.7752871 ], [ 37.4332118, 55.7748406 ], [ 37.4330376, 55.77486 ], [ 37.432971, 55.7748721 ], [ 37.4329091, 55.7748808 ], [ 37.4328591, 55.7748901 ], [ 37.432777, 55.7749008 ], [ 37.4307321, 55.7750123 ], [ 37.4303287, 55.7750343 ], [ 37.4302312, 55.7750249 ], [ 37.4301419, 55.7750049 ], [ 37.4300848, 55.7749968 ], [ 37.430023, 55.7750109 ], [ 37.429948, 55.7750464 ], [ 37.4298338, 55.7750711 ], [ 37.4297672, 55.7750711 ], [ 37.4296232, 55.7750584 ], [ 37.4295452, 55.7750532 ], [ 37.4294318, 55.7750683 ], [ 37.4292946, 55.7750884 ], [ 37.4292081, 55.7751018 ], [ 37.4289933, 55.7750981 ], [ 37.4289193, 55.7750941 ], [ 37.4286497, 55.7750994 ], [ 37.4284516, 55.7751196 ], [ 37.4283037, 55.7751383 ], [ 37.4282345, 55.775141 ], [ 37.4281009, 55.7751464 ], [ 37.4280078, 55.7751545 ], [ 37.4278742, 55.7751692 ], [ 37.4277883, 55.7751773 ], [ 37.4275998, 55.7751893 ], [ 37.4274757, 55.7751961 ], [ 37.4273469, 55.7751813 ], [ 37.4272419, 55.7751961 ], [ 37.427187, 55.7752055 ], [ 37.4266859, 55.7752645 ], [ 37.4265826, 55.7752867 ], [ 37.4265874, 55.7753055 ], [ 37.4266041, 55.7753229 ], [ 37.4265898, 55.775335 ], [ 37.4265683, 55.7753511 ], [ 37.4265516, 55.7753753 ], [ 37.4265301, 55.7753994 ], [ 37.426523, 55.775429 ], [ 37.4265134, 55.7754531 ], [ 37.4265015, 55.775488 ], [ 37.4264824, 55.7755202 ], [ 37.4264657, 55.7755404 ], [ 37.4264466, 55.7755632 ], [ 37.4264323, 55.775594 ], [ 37.4264204, 55.7756128 ], [ 37.4264084, 55.7756343 ], [ 37.4264084, 55.7756491 ], [ 37.4264275, 55.7756759 ], [ 37.4264251, 55.7756974 ], [ 37.4264084, 55.7757162 ], [ 37.4263727, 55.775739 ], [ 37.4263727, 55.775777 ], [ 37.4263757, 55.7758526 ], [ 37.4263803, 55.775911 ], [ 37.4263818, 55.7759892 ], [ 37.4263849, 55.7760467 ], [ 37.4263757, 55.7760828 ], [ 37.4264016, 55.7761474 ], [ 37.4264075, 55.7762145 ], [ 37.4264225, 55.7762766 ], [ 37.4264463, 55.7763185 ], [ 37.4264493, 55.7763588 ], [ 37.4264344, 55.7764058 ], [ 37.4264433, 55.7764326 ], [ 37.4264761, 55.7764527 ], [ 37.4265089, 55.7764628 ], [ 37.4265149, 55.7764846 ], [ 37.426497, 55.7765098 ], [ 37.4264791, 55.7765383 ], [ 37.4264791, 55.7765785 ], [ 37.4264851, 55.7766154 ], [ 37.4264991, 55.7766343 ], [ 37.4264942, 55.7766659 ], [ 37.4265076, 55.776703 ], [ 37.426554, 55.7767408 ], [ 37.4265791, 55.7767852 ], [ 37.4265778, 55.7768127 ], [ 37.4265852, 55.7768422 ], [ 37.4265791, 55.7768663 ], [ 37.4265388, 55.7768927 ], [ 37.4265125, 55.7769022 ], [ 37.4264635, 55.776948 ], [ 37.4264529, 55.7769823 ], [ 37.4264696, 55.7770098 ], [ 37.4264801, 55.7770819 ], [ 37.4264563, 55.7771208 ], [ 37.4264706, 55.7771477 ], [ 37.4264968, 55.7771691 ], [ 37.4264968, 55.7772 ], [ 37.4265064, 55.7772389 ], [ 37.4265231, 55.7772778 ], [ 37.4265493, 55.7772939 ], [ 37.4265923, 55.7773141 ], [ 37.4266519, 55.7773248 ], [ 37.4267283, 55.7773503 ], [ 37.4267665, 55.7773637 ], [ 37.426807, 55.7773476 ], [ 37.4268166, 55.7773208 ], [ 37.4268768, 55.7772855 ], [ 37.4269246, 55.7772818 ], [ 37.4268622, 55.7773264 ], [ 37.4268342, 55.7773828 ], [ 37.4268229, 55.7774228 ], [ 37.426829, 55.7774647 ], [ 37.4268595, 55.777497 ], [ 37.4269047, 55.7775142 ], [ 37.4270684, 55.7775039 ], [ 37.4271381, 55.7775025 ], [ 37.4271906, 55.7774929 ], [ 37.4272668, 55.7774737 ], [ 37.4274183, 55.777385 ], [ 37.4274593, 55.7773797 ], [ 37.4275256, 55.7774134 ], [ 37.4276549, 55.7774151 ], [ 37.4277654, 55.7773832 ], [ 37.4278505, 55.7773903 ], [ 37.4279294, 55.7773761 ], [ 37.4279736, 55.7773779 ], [ 37.428002, 55.7773282 ], [ 37.4280335, 55.7773122 ], [ 37.4281187, 55.7772963 ], [ 37.4281566, 55.7773087 ], [ 37.4282008, 55.777314 ], [ 37.4284437, 55.777243 ], [ 37.4285068, 55.7772696 ], [ 37.4284879, 55.7772945 ], [ 37.4284784, 55.7773193 ], [ 37.4285163, 55.7773317 ], [ 37.4286457, 55.7773548 ], [ 37.4286867, 55.7773122 ], [ 37.4289738, 55.7772412 ], [ 37.4290156, 55.7772009 ], [ 37.4290562, 55.7771874 ], [ 37.4291039, 55.7771821 ], [ 37.4291182, 55.7771968 ], [ 37.4290944, 55.7772156 ], [ 37.4291397, 55.7772183 ], [ 37.4292041, 55.7772009 ], [ 37.4292304, 55.7771888 ], [ 37.4292447, 55.777178 ], [ 37.4292846, 55.7771529 ], [ 37.4293446, 55.7771392 ], [ 37.4293809, 55.7771329 ], [ 37.4294266, 55.7771322 ], [ 37.4294691, 55.7771325 ], [ 37.4294985, 55.7771396 ], [ 37.4295098, 55.7771505 ], [ 37.4295304, 55.7771786 ], [ 37.4295335, 55.7772008 ], [ 37.4295398, 55.7772215 ], [ 37.4295641, 55.7772339 ], [ 37.4295781, 55.7772445 ], [ 37.4295766, 55.7772585 ], [ 37.4295664, 55.7772748 ], [ 37.4295641, 55.7772893 ], [ 37.4295852, 55.7773065 ], [ 37.4296047, 55.7773201 ], [ 37.4296273, 55.7773625 ], [ 37.4296117, 55.7774144 ], [ 37.4296117, 55.7774462 ], [ 37.4296453, 55.777478 ], [ 37.4296666, 55.7775063 ], [ 37.4296483, 55.7775424 ], [ 37.4296544, 55.7776 ], [ 37.4296743, 55.7776377 ], [ 37.4297322, 55.7777509 ], [ 37.4297489, 55.77781 ], [ 37.4297656, 55.7778556 ], [ 37.4298311, 55.777913 ], [ 37.4297648, 55.7779502 ], [ 37.4296702, 55.7779626 ], [ 37.4296057, 55.7779012 ], [ 37.4295938, 55.777865 ], [ 37.4295699, 55.7778556 ], [ 37.429527, 55.7778489 ], [ 37.4295062, 55.7778212 ], [ 37.4294452, 55.7777912 ], [ 37.4293817, 55.7777984 ], [ 37.429348, 55.7778207 ], [ 37.4292955, 55.7778167 ], [ 37.4292287, 55.7778274 ], [ 37.4292048, 55.7778476 ], [ 37.4291667, 55.7778717 ], [ 37.4291118, 55.7778892 ], [ 37.4290402, 55.7779026 ], [ 37.428971, 55.7779254 ], [ 37.4289352, 55.7779348 ], [ 37.4289114, 55.7779402 ], [ 37.4288326, 55.7779294 ], [ 37.4287753, 55.7779442 ], [ 37.4286321, 55.7779821 ], [ 37.4286144, 55.778044 ], [ 37.4286349, 55.7781132 ], [ 37.4286664, 55.778154 ], [ 37.4286286, 55.7781833 ], [ 37.4286144, 55.7782063 ], [ 37.4286444, 55.7782356 ], [ 37.4287201, 55.778288 ], [ 37.4287769, 55.7783385 ], [ 37.4288195, 55.7783447 ], [ 37.4288068, 55.7783714 ], [ 37.4288289, 55.7783962 ], [ 37.4290119, 55.7784832 ], [ 37.4290514, 55.7784725 ], [ 37.4290624, 55.7784619 ], [ 37.4291224, 55.7785009 ], [ 37.4291839, 55.7785204 ], [ 37.4292028, 55.7785053 ], [ 37.4292407, 55.7784973 ], [ 37.429258, 55.7785115 ], [ 37.4292296, 55.7785364 ], [ 37.4292167, 55.778569 ], [ 37.4292457, 55.7785862 ], [ 37.4293007, 55.7785956 ], [ 37.4293511, 55.7785922 ], [ 37.4294061, 55.7785853 ], [ 37.429458, 55.7785853 ], [ 37.4295175, 55.7785956 ], [ 37.4295786, 55.7786119 ], [ 37.4296168, 55.7786351 ], [ 37.4296412, 55.7786566 ], [ 37.4296489, 55.7786858 ], [ 37.4296428, 55.7787184 ], [ 37.4296473, 55.7787562 ], [ 37.4296565, 55.7787837 ], [ 37.4296565, 55.7788163 ], [ 37.4296489, 55.7788558 ], [ 37.4296686, 55.7788839 ], [ 37.4296519, 55.7789177 ], [ 37.4296203, 55.7789635 ], [ 37.4295845, 55.7790024 ], [ 37.429563, 55.7790252 ], [ 37.4295392, 55.7790507 ], [ 37.4295105, 55.7790681 ], [ 37.4294795, 55.7790842 ], [ 37.4294509, 55.7791151 ], [ 37.429439, 55.7791366 ], [ 37.4294342, 55.7791607 ], [ 37.429439, 55.7791876 ], [ 37.4294437, 55.7792117 ], [ 37.4294318, 55.7792238 ], [ 37.4293841, 55.7792292 ], [ 37.4293626, 55.7792815 ], [ 37.4291296, 55.7792168 ], [ 37.4290127, 55.7792034 ], [ 37.4289173, 55.779194 ], [ 37.4288839, 55.7791857 ], [ 37.4287283, 55.7792222 ], [ 37.4286496, 55.7792168 ], [ 37.4285597, 55.7792534 ], [ 37.4285401, 55.7792513 ], [ 37.428499, 55.7792505 ], [ 37.4284795, 55.7792489 ], [ 37.4284447, 55.7792419 ], [ 37.428425, 55.7792398 ], [ 37.4283865, 55.7792354 ], [ 37.4283667, 55.7792333 ], [ 37.4283301, 55.7792308 ], [ 37.4283103, 55.7792286 ], [ 37.4282677, 55.779227 ], [ 37.4281951, 55.7792193 ], [ 37.4281294, 55.7792061 ], [ 37.4279761, 55.7792142 ], [ 37.4278926, 55.7791954 ], [ 37.4278353, 55.7791883 ], [ 37.4277948, 55.7791833 ], [ 37.4277279, 55.779182 ], [ 37.4276301, 55.7791914 ], [ 37.4275394, 55.7791914 ], [ 37.4274655, 55.7791887 ], [ 37.4274178, 55.7791739 ], [ 37.4273653, 55.7791806 ], [ 37.4273008, 55.7791914 ], [ 37.4272221, 55.7792168 ], [ 37.4271696, 55.7792303 ], [ 37.4269811, 55.7792383 ], [ 37.4269381, 55.7792611 ], [ 37.4268785, 55.7793175 ], [ 37.4267057, 55.7793553 ], [ 37.4265981, 55.7793981 ], [ 37.4265686, 55.7794236 ], [ 37.4265205, 55.7794325 ], [ 37.4264334, 55.7794646 ], [ 37.4263723, 55.7795026 ], [ 37.4263279, 55.7795412 ], [ 37.4262638, 55.7795654 ], [ 37.4261473, 55.7795901 ], [ 37.4260862, 55.7796148 ], [ 37.4260431, 55.7796682 ], [ 37.4259362, 55.7797026 ], [ 37.4258934, 55.7797631 ], [ 37.4258435, 55.7798099 ], [ 37.4258239, 55.7798549 ], [ 37.4258179, 55.7798989 ], [ 37.4257951, 55.7799425 ], [ 37.4257493, 55.7799794 ], [ 37.4257287, 55.779992 ], [ 37.4256952, 55.7800187 ], [ 37.4256522, 55.7800746 ], [ 37.4256013, 55.7801765 ], [ 37.4255452, 55.7802054 ], [ 37.4254928, 55.7802223 ], [ 37.4254479, 55.7802569 ], [ 37.4254156, 55.7802987 ], [ 37.4254127, 55.7803405 ], [ 37.42544, 55.7803927 ], [ 37.4254792, 55.7804179 ], [ 37.4255853, 55.7804894 ], [ 37.425726, 55.7805493 ], [ 37.4258081, 55.7805705 ], [ 37.4258923, 55.7805749 ], [ 37.4260276, 55.7805965 ], [ 37.4261546, 55.7806152 ], [ 37.4262375, 55.780633 ], [ 37.4263254, 55.7806609 ], [ 37.4264193, 55.7807229 ], [ 37.426586, 55.7808053 ], [ 37.4267715, 55.7808734 ], [ 37.4270292, 55.7809888 ], [ 37.4271209, 55.7810438 ], [ 37.4271948, 55.7811013 ], [ 37.4272539, 55.781163 ], [ 37.4272638, 55.7812051 ], [ 37.4272902, 55.7812518 ], [ 37.427297, 55.7812842 ], [ 37.4273258, 55.781332 ], [ 37.4274021, 55.7814319 ], [ 37.4274517, 55.7814734 ], [ 37.4275204, 55.7814964 ], [ 37.4276796, 55.781506 ], [ 37.4280976, 55.7814856 ], [ 37.4283458, 55.7814909 ], [ 37.4285061, 55.7815167 ], [ 37.428657, 55.78155 ], [ 37.4287454, 55.7815733 ], [ 37.4288236, 55.7815985 ], [ 37.4289464, 55.7816547 ], [ 37.4290129, 55.7816987 ], [ 37.4290627, 55.7817443 ], [ 37.4290983, 55.7817925 ], [ 37.4291073, 55.7818232 ], [ 37.4290975, 55.7818612 ], [ 37.4290533, 55.7818871 ], [ 37.4289415, 55.7819522 ], [ 37.4286897, 55.7821579 ], [ 37.4285637, 55.7822521 ], [ 37.4284194, 55.7823499 ], [ 37.4282671, 55.7824787 ], [ 37.4282154, 55.7825336 ], [ 37.4281449, 55.7825946 ], [ 37.4280082, 55.7826737 ], [ 37.4279769, 55.7826918 ], [ 37.4277837, 55.7827803 ], [ 37.4277052, 55.7828085 ], [ 37.4275632, 55.7828411 ], [ 37.4274914, 55.7828497 ], [ 37.4274438, 55.7828629 ], [ 37.4273925, 55.7828622 ], [ 37.4273289, 55.7828664 ], [ 37.4272336, 55.7828835 ], [ 37.4271335, 55.7829193 ], [ 37.4270345, 55.7829364 ], [ 37.4269795, 55.782955 ], [ 37.4268225, 55.7829848 ], [ 37.426625, 55.7829917 ], [ 37.4264843, 55.7830048 ], [ 37.4263835, 55.7830255 ], [ 37.4262582, 55.7830409 ], [ 37.4261507, 55.783048 ], [ 37.4260676, 55.7830458 ], [ 37.4259971, 55.7830332 ], [ 37.4259284, 55.7830332 ], [ 37.4258429, 55.7830212 ], [ 37.4258003, 55.7829934 ], [ 37.4257544, 55.7829519 ], [ 37.4257067, 55.782894 ], [ 37.4256799, 55.7828016 ], [ 37.4256723, 55.7827383 ], [ 37.425613, 55.7827013 ], [ 37.4255661, 55.7826986 ], [ 37.4253126, 55.7827012 ], [ 37.4252418, 55.7827085 ], [ 37.4251615, 55.7827681 ], [ 37.4250359, 55.7827938 ], [ 37.4249556, 55.7828468 ], [ 37.4248813, 55.7828787 ], [ 37.4247708, 55.7829012 ], [ 37.4246711, 55.7829056 ], [ 37.4245971, 55.7829224 ], [ 37.4243675, 55.7829264 ], [ 37.4242606, 55.7829015 ], [ 37.4242117, 55.7828877 ], [ 37.4241797, 55.7828654 ], [ 37.4240974, 55.7828511 ], [ 37.4239977, 55.7828301 ], [ 37.4239219, 55.7827978 ], [ 37.4238584, 55.7827593 ], [ 37.4237998, 55.782714 ], [ 37.4237668, 55.7826824 ], [ 37.4237546, 55.7826487 ], [ 37.4237668, 55.7826206 ], [ 37.4237477, 55.7825888 ], [ 37.4237379, 55.7825497 ], [ 37.4237416, 55.7825208 ], [ 37.423766, 55.7824418 ], [ 37.4237587, 55.782402 ], [ 37.4237184, 55.7823536 ], [ 37.4236976, 55.7823075 ], [ 37.4237112, 55.7822592 ], [ 37.4237572, 55.7821949 ], [ 37.4237936, 55.7821662 ], [ 37.4238422, 55.7821278 ], [ 37.4239263, 55.7820811 ], [ 37.424008, 55.7820482 ], [ 37.4240837, 55.7820028 ], [ 37.4242035, 55.7819575 ], [ 37.4243073, 55.7819307 ], [ 37.424389, 55.7819175 ], [ 37.4245312, 55.7818957 ], [ 37.4246114, 55.7818852 ], [ 37.4246774, 55.7818845 ], [ 37.4247458, 55.7818907 ], [ 37.4248061, 55.7819086 ], [ 37.4248453, 55.7819198 ], [ 37.4248619, 55.781934 ], [ 37.4248944, 55.7820682 ], [ 37.424944, 55.7821186 ], [ 37.4249627, 55.7821546 ], [ 37.4249994, 55.782212 ], [ 37.4250153, 55.7822653 ], [ 37.4250487, 55.7823244 ], [ 37.4251107, 55.78237 ], [ 37.4252126, 55.7824098 ], [ 37.4252672, 55.782414 ], [ 37.4253377, 55.7824069 ], [ 37.4254316, 55.782381 ], [ 37.4255151, 55.7823654 ], [ 37.4255629, 55.7823704 ], [ 37.4255942, 55.7823792 ], [ 37.4256411, 55.7823972 ], [ 37.425689, 55.7824093 ], [ 37.4258054, 55.7824222 ], [ 37.4259104, 55.7824362 ], [ 37.4260192, 55.7824426 ], [ 37.4261051, 55.7824641 ], [ 37.426214, 55.7825027 ], [ 37.4262878, 55.7825556 ], [ 37.4263768, 55.7825909 ], [ 37.4264347, 55.7826226 ], [ 37.4264621, 55.7826455 ], [ 37.426471, 55.7826664 ], [ 37.4264692, 55.7827924 ], [ 37.4264897, 55.7828132 ], [ 37.4265263, 55.7828297 ], [ 37.4266229, 55.7828538 ], [ 37.4267255, 55.78286 ], [ 37.4268252, 55.7828577 ], [ 37.4269077, 55.782846 ], [ 37.4269683, 55.7828191 ], [ 37.4270141, 55.7827908 ], [ 37.4270409, 55.7827586 ], [ 37.4270615, 55.7827337 ], [ 37.4270819, 55.7826599 ], [ 37.4270813, 55.7825471 ], [ 37.4271118, 55.7824743 ], [ 37.4271052, 55.7824511 ], [ 37.4270864, 55.7824273 ], [ 37.4270825, 55.782404 ], [ 37.4270973, 55.7823856 ], [ 37.4271084, 55.7823615 ], [ 37.4271091, 55.7823019 ], [ 37.4271263, 55.7822689 ], [ 37.4271373, 55.7822394 ], [ 37.427181, 55.7821955 ], [ 37.4272272, 55.7821621 ], [ 37.4272669, 55.7821073 ], [ 37.4273763, 55.7820636 ], [ 37.4274672, 55.7820157 ], [ 37.4275327, 55.7820058 ], [ 37.4275835, 55.7820036 ], [ 37.4276138, 55.7819784 ], [ 37.4276586, 55.7819597 ], [ 37.427782, 55.781948 ], [ 37.4278871, 55.7819357 ], [ 37.4279592, 55.7819157 ], [ 37.4279912, 55.7818837 ], [ 37.4279391, 55.7818552 ], [ 37.4279345, 55.781814 ], [ 37.4278978, 55.7818002 ], [ 37.4277864, 55.7817985 ], [ 37.4277131, 55.7817813 ], [ 37.4276138, 55.781777 ], [ 37.4275313, 55.7817693 ], [ 37.4274779, 55.7817461 ], [ 37.4274046, 55.7817135 ], [ 37.4273407, 55.7816758 ], [ 37.4272815, 55.7816387 ], [ 37.4271972, 55.7815969 ], [ 37.4271137, 55.7815165 ], [ 37.4270996, 55.7814413 ], [ 37.4271737, 55.7813929 ], [ 37.4270547, 55.7812564 ], [ 37.426934, 55.7811788 ], [ 37.426884, 55.7811349 ], [ 37.4267149, 55.7810769 ], [ 37.4265265, 55.7810255 ], [ 37.4263566, 55.7809582 ], [ 37.4262296, 55.7808895 ], [ 37.4260146, 55.780805 ], [ 37.4259327, 55.7807823 ], [ 37.4258735, 55.7807854 ], [ 37.4258348, 55.7807903 ], [ 37.4258128, 55.7808089 ], [ 37.4257945, 55.7808315 ], [ 37.4257578, 55.7808707 ], [ 37.4257407, 55.7809504 ], [ 37.4257132, 55.7810116 ], [ 37.4256985, 55.7810479 ], [ 37.4256878, 55.7810726 ], [ 37.425675, 55.7810957 ], [ 37.4256506, 55.7811177 ], [ 37.4256066, 55.7811331 ], [ 37.4255724, 55.7811479 ], [ 37.4254806, 55.7811738 ], [ 37.4253479, 55.7812016 ], [ 37.4252572, 55.7812179 ], [ 37.4251696, 55.7812236 ], [ 37.4250938, 55.7812232 ], [ 37.425039, 55.7812135 ], [ 37.4249413, 55.7811977 ], [ 37.4249046, 55.7811906 ], [ 37.4248529, 55.7811752 ], [ 37.4247824, 55.7811463 ], [ 37.4247407, 55.7811267 ], [ 37.4247119, 55.7811119 ], [ 37.4246671, 55.7810824 ], [ 37.4246171, 55.7810559 ], [ 37.4245937, 55.7810387 ], [ 37.4245822, 55.7810277 ], [ 37.4245434, 55.78101 ], [ 37.4245042, 55.7809923 ], [ 37.4244883, 55.7809834 ], [ 37.4244455, 55.7809683 ], [ 37.4244211, 55.7809477 ], [ 37.4243893, 55.7809257 ], [ 37.4243722, 55.7809106 ], [ 37.4243661, 55.7808948 ], [ 37.4243624, 55.780881 ], [ 37.424349, 55.7808528 ], [ 37.4243441, 55.7808405 ], [ 37.4243466, 55.780802 ], [ 37.4243111, 55.7807608 ], [ 37.4242977, 55.7807505 ], [ 37.4242769, 55.7807395 ], [ 37.4242476, 55.7807299 ], [ 37.424222, 55.7807209 ], [ 37.4241902, 55.7807141 ], [ 37.4241535, 55.7807141 ], [ 37.4241132, 55.7807161 ], [ 37.4240778, 55.7807216 ], [ 37.4240473, 55.7807354 ], [ 37.4240277, 55.7807711 ], [ 37.4240228, 55.7807835 ], [ 37.4240204, 55.7807972 ], [ 37.4240216, 55.7808123 ], [ 37.4240204, 55.7808377 ], [ 37.4240204, 55.7808528 ], [ 37.4240265, 55.7808769 ], [ 37.4240326, 55.7808899 ], [ 37.4240411, 55.7809154 ], [ 37.4240485, 55.7809312 ], [ 37.424057, 55.780947 ], [ 37.4240692, 55.7809628 ], [ 37.4240925, 55.7809744 ], [ 37.4241206, 55.7810067 ], [ 37.4241548, 55.7810287 ], [ 37.4241706, 55.7810431 ], [ 37.4241816, 55.7810638 ], [ 37.4241841, 55.7810885 ], [ 37.4241743, 55.7811373 ], [ 37.4241645, 55.7811503 ], [ 37.4241521, 55.7811736 ], [ 37.4241302, 55.7811961 ], [ 37.4240998, 55.7812135 ], [ 37.4240741, 55.7812232 ], [ 37.4240228, 55.7812383 ], [ 37.4239947, 55.7812444 ], [ 37.4239275, 55.781252 ], [ 37.4238994, 55.7812527 ], [ 37.4238677, 55.7812513 ], [ 37.4238286, 55.7812499 ], [ 37.4237858, 55.7812444 ], [ 37.4237455, 55.7812369 ], [ 37.4237064, 55.78123 ], [ 37.4236282, 55.7812177 ], [ 37.4236062, 55.7812142 ], [ 37.4235696, 55.7812108 ], [ 37.4235305, 55.7812149 ], [ 37.4234816, 55.7812238 ], [ 37.4234462, 55.7812321 ], [ 37.4233875, 55.781252 ], [ 37.4233509, 55.7812712 ], [ 37.4233387, 55.7812939 ], [ 37.4233497, 55.7813083 ], [ 37.4233717, 55.7813255 ], [ 37.4233961, 55.7813489 ], [ 37.4234156, 55.7813935 ], [ 37.423423, 55.78141 ], [ 37.423423, 55.7814217 ], [ 37.4234205, 55.7814361 ], [ 37.4234169, 55.7814526 ], [ 37.4234095, 55.7814719 ], [ 37.4233961, 55.7814877 ], [ 37.4233875, 55.7814986 ], [ 37.4233631, 55.7815268 ], [ 37.4232715, 55.7815866 ], [ 37.4232544, 55.7815969 ], [ 37.4232153, 55.7816127 ], [ 37.4231652, 55.7816278 ], [ 37.4231053, 55.7816367 ], [ 37.4230638, 55.7816388 ], [ 37.4230222, 55.7816422 ], [ 37.4229624, 55.7816519 ], [ 37.4228915, 55.7816525 ], [ 37.4228524, 55.7816677 ], [ 37.4228219, 55.78168 ], [ 37.4227913, 55.7816965 ], [ 37.4227718, 55.7817096 ], [ 37.4227315, 55.7817322 ], [ 37.4227034, 55.781746 ], [ 37.4226618, 55.78177 ], [ 37.4226313, 55.781792 ], [ 37.4225934, 55.7818593 ], [ 37.4225861, 55.7818724 ], [ 37.4225446, 55.7818971 ], [ 37.4225226, 55.7819136 ], [ 37.4224957, 55.7819301 ], [ 37.4224762, 55.7819459 ], [ 37.4224358, 55.7819686 ], [ 37.422409, 55.7819809 ], [ 37.4223674, 55.7820057 ], [ 37.4223027, 55.782038 ], [ 37.422212, 55.7820973 ], [ 37.4221141, 55.7821464 ], [ 37.422079, 55.7821985 ], [ 37.4219036, 55.7822954 ], [ 37.421847, 55.7823052 ], [ 37.4218128, 55.7823121 ], [ 37.4217334, 55.78231 ], [ 37.421715, 55.7823093 ], [ 37.4216906, 55.78231 ], [ 37.4216671, 55.7823097 ], [ 37.4216405, 55.7823093 ], [ 37.4216051, 55.7823079 ], [ 37.4215672, 55.7823038 ], [ 37.4215416, 55.7823018 ], [ 37.4214976, 55.7823031 ], [ 37.4214634, 55.7823141 ], [ 37.4214365, 55.7823251 ], [ 37.4214145, 55.7823368 ], [ 37.4213925, 55.7823471 ], [ 37.4213534, 55.7823643 ], [ 37.4213528, 55.782368 ], [ 37.4217353, 55.7826266 ], [ 37.421628, 55.7830828 ], [ 37.4212104, 55.7834686 ], [ 37.4210763, 55.7835442 ], [ 37.4210092, 55.7835821 ], [ 37.4210575, 55.7836605 ], [ 37.421019, 55.7836965 ], [ 37.4229401, 55.7834784 ], [ 37.4232836, 55.7834399 ], [ 37.4239203, 55.7832896 ], [ 37.4246911, 55.7831595 ], [ 37.4252081, 55.783128 ], [ 37.4256712, 55.7831065 ], [ 37.4257693, 55.7831028 ], [ 37.4258713, 55.7830945 ], [ 37.4263094, 55.78307 ], [ 37.4269934, 55.7829947 ], [ 37.4272776, 55.7829511 ], [ 37.4280291, 55.7828723 ], [ 37.4281648, 55.7828535 ], [ 37.4284429, 55.7828223 ], [ 37.4283851, 55.7827995 ], [ 37.4283696, 55.7827226 ], [ 37.42925, 55.7819666 ], [ 37.4293042, 55.781988 ], [ 37.4293534, 55.7819763 ], [ 37.4294573, 55.7819517 ], [ 37.4296139, 55.7819058 ], [ 37.4290796, 55.7815186 ], [ 37.4292832, 55.781455 ], [ 37.4293215, 55.7814188 ], [ 37.4298445, 55.7813139 ], [ 37.4304669, 55.7812472 ], [ 37.4305018, 55.781287 ], [ 37.4307033, 55.7815167 ], [ 37.4308121, 55.7814737 ], [ 37.4311271, 55.781349 ], [ 37.4315878, 55.7818041 ], [ 37.431829, 55.7820443 ], [ 37.4325069, 55.7818475 ], [ 37.4324287, 55.7817595 ], [ 37.4328328, 55.7816165 ], [ 37.4330053, 55.7815773 ], [ 37.4334229, 55.7814823 ], [ 37.4336786, 55.7814242 ], [ 37.434186, 55.7815216 ], [ 37.4342577, 55.781597 ], [ 37.4343103, 55.7816522 ], [ 37.4344142, 55.7816259 ], [ 37.4344835, 55.7815927 ], [ 37.4342023, 55.7814116 ], [ 37.4343225, 55.7813073 ], [ 37.4345588, 55.7813077 ], [ 37.4347575, 55.7812976 ], [ 37.4348008, 55.7813062 ], [ 37.4350478, 55.7812103 ], [ 37.4351548, 55.7812017 ], [ 37.4352873, 55.781312 ], [ 37.4355369, 55.781205 ], [ 37.4359087, 55.7810455 ], [ 37.4357457, 55.7808937 ], [ 37.436302, 55.7807316 ], [ 37.436024, 55.7804387 ], [ 37.4360192, 55.7803765 ], [ 37.4360693, 55.780313 ], [ 37.4362594, 55.7802191 ], [ 37.4363593, 55.7801822 ], [ 37.4364786, 55.7801475 ], [ 37.436589, 55.7801456 ], [ 37.4366696, 55.7801608 ], [ 37.4367673, 55.7801893 ], [ 37.436964, 55.7802475 ], [ 37.436963, 55.7802955 ], [ 37.4369852, 55.7803464 ], [ 37.4370305, 55.7803898 ], [ 37.4377755, 55.7809693 ], [ 37.4378309, 55.7809941 ], [ 37.4378832, 55.781012 ], [ 37.4379599, 55.7810246 ], [ 37.4380164, 55.7810272 ], [ 37.4380577, 55.781024 ], [ 37.4381122, 55.7810147 ], [ 37.4381646, 55.7810006 ], [ 37.438908, 55.7807826 ], [ 37.4389837, 55.7807451 ], [ 37.4384417, 55.7802138 ], [ 37.4382098, 55.7803057 ], [ 37.4379208, 55.7801265 ], [ 37.4377901, 55.7801677 ], [ 37.4377189, 55.7801894 ], [ 37.4375159, 55.7799629 ], [ 37.4375394, 55.7799552 ], [ 37.4376811, 55.7799152 ], [ 37.4382378, 55.7797819 ], [ 37.4382992, 55.7797651 ], [ 37.438617, 55.7796857 ], [ 37.4386735, 55.7797112 ], [ 37.4389261, 55.7796464 ], [ 37.439359, 55.7795518 ], [ 37.4393338, 55.7795109 ], [ 37.4393129, 55.7794726 ], [ 37.4392716, 55.7793967 ], [ 37.4406551, 55.7791405 ], [ 37.4418857, 55.7789177 ], [ 37.4418535, 55.778861 ] ] ] } },
{ "type": "Feature", "properties": { "name": "Хорошёвский Серебряный Бор", "area_ha": 126.8 }, "geometry": { "type": "Polygon", "coordinates": [ [ [ 37.4052982, 55.7815537 ], [ 37.4057756, 55.7823938 ], [ 37.4056786, 55.7824747 ], [ 37.405515, 55.7826109 ], [ 37.4061717, 55.7834028 ], [ 37.4064448, 55.7836474 ], [ 37.4065306, 55.7837053 ], [ 37.4068011, 55.7840563 ], [ 37.4070456, 55.7843569 ], [ 37.407105, 55.7844631 ], [ 37.4074508, 55.7849216 ], [ 37.4074422, 55.7853051 ], [ 37.4078014, 55.7856789 ], [ 37.4078744, 55.7857863 ], [ 37.4083846, 55.7863791 ], [ 37.4088288, 55.7869881 ], [ 37.4091765, 55.7878772 ], [ 37.4101013, 55.7893095 ], [ 37.410455, 55.7899793 ], [ 37.4111692, 55.790558 ], [ 37.4113448, 55.7907822 ], [ 37.4115482, 55.7909156 ], [ 37.4119285, 55.7910163 ], [ 37.4120691, 55.7909528 ], [ 37.4121721, 55.790985 ], [ 37.4127283, 55.7911968 ], [ 37.4132175, 55.7913149 ], [ 37.4148289, 55.7912195 ], [ 37.4155449, 55.7910534 ], [ 37.4156921, 55.7910329 ], [ 37.4159475, 55.7910772 ], [ 37.4162206, 55.7909452 ], [ 37.4160393, 55.7908487 ], [ 37.4159734, 55.7908136 ], [ 37.4157154, 55.7906738 ], [ 37.415235, 55.7893769 ], [ 37.4151085, 55.7894487 ], [ 37.41427, 55.7899244 ], [ 37.4140996, 55.7899435 ], [ 37.4140693, 55.7899462 ], [ 37.4137278, 55.7898071 ], [ 37.4136954, 55.7897937 ], [ 37.4136592, 55.7897786 ], [ 37.4135496, 55.7897319 ], [ 37.4136969, 55.789653 ], [ 37.4136573, 55.7896242 ], [ 37.414863, 55.7889532 ], [ 37.4113386, 55.7872304 ], [ 37.4111455, 55.7870102 ], [ 37.4094101, 55.7862274 ], [ 37.408836, 55.7857941 ], [ 37.4072564, 55.7842356 ], [ 37.4064905, 55.7832569 ], [ 37.4070679, 55.7824431 ], [ 37.4068917, 55.7821543 ], [ 37.4077321, 55.7808758 ], [ 37.405895, 55.7805085 ], [ 37.4056901, 55.7804693 ], [ 37.4054572, 55.7808695 ], [ 37.4054694, 55.7810854 ], [ 37.4052982, 55.7815537 ] ] ] } },
{ "type": "Feature", "properties": { "name": "Ветеран", "area_ha": 9.4 }, "geometry": { "type": "Polygon", "coordinates": [ [ [ 37.4083846, 55.7863791 ], [ 37.4088288, 55.7869881 ], [ 37.4091765, 55.7878772 ], [ 37.4101013, 55.7893095 ], [ 37.410455, 55.7899793 ], [ 37.4111692, 55.790558 ], [ 37.4113448, 55.7907822 ], [ 37.4117813, 55.7906115 ], [ 37.4122244, 55.7904417 ], [ 37.4135496, 55.7897319 ], [ 37.4136969, 55.789653 ], [ 37.4136573, 55.7896242 ], [ 37.414863, 55.7889532 ], [ 37.4113386, 55.7872304 ], [ 37.4083721, 55.7857802 ], [ 37.4078744, 55.7857863 ], [ 37.4083846, 55.7863791 ] ] ] } },
{ "type": "Feature", "properties": { "name": "Кировская пойма", "area_ha": 113.4 }, "geometry": { "type": "Polygon", "coordinates": [ [ [ 37.41806, 55.8087595 ], [ 37.4173734, 55.8091719 ], [ 37.415032, 55.8100925 ], [ 37.4143837, 55.81042 ], [ 37.4129024, 55.8112764 ], [ 37.4102953, 55.8130292 ], [ 37.4096113, 55.8135085 ], [ 37.4062277, 55.8160005 ], [ 37.4069021, 55.8163431 ], [ 37.4058091, 55.8170676 ], [ 37.4051571, 55.8167698 ], [ 37.4036263, 55.8177848 ], [ 37.4032317, 55.8180439 ], [ 37.4028334, 55.8182654 ], [ 37.4026711, 55.8183309 ], [ 37.4024351, 55.8183988 ], [ 37.3974623, 55.8194852 ], [ 37.3971699, 55.8195342 ], [ 37.3968655, 55.8195756 ], [ 37.3964672, 55.8195854 ], [ 37.3962083, 55.8195764 ], [ 37.3958865, 55.8195447 ], [ 37.3955458, 55.8194897 ], [ 37.3953018, 55.8194249 ], [ 37.3950107, 55.819284 ], [ 37.3947532, 55.8191243 ], [ 37.3944609, 55.8189209 ], [ 37.3943496, 55.8188162 ], [ 37.3942811, 55.8187069 ], [ 37.3941807, 55.8184596 ], [ 37.3941752, 55.8184424 ], [ 37.3940746, 55.8182646 ], [ 37.3939687, 55.8179806 ], [ 37.3939517, 55.8177937 ], [ 37.3931397, 55.8151833 ], [ 37.3920604, 55.8152761 ], [ 37.3919055, 55.8147488 ], [ 37.3918735, 55.814657 ], [ 37.3916613, 55.8153741 ], [ 37.3916473, 55.8159818 ], [ 37.3920018, 55.8170209 ], [ 37.3920367, 55.8171014 ], [ 37.391748, 55.8172379 ], [ 37.3918505, 55.8178942 ], [ 37.3930645, 55.8218603 ], [ 37.3939273, 55.8247581 ], [ 37.3941744, 55.8253433 ], [ 37.3943247, 55.8258651 ], [ 37.3944751, 55.8263809 ], [ 37.3945664, 55.8266132 ], [ 37.394902, 55.8270521 ], [ 37.3951034, 55.8273069 ], [ 37.3952135, 55.8275212 ], [ 37.3952967, 55.8277383 ], [ 37.3953769, 55.8280718 ], [ 37.3953827, 55.8284638 ], [ 37.3955533, 55.8283793 ], [ 37.3958279, 55.8283221 ], [ 37.3960621, 55.8282728 ], [ 37.396259, 55.8282312 ], [ 37.3964372, 55.8281622 ], [ 37.3964976, 55.8280125 ], [ 37.3964097, 55.82786 ], [ 37.3962202, 55.8275494 ], [ 37.3961312, 55.827241 ], [ 37.3962461, 55.8270957 ], [ 37.39655, 55.8270147 ], [ 37.3966098, 55.8269425 ], [ 37.3965988, 55.8268746 ], [ 37.3961304, 55.8266275 ], [ 37.3958422, 55.8261388 ], [ 37.395415, 55.8258438 ], [ 37.3953582, 55.8257115 ], [ 37.3951326, 55.8255504 ], [ 37.3951666, 55.8254755 ], [ 37.395063, 55.8254218 ], [ 37.3950335, 55.8253254 ], [ 37.394964, 55.8252524 ], [ 37.3948914, 55.8251762 ], [ 37.3948619, 55.8250934 ], [ 37.394886, 55.8249894 ], [ 37.3948377, 55.8249246 ], [ 37.3947921, 55.8248674 ], [ 37.3948283, 55.8247358 ], [ 37.3948538, 55.8246429 ], [ 37.3948646, 55.8245043 ], [ 37.3947975, 55.8242948 ], [ 37.3947519, 55.8242617 ], [ 37.3947787, 55.8241833 ], [ 37.3947304, 55.8241095 ], [ 37.3947841, 55.8240462 ], [ 37.3947492, 55.8239965 ], [ 37.3946393, 55.8239242 ], [ 37.3945776, 55.8238805 ], [ 37.3946124, 55.8238443 ], [ 37.3945668, 55.8237931 ], [ 37.3944756, 55.823772 ], [ 37.3944703, 55.8237238 ], [ 37.3946098, 55.8234601 ], [ 37.3947358, 55.8231874 ], [ 37.3948324, 55.8230774 ], [ 37.3948958, 55.8227431 ], [ 37.3949753, 55.8226586 ], [ 37.3952946, 55.822578 ], [ 37.3955619, 55.8226269 ], [ 37.3956906, 55.8226147 ], [ 37.3958907, 55.8225677 ], [ 37.3960917, 55.8224039 ], [ 37.3961574, 55.8223903 ], [ 37.3962258, 55.8223361 ], [ 37.396233, 55.8222779 ], [ 37.3962214, 55.8222017 ], [ 37.3960823, 55.8221905 ], [ 37.3960426, 55.8221116 ], [ 37.3961619, 55.8220651 ], [ 37.3963676, 55.8219848 ], [ 37.3965688, 55.8218111 ], [ 37.3968488, 55.8215694 ], [ 37.3971511, 55.821551 ], [ 37.3979559, 55.821398 ], [ 37.3992021, 55.8213087 ], [ 37.3998564, 55.8212026 ], [ 37.4001715, 55.8212162 ], [ 37.4005789, 55.8211707 ], [ 37.4009138, 55.8213238 ], [ 37.4010807, 55.8213607 ], [ 37.4011949, 55.821386 ], [ 37.4012857, 55.8215032 ], [ 37.4012038, 55.8217681 ], [ 37.4011994, 55.8217953 ], [ 37.4011445, 55.8219892 ], [ 37.4012772, 55.8220901 ], [ 37.4012275, 55.8221299 ], [ 37.4010359, 55.8221204 ], [ 37.4009323, 55.8222368 ], [ 37.4007577, 55.8223006 ], [ 37.4005306, 55.8225701 ], [ 37.4005107, 55.8226506 ], [ 37.4007492, 55.8229488 ], [ 37.4007745, 55.822964 ], [ 37.4009195, 55.8230508 ], [ 37.4013907, 55.8229887 ], [ 37.4022651, 55.8229879 ], [ 37.4023971, 55.8229368 ], [ 37.4027491, 55.8225358 ], [ 37.4027462, 55.8223253 ], [ 37.4029186, 55.8219593 ], [ 37.4029841, 55.8218201 ], [ 37.4029979, 55.8216067 ], [ 37.4032587, 55.8214408 ], [ 37.4035099, 55.8213603 ], [ 37.4040464, 55.8209233 ], [ 37.4042664, 55.8208436 ], [ 37.4046695, 55.8205924 ], [ 37.4047887, 55.8204465 ], [ 37.4048455, 55.8202081 ], [ 37.4051649, 55.8198955 ], [ 37.4056361, 55.8196148 ], [ 37.4060647, 55.8196053 ], [ 37.4062052, 55.8195558 ], [ 37.4064153, 55.8194187 ], [ 37.4063117, 55.81926 ], [ 37.4064089, 55.8191853 ], [ 37.4064352, 55.8191651 ], [ 37.4064587, 55.8191634 ], [ 37.4067744, 55.8191404 ], [ 37.4069859, 55.819059 ], [ 37.4072116, 55.8190622 ], [ 37.4082945, 55.818583 ], [ 37.4085387, 55.8185359 ], [ 37.4092625, 55.8185806 ], [ 37.4094527, 55.8187122 ], [ 37.4093704, 55.8189418 ], [ 37.4089673, 55.8191619 ], [ 37.408594, 55.8195391 ], [ 37.407961, 55.8197608 ], [ 37.407785, 55.820004 ], [ 37.4075281, 55.8200167 ], [ 37.4073294, 55.8201172 ], [ 37.4071292, 55.8203875 ], [ 37.4062251, 55.8205661 ], [ 37.4060179, 55.8206825 ], [ 37.4055225, 55.8208484 ], [ 37.4044866, 55.821388 ], [ 37.4040165, 55.8221662 ], [ 37.4040051, 55.8224411 ], [ 37.4037508, 55.8228628 ], [ 37.4036156, 55.8229687 ], [ 37.4036622, 55.8231511 ], [ 37.4035827, 55.8233724 ], [ 37.4029355, 55.823898 ], [ 37.4027867, 55.8239318 ], [ 37.4023008, 55.8242986 ], [ 37.4022928, 55.8243598 ], [ 37.4025244, 55.824481 ], [ 37.4023053, 55.8246526 ], [ 37.4019249, 55.8248286 ], [ 37.4019612, 55.8248924 ], [ 37.4016422, 55.8250129 ], [ 37.4014389, 55.8251922 ], [ 37.4012323, 55.8251271 ], [ 37.401209, 55.825224 ], [ 37.4011312, 55.8253676 ], [ 37.4010188, 55.8254479 ], [ 37.400761, 55.8254632 ], [ 37.4006668, 55.8255972 ], [ 37.4004408, 55.8253586 ], [ 37.4004488, 55.8252343 ], [ 37.4007168, 55.8252547 ], [ 37.4008723, 55.8252043 ], [ 37.4011282, 55.825249 ], [ 37.4011745, 55.8252088 ], [ 37.4009915, 55.8250091 ], [ 37.4011528, 55.8248854 ], [ 37.40035, 55.8249766 ], [ 37.4002035, 55.8251271 ], [ 37.3999923, 55.8255117 ], [ 37.4003534, 55.8258619 ], [ 37.4007111, 55.8260284 ], [ 37.4015933, 55.8259308 ], [ 37.4026971, 55.8255771 ], [ 37.4029321, 55.8254779 ], [ 37.4034408, 55.8253586 ], [ 37.4037871, 55.8253197 ], [ 37.4046944, 55.825337 ], [ 37.4047375, 55.8252528 ], [ 37.4045649, 55.825078 ], [ 37.4046126, 55.8249753 ], [ 37.4047922, 55.8248792 ], [ 37.4050316, 55.8248771 ], [ 37.4051849, 55.8248114 ], [ 37.40532, 55.8248375 ], [ 37.4054756, 55.8247769 ], [ 37.4056027, 55.8246526 ], [ 37.4055675, 55.8245448 ], [ 37.4056198, 55.8245103 ], [ 37.4063315, 55.8242568 ], [ 37.4064285, 55.824126 ], [ 37.4065367, 55.8241089 ], [ 37.4067279, 55.8239719 ], [ 37.4068416, 55.8237632 ], [ 37.4073428, 55.8234181 ], [ 37.4076355, 55.8232973 ], [ 37.4083563, 55.8224915 ], [ 37.4085152, 55.8224041 ], [ 37.4087259, 55.8220937 ], [ 37.4095467, 55.8216205 ], [ 37.4096666, 55.8214684 ], [ 37.4096884, 55.8212985 ], [ 37.4098446, 55.8211663 ], [ 37.4112874, 55.8203853 ], [ 37.4114101, 55.8203654 ], [ 37.4117989, 55.8199648 ], [ 37.4119009, 55.8197663 ], [ 37.4123409, 55.8194224 ], [ 37.4123959, 55.819241 ], [ 37.4122752, 55.8191812 ], [ 37.4123551, 55.8190107 ], [ 37.412238, 55.8188074 ], [ 37.4122664, 55.8187456 ], [ 37.4121648, 55.8187182 ], [ 37.4120535, 55.8187027 ], [ 37.4120682, 55.8186655 ], [ 37.4121433, 55.8185992 ], [ 37.4120964, 55.8185321 ], [ 37.4121031, 55.8184568 ], [ 37.4118711, 55.8181878 ], [ 37.4118228, 55.8180499 ], [ 37.4117625, 55.8179828 ], [ 37.4117035, 55.8179376 ], [ 37.4116552, 55.817918 ], [ 37.4115761, 55.8179301 ], [ 37.4114916, 55.8179248 ], [ 37.4114379, 55.8179655 ], [ 37.4114312, 55.8180506 ], [ 37.411281, 55.8181516 ], [ 37.4111161, 55.8181998 ], [ 37.4109484, 55.8182172 ], [ 37.410817, 55.8182111 ], [ 37.4106789, 55.8181765 ], [ 37.4105398, 55.8181071 ], [ 37.4103463, 55.8179596 ], [ 37.4106206, 55.817462 ], [ 37.4112415, 55.81674 ], [ 37.4114118, 55.8163542 ], [ 37.4114402, 55.8160821 ], [ 37.4115201, 55.8159614 ], [ 37.411733, 55.8158558 ], [ 37.4117294, 55.8156664 ], [ 37.4118093, 55.8155587 ], [ 37.4125189, 55.8149556 ], [ 37.4133368, 55.8145409 ], [ 37.413917, 55.8143625 ], [ 37.414341, 55.8139787 ], [ 37.4150028, 55.8138162 ], [ 37.4155422, 55.8133995 ], [ 37.4156415, 55.8131273 ], [ 37.4159201, 55.8127834 ], [ 37.417123, 55.8118383 ], [ 37.4180988, 55.811296 ], [ 37.4186417, 55.8110876 ], [ 37.4189202, 55.8110467 ], [ 37.4191083, 55.8108374 ], [ 37.4192538, 55.8107736 ], [ 37.4227646, 55.80968 ], [ 37.4253478, 55.8090156 ], [ 37.4288706, 55.8082818 ], [ 37.4302588, 55.8080776 ], [ 37.4309812, 55.8079021 ], [ 37.4314042, 55.8078694 ], [ 37.4315419, 55.807808 ], [ 37.4316653, 55.8076756 ], [ 37.431549, 55.8069107 ], [ 37.4312004, 55.8066923 ], [ 37.430845, 55.8064696 ], [ 37.4304232, 55.8063218 ], [ 37.4301622, 55.8062303 ], [ 37.4292539, 55.806042 ], [ 37.4289899, 55.8058729 ], [ 37.4287755, 55.8058673 ], [ 37.4278586, 55.8056631 ], [ 37.4273959, 55.8054565 ], [ 37.4271121, 55.8054103 ], [ 37.4268954, 55.8052602 ], [ 37.4264731, 55.8052631 ], [ 37.4259899, 55.8052664 ], [ 37.4254284, 55.8052702 ], [ 37.4254008, 55.8056716 ], [ 37.4258977, 55.8056723 ], [ 37.4259165, 55.8059798 ], [ 37.4255905, 55.8065997 ], [ 37.4238163, 55.8070003 ], [ 37.419225, 55.8081991 ], [ 37.41806, 55.8087595 ] ] ] } },
{ "type": "Feature", "properties": { "name": "Мемориально-парковый комплекс героев Первой мировой войны", "area_ha": 10.9 }, "geometry": { "type": "Polygon", "coordinates": [ [ [ 37.5104387, 55.8008937 ], [ 37.5104161, 55.8014735 ], [ 37.5104721, 55.8014869 ], [ 37.5117647, 55.8016662 ], [ 37.5121494, 55.801701 ], [ 37.5121829, 55.8016399 ], [ 37.5128342, 55.8017122 ], [ 37.512818, 55.8017536 ], [ 37.5133479, 55.8018015 ], [ 37.5135573, 55.8018204 ], [ 37.5139213, 55.8018595 ], [ 37.5139412, 55.8018616 ], [ 37.5141203, 55.8011392 ], [ 37.5141512, 55.8010373 ], [ 37.5142186, 55.8010288 ], [ 37.514412, 55.8001166 ], [ 37.5144989, 55.7997105 ], [ 37.5145847, 55.7991902 ], [ 37.514125, 55.7986445 ], [ 37.5136699, 55.7980465 ], [ 37.5129536, 55.7972132 ], [ 37.5128702, 55.7971253 ], [ 37.5127636, 55.7971529 ], [ 37.512029, 55.7973537 ], [ 37.5119456, 55.7973758 ], [ 37.5118731, 55.7972997 ], [ 37.5105795, 55.7976346 ], [ 37.5105715, 55.7977309 ], [ 37.5105663, 55.7981426 ], [ 37.5105086, 55.7995521 ], [ 37.5104387, 55.8008937 ] ] ] } },
{ "type": "Feature", "properties": { "name": "Чапаевский парк", "area_ha": 6.7 }, "geometry": { "type": "Polygon", "coordinates": [ [ [ 37.520353, 55.8026929 ], [ 37.5202956, 55.8030318 ], [ 37.523856, 55.8021112 ], [ 37.5232037, 55.8013056 ], [ 37.5228111, 55.7996698 ], [ 37.5225227, 55.7998163 ], [ 37.5223229, 55.7995963 ], [ 37.5195832, 55.799857 ], [ 37.520353, 55.8026929 ] ] ] } },
{ "type": "Feature", "properties": { "name": "Щукинский лесопарк", "area_ha": 24.2 }, "geometry": { "type": "Polygon", "coordinates": [ [ [ 37.4673964, 55.8082641 ], [ 37.4676639, 55.8082724 ], [ 37.4701844, 55.8083678 ], [ 37.4761111, 55.808553 ], [ 37.4767772, 55.8030826 ], [ 37.4767578, 55.8030109 ], [ 37.4766853, 55.8029536 ], [ 37.476519, 55.8029272 ], [ 37.4757916, 55.8029093 ], [ 37.4753965, 55.8029084 ], [ 37.4752818, 55.8029334 ], [ 37.4700178, 55.8056385 ], [ 37.4666404, 55.8074206 ], [ 37.4667948, 55.8075139 ], [ 37.4662583, 55.8077926 ], [ 37.4660991, 55.8078736 ], [ 37.4661138, 55.8079626 ], [ 37.4660238, 55.80807 ], [ 37.4659906, 55.8081097 ], [ 37.4661061, 55.8081659 ], [ 37.4662292, 55.8082207 ], [ 37.4673964, 55.8082641 ] ] ] } },
{ "type": "Feature", "properties": { "name": "Большая Всехсвятская роща", "area_ha": 16.9 }, "geometry": { "type": "Polygon", "coordinates": [ [ [ 37.4896601, 55.8048732 ], [ 37.4893928, 55.8048015 ], [ 37.4892589, 55.8047364 ], [ 37.4890677, 55.8046835 ], [ 37.4890302, 55.8047249 ], [ 37.4884978, 55.8045724 ], [ 37.4885352, 55.8045311 ], [ 37.4846169, 55.8051619 ], [ 37.4845055, 55.8052103 ], [ 37.4844414, 55.8052794 ], [ 37.484214, 55.8078688 ], [ 37.4840765, 55.8088257 ], [ 37.4839233, 55.8105396 ], [ 37.4839841, 55.8105921 ], [ 37.4843929, 55.8105537 ], [ 37.4879837, 55.809299 ], [ 37.4887244, 55.8090607 ], [ 37.487968, 55.8089059 ], [ 37.4879923, 55.8088667 ], [ 37.4880603, 55.808757 ], [ 37.4881219, 55.8087694 ], [ 37.4881704, 55.8086906 ], [ 37.4881098, 55.8086784 ], [ 37.4881616, 55.8086016 ], [ 37.4881418, 55.8085949 ], [ 37.4881179, 55.8085882 ], [ 37.4880796, 55.8080129 ], [ 37.4879979, 55.808013 ], [ 37.4879976, 55.8079391 ], [ 37.4880127, 55.8077907 ], [ 37.4881723, 55.807493 ], [ 37.4883346, 55.8074338 ], [ 37.4891337, 55.8073539 ], [ 37.4899277, 55.8072713 ], [ 37.4899201, 55.8069298 ], [ 37.4897727, 55.8059783 ], [ 37.4896601, 55.8048732 ] ] ] } },
{ "type": "Feature", "properties": { "name": "Парк имени Воровского", "area_ha": 7.1 }, "geometry": { "type": "Polygon", "coordinates": [ [ [ 37.4989955, 55.8198051 ], [ 37.4988895, 55.8200088 ], [ 37.4986418, 55.8203115 ], [ 37.4989829, 55.8203962 ], [ 37.4991604, 55.8201876 ], [ 37.4996837, 55.8203232 ], [ 37.5000592, 55.8198686 ], [ 37.5001525, 55.8197516 ], [ 37.5012017, 55.8200161 ], [ 37.5004872, 55.8208418 ], [ 37.5031477, 55.8215219 ], [ 37.5040783, 55.8203383 ], [ 37.504678, 55.8195925 ], [ 37.500955, 55.8186117 ], [ 37.5008681, 55.8185888 ], [ 37.4996971, 55.8182897 ], [ 37.4994441, 55.8184694 ], [ 37.4987947, 55.8192586 ], [ 37.4988274, 55.8195945 ], [ 37.4989955, 55.8198051 ] ] ] } },
{ "type": "Feature", "properties": { "name": "Тимирязевский парк", "area_ha": 278.8 }, "geometry": { "type": "Polygon", "coordinates": [ [ [ 37.5531396, 55.8057218 ], [ 37.5519304, 55.8061265 ], [ 37.5518011, 55.8061833 ], [ 37.5515651, 55.806308 ], [ 37.5515489, 55.8063166 ], [ 37.550778, 55.8066946 ], [ 37.5503259, 55.8069416 ], [ 37.5500337, 55.8071091 ], [ 37.5492756, 55.8075437 ], [ 37.5490359, 55.8076668 ], [ 37.5486149, 55.8078829 ], [ 37.5465058, 55.8090491 ], [ 37.5453353, 55.8096798 ], [ 37.545139, 55.8097941 ], [ 37.5449011, 55.809943 ], [ 37.5446444, 55.8100659 ], [ 37.5441805, 55.8103836 ], [ 37.5430466, 55.8109888 ], [ 37.541113, 55.8120848 ], [ 37.540944, 55.812307 ], [ 37.5409311, 55.8123302 ], [ 37.5402671, 55.8135196 ], [ 37.5401091, 55.8138026 ], [ 37.5399821, 55.81403 ], [ 37.5398296, 55.8143032 ], [ 37.5398058, 55.8143408 ], [ 37.5395281, 55.8147797 ], [ 37.5395087, 55.8148104 ], [ 37.5394703, 55.8148832 ], [ 37.5393996, 55.8150169 ], [ 37.5393552, 55.8151008 ], [ 37.539334, 55.8151417 ], [ 37.5392602, 55.8152243 ], [ 37.5390499, 55.8154819 ], [ 37.538886, 55.8157509 ], [ 37.5385414, 55.8163163 ], [ 37.5385342, 55.8163715 ], [ 37.5384699, 55.8164268 ], [ 37.5379479, 55.8170434 ], [ 37.5377981, 55.8172098 ], [ 37.537496, 55.8175175 ], [ 37.5362805, 55.8186037 ], [ 37.5362261, 55.8186394 ], [ 37.5361961, 55.8186616 ], [ 37.5357258, 55.8192291 ], [ 37.535526, 55.8194701 ], [ 37.5352707, 55.8197317 ], [ 37.535125, 55.8198326 ], [ 37.5338975, 55.8207105 ], [ 37.5325524, 55.8213874 ], [ 37.5321067, 55.8217389 ], [ 37.5320771, 55.8217643 ], [ 37.5320552, 55.821783 ], [ 37.5320064, 55.8218247 ], [ 37.531977, 55.8218499 ], [ 37.5319656, 55.8219204 ], [ 37.5319071, 55.8222811 ], [ 37.531938, 55.8226145 ], [ 37.531948, 55.8226525 ], [ 37.5320046, 55.8228678 ], [ 37.5320506, 55.8230443 ], [ 37.5321592, 55.8234611 ], [ 37.532341, 55.8236804 ], [ 37.5324016, 55.8238508 ], [ 37.5327252, 55.8246269 ], [ 37.5327298, 55.8250718 ], [ 37.5328284, 55.825468 ], [ 37.5328008, 55.8257288 ], [ 37.5327951, 55.825783 ], [ 37.5326883, 55.8269865 ], [ 37.5325917, 55.8280674 ], [ 37.5326086, 55.8281045 ], [ 37.532627, 55.8281431 ], [ 37.5324646, 55.8294669 ], [ 37.532455, 55.8295279 ], [ 37.5324512, 55.8295673 ], [ 37.53245, 55.8295804 ], [ 37.5324463, 55.8296191 ], [ 37.532376, 55.8298014 ], [ 37.5320616, 55.8306797 ], [ 37.5320515, 55.8309582 ], [ 37.5320467, 55.8310788 ], [ 37.5320327, 55.8313034 ], [ 37.532027, 55.831332 ], [ 37.5323006, 55.8311829 ], [ 37.5334015, 55.8315423 ], [ 37.5334796, 55.8315506 ], [ 37.5334808, 55.8315347 ], [ 37.5335102, 55.831534 ], [ 37.5335136, 55.8315518 ], [ 37.5335079, 55.8315773 ], [ 37.5346068, 55.8319429 ], [ 37.5347582, 55.8319932 ], [ 37.5359103, 55.8323812 ], [ 37.5362715, 55.8324781 ], [ 37.5375338, 55.8326789 ], [ 37.5376498, 55.8326973 ], [ 37.5379335, 55.8333359 ], [ 37.538136, 55.8337918 ], [ 37.538442, 55.8344805 ], [ 37.5382533, 55.8346674 ], [ 37.5368028, 55.8348375 ], [ 37.5364903, 55.8349109 ], [ 37.5367285, 55.8350475 ], [ 37.5386721, 55.8361626 ], [ 37.5388236, 55.8361903 ], [ 37.5391467, 55.8362528 ], [ 37.5435772, 55.8350413 ], [ 37.5433475, 55.8347936 ], [ 37.5432376, 55.834658 ], [ 37.5422817, 55.8336445 ], [ 37.5420343, 55.8333776 ], [ 37.5418347, 55.833165 ], [ 37.5403036, 55.8315331 ], [ 37.5402862, 55.8315124 ], [ 37.5402997, 55.8315073 ], [ 37.5401417, 55.8313369 ], [ 37.5399078, 55.8310847 ], [ 37.5395789, 55.830682 ], [ 37.5391417, 55.8301316 ], [ 37.5390585, 55.8300282 ], [ 37.5386482, 55.8298062 ], [ 37.5381888, 55.829582 ], [ 37.5379504, 55.8293585 ], [ 37.5371079, 55.8282385 ], [ 37.5370249, 55.8282445 ], [ 37.5369066, 55.8280812 ], [ 37.5369964, 55.8280768 ], [ 37.5369363, 55.8278878 ], [ 37.5368672, 55.8276704 ], [ 37.5368467, 55.8276058 ], [ 37.5369176, 55.827386 ], [ 37.5373169, 55.8269013 ], [ 37.5377011, 55.8264551 ], [ 37.5381095, 55.826039 ], [ 37.5384752, 55.8256664 ], [ 37.539136, 55.8249932 ], [ 37.5402542, 55.8244919 ], [ 37.5406605, 55.8243097 ], [ 37.5408365, 55.8242207 ], [ 37.5408975, 55.8241836 ], [ 37.540999, 55.8241939 ], [ 37.5413276, 55.8244246 ], [ 37.5430731, 55.8253273 ], [ 37.5451608, 55.8263658 ], [ 37.5452849, 55.8264275 ], [ 37.5460201, 55.8253892 ], [ 37.5462734, 55.8250469 ], [ 37.54757, 55.8251103 ], [ 37.5476275, 55.8250721 ], [ 37.5484377, 55.8250995 ], [ 37.5486462, 55.8250696 ], [ 37.5515672, 55.8252686 ], [ 37.5523896, 55.8253246 ], [ 37.5527886, 55.8254994 ], [ 37.5537533, 55.8256478 ], [ 37.5552127, 55.8259577 ], [ 37.5557094, 55.8260974 ], [ 37.5557235, 55.8260808 ], [ 37.555727, 55.8260768 ], [ 37.5579632, 55.8234232 ], [ 37.5579923, 55.8233887 ], [ 37.5580783, 55.8232891 ], [ 37.5581207, 55.8232361 ], [ 37.5604949, 55.8204256 ], [ 37.5604866, 55.8203764 ], [ 37.5605211, 55.8203398 ], [ 37.560568, 55.8203341 ], [ 37.5627058, 55.8177083 ], [ 37.5589761, 55.8172392 ], [ 37.557158, 55.8170094 ], [ 37.5554613, 55.816795 ], [ 37.5554669, 55.816828 ], [ 37.5553344, 55.8168312 ], [ 37.5551769, 55.8168381 ], [ 37.5550839, 55.816373 ], [ 37.5550053, 55.8158862 ], [ 37.5564918, 55.813399 ], [ 37.5565345, 55.813333 ], [ 37.5533329, 55.8127031 ], [ 37.5553679, 55.8092608 ], [ 37.5558446, 55.8084678 ], [ 37.5561501, 55.8079597 ], [ 37.5561324, 55.8079556 ], [ 37.556428, 55.8074699 ], [ 37.5564085, 55.807446 ], [ 37.556444, 55.8073888 ], [ 37.5564874, 55.8073748 ], [ 37.5566701, 55.8070778 ], [ 37.5570467, 55.8064391 ], [ 37.5569857, 55.806424 ], [ 37.5567239, 55.8063742 ], [ 37.5566822, 55.8063747 ], [ 37.5563568, 55.8063131 ], [ 37.5557376, 55.8062029 ], [ 37.5557519, 55.8061747 ], [ 37.5555088, 55.8061334 ], [ 37.5534662, 55.8057786 ], [ 37.5531396, 55.8057218 ] ] ] } },
{ "type": "Feature", "properties": { "name": "Покровское-Стрешнево", "area_ha": 181.8 }, "geometry": { "type": "Polygon", "coordinates": [ [ [ 37.4914086, 55.8255682 ], [ 37.4914992, 55.8251506 ], [ 37.4914402, 55.8248071 ], [ 37.4914026, 55.8245118 ], [ 37.4910559, 55.8240111 ], [ 37.4900687, 55.8234082 ], [ 37.4893558, 55.8230121 ], [ 37.4886886, 55.8232983 ], [ 37.4886055, 55.8232462 ], [ 37.488421, 55.8231091 ], [ 37.4885175, 55.8230578 ], [ 37.4882248, 55.822806 ], [ 37.4876998, 55.8223543 ], [ 37.4875304, 55.8219982 ], [ 37.487203, 55.8214545 ], [ 37.4873717, 55.8211889 ], [ 37.4876323, 55.8211151 ], [ 37.4868858, 55.8200473 ], [ 37.4867642, 55.8199366 ], [ 37.4863895, 55.819139 ], [ 37.4861234, 55.8191588 ], [ 37.4860825, 55.818911 ], [ 37.4859155, 55.8188868 ], [ 37.4859685, 55.8187604 ], [ 37.4859014, 55.8187318 ], [ 37.485998, 55.8184922 ], [ 37.485829, 55.8180959 ], [ 37.4857324, 55.8177342 ], [ 37.4856293, 55.8173175 ], [ 37.4856245, 55.8172982 ], [ 37.4855723, 55.8172349 ], [ 37.4855122, 55.8171605 ], [ 37.4852575, 55.8168818 ], [ 37.4849385, 55.8166386 ], [ 37.4844637, 55.8163508 ], [ 37.4839714, 55.8161396 ], [ 37.4830341, 55.8158098 ], [ 37.4823341, 55.8156407 ], [ 37.4816468, 55.815535 ], [ 37.4808794, 55.8154202 ], [ 37.4807613, 55.8154025 ], [ 37.4797883, 55.8152418 ], [ 37.478872, 55.8150499 ], [ 37.4778678, 55.8147777 ], [ 37.4769898, 55.8145007 ], [ 37.4751736, 55.8138675 ], [ 37.4741211, 55.8135144 ], [ 37.4739186, 55.8136788 ], [ 37.473293, 55.813801 ], [ 37.4725391, 55.8139807 ], [ 37.4714056, 55.8145484 ], [ 37.4707763, 55.8148862 ], [ 37.4694366, 55.8156783 ], [ 37.4694399, 55.8156829 ], [ 37.4694597, 55.8156948 ], [ 37.4694718, 55.8157096 ], [ 37.4694752, 55.8157258 ], [ 37.4694694, 55.8157417 ], [ 37.4694551, 55.8157558 ], [ 37.4694336, 55.8157668 ], [ 37.4694072, 55.8157734 ], [ 37.4693783, 55.815775 ], [ 37.4693501, 55.8157715 ], [ 37.4693251, 55.8157633 ], [ 37.4692583, 55.8158634 ], [ 37.4692326, 55.8159812 ], [ 37.4693876, 55.8170641 ], [ 37.4693777, 55.8170841 ], [ 37.4693587, 55.8171128 ], [ 37.4684886, 55.8183481 ], [ 37.4683555, 55.8185373 ], [ 37.4676931, 55.8193516 ], [ 37.4676014, 55.8194643 ], [ 37.4675804, 55.8194901 ], [ 37.4671471, 55.8200228 ], [ 37.4664657, 55.8207772 ], [ 37.4655218, 55.8207654 ], [ 37.4642589, 55.8201982 ], [ 37.4638962, 55.8203033 ], [ 37.4617084, 55.821061 ], [ 37.4612079, 55.8212317 ], [ 37.4605684, 55.8214526 ], [ 37.4623186, 55.8239728 ], [ 37.4626472, 55.8241779 ], [ 37.4628584, 55.8242957 ], [ 37.463319, 55.8245792 ], [ 37.463017, 55.8248331 ], [ 37.4633618, 55.8249487 ], [ 37.4635304, 55.8249645 ], [ 37.4643757, 55.8250045 ], [ 37.4651813, 55.8251092 ], [ 37.4656561, 55.8252055 ], [ 37.4658009, 55.8253111 ], [ 37.4658967, 55.8255387 ], [ 37.4659324, 55.825647 ], [ 37.4660906, 55.8258007 ], [ 37.4663712, 55.8258813 ], [ 37.4664168, 55.8259025 ], [ 37.4665841, 55.82598 ], [ 37.467074, 55.8261721 ], [ 37.467598, 55.8263386 ], [ 37.4676967, 55.8263682 ], [ 37.4678742, 55.8264214 ], [ 37.4681828, 55.8267845 ], [ 37.4683839, 55.8269834 ], [ 37.4686253, 55.8270557 ], [ 37.4688308, 55.8270806 ], [ 37.4690196, 55.8270633 ], [ 37.4695131, 55.826991 ], [ 37.47002, 55.8269156 ], [ 37.4703339, 55.8269382 ], [ 37.4707415, 55.8269879 ], [ 37.4710098, 55.8270964 ], [ 37.4713903, 55.8274058 ], [ 37.4715588, 55.8276011 ], [ 37.4720501, 55.8280247 ], [ 37.4724841, 55.828275 ], [ 37.4729549, 55.8284329 ], [ 37.4733656, 55.8286054 ], [ 37.4733973, 55.8285755 ], [ 37.4740636, 55.8283182 ], [ 37.474709, 55.8277582 ], [ 37.4759993, 55.8282013 ], [ 37.4776406, 55.8269759 ], [ 37.4778761, 55.826777 ], [ 37.4779908, 55.8266807 ], [ 37.4781357, 55.8265843 ], [ 37.4783368, 55.8265376 ], [ 37.4785514, 55.8265406 ], [ 37.4786869, 55.8265526 ], [ 37.4790785, 55.8266334 ], [ 37.4791214, 55.8266415 ], [ 37.4802258, 55.8269059 ], [ 37.4804136, 55.826939 ], [ 37.4805222, 55.8269353 ], [ 37.4809134, 55.8269274 ], [ 37.4814027, 55.8269146 ], [ 37.4827219, 55.8268393 ], [ 37.4826477, 55.8266261 ], [ 37.482871, 55.8262249 ], [ 37.4831628, 55.8258749 ], [ 37.4840001, 55.8251682 ], [ 37.4832074, 55.8253455 ], [ 37.4822043, 55.8244398 ], [ 37.4823046, 55.8241015 ], [ 37.4817207, 55.8232802 ], [ 37.4821678, 55.8230851 ], [ 37.4839747, 55.8222789 ], [ 37.484972, 55.8228861 ], [ 37.4854428, 55.8227 ], [ 37.4858253, 55.8229114 ], [ 37.4859159, 55.8231957 ], [ 37.4858102, 55.8235716 ], [ 37.485834, 55.8236836 ], [ 37.4842079, 55.8250396 ], [ 37.4842619, 55.8251459 ], [ 37.4833008, 55.825906 ], [ 37.483009, 55.8262692 ], [ 37.4828189, 55.826651 ], [ 37.482902, 55.8268299 ], [ 37.4831554, 55.8268373 ], [ 37.4855827, 55.8264722 ], [ 37.4857461, 55.8264627 ], [ 37.4868219, 55.8264496 ], [ 37.4879156, 55.8264841 ], [ 37.4883501, 55.8264978 ], [ 37.4888933, 55.8266122 ], [ 37.4904384, 55.8269993 ], [ 37.4905668, 55.8268522 ], [ 37.4907255, 55.8263961 ], [ 37.4910003, 55.8260629 ], [ 37.4910639, 55.8259806 ], [ 37.4911292, 55.825895 ], [ 37.4911879, 55.8258214 ], [ 37.4914086, 55.8255682 ] ] ] } },
{ "type": "Feature", "properties": { "name": "Дендрологический сад им. Р. И. Шредера", "area_ha": 14.9 }, "geometry": { "type": "Polygon", "coordinates": [ [ [ 37.5429869, 55.8284455 ], [ 37.5428911, 55.8286866 ], [ 37.5439102, 55.8298514 ], [ 37.5447146, 55.8306365 ], [ 37.5466641, 55.8310389 ], [ 37.5485399, 55.8314204 ], [ 37.5495362, 55.831623 ], [ 37.5497959, 55.8316775 ], [ 37.5505223, 55.83183 ], [ 37.5509838, 55.8319253 ], [ 37.5510559, 55.8319383 ], [ 37.5516946, 55.8310679 ], [ 37.5516191, 55.8310488 ], [ 37.551643, 55.8310189 ], [ 37.5523456, 55.8301358 ], [ 37.5518781, 55.8299068 ], [ 37.5517523, 55.8298451 ], [ 37.5488872, 55.8284074 ], [ 37.5487738, 55.8284304 ], [ 37.5486987, 55.8283913 ], [ 37.54862, 55.8283558 ], [ 37.5469976, 55.8284057 ], [ 37.5463539, 55.8284062 ], [ 37.5459111, 55.8284065 ], [ 37.5454008, 55.8283483 ], [ 37.5445182, 55.8282547 ], [ 37.5429973, 55.8282365 ], [ 37.5429869, 55.8284455 ] ] ] } },
{ "type": "Feature", "properties": { "name": "Парк Петра Алексеева", "area_ha": 58.0 }, "geometry": { "type": "Polygon", "coordinates": [ [ [ 37.5077578, 55.844833 ], [ 37.5075591, 55.8449046 ], [ 37.5073872, 55.84494 ], [ 37.5072078, 55.8449643 ], [ 37.5069472, 55.8449553 ], [ 37.5068039, 55.8449249 ], [ 37.5067526, 55.8448976 ], [ 37.5058215, 55.8446516 ], [ 37.503018, 55.8438902 ], [ 37.502706, 55.8443864 ], [ 37.5027309, 55.8444341 ], [ 37.5027776, 55.8444671 ], [ 37.5031612, 55.8445719 ], [ 37.5035896, 55.8446808 ], [ 37.5043655, 55.8450916 ], [ 37.5069484, 55.8482668 ], [ 37.50747, 55.8489211 ], [ 37.5084558, 55.8501141 ], [ 37.5085619, 55.8502325 ], [ 37.5086369, 55.8502904 ], [ 37.5086806, 55.8503114 ], [ 37.50874, 55.8503237 ], [ 37.5088014, 55.850323 ], [ 37.5088514, 55.8503143 ], [ 37.5088893, 55.8502889 ], [ 37.5095722, 55.8497215 ], [ 37.5070017, 55.8463606 ], [ 37.5074013, 55.8462545 ], [ 37.5082081, 55.8460401 ], [ 37.5085755, 55.8464527 ], [ 37.5081655, 55.8465708 ], [ 37.5077774, 55.8466825 ], [ 37.5077016, 55.8467043 ], [ 37.5075899, 55.8468878 ], [ 37.5083197, 55.8478633 ], [ 37.5083908, 55.8478565 ], [ 37.5097555, 55.8475043 ], [ 37.5102262, 55.8473836 ], [ 37.5102482, 55.8472933 ], [ 37.5103136, 55.8472931 ], [ 37.5107604, 55.8472926 ], [ 37.5107903, 55.847292 ], [ 37.5107885, 55.8473515 ], [ 37.5113877, 55.8473513 ], [ 37.5120519, 55.8473506 ], [ 37.5120523, 55.8472759 ], [ 37.512544, 55.8472739 ], [ 37.5128975, 55.8471667 ], [ 37.5129464, 55.8471885 ], [ 37.5130062, 55.8472147 ], [ 37.513174, 55.8471717 ], [ 37.5131735, 55.8471553 ], [ 37.5134397, 55.847153 ], [ 37.5134967, 55.8471397 ], [ 37.5135792, 55.8471349 ], [ 37.5137696, 55.8471325 ], [ 37.5137774, 55.8471082 ], [ 37.5137676, 55.8470509 ], [ 37.5144852, 55.8468235 ], [ 37.5153595, 55.8461513 ], [ 37.5157505, 55.8458749 ], [ 37.5161902, 55.8455727 ], [ 37.5174215, 55.8456385 ], [ 37.5174366, 55.845587 ], [ 37.5176681, 55.8446891 ], [ 37.5176887, 55.8445937 ], [ 37.5179386, 55.8445298 ], [ 37.5200037, 55.8439944 ], [ 37.5213578, 55.8436551 ], [ 37.5216059, 55.8436604 ], [ 37.5216825, 55.843662 ], [ 37.5218868, 55.8424865 ], [ 37.5219793, 55.8417624 ], [ 37.5219592, 55.8417139 ], [ 37.5218701, 55.841671 ], [ 37.5208621, 55.8413351 ], [ 37.5206913, 55.8413426 ], [ 37.5203489, 55.8414322 ], [ 37.5198992, 55.8415218 ], [ 37.5203685, 55.8420815 ], [ 37.5204756, 55.8422528 ], [ 37.5198101, 55.8424255 ], [ 37.5192923, 55.8418205 ], [ 37.5193001, 55.8417514 ], [ 37.519177, 55.8415796 ], [ 37.5191165, 55.8415907 ], [ 37.5179515, 55.8412962 ], [ 37.5177476, 55.8411275 ], [ 37.5167602, 55.8414409 ], [ 37.5171184, 55.8417723 ], [ 37.5164349, 55.8421473 ], [ 37.5161853, 55.8420174 ], [ 37.516058, 55.8417157 ], [ 37.5151053, 55.8411691 ], [ 37.5142068, 55.8407037 ], [ 37.5141645, 55.840569 ], [ 37.5128701, 55.8402674 ], [ 37.5126224, 55.8401243 ], [ 37.5117509, 55.840185 ], [ 37.5113584, 55.8400705 ], [ 37.5109004, 55.8397502 ], [ 37.5098935, 55.8390961 ], [ 37.509799, 55.8389785 ], [ 37.5093978, 55.8386677 ], [ 37.5104721, 55.8377097 ], [ 37.5050888, 55.8373031 ], [ 37.5042511, 55.8395401 ], [ 37.5047462, 55.8396825 ], [ 37.5075655, 55.8398662 ], [ 37.5081872, 55.8398064 ], [ 37.509137, 55.83999 ], [ 37.5097175, 55.8407177 ], [ 37.5101218, 55.8411699 ], [ 37.5102882, 55.8416698 ], [ 37.5096913, 55.8422814 ], [ 37.5122179, 55.8436891 ], [ 37.5120829, 55.8437705 ], [ 37.511876, 55.8438992 ], [ 37.5094697, 55.8453779 ], [ 37.5093551, 55.8453274 ], [ 37.509308, 55.8453067 ], [ 37.5079735, 55.8447255 ], [ 37.5077578, 55.844833 ] ] ] } },
{ "type": "Feature", "properties": { "name": "Парк Северного речного вокзала", "area_ha": 28.4 }, "geometry": { "type": "Polygon", "coordinates": [ [ [ 37.4642048, 55.854658 ], [ 37.4643183, 55.8546816 ], [ 37.4644826, 55.8547137 ], [ 37.4646343, 55.854626 ], [ 37.4648604, 55.8546729 ], [ 37.4649565, 55.8546929 ], [ 37.4650647, 55.8547154 ], [ 37.4655403, 55.8548142 ], [ 37.46577, 55.8548619 ], [ 37.4657812, 55.8548449 ], [ 37.4658128, 55.8547969 ], [ 37.4658738, 55.8548096 ], [ 37.4662773, 55.8548934 ], [ 37.4663317, 55.8549047 ], [ 37.4662388, 55.8550456 ], [ 37.4661852, 55.8550345 ], [ 37.4661649, 55.8550652 ], [ 37.4663272, 55.8550512 ], [ 37.4666847, 55.8545222 ], [ 37.4697505, 55.8551117 ], [ 37.4698081, 55.8550356 ], [ 37.4714241, 55.8527503 ], [ 37.4713202, 55.8527226 ], [ 37.4712335, 55.8526801 ], [ 37.4711703, 55.8526262 ], [ 37.4711354, 55.8525646 ], [ 37.4711313, 55.8525001 ], [ 37.4711584, 55.8524373 ], [ 37.4712681, 55.8523842 ], [ 37.4714525, 55.8520851 ], [ 37.471583, 55.8518791 ], [ 37.471767, 55.8515894 ], [ 37.4717453, 55.8515047 ], [ 37.4717967, 55.8514478 ], [ 37.4718708, 55.8513995 ], [ 37.4719632, 55.8513623 ], [ 37.4720687, 55.8513386 ], [ 37.4721812, 55.8513297 ], [ 37.4722943, 55.851336 ], [ 37.4723284, 55.8513393 ], [ 37.4734501, 55.8497438 ], [ 37.4735758, 55.849565 ], [ 37.4735946, 55.8495382 ], [ 37.4737909, 55.849259 ], [ 37.4737298, 55.8492458 ], [ 37.4737051, 55.8492817 ], [ 37.4736469, 55.8492691 ], [ 37.4736708, 55.8492344 ], [ 37.4736404, 55.8492278 ], [ 37.4735909, 55.8492182 ], [ 37.4726193, 55.8490222 ], [ 37.4725898, 55.8490162 ], [ 37.4725507, 55.8490083 ], [ 37.4713704, 55.8487661 ], [ 37.4711949, 55.8487294 ], [ 37.4712478, 55.8486473 ], [ 37.471274, 55.8486518 ], [ 37.4714056, 55.848432 ], [ 37.4716153, 55.8480815 ], [ 37.4717273, 55.8478944 ], [ 37.4711277, 55.8477678 ], [ 37.471018, 55.8477447 ], [ 37.4705509, 55.847646 ], [ 37.4701861, 55.847569 ], [ 37.4699189, 55.8475126 ], [ 37.4697678, 55.8474807 ], [ 37.4695934, 55.8474439 ], [ 37.4693842, 55.8473997 ], [ 37.4693158, 55.8473853 ], [ 37.4692091, 55.8473629 ], [ 37.4690866, 55.8473373 ], [ 37.4687245, 55.8472605 ], [ 37.4684818, 55.8476648 ], [ 37.4682726, 55.8480073 ], [ 37.4680977, 55.8482766 ], [ 37.4679025, 55.8485735 ], [ 37.4676906, 55.8489206 ], [ 37.467531, 55.8491709 ], [ 37.4674066, 55.849151 ], [ 37.4672095, 55.849459 ], [ 37.4671531, 55.8495508 ], [ 37.4666972, 55.8502739 ], [ 37.4666405, 55.8503652 ], [ 37.4665238, 55.850549 ], [ 37.4659282, 55.8514897 ], [ 37.4658714, 55.8515787 ], [ 37.4654116, 55.852305 ], [ 37.4653506, 55.8524008 ], [ 37.4647777, 55.8533058 ], [ 37.4641071, 55.8544153 ], [ 37.4639848, 55.8546123 ], [ 37.4642048, 55.854658 ] ] ] } },
{ "type": "Feature", "properties": { "name": "Парк имени А. И. Герцена", "area_ha": 18.2 }, "geometry": { "type": "Polygon", "coordinates": [ [ [ 37.6766488, 55.575554 ], [ 37.6774782, 55.5750884 ], [ 37.6784536, 55.575665 ], [ 37.6784536, 55.575865 ], [ 37.6782786, 55.5759955 ], [ 37.6782675, 55.5763954 ], [ 37.6778105, 55.5765443 ], [ 37.6781136, 55.5767344 ], [ 37.678352, 55.5768478 ], [ 37.6785494, 55.5769199 ], [ 37.6786575, 55.5769617 ], [ 37.6788422, 55.5769987 ], [ 37.6790453, 55.5770306 ], [ 37.6793696, 55.5770714 ], [ 37.6802104, 55.5771179 ], [ 37.6804896, 55.57712 ], [ 37.6820177, 55.5772122 ], [ 37.6822017, 55.5772275 ], [ 37.6821952, 55.5772511 ], [ 37.6830043, 55.5773511 ], [ 37.6831655, 55.5771736 ], [ 37.683313, 55.5771819 ], [ 37.683367, 55.5771886 ], [ 37.683666, 55.5772196 ], [ 37.683717, 55.5772407 ], [ 37.6839717, 55.5774246 ], [ 37.6845905, 55.5762705 ], [ 37.6841967, 55.5760495 ], [ 37.6843075, 55.5758548 ], [ 37.6842332, 55.575586 ], [ 37.6843253, 55.5753301 ], [ 37.6842593, 55.5751845 ], [ 37.6841626, 55.5750435 ], [ 37.6840608, 55.5749464 ], [ 37.6838864, 55.574813 ], [ 37.6835806, 55.5746659 ], [ 37.6834594, 55.574616 ], [ 37.6829137, 55.5744395 ], [ 37.6823536, 55.5742644 ], [ 37.6817816, 55.5740959 ], [ 37.6812597, 55.5739518 ], [ 37.6806853, 55.5737995 ], [ 37.6800967, 55.5736459 ], [ 37.6794842, 55.5734869 ], [ 37.678855, 55.5733468 ], [ 37.6782139, 55.5732107 ], [ 37.67758, 55.5730935 ], [ 37.6763061, 55.5728734 ], [ 37.6756507, 55.5727723 ], [ 37.6752331, 55.5727165 ], [ 37.6751166, 55.5731795 ], [ 37.675007, 55.5735747 ], [ 37.6749391, 55.5738495 ], [ 37.6749666, 55.5741166 ], [ 37.675124, 55.5741782 ], [ 37.6753138, 55.5743283 ], [ 37.6753303, 55.5743414 ], [ 37.6753493, 55.5743602 ], [ 37.6759635, 55.5749661 ], [ 37.6765659, 55.5755971 ], [ 37.6766488, 55.575554 ] ] ] } },
{ "type": "Feature", "properties": { "name": "Фруктовый парк", "area_ha": 8.6 }, "geometry": { "type": "Polygon", "coordinates": [ [ [ 37.6464128, 55.5736533 ], [ 37.6460749, 55.5736927 ], [ 37.6458228, 55.5737534 ], [ 37.6455384, 55.5737898 ], [ 37.645399, 55.5736624 ], [ 37.6451415, 55.573532 ], [ 37.6447874, 55.5735714 ], [ 37.6444924, 55.5736897 ], [ 37.6441705, 55.5736745 ], [ 37.6437628, 55.5738019 ], [ 37.6435, 55.5738625 ], [ 37.6432049, 55.5740263 ], [ 37.6421045, 55.5746233 ], [ 37.6411508, 55.5764623 ], [ 37.643482, 55.5767527 ], [ 37.6440928, 55.5752335 ], [ 37.6450113, 55.5748955 ], [ 37.6455438, 55.5746996 ], [ 37.6481767, 55.5745286 ], [ 37.6498348, 55.5744209 ], [ 37.6509506, 55.5739114 ], [ 37.6510364, 55.5737856 ], [ 37.651017, 55.5736646 ], [ 37.6509081, 55.5736008 ], [ 37.6508593, 55.5736702 ], [ 37.6508955, 55.5737652 ], [ 37.6507802, 55.5737555 ], [ 37.6507134, 55.5736282 ], [ 37.6506504, 55.5735458 ], [ 37.6464128, 55.5736533 ] ] ] } },
{ "type": "Feature", "properties": { "name": "Парк имени Герцена", "area_ha": 11.1 }, "geometry": { "type": "Polygon", "coordinates": [ [ [ 37.6697715, 55.5754523 ], [ 37.6696812, 55.5756378 ], [ 37.6696354, 55.5757345 ], [ 37.6695838, 55.5758435 ], [ 37.6695284, 55.5759445 ], [ 37.6694931, 55.5760508 ], [ 37.6686313, 55.5776903 ], [ 37.6684865, 55.5781136 ], [ 37.6683835, 55.5783175 ], [ 37.667916, 55.5793135 ], [ 37.6679134, 55.5793514 ], [ 37.6688591, 55.5796093 ], [ 37.66888, 55.5790708 ], [ 37.6691659, 55.5786496 ], [ 37.669947, 55.5784588 ], [ 37.6702649, 55.5781652 ], [ 37.6716126, 55.5769208 ], [ 37.672359, 55.5763015 ], [ 37.6726701, 55.5762222 ], [ 37.6725492, 55.5761968 ], [ 37.673526, 55.5750976 ], [ 37.6744921, 55.5745201 ], [ 37.6750229, 55.5744296 ], [ 37.675132, 55.5744035 ], [ 37.6750324, 55.5743474 ], [ 37.6749768, 55.5743238 ], [ 37.6749294, 55.5742946 ], [ 37.6748783, 55.5742643 ], [ 37.674839, 55.5742364 ], [ 37.6748014, 55.5742067 ], [ 37.6747707, 55.5741864 ], [ 37.6747298, 55.5741684 ], [ 37.6746697, 55.5741464 ], [ 37.6746112, 55.5741251 ], [ 37.674341, 55.5740476 ], [ 37.6740605, 55.5739949 ], [ 37.6737654, 55.5739628 ], [ 37.6728353, 55.5738706 ], [ 37.6724157, 55.5738335 ], [ 37.6722506, 55.5738168 ], [ 37.6720283, 55.5738013 ], [ 37.6717955, 55.5737877 ], [ 37.6714372, 55.5737723 ], [ 37.6710987, 55.5737578 ], [ 37.6700706, 55.5737136 ], [ 37.6699021, 55.5737239 ], [ 37.6698778, 55.5738478 ], [ 37.6697895, 55.574527 ], [ 37.6697715, 55.5754523 ] ] ] } },
{ "type": "Feature", "properties": { "name": "Яблоневый сад", "area_ha": 5.1 }, "geometry": { "type": "Polygon", "coordinates": [ [ [ 37.6680415, 55.5835442 ], [ 37.6678664, 55.5834732 ], [ 37.6685128, 55.5825606 ], [ 37.6685346, 55.5825237 ], [ 37.6685521, 55.582494 ], [ 37.668512, 55.5824679 ], [ 37.6686961, 55.5821724 ], [ 37.6687092, 55.5820325 ], [ 37.6689396, 55.5817819 ], [ 37.6677858, 55.5815598 ], [ 37.6677518, 55.581563 ], [ 37.6671397, 55.582335 ], [ 37.6660614, 55.58215 ], [ 37.6661527, 55.5818649 ], [ 37.6660332, 55.5818572 ], [ 37.6656097, 55.5817951 ], [ 37.6656496, 55.5815016 ], [ 37.6638005, 55.5813513 ], [ 37.6634284, 55.5822434 ], [ 37.6636636, 55.5822727 ], [ 37.6633003, 55.583285 ], [ 37.6640887, 55.5832351 ], [ 37.6645119, 55.5831112 ], [ 37.6651791, 55.5832046 ], [ 37.6654302, 55.5832734 ], [ 37.6658544, 55.5826357 ], [ 37.666162, 55.5827073 ], [ 37.6662537, 55.5827415 ], [ 37.6663448, 55.5827913 ], [ 37.6663849, 55.5828746 ], [ 37.6663514, 55.5830186 ], [ 37.666356, 55.5831046 ], [ 37.6663757, 55.5831621 ], [ 37.6666609, 55.5832403 ], [ 37.6669694, 55.5833249 ], [ 37.6673757, 55.5834364 ], [ 37.6680002, 55.5836077 ], [ 37.6680415, 55.5835442 ] ] ] } },
{ "type": "Feature", "properties": { "name": "Парк Фруктовый сад", "area_ha": 11.6 }, "geometry": { "type": "Polygon", "coordinates": [ [ [ 37.6959947, 55.5811901 ], [ 37.6945751, 55.5810677 ], [ 37.6943712, 55.5817166 ], [ 37.6941442, 55.5826256 ], [ 37.6952907, 55.5827386 ], [ 37.6954327, 55.5828412 ], [ 37.6960467, 55.5828994 ], [ 37.6965179, 55.582944 ], [ 37.6969165, 55.5829958 ], [ 37.6971826, 55.5830354 ], [ 37.697508, 55.5831595 ], [ 37.69778, 55.5833219 ], [ 37.698044, 55.5835515 ], [ 37.6984536, 55.5839424 ], [ 37.6985796, 55.5841157 ], [ 37.6986274, 55.5842495 ], [ 37.6986474, 55.5843563 ], [ 37.6986419, 55.5844347 ], [ 37.6986402, 55.5844748 ], [ 37.6985881, 55.5847042 ], [ 37.6985445, 55.5848058 ], [ 37.6984572, 55.5849693 ], [ 37.6983477, 55.5851055 ], [ 37.6987934, 55.5851637 ], [ 37.6995012, 55.5852211 ], [ 37.7001049, 55.5852666 ], [ 37.7001808, 55.5852737 ], [ 37.7012978, 55.585358 ], [ 37.7014417, 55.5853724 ], [ 37.7014443, 55.5853381 ], [ 37.7014339, 55.5840725 ], [ 37.7014962, 55.5838647 ], [ 37.7014972, 55.5836169 ], [ 37.7015004, 55.5832765 ], [ 37.7016164, 55.582935 ], [ 37.7015754, 55.5829196 ], [ 37.6980904, 55.5816085 ], [ 37.6980513, 55.5815852 ], [ 37.697995, 55.5815682 ], [ 37.6977652, 55.5814827 ], [ 37.6981156, 55.5811675 ], [ 37.6961504, 55.5808901 ], [ 37.69612, 55.5808858 ], [ 37.6959947, 55.5811901 ] ] ] } },
{ "type": "Feature", "properties": { "name": "Сквер «Школьный»", "area_ha": 6.0 }, "geometry": { "type": "Polygon", "coordinates": [ [ [ 37.6462366, 55.5871058 ], [ 37.6471543, 55.5870457 ], [ 37.6493567, 55.5814497 ], [ 37.649678, 55.5814208 ], [ 37.6508173, 55.5813877 ], [ 37.6507624, 55.5802863 ], [ 37.6490059, 55.5804254 ], [ 37.6487671, 55.5805238 ], [ 37.6486187, 55.5805789 ], [ 37.6460896, 55.5869851 ], [ 37.6460863, 55.5870713 ], [ 37.646141, 55.5870942 ], [ 37.6462366, 55.5871058 ] ] ] } },
{ "type": "Feature", "properties": { "name": "5-й квартал Бирюлёвского лесопарка", "area_ha": 14.5 }, "geometry": { "type": "Polygon", "coordinates": [ [ [ 37.6765751, 55.5885185 ], [ 37.6775804, 55.5883626 ], [ 37.6792572, 55.5880153 ], [ 37.6802733, 55.5878473 ], [ 37.6817839, 55.5875657 ], [ 37.6832339, 55.5873683 ], [ 37.6834048, 55.5873409 ], [ 37.6846977, 55.5871338 ], [ 37.6857769, 55.5870881 ], [ 37.685749, 55.5869068 ], [ 37.6859613, 55.5868845 ], [ 37.6858586, 55.5866568 ], [ 37.6854144, 55.5865473 ], [ 37.6853999, 55.5864892 ], [ 37.6853388, 55.5864566 ], [ 37.6852817, 55.586439 ], [ 37.6851175, 55.5864317 ], [ 37.6849147, 55.5864226 ], [ 37.6849147, 55.5863367 ], [ 37.6847586, 55.5863304 ], [ 37.6842359, 55.5863093 ], [ 37.6842126, 55.5860692 ], [ 37.683978, 55.5860814 ], [ 37.683076, 55.5861282 ], [ 37.6829667, 55.5861231 ], [ 37.6828642, 55.5860907 ], [ 37.6827864, 55.5860298 ], [ 37.6827112, 55.5859073 ], [ 37.682537, 55.5854296 ], [ 37.6824994, 55.5853264 ], [ 37.682226, 55.5845765 ], [ 37.6821497, 55.5843373 ], [ 37.6819926, 55.5838446 ], [ 37.6819318, 55.5836612 ], [ 37.6818371, 55.583427 ], [ 37.6818317, 55.5834137 ], [ 37.6817793, 55.5833789 ], [ 37.68171, 55.5833502 ], [ 37.6809089, 55.583244 ], [ 37.6805839, 55.5835626 ], [ 37.6805233, 55.5836185 ], [ 37.6796702, 55.5844832 ], [ 37.6787494, 55.5854163 ], [ 37.6785322, 55.5856452 ], [ 37.6789564, 55.5857735 ], [ 37.6786914, 55.5860316 ], [ 37.678279, 55.5858962 ], [ 37.6780042, 55.586148 ], [ 37.677767, 55.5864386 ], [ 37.6777366, 55.5865751 ], [ 37.6777089, 55.5868687 ], [ 37.6776264, 55.5870883 ], [ 37.6775201, 55.5871811 ], [ 37.6769774, 55.5876228 ], [ 37.6768393, 55.5877637 ], [ 37.6765165, 55.5882227 ], [ 37.6764792, 55.5882603 ], [ 37.6764475, 55.5882922 ], [ 37.6763669, 55.5883734 ], [ 37.6761946, 55.5884329 ], [ 37.6761232, 55.5884441 ], [ 37.6761218, 55.5885183 ], [ 37.6761123, 55.588609 ], [ 37.6765751, 55.5885185 ] ] ] } },
{ "type": "Feature", "properties": { "name": "Бирюлёвский дендропарк", "area_ha": 111.3 }, "geometry": { "type": "Polygon", "coordinates": [ [ [ 37.6707479, 55.6030964 ], [ 37.6705869, 55.6034692 ], [ 37.6701745, 55.6041121 ], [ 37.6703958, 55.6041748 ], [ 37.6708889, 55.6044118 ], [ 37.6708934, 55.6047797 ], [ 37.6706271, 55.6049488 ], [ 37.6711812, 55.6057756 ], [ 37.6714923, 55.6062327 ], [ 37.672691, 55.6063547 ], [ 37.6728321, 55.6063576 ], [ 37.6731755, 55.606394 ], [ 37.673471, 55.6065537 ], [ 37.6736326, 55.6067487 ], [ 37.6740592, 55.6067081 ], [ 37.6739974, 55.6058355 ], [ 37.6738512, 55.6046416 ], [ 37.6736223, 55.6035507 ], [ 37.6737724, 55.6034385 ], [ 37.6740664, 55.6032186 ], [ 37.6750335, 55.6029173 ], [ 37.6782491, 55.6019634 ], [ 37.6782664, 55.6019577 ], [ 37.6821015, 55.6008584 ], [ 37.6842141, 55.6002643 ], [ 37.6842818, 55.6002483 ], [ 37.6850454, 55.6000607 ], [ 37.6857062, 55.598777 ], [ 37.6858518, 55.597676 ], [ 37.6859456, 55.5969106 ], [ 37.685957, 55.5968174 ], [ 37.685305, 55.5954757 ], [ 37.6843839, 55.5938006 ], [ 37.6834978, 55.593498 ], [ 37.6833324, 55.5933865 ], [ 37.6831793, 55.5932276 ], [ 37.6826683, 55.592913 ], [ 37.6825628, 55.5928409 ], [ 37.6821394, 55.5925793 ], [ 37.6819108, 55.5924016 ], [ 37.6817753, 55.5921222 ], [ 37.6816213, 55.5913739 ], [ 37.6816938, 55.5912594 ], [ 37.6817648, 55.5911931 ], [ 37.6816828, 55.5910709 ], [ 37.6821197, 55.5899403 ], [ 37.6824596, 55.5894319 ], [ 37.6826422, 55.5890055 ], [ 37.6822191, 55.5878667 ], [ 37.6813105, 55.5880368 ], [ 37.6804181, 55.5882079 ], [ 37.6803269, 55.5882685 ], [ 37.680225, 55.5882261 ], [ 37.680043, 55.5882552 ], [ 37.6795329, 55.5883402 ], [ 37.6765558, 55.5888718 ], [ 37.6760773, 55.5889416 ], [ 37.6760069, 55.5890267 ], [ 37.6753428, 55.5898397 ], [ 37.6752056, 55.5900074 ], [ 37.6750781, 55.5901882 ], [ 37.6750603, 55.5902134 ], [ 37.6748573, 55.5905012 ], [ 37.674764, 55.5906686 ], [ 37.6747547, 55.5906828 ], [ 37.6745665, 55.5909698 ], [ 37.6743296, 55.5913102 ], [ 37.6741426, 55.5917362 ], [ 37.6741395, 55.591748 ], [ 37.6739889, 55.5923238 ], [ 37.673983, 55.5923464 ], [ 37.673936, 55.5925301 ], [ 37.6739225, 55.5925822 ], [ 37.6739206, 55.592594 ], [ 37.6739176, 55.592603 ], [ 37.6739115, 55.5926104 ], [ 37.6738938, 55.5926159 ], [ 37.6738723, 55.5926181 ], [ 37.6738475, 55.5926181 ], [ 37.6735903, 55.5925945 ], [ 37.6734728, 55.5930764 ], [ 37.672987, 55.5948017 ], [ 37.6726153, 55.5961219 ], [ 37.6726144, 55.5961368 ], [ 37.6726121, 55.5961455 ], [ 37.6725266, 55.5964634 ], [ 37.6724292, 55.5968583 ], [ 37.6723574, 55.5971498 ], [ 37.6717999, 55.5994389 ], [ 37.6711774, 55.6016496 ], [ 37.6711766, 55.6016523 ], [ 37.6711697, 55.6016746 ], [ 37.6711436, 55.6017584 ], [ 37.6710229, 55.6021649 ], [ 37.6707479, 55.6030964 ] ] ] } },
{ "type": "Feature", "properties": { "name": "Исторический дендропарк В. К. Порозова", "area_ha": 72.5 }, "geometry": { "type": "Polygon", "coordinates": [ [ [ 37.6857062, 55.598777 ], [ 37.6858518, 55.597676 ], [ 37.6859456, 55.5969106 ], [ 37.685957, 55.5968174 ], [ 37.685305, 55.5954757 ], [ 37.6843839, 55.5938006 ], [ 37.6834978, 55.593498 ], [ 37.6833324, 55.5933865 ], [ 37.6831793, 55.5932276 ], [ 37.6826683, 55.592913 ], [ 37.6825628, 55.5928409 ], [ 37.6824914, 55.5929333 ], [ 37.6821998, 55.5930127 ], [ 37.6821465, 55.5930198 ], [ 37.6820225, 55.593019 ], [ 37.6819156, 55.5930198 ], [ 37.6811807, 55.593038 ], [ 37.6804891, 55.5929255 ], [ 37.6797421, 55.5928598 ], [ 37.6795766, 55.5928352 ], [ 37.6769026, 55.5924036 ], [ 37.6766385, 55.5923545 ], [ 37.6765459, 55.5922823 ], [ 37.6765028, 55.5922628 ], [ 37.6764589, 55.5922397 ], [ 37.6764081, 55.5922157 ], [ 37.676203, 55.5921863 ], [ 37.676059, 55.5922084 ], [ 37.675183, 55.5922734 ], [ 37.6745189, 55.5923249 ], [ 37.6744307, 55.5923336 ], [ 37.673983, 55.5923464 ], [ 37.673936, 55.5925301 ], [ 37.6739225, 55.5925822 ], [ 37.6739206, 55.592594 ], [ 37.6739176, 55.592603 ], [ 37.6739115, 55.5926104 ], [ 37.6738938, 55.5926159 ], [ 37.6738723, 55.5926181 ], [ 37.6738475, 55.5926181 ], [ 37.6735903, 55.5925945 ], [ 37.6734728, 55.5930764 ], [ 37.6747192, 55.5934006 ], [ 37.674476, 55.5942329 ], [ 37.6741353, 55.5957707 ], [ 37.6738996, 55.5964504 ], [ 37.6738768, 55.5965384 ], [ 37.6737896, 55.5968765 ], [ 37.6737515, 55.5970133 ], [ 37.6734369, 55.5978161 ], [ 37.6729582, 55.5994173 ], [ 37.6729425, 55.5994609 ], [ 37.6730358, 55.6007123 ], [ 37.6730926, 55.6009706 ], [ 37.6734532, 55.6020385 ], [ 37.6734586, 55.6022951 ], [ 37.6734946, 55.602343 ], [ 37.6734935, 55.6023963 ], [ 37.6734707, 55.6024418 ], [ 37.6735056, 55.6024828 ], [ 37.6735797, 55.6027927 ], [ 37.6737724, 55.6034385 ], [ 37.6740664, 55.6032186 ], [ 37.6750335, 55.6029173 ], [ 37.6782491, 55.6019634 ], [ 37.6782664, 55.6019577 ], [ 37.6821015, 55.6008584 ], [ 37.6842141, 55.6002643 ], [ 37.6842818, 55.6002483 ], [ 37.6850454, 55.6000607 ], [ 37.6857062, 55.598777 ] ] ] } },
{ "type": "Feature", "properties": { "name": "Новый долинный парк", "area_ha": 27.1 }, "geometry": { "type": "Polygon", "coordinates": [ [ [ 37.6979453, 55.6089022 ], [ 37.6976712, 55.6087677 ], [ 37.6968294, 55.6082892 ], [ 37.6966656, 55.6083747 ], [ 37.6965459, 55.608305 ], [ 37.6966802, 55.6082129 ], [ 37.6959348, 55.6077576 ], [ 37.6958567, 55.6077813 ], [ 37.6957272, 55.6078298 ], [ 37.6955088, 55.6077397 ], [ 37.6944833, 55.6073171 ], [ 37.6939169, 55.6070849 ], [ 37.6938528, 55.6070567 ], [ 37.6932829, 55.6066033 ], [ 37.6931131, 55.6064252 ], [ 37.6930739, 55.6063813 ], [ 37.6928698, 55.6061528 ], [ 37.6928173, 55.6060825 ], [ 37.6927069, 55.6059674 ], [ 37.6926197, 55.605892 ], [ 37.6923282, 55.6060601 ], [ 37.6921664, 55.6062359 ], [ 37.69201, 55.6066413 ], [ 37.6917801, 55.606932 ], [ 37.6915332, 55.6069691 ], [ 37.6913702, 55.6069565 ], [ 37.6913258, 55.6070776 ], [ 37.6912551, 55.6070735 ], [ 37.6911471, 55.6070388 ], [ 37.6910721, 55.6070402 ], [ 37.6910469, 55.6070417 ], [ 37.6910254, 55.6070565 ], [ 37.690948, 55.6070686 ], [ 37.6908959, 55.6070506 ], [ 37.6908378, 55.6070197 ], [ 37.6907924, 55.6070143 ], [ 37.6906584, 55.6070021 ], [ 37.6905701, 55.6069768 ], [ 37.6905088, 55.607003 ], [ 37.6905008, 55.6070374 ], [ 37.6905261, 55.6070725 ], [ 37.6906015, 55.6070886 ], [ 37.6906513, 55.6071278 ], [ 37.6906525, 55.6071441 ], [ 37.6906535, 55.6071574 ], [ 37.6906039, 55.6071804 ], [ 37.6905606, 55.607198 ], [ 37.6905493, 55.6072246 ], [ 37.6904935, 55.6072407 ], [ 37.690286, 55.6072526 ], [ 37.6902211, 55.6072329 ], [ 37.690152, 55.6071998 ], [ 37.6900914, 55.6071889 ], [ 37.6900391, 55.6072003 ], [ 37.6899814, 55.6072329 ], [ 37.6899747, 55.6072601 ], [ 37.6899734, 55.6072808 ], [ 37.6899062, 55.6073004 ], [ 37.6898556, 55.6072922 ], [ 37.6897908, 55.6072698 ], [ 37.6897479, 55.6072641 ], [ 37.6896567, 55.6072561 ], [ 37.6895709, 55.6072248 ], [ 37.6894985, 55.6072017 ], [ 37.6894529, 55.6072302 ], [ 37.6894355, 55.6072678 ], [ 37.6894278, 55.6072923 ], [ 37.6892987, 55.6073395 ], [ 37.6892297, 55.6073835 ], [ 37.6891917, 55.6074084 ], [ 37.6891428, 55.6074285 ], [ 37.6890754, 55.6074228 ], [ 37.6890084, 55.6074044 ], [ 37.6889503, 55.6073983 ], [ 37.6888789, 55.6074236 ], [ 37.6888077, 55.6074587 ], [ 37.6887481, 55.607501 ], [ 37.6887362, 55.6075197 ], [ 37.6887083, 55.6075635 ], [ 37.6886674, 55.6075818 ], [ 37.6886359, 55.6075805 ], [ 37.6885894, 55.607572 ], [ 37.6885271, 55.6075349 ], [ 37.6884334, 55.6074539 ], [ 37.6883463, 55.6074132 ], [ 37.6882781, 55.6074079 ], [ 37.6882269, 55.6074368 ], [ 37.6881564, 55.6074816 ], [ 37.6881014, 55.6074942 ], [ 37.6880499, 55.6075169 ], [ 37.687976, 55.6075609 ], [ 37.687912, 55.6075737 ], [ 37.6878561, 55.6075743 ], [ 37.6878, 55.6075494 ], [ 37.6877533, 55.607503 ], [ 37.6877096, 55.6074554 ], [ 37.687609, 55.6074596 ], [ 37.6875213, 55.607461 ], [ 37.6874303, 55.6074423 ], [ 37.6872635, 55.6075026 ], [ 37.6871183, 55.6076049 ], [ 37.6870003, 55.6076585 ], [ 37.6869589, 55.6077254 ], [ 37.6870161, 55.607804 ], [ 37.686976, 55.6078475 ], [ 37.6869431, 55.6078826 ], [ 37.686862, 55.6078779 ], [ 37.6867907, 55.6078329 ], [ 37.6866508, 55.6077678 ], [ 37.6865524, 55.6077937 ], [ 37.6874392, 55.608293 ], [ 37.6876245, 55.608388 ], [ 37.6878097, 55.6085121 ], [ 37.6878643, 55.6087326 ], [ 37.6885272, 55.6092391 ], [ 37.6887355, 55.6094501 ], [ 37.688828, 55.6095515 ], [ 37.6887855, 55.6096769 ], [ 37.688724, 55.6098349 ], [ 37.6886746, 55.6099797 ], [ 37.6886845, 55.6101227 ], [ 37.6904045, 55.6109233 ], [ 37.6902153, 55.6111242 ], [ 37.6899259, 55.6112636 ], [ 37.6901184, 55.6115189 ], [ 37.6904821, 55.6116784 ], [ 37.6906501, 55.6117645 ], [ 37.6904635, 55.6118904 ], [ 37.6906192, 55.6119593 ], [ 37.6920163, 55.6120189 ], [ 37.6929103, 55.6121844 ], [ 37.6934266, 55.61228 ], [ 37.6942958, 55.6126376 ], [ 37.6947967, 55.6119765 ], [ 37.6949068, 55.6119614 ], [ 37.6951761, 55.6118945 ], [ 37.6952243, 55.6118156 ], [ 37.6952765, 55.6118109 ], [ 37.6953401, 55.611724 ], [ 37.6955883, 55.6114087 ], [ 37.6959096, 55.6110707 ], [ 37.6958624, 55.6110164 ], [ 37.6959277, 55.6109341 ], [ 37.6963029, 55.6105323 ], [ 37.6962815, 55.6104813 ], [ 37.6962589, 55.6104351 ], [ 37.696643, 55.6100115 ], [ 37.6970485, 55.6096366 ], [ 37.6970808, 55.6096203 ], [ 37.697101, 55.6096068 ], [ 37.6971207, 55.6095937 ], [ 37.6971594, 55.6095563 ], [ 37.6979453, 55.6089022 ] ] ] } },
{ "type": "Feature", "properties": { "name": "Бирюлёвский лесопарк", "area_ha": 256.0 }, "geometry": { "type": "Polygon", "coordinates": [ [ [ 37.6859613, 55.5868845 ], [ 37.6858586, 55.5866568 ], [ 37.6854144, 55.5865473 ], [ 37.6853999, 55.5864892 ], [ 37.6853388, 55.5864566 ], [ 37.6852817, 55.586439 ], [ 37.6851175, 55.5864317 ], [ 37.6849147, 55.5864226 ], [ 37.6849147, 55.5863367 ], [ 37.6847586, 55.5863304 ], [ 37.6842359, 55.5863093 ], [ 37.6842126, 55.5860692 ], [ 37.683978, 55.5860814 ], [ 37.683076, 55.5861282 ], [ 37.6829667, 55.5861231 ], [ 37.6828642, 55.5860907 ], [ 37.6827864, 55.5860298 ], [ 37.6827112, 55.5859073 ], [ 37.682537, 55.5854296 ], [ 37.6824994, 55.5853264 ], [ 37.682226, 55.5845765 ], [ 37.6821497, 55.5843373 ], [ 37.6819926, 55.5838446 ], [ 37.6819318, 55.5836612 ], [ 37.6818371, 55.583427 ], [ 37.6818317, 55.5834137 ], [ 37.6817793, 55.5833789 ], [ 37.68171, 55.5833502 ], [ 37.6809089, 55.583244 ], [ 37.6805839, 55.5835626 ], [ 37.6805233, 55.5836185 ], [ 37.6796702, 55.5844832 ], [ 37.6787494, 55.5854163 ], [ 37.6785322, 55.5856452 ], [ 37.6789564, 55.5857735 ], [ 37.6786914, 55.5860316 ], [ 37.678279, 55.5858962 ], [ 37.6780042, 55.586148 ], [ 37.677767, 55.5864386 ], [ 37.6777366, 55.5865751 ], [ 37.6777089, 55.5868687 ], [ 37.6776264, 55.5870883 ], [ 37.6775201, 55.5871811 ], [ 37.6769774, 55.5876228 ], [ 37.6768393, 55.5877637 ], [ 37.6765165, 55.5882227 ], [ 37.6764792, 55.5882603 ], [ 37.6764475, 55.5882922 ], [ 37.6763669, 55.5883734 ], [ 37.6761946, 55.5884329 ], [ 37.6761232, 55.5884441 ], [ 37.6761218, 55.5885183 ], [ 37.6761123, 55.588609 ], [ 37.6765751, 55.5885185 ], [ 37.6775804, 55.5883626 ], [ 37.6792572, 55.5880153 ], [ 37.6802733, 55.5878473 ], [ 37.6817839, 55.5875657 ], [ 37.6832339, 55.5873683 ], [ 37.6834048, 55.5873409 ], [ 37.6846977, 55.5871338 ], [ 37.6857769, 55.5870881 ], [ 37.685749, 55.5869068 ], [ 37.6859613, 55.5868845 ] ] ] } },
{ "type": "Feature", "properties": { "name": "Бирюлёвский лесопарк", "area_ha": 256.0 }, "geometry": { "type": "Polygon", "coordinates": [ [ [ 37.7231655, 55.5909197 ], [ 37.723319, 55.5907242 ], [ 37.7234628, 55.5905866 ], [ 37.7233987, 55.5905548 ], [ 37.7233126, 55.5905196 ], [ 37.7238939, 55.5900645 ], [ 37.7226166, 55.5895555 ], [ 37.7205997, 55.5887674 ], [ 37.7204012, 55.5889082 ], [ 37.719926, 55.5885638 ], [ 37.7145576, 55.5863372 ], [ 37.7143549, 55.586151 ], [ 37.7135285, 55.5862305 ], [ 37.7064268, 55.5864632 ], [ 37.7016472, 55.5866303 ], [ 37.7000104, 55.5867058 ], [ 37.6993871, 55.5867202 ], [ 37.6972656, 55.5867899 ], [ 37.6971997, 55.5866751 ], [ 37.6971814, 55.5866433 ], [ 37.6969157, 55.5866458 ], [ 37.6966092, 55.5865707 ], [ 37.6965084, 55.586546 ], [ 37.695944, 55.5864076 ], [ 37.6946851, 55.586099 ], [ 37.6942275, 55.586021 ], [ 37.693642, 55.5859352 ], [ 37.6934046, 55.5859004 ], [ 37.6932268, 55.5865707 ], [ 37.69321, 55.5867108 ], [ 37.6921573, 55.5867853 ], [ 37.6916899, 55.5867808 ], [ 37.691431, 55.5867874 ], [ 37.6898648, 55.5868165 ], [ 37.6890366, 55.5868367 ], [ 37.6890055, 55.5868007 ], [ 37.6867904, 55.5868552 ], [ 37.686791, 55.5870279 ], [ 37.6867911, 55.5870611 ], [ 37.6867969, 55.5871504 ], [ 37.6853714, 55.5872317 ], [ 37.6848702, 55.5872907 ], [ 37.6846838, 55.5873122 ], [ 37.6829865, 55.5875762 ], [ 37.6822191, 55.5878667 ], [ 37.6826422, 55.5890055 ], [ 37.6824596, 55.5894319 ], [ 37.6821197, 55.5899403 ], [ 37.6816828, 55.5910709 ], [ 37.6817648, 55.5911931 ], [ 37.6822316, 55.5907724 ], [ 37.6826345, 55.5903766 ], [ 37.6834085, 55.5893027 ], [ 37.683816, 55.588639 ], [ 37.683962, 55.5884228 ], [ 37.6844486, 55.5882059 ], [ 37.685305, 55.5879364 ], [ 37.6861808, 55.5879419 ], [ 37.6866683, 55.5878516 ], [ 37.6868036, 55.5878265 ], [ 37.6870415, 55.587468 ], [ 37.6900399, 55.5873329 ], [ 37.6961928, 55.5870494 ], [ 37.6965085, 55.588659 ], [ 37.696764, 55.5889616 ], [ 37.6981874, 55.5899493 ], [ 37.6992378, 55.5905521 ], [ 37.700043, 55.5919421 ], [ 37.7008464, 55.5929944 ], [ 37.700863, 55.5934811 ], [ 37.7007775, 55.5938497 ], [ 37.7006099, 55.5945719 ], [ 37.700097, 55.5961948 ], [ 37.6982061, 55.5980328 ], [ 37.6972154, 55.5986174 ], [ 37.6962947, 55.5989306 ], [ 37.6953695, 55.5992616 ], [ 37.6953577, 55.5992686 ], [ 37.6958665, 55.6004052 ], [ 37.6960346, 55.6007808 ], [ 37.6961862, 55.6011193 ], [ 37.6964157, 55.601632 ], [ 37.6965125, 55.6018684 ], [ 37.6966351, 55.6020486 ], [ 37.696846, 55.6022407 ], [ 37.6969928, 55.6024213 ], [ 37.6958872, 55.6027087 ], [ 37.6954724, 55.6035583 ], [ 37.6954633, 55.6038983 ], [ 37.695358, 55.6042682 ], [ 37.6955955, 55.6045109 ], [ 37.6958006, 55.604736 ], [ 37.6926197, 55.605892 ], [ 37.6927069, 55.6059674 ], [ 37.6928173, 55.6060825 ], [ 37.6928698, 55.6061528 ], [ 37.6930739, 55.6063813 ], [ 37.6931131, 55.6064252 ], [ 37.6931648, 55.6064116 ], [ 37.693426, 55.6062812 ], [ 37.6938295, 55.606113 ], [ 37.69419, 55.6060548 ], [ 37.6945333, 55.6061518 ], [ 37.6950312, 55.6064088 ], [ 37.6951685, 55.606593 ], [ 37.6953573, 55.606753 ], [ 37.6957607, 55.6068888 ], [ 37.6962671, 55.6069372 ], [ 37.6964688, 55.6069554 ], [ 37.696501, 55.607063 ], [ 37.6965421, 55.6071293 ], [ 37.6965258, 55.6072437 ], [ 37.6965345, 55.6073134 ], [ 37.6964902, 55.6073968 ], [ 37.6961179, 55.6077223 ], [ 37.6959348, 55.6077576 ], [ 37.6966802, 55.6082129 ], [ 37.6965459, 55.608305 ], [ 37.6966656, 55.6083747 ], [ 37.6968294, 55.6082892 ], [ 37.6976712, 55.6087677 ], [ 37.6979453, 55.6089022 ], [ 37.6981835, 55.6087296 ], [ 37.6991371, 55.6079533 ], [ 37.6986355, 55.6077234 ], [ 37.6987932, 55.6076147 ], [ 37.698014, 55.6072263 ], [ 37.6978342, 55.6073332 ], [ 37.6977587, 55.6072933 ], [ 37.6974777, 55.6074419 ], [ 37.6972348, 55.6072993 ], [ 37.6972912, 55.6070197 ], [ 37.6973168, 55.606934 ], [ 37.6984012, 55.6066048 ], [ 37.6989379, 55.6064387 ], [ 37.6990874, 55.6062997 ], [ 37.6991731, 55.6062851 ], [ 37.6991666, 55.6061953 ], [ 37.6993153, 55.6061847 ], [ 37.6991976, 55.6061563 ], [ 37.6989403, 55.6060996 ], [ 37.6984573, 55.6059961 ], [ 37.6982131, 55.6062021 ], [ 37.6980213, 55.6062483 ], [ 37.6977042, 55.6061695 ], [ 37.6979133, 55.6059084 ], [ 37.6979889, 55.6058341 ], [ 37.698025, 55.6056357 ], [ 37.6988106, 55.6052094 ], [ 37.6988728, 55.6051732 ], [ 37.6989823, 55.6051095 ], [ 37.6992918, 55.6052581 ], [ 37.7000043, 55.6048133 ], [ 37.7000283, 55.6047983 ], [ 37.7000509, 55.6047842 ], [ 37.7009802, 55.6042043 ], [ 37.7010717, 55.6042512 ], [ 37.701112, 55.6042694 ], [ 37.7011402, 55.6042862 ], [ 37.7012252, 55.6043272 ], [ 37.7012724, 55.6043506 ], [ 37.7013104, 55.6043694 ], [ 37.7014745, 55.6044507 ], [ 37.7015136, 55.6044701 ], [ 37.7015515, 55.6044889 ], [ 37.701645, 55.6045352 ], [ 37.7016878, 55.6045559 ], [ 37.701726, 55.6045753 ], [ 37.7018853, 55.6046542 ], [ 37.7019125, 55.6046677 ], [ 37.7019402, 55.6046814 ], [ 37.7021048, 55.604763 ], [ 37.7021369, 55.6047789 ], [ 37.7021683, 55.6047944 ], [ 37.7023342, 55.6048766 ], [ 37.7023737, 55.6048962 ], [ 37.7024108, 55.6049146 ], [ 37.702502, 55.6049597 ], [ 37.7026398, 55.6050252 ], [ 37.7026928, 55.6050516 ], [ 37.7027466, 55.605076 ], [ 37.702829, 55.6051173 ], [ 37.7028638, 55.605135 ], [ 37.7028969, 55.6051513 ], [ 37.703045, 55.6052323 ], [ 37.7030865, 55.605251 ], [ 37.7031288, 55.6052701 ], [ 37.70321, 55.6053148 ], [ 37.7023085, 55.6058371 ], [ 37.7024447, 55.6058946 ], [ 37.7038375, 55.6051254 ], [ 37.7049187, 55.6044771 ], [ 37.7063479, 55.6035862 ], [ 37.7054801, 55.6031385 ], [ 37.708226, 55.601358 ], [ 37.7090264, 55.6017593 ], [ 37.7091362, 55.601688 ], [ 37.7090596, 55.6016563 ], [ 37.709084, 55.6016367 ], [ 37.708799, 55.6014946 ], [ 37.7087101, 55.6015466 ], [ 37.7080721, 55.6012384 ], [ 37.7089643, 55.6006084 ], [ 37.7100313, 55.5998633 ], [ 37.709883, 55.5997961 ], [ 37.7097976, 55.5997574 ], [ 37.7097629, 55.5997 ], [ 37.7098337, 55.5996225 ], [ 37.709959, 55.5996107 ], [ 37.7110761, 55.5988892 ], [ 37.7112107, 55.598758 ], [ 37.7115051, 55.5988854 ], [ 37.7122031, 55.5983967 ], [ 37.7131235, 55.5988239 ], [ 37.7163989, 55.5967461 ], [ 37.7177095, 55.5959046 ], [ 37.7177681, 55.5956928 ], [ 37.7174196, 55.5956157 ], [ 37.7179316, 55.5951621 ], [ 37.7185167, 55.5947388 ], [ 37.7190486, 55.5943807 ], [ 37.7196222, 55.5940739 ], [ 37.7197489, 55.5940795 ], [ 37.719966, 55.5941854 ], [ 37.7201956, 55.5941929 ], [ 37.7202619, 55.5940469 ], [ 37.7202867, 55.593968 ], [ 37.7203157, 55.5938899 ], [ 37.720378, 55.5937718 ], [ 37.7208333, 55.5932632 ], [ 37.7212577, 55.5928079 ], [ 37.7217344, 55.5923614 ], [ 37.721853, 55.592232 ], [ 37.7219524, 55.5920889 ], [ 37.7220003, 55.5920234 ], [ 37.722072, 55.5919424 ], [ 37.7221047, 55.5919212 ], [ 37.7224819, 55.5916671 ], [ 37.7226615, 55.5915526 ], [ 37.7227122, 55.5915082 ], [ 37.7228951, 55.5913645 ], [ 37.7229488, 55.591313 ], [ 37.7230477, 55.5912094 ], [ 37.7231343, 55.5911805 ], [ 37.7230242, 55.5910997 ], [ 37.7231655, 55.5909197 ] ] ] } },
{ "type": "Feature", "properties": { "name": "ООПТ «Царицыно»", "area_ha": 1318.0 }, "geometry": { "type": "Polygon", "coordinates": [ [ [ 37.7021976, 55.6059066 ], [ 37.7022323, 55.6058834 ], [ 37.7022635, 55.6058642 ], [ 37.7023085, 55.6058371 ], [ 37.70321, 55.6053148 ], [ 37.7033081, 55.6053686 ], [ 37.7049187, 55.6044771 ], [ 37.7063479, 55.6035862 ], [ 37.7066331, 55.6033917 ], [ 37.7067368, 55.6033209 ], [ 37.7090264, 55.6017593 ], [ 37.7091362, 55.601688 ], [ 37.7090596, 55.6016563 ], [ 37.709084, 55.6016367 ], [ 37.7091219, 55.6016119 ], [ 37.7092622, 55.60152 ], [ 37.7099655, 55.6010468 ], [ 37.7110928, 55.6002914 ], [ 37.7125987, 55.5992548 ], [ 37.7131277, 55.5988764 ], [ 37.7131235, 55.5988239 ], [ 37.7163989, 55.5967461 ], [ 37.7177095, 55.5959046 ], [ 37.7177681, 55.5956928 ], [ 37.7181824, 55.595325 ], [ 37.7183074, 55.5953613 ], [ 37.7185567, 55.5954337 ], [ 37.7188472, 55.5953482 ], [ 37.7189682, 55.595391 ], [ 37.7191106, 55.5953167 ], [ 37.7203668, 55.5941994 ], [ 37.7207858, 55.5943365 ], [ 37.7210519, 55.594419 ], [ 37.7208459, 55.5946663 ], [ 37.7220991, 55.5948409 ], [ 37.7234053, 55.5949724 ], [ 37.7234055, 55.5945806 ], [ 37.7244078, 55.594542 ], [ 37.7249876, 55.5943885 ], [ 37.7252576, 55.5943171 ], [ 37.7256181, 55.5928136 ], [ 37.7252405, 55.5925275 ], [ 37.7246178, 55.5923177 ], [ 37.724655, 55.5921804 ], [ 37.7245666, 55.5921517 ], [ 37.7232245, 55.5917674 ], [ 37.7232396, 55.5917486 ], [ 37.7233031, 55.5916696 ], [ 37.7235212, 55.5915567 ], [ 37.7237114, 55.5914583 ], [ 37.7235381, 55.5913756 ], [ 37.7231092, 55.5912755 ], [ 37.7231659, 55.5912036 ], [ 37.7231343, 55.5911805 ], [ 37.7230242, 55.5910997 ], [ 37.7231655, 55.5909197 ], [ 37.723319, 55.5907242 ], [ 37.7234628, 55.5905866 ], [ 37.7233987, 55.5905548 ], [ 37.7233126, 55.5905196 ], [ 37.7238939, 55.5900645 ], [ 37.7226166, 55.5895555 ], [ 37.7205997, 55.5887674 ], [ 37.7204012, 55.5889082 ], [ 37.719926, 55.5885638 ], [ 37.7145576, 55.5863372 ], [ 37.7143549, 55.586151 ], [ 37.7135285, 55.5862305 ], [ 37.7064268, 55.5864632 ], [ 37.7016472, 55.5866303 ], [ 37.7000104, 55.5867058 ], [ 37.6993871, 55.5867202 ], [ 37.6972656, 55.5867899 ], [ 37.6971997, 55.5866751 ], [ 37.6971814, 55.5866433 ], [ 37.6969157, 55.5866458 ], [ 37.6966092, 55.5865707 ], [ 37.6965084, 55.586546 ], [ 37.695944, 55.5864076 ], [ 37.6946851, 55.586099 ], [ 37.6942275, 55.586021 ], [ 37.693642, 55.5859352 ], [ 37.6934046, 55.5859004 ], [ 37.6932268, 55.5865707 ], [ 37.69321, 55.5867108 ], [ 37.6921573, 55.5867853 ], [ 37.6916899, 55.5867808 ], [ 37.691431, 55.5867874 ], [ 37.6898648, 55.5868165 ], [ 37.6890366, 55.5868367 ], [ 37.6890055, 55.5868007 ], [ 37.6867904, 55.5868552 ], [ 37.686791, 55.5870279 ], [ 37.6867911, 55.5870611 ], [ 37.6857769, 55.5870881 ], [ 37.685749, 55.5869068 ], [ 37.6859613, 55.5868845 ], [ 37.6858586, 55.5866568 ], [ 37.6854144, 55.5865473 ], [ 37.6853999, 55.5864892 ], [ 37.6853388, 55.5864566 ], [ 37.6852817, 55.586439 ], [ 37.6851175, 55.5864317 ], [ 37.6849147, 55.5864226 ], [ 37.6849147, 55.5863367 ], [ 37.6847586, 55.5863304 ], [ 37.6842359, 55.5863093 ], [ 37.6842126, 55.5860692 ], [ 37.683978, 55.5860814 ], [ 37.683076, 55.5861282 ], [ 37.6829667, 55.5861231 ], [ 37.6828642, 55.5860907 ], [ 37.6827864, 55.5860298 ], [ 37.6827112, 55.5859073 ], [ 37.682537, 55.5854296 ], [ 37.6824994, 55.5853264 ], [ 37.682226, 55.5845765 ], [ 37.6821497, 55.5843373 ], [ 37.6819926, 55.5838446 ], [ 37.6819318, 55.5836612 ], [ 37.6818371, 55.583427 ], [ 37.6818317, 55.5834137 ], [ 37.6817793, 55.5833789 ], [ 37.68171, 55.5833502 ], [ 37.6809089, 55.583244 ], [ 37.6805839, 55.5835626 ], [ 37.6805233, 55.5836185 ], [ 37.6796702, 55.5844832 ], [ 37.6787494, 55.5854163 ], [ 37.6785322, 55.5856452 ], [ 37.6789564, 55.5857735 ], [ 37.6786914, 55.5860316 ], [ 37.678279, 55.5858962 ], [ 37.6780042, 55.586148 ], [ 37.677767, 55.5864386 ], [ 37.6777366, 55.5865751 ], [ 37.6777089, 55.5868687 ], [ 37.6776264, 55.5870883 ], [ 37.6775201, 55.5871811 ], [ 37.6769774, 55.5876228 ], [ 37.6768393, 55.5877637 ], [ 37.6765165, 55.5882227 ], [ 37.6764792, 55.5882603 ], [ 37.6764475, 55.5882922 ], [ 37.6763669, 55.5883734 ], [ 37.6761946, 55.5884329 ], [ 37.6761232, 55.5884441 ], [ 37.6761218, 55.5885183 ], [ 37.6761123, 55.588609 ], [ 37.6760773, 55.5889416 ], [ 37.6760069, 55.5890267 ], [ 37.6753428, 55.5898397 ], [ 37.6752056, 55.5900074 ], [ 37.6750781, 55.5901882 ], [ 37.6750603, 55.5902134 ], [ 37.6748573, 55.5905012 ], [ 37.674764, 55.5906686 ], [ 37.6747547, 55.5906828 ], [ 37.6745665, 55.5909698 ], [ 37.6743296, 55.5913102 ], [ 37.6741426, 55.5917362 ], [ 37.6741395, 55.591748 ], [ 37.6739889, 55.5923238 ], [ 37.673983, 55.5923464 ], [ 37.673936, 55.5925301 ], [ 37.6739225, 55.5925822 ], [ 37.6739206, 55.592594 ], [ 37.6739176, 55.592603 ], [ 37.6739115, 55.5926104 ], [ 37.6738938, 55.5926159 ], [ 37.6738723, 55.5926181 ], [ 37.6738475, 55.5926181 ], [ 37.6735903, 55.5925945 ], [ 37.6734728, 55.5930764 ], [ 37.672987, 55.5948017 ], [ 37.6726153, 55.5961219 ], [ 37.6726144, 55.5961368 ], [ 37.6726121, 55.5961455 ], [ 37.6725266, 55.5964634 ], [ 37.6724292, 55.5968583 ], [ 37.6723574, 55.5971498 ], [ 37.6717999, 55.5994389 ], [ 37.6711774, 55.6016496 ], [ 37.6711766, 55.6016523 ], [ 37.6711697, 55.6016746 ], [ 37.6711436, 55.6017584 ], [ 37.6710229, 55.6021649 ], [ 37.6707479, 55.6030964 ], [ 37.6705869, 55.6034692 ], [ 37.6701745, 55.6041121 ], [ 37.6698312, 55.6043119 ], [ 37.6696677, 55.6044948 ], [ 37.669161, 55.6050613 ], [ 37.6691202, 55.6051103 ], [ 37.6689206, 55.605324 ], [ 37.6685312, 55.6057616 ], [ 37.6681825, 55.6062071 ], [ 37.6675663, 55.6068475 ], [ 37.6670083, 55.6074544 ], [ 37.666497, 55.6080451 ], [ 37.66645, 55.6080942 ], [ 37.6660642, 55.6085015 ], [ 37.6656393, 55.6089769 ], [ 37.6655768, 55.6090418 ], [ 37.6654926, 55.6091158 ], [ 37.6653779, 55.6092148 ], [ 37.665301, 55.6092673 ], [ 37.6651562, 55.6094162 ], [ 37.6650097, 55.6096156 ], [ 37.6648233, 55.6098196 ], [ 37.6646705, 55.6099772 ], [ 37.664525, 55.6101029 ], [ 37.663304, 55.6114445 ], [ 37.6633003, 55.6114965 ], [ 37.6632817, 55.6115152 ], [ 37.6631831, 55.6116142 ], [ 37.6631364, 55.6116553 ], [ 37.6630335, 55.6117408 ], [ 37.6625407, 55.6122907 ], [ 37.6624399, 55.6124026 ], [ 37.6623515, 55.6124998 ], [ 37.6616012, 55.6132988 ], [ 37.6616863, 55.6133222 ], [ 37.6609793, 55.6141352 ], [ 37.660926, 55.6141941 ], [ 37.6611874, 55.6142014 ], [ 37.661102, 55.614253 ], [ 37.660484, 55.6148067 ], [ 37.6604274, 55.6149534 ], [ 37.6610762, 55.6150691 ], [ 37.662188, 55.6152036 ], [ 37.6642421, 55.6155824 ], [ 37.6645692, 55.61549 ], [ 37.6649528, 55.6155803 ], [ 37.6652902, 55.6156597 ], [ 37.6659824, 55.6158226 ], [ 37.6659693, 55.6159703 ], [ 37.6684128, 55.6167388 ], [ 37.6690605, 55.6170381 ], [ 37.6697017, 55.6173854 ], [ 37.6709872, 55.6183275 ], [ 37.6718116, 55.6190516 ], [ 37.6721321, 55.6193767 ], [ 37.6724106, 55.6196031 ], [ 37.6725305, 55.6198699 ], [ 37.6750043, 55.6222231 ], [ 37.6760398, 55.6232873 ], [ 37.6780415, 55.6248464 ], [ 37.6811428, 55.6273395 ], [ 37.6819146, 55.6279599 ], [ 37.6833547, 55.6291159 ], [ 37.6834285, 55.629166 ], [ 37.683492, 55.6292073 ], [ 37.6835512, 55.6293528 ], [ 37.6838101, 55.6296046 ], [ 37.6841993, 55.6299852 ], [ 37.6848191, 55.6305767 ], [ 37.6853762, 55.6314058 ], [ 37.685751, 55.6322168 ], [ 37.6858436, 55.6325229 ], [ 37.686463, 55.6343701 ], [ 37.6869032, 55.6356455 ], [ 37.687211, 55.6365822 ], [ 37.6872045, 55.6366395 ], [ 37.6874986, 55.6374517 ], [ 37.6875899, 55.6377216 ], [ 37.6881913, 55.6388126 ], [ 37.6882318, 55.638802 ], [ 37.6884354, 55.6387529 ], [ 37.6884264, 55.6385322 ], [ 37.6892454, 55.6382129 ], [ 37.6895846, 55.6380921 ], [ 37.6898749, 55.6380498 ], [ 37.690347, 55.6380104 ], [ 37.693909, 55.6365237 ], [ 37.6944347, 55.6363845 ], [ 37.6949389, 55.6362573 ], [ 37.6953057, 55.6360689 ], [ 37.6955785, 55.6358795 ], [ 37.6956412, 55.6358347 ], [ 37.695951, 55.6354442 ], [ 37.6959799, 55.635488 ], [ 37.6960554, 55.635503 ], [ 37.6961308, 55.6354881 ], [ 37.6967709, 55.6351449 ], [ 37.6989452, 55.6344192 ], [ 37.6991452, 55.634409 ], [ 37.6993737, 55.6344126 ], [ 37.6997413, 55.6342443 ], [ 37.7006797, 55.6337441 ], [ 37.7004742, 55.6331932 ], [ 37.7006514, 55.6331737 ], [ 37.7006818, 55.6332609 ], [ 37.700825, 55.6332635 ], [ 37.7010437, 55.6331079 ], [ 37.7012792, 55.6332369 ], [ 37.7009884, 55.6334298 ], [ 37.7009114, 55.6335018 ], [ 37.7007938, 55.6336197 ], [ 37.7007837, 55.6336609 ], [ 37.7008225, 55.6336791 ], [ 37.7008674, 55.6336696 ], [ 37.7015311, 55.6332624 ], [ 37.7012829, 55.6330882 ], [ 37.7012091, 55.6329858 ], [ 37.7016688, 55.6325721 ], [ 37.7022047, 55.6327895 ], [ 37.7024969, 55.6325839 ], [ 37.7025355, 55.6325568 ], [ 37.7025541, 55.6325437 ], [ 37.7033595, 55.6318788 ], [ 37.703404, 55.6318414 ], [ 37.7035103, 55.6317519 ], [ 37.7037792, 55.6315255 ], [ 37.7040829, 55.6312699 ], [ 37.7041635, 55.6311997 ], [ 37.7041363, 55.6311061 ], [ 37.7041491, 55.6310901 ], [ 37.7042097, 55.6310144 ], [ 37.7043531, 55.6310488 ], [ 37.7052062, 55.6313697 ], [ 37.7053043, 55.6314024 ], [ 37.7044826, 55.6321433 ], [ 37.7034017, 55.6329852 ], [ 37.7027365, 55.6333667 ], [ 37.7027419, 55.6334788 ], [ 37.7030155, 55.633821 ], [ 37.7027312, 55.6339269 ], [ 37.7024361, 55.6339754 ], [ 37.7014437, 55.6345719 ], [ 37.7010789, 55.6343993 ], [ 37.7009233, 55.6344023 ], [ 37.7005049, 55.6346355 ], [ 37.7003951, 55.6347523 ], [ 37.7025396, 55.6354989 ], [ 37.7028889, 55.6356175 ], [ 37.7030866, 55.6356584 ], [ 37.7033079, 55.6356362 ], [ 37.7041515, 55.6355872 ], [ 37.7056061, 55.6355647 ], [ 37.7061658, 55.6355609 ], [ 37.7092671, 55.6355144 ], [ 37.7094671, 55.6355069 ], [ 37.7098941, 55.6355013 ], [ 37.7104935, 55.6354934 ], [ 37.7119202, 55.6354746 ], [ 37.7120883, 55.6354723 ], [ 37.7124393, 55.6354653 ], [ 37.7144637, 55.6354251 ], [ 37.7157745, 55.6354022 ], [ 37.7185852, 55.635353 ], [ 37.7214496, 55.6353029 ], [ 37.7223316, 55.63528 ], [ 37.7224094, 55.635278 ], [ 37.7230418, 55.6352616 ], [ 37.7255975, 55.635232 ], [ 37.7268263, 55.6352095 ], [ 37.7271703, 55.6352078 ], [ 37.7272917, 55.635198 ], [ 37.7275169, 55.6351862 ], [ 37.7283838, 55.6351808 ], [ 37.7314862, 55.6351373 ], [ 37.7314823, 55.6351033 ], [ 37.7315811, 55.6350989 ], [ 37.731646, 55.6350753 ], [ 37.7318944, 55.6348738 ], [ 37.7321907, 55.6346149 ], [ 37.7326379, 55.6342083 ], [ 37.7330997, 55.6337896 ], [ 37.7331731, 55.6337271 ], [ 37.7334492, 55.6334508 ], [ 37.7335801, 55.6333622 ], [ 37.7337576, 55.6332433 ], [ 37.7339639, 55.6330219 ], [ 37.7341005, 55.63287 ], [ 37.7341508, 55.6327966 ], [ 37.7342176, 55.6326836 ], [ 37.7342371, 55.6326245 ], [ 37.734266, 55.6323095 ], [ 37.7342727, 55.6321653 ], [ 37.7342785, 55.6320404 ], [ 37.7342803, 55.6319572 ], [ 37.7343096, 55.6318977 ], [ 37.7343404, 55.6318348 ], [ 37.734381, 55.6318184 ], [ 37.7345004, 55.6318159 ], [ 37.7345458, 55.6318271 ], [ 37.7345911, 55.6318508 ], [ 37.7346299, 55.6318713 ], [ 37.734681, 55.6319147 ], [ 37.7347184, 55.6319246 ], [ 37.734824, 55.6319406 ], [ 37.7349204, 55.6319499 ], [ 37.7350189, 55.6319672 ], [ 37.7354448, 55.6320423 ], [ 37.7359577, 55.6321089 ], [ 37.7360285, 55.6321018 ], [ 37.7371686, 55.6322937 ], [ 37.7388507, 55.6325462 ], [ 37.7397556, 55.6325215 ], [ 37.7403857, 55.6324001 ], [ 37.740616, 55.6323557 ], [ 37.7415142, 55.6321332 ], [ 37.7418345, 55.6320696 ], [ 37.7421942, 55.6319937 ], [ 37.7425527, 55.6319416 ], [ 37.7428481, 55.6319268 ], [ 37.7431202, 55.6319491 ], [ 37.7436983, 55.6320397 ], [ 37.7440732, 55.6321006 ], [ 37.7443397, 55.6321049 ], [ 37.7445956, 55.6321391 ], [ 37.7456352, 55.6322778 ], [ 37.7459719, 55.6322704 ], [ 37.7460196, 55.6322698 ], [ 37.7461603, 55.6322633 ], [ 37.7478541, 55.632075 ], [ 37.7494046, 55.6319027 ], [ 37.7494614, 55.6318967 ], [ 37.7495924, 55.6318829 ], [ 37.7497137, 55.6318434 ], [ 37.7497553, 55.6318113 ], [ 37.7497754, 55.6317792 ], [ 37.7498221, 55.6316868 ], [ 37.7499703, 55.6312954 ], [ 37.7499927, 55.631253 ], [ 37.7501565, 55.6307829 ], [ 37.7501687, 55.6307367 ], [ 37.7501567, 55.6306875 ], [ 37.7501164, 55.6306542 ], [ 37.7498019, 55.6306485 ], [ 37.749476, 55.6306433 ], [ 37.7475219, 55.63061 ], [ 37.7473934, 55.6306078 ], [ 37.747359, 55.6306087 ], [ 37.7461808, 55.6305841 ], [ 37.7456509, 55.630573 ], [ 37.7454417, 55.6305686 ], [ 37.7437906, 55.6305336 ], [ 37.7437064, 55.6305318 ], [ 37.7429151, 55.630515 ], [ 37.7425657, 55.630507 ], [ 37.7420309, 55.6304823 ], [ 37.7417638, 55.6304386 ], [ 37.7416233, 55.6303151 ], [ 37.7415568, 55.6301372 ], [ 37.7415419, 55.6300733 ], [ 37.7374637, 55.6299874 ], [ 37.734824, 55.6299318 ], [ 37.734718, 55.6263321 ], [ 37.7345727, 55.6263162 ], [ 37.7325724, 55.6252586 ], [ 37.7325865, 55.6251272 ], [ 37.731821, 55.6253213 ], [ 37.7310553, 55.6246339 ], [ 37.7309729, 55.6245797 ], [ 37.7299355, 55.6245654 ], [ 37.7286838, 55.6245985 ], [ 37.7287641, 55.6257252 ], [ 37.7286898, 55.6258344 ], [ 37.7285755, 55.6258738 ], [ 37.7284423, 55.6259251 ], [ 37.7274859, 55.6259615 ], [ 37.727451, 55.6264894 ], [ 37.7273608, 55.6267878 ], [ 37.7273466, 55.6269613 ], [ 37.7273901, 55.6270881 ], [ 37.7273064, 55.627133 ], [ 37.7255296, 55.6278802 ], [ 37.7200325, 55.627935 ], [ 37.7171202, 55.6274784 ], [ 37.713612, 55.6269283 ], [ 37.7131461, 55.6278288 ], [ 37.7114424, 55.6278133 ], [ 37.7111935, 55.6276198 ], [ 37.7109413, 55.6274714 ], [ 37.7109697, 55.6273529 ], [ 37.7113666, 55.6271167 ], [ 37.7113636, 55.6270035 ], [ 37.7113947, 55.62678 ], [ 37.7114796, 55.6267036 ], [ 37.7114884, 55.6266672 ], [ 37.711101, 55.6266084 ], [ 37.7108625, 55.6264479 ], [ 37.710916, 55.6263474 ], [ 37.711147, 55.6259646 ], [ 37.7115186, 55.6258717 ], [ 37.7120368, 55.6259166 ], [ 37.7123533, 55.6254261 ], [ 37.7120344, 55.6253744 ], [ 37.7123675, 55.6247202 ], [ 37.7126766, 55.6247704 ], [ 37.7127292, 55.6246731 ], [ 37.7113653, 55.6244461 ], [ 37.710618, 55.6258116 ], [ 37.7103182, 55.6260358 ], [ 37.7102031, 55.6262682 ], [ 37.7092164, 55.6261393 ], [ 37.7086232, 55.6263302 ], [ 37.7074298, 55.6261501 ], [ 37.6989387, 55.6248483 ], [ 37.6983068, 55.6246964 ], [ 37.6975993, 55.6244115 ], [ 37.6972575, 55.6242542 ], [ 37.697391, 55.6241017 ], [ 37.6972924, 55.624 ], [ 37.6973228, 55.623868 ], [ 37.696805, 55.623497 ], [ 37.6961808, 55.6227728 ], [ 37.6959396, 55.6226732 ], [ 37.6958924, 55.6226474 ], [ 37.6960671, 55.622443 ], [ 37.6963681, 55.6217054 ], [ 37.696227, 55.6216019 ], [ 37.6963812, 55.6213162 ], [ 37.6962696, 55.6212943 ], [ 37.6963171, 55.6211917 ], [ 37.6957485, 55.6211084 ], [ 37.6958551, 55.6208799 ], [ 37.6953646, 55.6207991 ], [ 37.6957448, 55.6198402 ], [ 37.6954068, 55.6198349 ], [ 37.6954193, 55.6197337 ], [ 37.6943174, 55.6197017 ], [ 37.6942359, 55.6197031 ], [ 37.6938965, 55.6197021 ], [ 37.6936699, 55.6196997 ], [ 37.6941071, 55.6174912 ], [ 37.6940041, 55.6174279 ], [ 37.6940114, 55.6173406 ], [ 37.6940139, 55.6172497 ], [ 37.6940833, 55.6171832 ], [ 37.6943239, 55.6160497 ], [ 37.6943549, 55.6158259 ], [ 37.6940381, 55.6155404 ], [ 37.693914, 55.6154624 ], [ 37.6935228, 55.6151415 ], [ 37.693432, 55.6150906 ], [ 37.6934905, 55.6147979 ], [ 37.6932355, 55.61478 ], [ 37.6932969, 55.614538 ], [ 37.6935693, 55.6145609 ], [ 37.6936275, 55.6144118 ], [ 37.6939877, 55.6143284 ], [ 37.69398, 55.614284 ], [ 37.6938783, 55.614125 ], [ 37.6940189, 55.6140985 ], [ 37.6941217, 55.6140764 ], [ 37.6941988, 55.6141986 ], [ 37.6943441, 55.6141495 ], [ 37.6946731, 55.6141033 ], [ 37.6948587, 55.6141045 ], [ 37.6949051, 55.6139018 ], [ 37.6951089, 55.6127384 ], [ 37.6953272, 55.6121888 ], [ 37.6954114, 55.6120065 ], [ 37.6952854, 55.6119398 ], [ 37.6952765, 55.6118109 ], [ 37.6953401, 55.611724 ], [ 37.6955883, 55.6114087 ], [ 37.6959096, 55.6110707 ], [ 37.6958624, 55.6110164 ], [ 37.6959277, 55.6109341 ], [ 37.6963029, 55.6105323 ], [ 37.6962815, 55.6104813 ], [ 37.6962589, 55.6104351 ], [ 37.696643, 55.6100115 ], [ 37.6970485, 55.6096366 ], [ 37.6970808, 55.6096203 ], [ 37.697101, 55.6096068 ], [ 37.6971207, 55.6095937 ], [ 37.6971594, 55.6095563 ], [ 37.6979453, 55.6089022 ], [ 37.6981835, 55.6087296 ], [ 37.6991371, 55.6079533 ], [ 37.699774, 55.6074749 ], [ 37.6998973, 55.6073839 ], [ 37.7006955, 55.6068555 ], [ 37.7007229, 55.6068402 ], [ 37.7007938, 55.6067503 ], [ 37.7014542, 55.6063594 ], [ 37.7021976, 55.6059066 ] ] ] } },
{ "type": "Feature", "properties": { "name": "Шмелёвский овраг до улицы Ясеневой", "area_ha": 6.2 }, "geometry": { "type": "Polygon", "coordinates": [ [ [ 37.7403301, 55.6108396 ], [ 37.7403462, 55.6110235 ], [ 37.7390075, 55.6110515 ], [ 37.7380156, 55.6110642 ], [ 37.7374256, 55.6110551 ], [ 37.7364085, 55.611025 ], [ 37.7359362, 55.6109992 ], [ 37.7358776, 55.6112537 ], [ 37.7357911, 55.6116545 ], [ 37.7357706, 55.6117188 ], [ 37.7361692, 55.6117472 ], [ 37.7373062, 55.6118284 ], [ 37.7381025, 55.6118853 ], [ 37.7382687, 55.6118946 ], [ 37.7387197, 55.6119686 ], [ 37.7393004, 55.6120065 ], [ 37.74016, 55.6119589 ], [ 37.7406792, 55.61196 ], [ 37.7420615, 55.6120189 ], [ 37.7431338, 55.6120417 ], [ 37.7433297, 55.6120752 ], [ 37.7443973, 55.6120938 ], [ 37.7444094, 55.6115108 ], [ 37.7444186, 55.6110679 ], [ 37.7443881, 55.6107039 ], [ 37.7426388, 55.6107619 ], [ 37.7403301, 55.6108396 ] ] ] } },
{ "type": "Feature", "properties": { "name": "Борисовские пруды", "area_ha": 143.8 }, "geometry": { "type": "Polygon", "coordinates": [ [ [ 37.6938965, 55.6197021 ], [ 37.6939346, 55.6227532 ], [ 37.6943036, 55.6239163 ], [ 37.695119, 55.6239163 ], [ 37.6950808, 55.624516 ], [ 37.6950739, 55.624624 ], [ 37.6943985, 55.6249186 ], [ 37.6940466, 55.6259023 ], [ 37.693568, 55.626754 ], [ 37.6929737, 55.6275354 ], [ 37.6929497, 55.6277114 ], [ 37.6933536, 55.6276631 ], [ 37.6936916, 55.6276479 ], [ 37.6938674, 55.6276642 ], [ 37.6940065, 55.6277275 ], [ 37.6941455, 55.6277624 ], [ 37.6942691, 55.6278332 ], [ 37.6944855, 55.6279336 ], [ 37.6945087, 55.6279597 ], [ 37.6946709, 55.6280262 ], [ 37.6948119, 55.6280677 ], [ 37.6951267, 55.6282051 ], [ 37.6955169, 55.6284613 ], [ 37.6956444, 55.6285082 ], [ 37.6958028, 55.6285737 ], [ 37.6960268, 55.6286325 ], [ 37.696162, 55.6286413 ], [ 37.6963629, 55.6286456 ], [ 37.6964962, 55.6286369 ], [ 37.6965734, 55.6286369 ], [ 37.6966275, 55.6286445 ], [ 37.6968535, 55.6286653 ], [ 37.697093, 55.6286587 ], [ 37.6974098, 55.6286053 ], [ 37.6975894, 55.6285573 ], [ 37.6976937, 55.6285529 ], [ 37.6979931, 55.6285955 ], [ 37.6982828, 55.6286064 ], [ 37.6985919, 55.6286325 ], [ 37.6986421, 55.6286424 ], [ 37.6987522, 55.6286565 ], [ 37.6990999, 55.6287383 ], [ 37.6992969, 55.6287885 ], [ 37.6994244, 55.6288037 ], [ 37.6995055, 55.6288005 ], [ 37.6997083, 55.6287601 ], [ 37.6997624, 55.6287601 ], [ 37.6998648, 55.6287776 ], [ 37.7000888, 55.6287678 ], [ 37.7002948, 55.628694 ], [ 37.7004565, 55.6286507 ], [ 37.7005815, 55.6286634 ], [ 37.7006586, 55.6287012 ], [ 37.7008015, 55.6287579 ], [ 37.7008189, 55.628771 ], [ 37.7009155, 55.6288735 ], [ 37.701014, 55.6289379 ], [ 37.7011569, 55.6289858 ], [ 37.7013192, 55.6290077 ], [ 37.7014853, 55.6290164 ], [ 37.7015394, 55.629024 ], [ 37.7015838, 55.6290415 ], [ 37.701775, 55.6290894 ], [ 37.702001, 55.6291221 ], [ 37.7021768, 55.6291221 ], [ 37.7023796, 55.6291025 ], [ 37.7024878, 55.6291014 ], [ 37.7027872, 55.6291211 ], [ 37.7029166, 55.6291189 ], [ 37.7030614, 55.6291003 ], [ 37.7031406, 55.6291014 ], [ 37.7031966, 55.6291091 ], [ 37.7032237, 55.629108 ], [ 37.703272, 55.629096 ], [ 37.7033318, 55.6290654 ], [ 37.7033763, 55.6290513 ], [ 37.7034786, 55.6290382 ], [ 37.7035501, 55.6290153 ], [ 37.7035926, 55.6289967 ], [ 37.7036158, 55.6289913 ], [ 37.7036699, 55.6289913 ], [ 37.7037201, 55.6290033 ], [ 37.7037471, 55.6290044 ], [ 37.7041238, 55.6289706 ], [ 37.7041682, 55.6289542 ], [ 37.704201, 55.6289324 ], [ 37.7042937, 55.6289008 ], [ 37.7043671, 55.6288572 ], [ 37.7043922, 55.6288474 ], [ 37.7045893, 55.6287983 ], [ 37.70468, 55.62879 ], [ 37.7047573, 55.6287798 ], [ 37.7047805, 55.6287721 ], [ 37.7048326, 55.6287394 ], [ 37.7048558, 55.6287307 ], [ 37.7051243, 55.6286871 ], [ 37.7053348, 55.6286871 ], [ 37.7056381, 55.6287361 ], [ 37.7057093, 55.6287599 ], [ 37.7058525, 55.6288157 ], [ 37.7058699, 55.6288266 ], [ 37.7058583, 55.6288735 ], [ 37.7058911, 55.628915 ], [ 37.7059008, 55.6289477 ], [ 37.7059181, 55.6289597 ], [ 37.7059452, 55.6289662 ], [ 37.7059993, 55.6289673 ], [ 37.7060128, 55.6289542 ], [ 37.7059858, 55.6289106 ], [ 37.7059896, 55.6288964 ], [ 37.706034, 55.6288801 ], [ 37.7060592, 55.6288779 ], [ 37.7060843, 55.628879 ], [ 37.7061036, 55.6288921 ], [ 37.7060785, 55.6289379 ], [ 37.7060765, 55.6289706 ], [ 37.7060592, 55.6289837 ], [ 37.706034, 55.6289913 ], [ 37.7060282, 55.6290077 ], [ 37.7060495, 55.6290175 ], [ 37.7061152, 55.6290687 ], [ 37.7061596, 55.6290862 ], [ 37.7062137, 55.6290927 ], [ 37.7062369, 55.6290873 ], [ 37.7063141, 55.6290883 ], [ 37.706401, 55.6291254 ], [ 37.7066118, 55.6291653 ], [ 37.7068373, 55.6290242 ], [ 37.7068983, 55.6289337 ], [ 37.7071099, 55.6287693 ], [ 37.7074468, 55.6284702 ], [ 37.7077732, 55.6281685 ], [ 37.7080546, 55.6279092 ], [ 37.708245, 55.6277298 ], [ 37.7084421, 55.6275021 ], [ 37.7085749, 55.6273381 ], [ 37.7086922, 55.6271431 ], [ 37.7088042, 55.6269542 ], [ 37.7090042, 55.6266089 ], [ 37.7090232, 55.626565 ], [ 37.7090357, 55.6264121 ], [ 37.7090459, 55.6263523 ], [ 37.7092164, 55.6261393 ], [ 37.7086232, 55.6263302 ], [ 37.7074298, 55.6261501 ], [ 37.6989387, 55.6248483 ], [ 37.6983068, 55.6246964 ], [ 37.6975993, 55.6244115 ], [ 37.6972575, 55.6242542 ], [ 37.697391, 55.6241017 ], [ 37.6972924, 55.624 ], [ 37.6973228, 55.623868 ], [ 37.696805, 55.623497 ], [ 37.6961808, 55.6227728 ], [ 37.6959396, 55.6226732 ], [ 37.6958924, 55.6226474 ], [ 37.6960671, 55.622443 ], [ 37.6963681, 55.6217054 ], [ 37.696227, 55.6216019 ], [ 37.6963812, 55.6213162 ], [ 37.6962696, 55.6212943 ], [ 37.6963171, 55.6211917 ], [ 37.6957485, 55.6211084 ], [ 37.6958551, 55.6208799 ], [ 37.6953646, 55.6207991 ], [ 37.6957448, 55.6198402 ], [ 37.6954068, 55.6198349 ], [ 37.6954193, 55.6197337 ], [ 37.6943174, 55.6197017 ], [ 37.6942359, 55.6197031 ], [ 37.6938965, 55.6197021 ] ] ] } },
{ "type": "Feature", "properties": { "name": "Борисовские пруды", "area_ha": 143.8 }, "geometry": { "type": "Polygon", "coordinates": [ [ [ 37.7107746, 55.6293349 ], [ 37.7109195, 55.6293022 ], [ 37.7114183, 55.6291896 ], [ 37.7119762, 55.62902 ], [ 37.7129632, 55.6290926 ], [ 37.7138215, 55.6293349 ], [ 37.7139756, 55.6293903 ], [ 37.7146193, 55.6296052 ], [ 37.7147883, 55.6297662 ], [ 37.7150922, 55.6298845 ], [ 37.7153293, 55.6299174 ], [ 37.7155017, 55.629896 ], [ 37.7161738, 55.6302657 ], [ 37.7163157, 55.6303636 ], [ 37.7169114, 55.6305463 ], [ 37.7173951, 55.6306564 ], [ 37.7176727, 55.6305313 ], [ 37.7178296, 55.6303808 ], [ 37.7181131, 55.6302556 ], [ 37.719143, 55.6300375 ], [ 37.7208491, 55.6298761 ], [ 37.7222213, 55.6298015 ], [ 37.723735, 55.6296499 ], [ 37.7245933, 55.6296983 ], [ 37.7258378, 55.6300133 ], [ 37.7269107, 55.6299406 ], [ 37.7275545, 55.6297468 ], [ 37.7273748, 55.6295758 ], [ 37.7273824, 55.6294841 ], [ 37.7274896, 55.6293872 ], [ 37.7283059, 55.6289626 ], [ 37.7282818, 55.6289184 ], [ 37.7273064, 55.627133 ], [ 37.7255296, 55.6278802 ], [ 37.7200325, 55.627935 ], [ 37.7171202, 55.6274784 ], [ 37.713612, 55.6269283 ], [ 37.7131461, 55.6278288 ], [ 37.7114424, 55.6278133 ], [ 37.7111935, 55.6276198 ], [ 37.7109413, 55.6274714 ], [ 37.7109697, 55.6273529 ], [ 37.7113666, 55.6271167 ], [ 37.7113636, 55.6270035 ], [ 37.7113947, 55.62678 ], [ 37.7114796, 55.6267036 ], [ 37.7114884, 55.6266672 ], [ 37.711101, 55.6266084 ], [ 37.7108625, 55.6264479 ], [ 37.710916, 55.6263474 ], [ 37.711147, 55.6259646 ], [ 37.7115186, 55.6258717 ], [ 37.7120368, 55.6259166 ], [ 37.7123533, 55.6254261 ], [ 37.7120344, 55.6253744 ], [ 37.7123675, 55.6247202 ], [ 37.7126766, 55.6247704 ], [ 37.7127292, 55.6246731 ], [ 37.7113653, 55.6244461 ], [ 37.710618, 55.6258116 ], [ 37.7103182, 55.6260358 ], [ 37.7102031, 55.6262682 ], [ 37.7096657, 55.6273531 ], [ 37.7085122, 55.6287094 ], [ 37.7074701, 55.6295287 ], [ 37.7085859, 55.6295772 ], [ 37.7096158, 55.6294076 ], [ 37.7107746, 55.6293349 ] ] ] } },
{ "type": "Feature", "properties": { "name": "Борисовские пруды", "area_ha": 143.8 }, "geometry": { "type": "Polygon", "coordinates": [ [ [ 37.6959799, 55.635488 ], [ 37.6960554, 55.635503 ], [ 37.6961308, 55.6354881 ], [ 37.6967709, 55.6351449 ], [ 37.6989452, 55.6344192 ], [ 37.6991452, 55.634409 ], [ 37.6993737, 55.6344126 ], [ 37.6997413, 55.6342443 ], [ 37.7006797, 55.6337441 ], [ 37.7004742, 55.6331932 ], [ 37.7006514, 55.6331737 ], [ 37.7006818, 55.6332609 ], [ 37.700825, 55.6332635 ], [ 37.7010437, 55.6331079 ], [ 37.7012792, 55.6332369 ], [ 37.7009884, 55.6334298 ], [ 37.7009114, 55.6335018 ], [ 37.7007938, 55.6336197 ], [ 37.7007837, 55.6336609 ], [ 37.7008225, 55.6336791 ], [ 37.7008674, 55.6336696 ], [ 37.7015311, 55.6332624 ], [ 37.7012829, 55.6330882 ], [ 37.7012091, 55.6329858 ], [ 37.7016688, 55.6325721 ], [ 37.7022047, 55.6327895 ], [ 37.7024969, 55.6325839 ], [ 37.7025355, 55.6325568 ], [ 37.7025541, 55.6325437 ], [ 37.7033595, 55.6318788 ], [ 37.703404, 55.6318414 ], [ 37.7035103, 55.6317519 ], [ 37.7037792, 55.6315255 ], [ 37.7040829, 55.6312699 ], [ 37.7041635, 55.6311997 ], [ 37.7041363, 55.6311061 ], [ 37.7041491, 55.6310901 ], [ 37.7042097, 55.6310144 ], [ 37.7040407, 55.6309859 ], [ 37.7040086, 55.630979 ], [ 37.7039469, 55.6309901 ], [ 37.7038926, 55.6310082 ], [ 37.7038605, 55.631011 ], [ 37.7037963, 55.6309929 ], [ 37.7037297, 55.6309915 ], [ 37.7036976, 55.6309943 ], [ 37.7036112, 55.6310292 ], [ 37.7035914, 55.6310431 ], [ 37.7035371, 55.631064 ], [ 37.7035075, 55.6310696 ], [ 37.7034729, 55.6310724 ], [ 37.7034408, 55.6310724 ], [ 37.7033766, 55.6310626 ], [ 37.703347, 55.6310542 ], [ 37.7033174, 55.6310417 ], [ 37.7032828, 55.6310347 ], [ 37.7032211, 55.6310152 ], [ 37.7031915, 55.6310069 ], [ 37.7031248, 55.6310027 ], [ 37.7030582, 55.6310027 ], [ 37.7030236, 55.6310055 ], [ 37.7028705, 55.6310375 ], [ 37.7027644, 55.6310668 ], [ 37.7026286, 55.6311225 ], [ 37.7026014, 55.6311365 ], [ 37.7025595, 55.6311671 ], [ 37.7025323, 55.6311769 ], [ 37.7024977, 55.6311838 ], [ 37.7024336, 55.6311852 ], [ 37.7023718, 55.6311713 ], [ 37.7022879, 55.6311406 ], [ 37.7021719, 55.6310905 ], [ 37.7021398, 55.6310821 ], [ 37.7018954, 55.6310417 ], [ 37.7015522, 55.6309943 ], [ 37.7013325, 55.6309581 ], [ 37.7011498, 55.6309525 ], [ 37.7009301, 55.6309553 ], [ 37.700582, 55.6309664 ], [ 37.700308, 55.6309497 ], [ 37.700145, 55.6309204 ], [ 37.6999549, 55.6308912 ], [ 37.6997204, 55.63088 ], [ 37.6995525, 55.6308549 ], [ 37.6992686, 55.6307713 ], [ 37.6990761, 55.6307309 ], [ 37.6986465, 55.63071 ], [ 37.698412, 55.6307058 ], [ 37.6978318, 55.6307072 ], [ 37.6975232, 55.6306933 ], [ 37.6972837, 55.6306612 ], [ 37.6971134, 55.630632 ], [ 37.6970467, 55.630632 ], [ 37.6969801, 55.6306361 ], [ 37.696632, 55.6306877 ], [ 37.6963432, 55.6306919 ], [ 37.6960123, 55.630664 ], [ 37.6959654, 55.630664 ], [ 37.6957507, 55.6306264 ], [ 37.6955556, 55.6305651 ], [ 37.6954939, 55.6305428 ], [ 37.6954643, 55.6305302 ], [ 37.6954149, 55.6305037 ], [ 37.6953162, 55.6304187 ], [ 37.695289, 55.6304062 ], [ 37.6952569, 55.6303978 ], [ 37.6950224, 55.630349 ], [ 37.6949557, 55.6303407 ], [ 37.6948915, 55.630324 ], [ 37.6948619, 55.63031 ], [ 37.6946877, 55.6301891 ], [ 37.694655, 55.6301505 ], [ 37.6945266, 55.6300457 ], [ 37.6943955, 55.6299855 ], [ 37.6943463, 55.6299501 ], [ 37.6942944, 55.6299192 ], [ 37.6941059, 55.6298406 ], [ 37.6940759, 55.6298251 ], [ 37.694054, 55.6298051 ], [ 37.6940349, 55.6297635 ], [ 37.6939994, 55.6297141 ], [ 37.6938765, 55.629617 ], [ 37.6934913, 55.6293641 ], [ 37.6934859, 55.6293193 ], [ 37.6935132, 55.6292361 ], [ 37.6935323, 55.6291913 ], [ 37.6935296, 55.6291482 ], [ 37.6934449, 55.6290371 ], [ 37.6931635, 55.6287395 ], [ 37.6930324, 55.6286886 ], [ 37.6930078, 55.6286732 ], [ 37.6929532, 55.6286208 ], [ 37.6928658, 55.6284218 ], [ 37.6927674, 55.6282399 ], [ 37.6926691, 55.6281165 ], [ 37.6926145, 55.6280872 ], [ 37.6925435, 55.6280656 ], [ 37.6925079, 55.6280579 ], [ 37.6924697, 55.6280563 ], [ 37.6923553, 55.6280646 ], [ 37.6923597, 55.6280895 ], [ 37.6931344, 55.6302092 ], [ 37.6934694, 55.6308246 ], [ 37.6945836, 55.6323984 ], [ 37.6958326, 55.6344296 ], [ 37.6959867, 55.6348911 ], [ 37.695951, 55.6354442 ], [ 37.6959799, 55.635488 ] ] ] } },
{ "type": "Feature", "properties": { "name": "Борисовские пруды", "area_ha": 143.8 }, "geometry": { "type": "Polygon", "coordinates": [ [ [ 37.7147922, 55.634227 ], [ 37.7145548, 55.634244 ], [ 37.7142003, 55.6342349 ], [ 37.712739, 55.6341099 ], [ 37.7123362, 55.6340182 ], [ 37.7119641, 55.6338656 ], [ 37.7116973, 55.6337155 ], [ 37.7113223, 55.6333836 ], [ 37.7112056, 55.6332803 ], [ 37.7109416, 55.6330249 ], [ 37.7108303, 55.632931 ], [ 37.710556, 55.632803 ], [ 37.7103139, 55.6327023 ], [ 37.7099197, 55.632589 ], [ 37.7095354, 55.6324792 ], [ 37.7094008, 55.6324129 ], [ 37.7090525, 55.6322987 ], [ 37.7081699, 55.6319589 ], [ 37.7079056, 55.6318051 ], [ 37.7075884, 55.6316444 ], [ 37.7073363, 55.6314642 ], [ 37.7072102, 55.6313861 ], [ 37.7070505, 55.6313181 ], [ 37.7069031, 55.6312856 ], [ 37.7062912, 55.6314213 ], [ 37.7058393, 55.6314669 ], [ 37.7055982, 55.6314743 ], [ 37.7053043, 55.6314024 ], [ 37.7044826, 55.6321433 ], [ 37.7034017, 55.6329852 ], [ 37.7027365, 55.6333667 ], [ 37.7027419, 55.6334788 ], [ 37.7030155, 55.633821 ], [ 37.703383, 55.6339224 ], [ 37.703957, 55.6338951 ], [ 37.7039838, 55.6340617 ], [ 37.7057862, 55.6340435 ], [ 37.7058345, 55.634849 ], [ 37.7060062, 55.6348399 ], [ 37.7060544, 55.635609 ], [ 37.7070039, 55.6355878 ], [ 37.7074492, 55.6356241 ], [ 37.7121913, 55.6355333 ], [ 37.7144659, 55.6354758 ], [ 37.7156997, 55.6354334 ], [ 37.7161878, 55.6353759 ], [ 37.7238053, 55.6352366 ], [ 37.731412, 55.6351245 ], [ 37.7315515, 55.6351033 ], [ 37.7317425, 55.6349365 ], [ 37.7307093, 55.6348883 ], [ 37.7299958, 55.6348066 ], [ 37.7300066, 55.6333804 ], [ 37.7311706, 55.632696 ], [ 37.733413, 55.6327475 ], [ 37.7341419, 55.6327535 ], [ 37.7342333, 55.6324582 ], [ 37.7342417, 55.6318052 ], [ 37.734606, 55.6316973 ], [ 37.7346847, 55.6316183 ], [ 37.734804, 55.6310331 ], [ 37.7348114, 55.6309965 ], [ 37.7343382, 55.6306179 ], [ 37.7343678, 55.6300583 ], [ 37.732898, 55.6300947 ], [ 37.7305859, 55.6299675 ], [ 37.7305269, 55.629807 ], [ 37.7296845, 55.6298992 ], [ 37.7297811, 55.6300948 ], [ 37.729663, 55.6305066 ], [ 37.7294377, 55.6306005 ], [ 37.7290039, 55.630678 ], [ 37.7290994, 55.6307643 ], [ 37.7294836, 55.6315337 ], [ 37.7295739, 55.6317386 ], [ 37.7295633, 55.6319175 ], [ 37.7295695, 55.6321151 ], [ 37.7292758, 55.6326732 ], [ 37.7290541, 55.6327966 ], [ 37.7288793, 55.6327878 ], [ 37.7285796, 55.6329235 ], [ 37.7282862, 55.6330912 ], [ 37.727965, 55.6332986 ], [ 37.7279349, 55.6332877 ], [ 37.7278756, 55.6332676 ], [ 37.7277685, 55.6333436 ], [ 37.7277089, 55.6334171 ], [ 37.7276603, 55.6335143 ], [ 37.7277324, 55.6335241 ], [ 37.7277654, 55.6335286 ], [ 37.7276769, 55.6338166 ], [ 37.7274941, 55.634026 ], [ 37.7272558, 55.6342039 ], [ 37.7268359, 55.6345015 ], [ 37.7264344, 55.6346574 ], [ 37.7260257, 55.6347495 ], [ 37.7255727, 55.6348107 ], [ 37.72507, 55.6348301 ], [ 37.7245276, 55.6348019 ], [ 37.7240491, 55.6347517 ], [ 37.7232778, 55.6345939 ], [ 37.7228532, 55.6344776 ], [ 37.722541, 55.6342925 ], [ 37.722338, 55.6340758 ], [ 37.7221132, 55.6337761 ], [ 37.7220133, 55.6335047 ], [ 37.7219582, 55.6332784 ], [ 37.721954, 55.6331127 ], [ 37.7220321, 55.6326667 ], [ 37.7220504, 55.6325098 ], [ 37.72202, 55.6323144 ], [ 37.7220042, 55.6322716 ], [ 37.7219077, 55.6321656 ], [ 37.721748, 55.6320877 ], [ 37.7215971, 55.6320527 ], [ 37.7210985, 55.6320438 ], [ 37.7203876, 55.6320968 ], [ 37.7195279, 55.6322898 ], [ 37.7191386, 55.6324814 ], [ 37.7186874, 55.6328498 ], [ 37.7180702, 55.6334776 ], [ 37.7175925, 55.6337859 ], [ 37.7170009, 55.6340297 ], [ 37.7164159, 55.6342055 ], [ 37.7160228, 55.6342879 ], [ 37.715583, 55.6343152 ], [ 37.7150669, 55.6342991 ], [ 37.714948, 55.634263 ], [ 37.7147922, 55.634227 ] ] ] } },
{ "type": "Feature", "properties": { "name": "Парк в пойме реки Городни", "area_ha": 15.0 }, "geometry": { "type": "Polygon", "coordinates": [ [ [ 37.7529153, 55.629916 ], [ 37.7525425, 55.6306534 ], [ 37.7531514, 55.6307927 ], [ 37.7533123, 55.6305368 ], [ 37.753728, 55.6306337 ], [ 37.7537924, 55.6305187 ], [ 37.7539694, 55.630396 ], [ 37.754463, 55.6301674 ], [ 37.754833, 55.6299645 ], [ 37.7555786, 55.6304097 ], [ 37.7558041, 55.6305035 ], [ 37.7558658, 55.6308457 ], [ 37.7568769, 55.6308488 ], [ 37.7571291, 55.6308048 ], [ 37.7581724, 55.6306277 ], [ 37.7584004, 55.6305505 ], [ 37.7587196, 55.6303672 ], [ 37.7594036, 55.6299736 ], [ 37.7599347, 55.6297525 ], [ 37.7601603, 55.6297105 ], [ 37.7603129, 55.6296874 ], [ 37.7607098, 55.6296722 ], [ 37.7611068, 55.6296828 ], [ 37.7615306, 55.6297706 ], [ 37.7649344, 55.6307165 ], [ 37.7655324, 55.630851 ], [ 37.766275, 55.6309701 ], [ 37.7669136, 55.6310487 ], [ 37.7682011, 55.6312516 ], [ 37.7690367, 55.6313636 ], [ 37.769577, 55.6314401 ], [ 37.770029, 55.6315582 ], [ 37.7703361, 55.631671 ], [ 37.7706798, 55.6318645 ], [ 37.7708999, 55.6320397 ], [ 37.7710019, 55.6319313 ], [ 37.7711569, 55.6317664 ], [ 37.7713554, 55.6316513 ], [ 37.7719294, 55.6315907 ], [ 37.7728228, 55.6315106 ], [ 37.7728989, 55.6315089 ], [ 37.7729076, 55.6312091 ], [ 37.7735734, 55.6312269 ], [ 37.7735626, 55.6311745 ], [ 37.7736428, 55.6306197 ], [ 37.7737104, 55.6304339 ], [ 37.7733754, 55.6304507 ], [ 37.7730935, 55.6304794 ], [ 37.7728091, 55.6305218 ], [ 37.7724873, 55.6305308 ], [ 37.7721386, 55.6305308 ], [ 37.7719187, 55.6305823 ], [ 37.7716773, 55.630658 ], [ 37.7713017, 55.6307276 ], [ 37.7711867, 55.6307566 ], [ 37.7709209, 55.6306974 ], [ 37.7706932, 55.630587 ], [ 37.7704625, 55.6304568 ], [ 37.7702289, 55.6303915 ], [ 37.7699177, 55.6304036 ], [ 37.7695261, 55.6304309 ], [ 37.7692233, 55.6304265 ], [ 37.7689175, 55.6303932 ], [ 37.7685069, 55.6302098 ], [ 37.7679329, 55.6299918 ], [ 37.7675949, 55.6299221 ], [ 37.7674125, 55.6299433 ], [ 37.7671926, 55.6300342 ], [ 37.766978, 55.6301038 ], [ 37.7667181, 55.6301055 ], [ 37.7663694, 55.6300722 ], [ 37.765594, 55.629907 ], [ 37.76524, 55.6298192 ], [ 37.7651088, 55.6296846 ], [ 37.7650951, 55.6294255 ], [ 37.7650498, 55.6292242 ], [ 37.7649664, 55.6290833 ], [ 37.7648376, 55.6290439 ], [ 37.7646874, 55.6290681 ], [ 37.764446, 55.6291529 ], [ 37.7641778, 55.6292347 ], [ 37.7638077, 55.629274 ], [ 37.7634083, 55.6292242 ], [ 37.7630727, 55.6291408 ], [ 37.7627914, 55.6289577 ], [ 37.7625899, 55.6289015 ], [ 37.7623408, 55.6289032 ], [ 37.7619706, 55.6288214 ], [ 37.7617417, 55.6286971 ], [ 37.7616863, 55.628667 ], [ 37.7614234, 55.6284247 ], [ 37.7610962, 55.6281945 ], [ 37.7607017, 55.6280566 ], [ 37.7605573, 55.6280139 ], [ 37.7601277, 55.627887 ], [ 37.7596985, 55.6277719 ], [ 37.7595322, 55.6277961 ], [ 37.7594839, 55.6278628 ], [ 37.7595483, 55.6279476 ], [ 37.7596931, 55.6280748 ], [ 37.7597522, 55.6281929 ], [ 37.7596985, 55.6283746 ], [ 37.7595268, 55.6286229 ], [ 37.7592586, 55.6288622 ], [ 37.7588348, 55.6291378 ], [ 37.7584861, 55.6292801 ], [ 37.7580302, 55.6295254 ], [ 37.7574884, 55.6299918 ], [ 37.7572255, 55.630125 ], [ 37.7569627, 55.6301886 ], [ 37.75604, 55.6302522 ], [ 37.7558469, 55.6302401 ], [ 37.755702, 55.6301886 ], [ 37.7555328, 55.6300775 ], [ 37.7550387, 55.6298063 ], [ 37.7547147, 55.6296649 ], [ 37.7544215, 55.6296537 ], [ 37.7539331, 55.6297425 ], [ 37.7532792, 55.6298868 ], [ 37.7529153, 55.629916 ] ] ] } },
{ "type": "Feature", "properties": { "name": "парк в пойме реки Городни", "area_ha": 10.2 }, "geometry": { "type": "Polygon", "coordinates": [ [ [ 37.7443397, 55.6321049 ], [ 37.7445956, 55.6321391 ], [ 37.7456352, 55.6322778 ], [ 37.7459719, 55.6322704 ], [ 37.7460196, 55.6322698 ], [ 37.7461603, 55.6322633 ], [ 37.7478541, 55.632075 ], [ 37.7494046, 55.6319027 ], [ 37.7494614, 55.6318967 ], [ 37.7495924, 55.6318829 ], [ 37.7496833, 55.6317417 ], [ 37.7500899, 55.6306979 ], [ 37.7498557, 55.6307168 ], [ 37.749853, 55.6307901 ], [ 37.7498557, 55.6308984 ], [ 37.7497508, 55.6309853 ], [ 37.7495725, 55.6309967 ], [ 37.7494431, 55.631005 ], [ 37.7488206, 55.6309932 ], [ 37.7477538, 55.6310892 ], [ 37.747614, 55.6311018 ], [ 37.7471174, 55.6310366 ], [ 37.7464355, 55.6309596 ], [ 37.7456975, 55.6310129 ], [ 37.7456836, 55.6311235 ], [ 37.7455297, 55.6312755 ], [ 37.7452044, 55.6313209 ], [ 37.7446099, 55.6312459 ], [ 37.7438056, 55.6311294 ], [ 37.743197, 55.6311748 ], [ 37.7424661, 55.6311689 ], [ 37.7421724, 55.6312735 ], [ 37.7417457, 55.6312933 ], [ 37.7414939, 55.6314789 ], [ 37.7412386, 55.6314749 ], [ 37.7408924, 55.6314038 ], [ 37.7403678, 55.6315736 ], [ 37.740013, 55.6314442 ], [ 37.7388464, 55.6314703 ], [ 37.7382868, 55.631569 ], [ 37.7372917, 55.6314497 ], [ 37.7367317, 55.6313346 ], [ 37.7366927, 55.6312946 ], [ 37.7366142, 55.6312101 ], [ 37.736634, 55.6311541 ], [ 37.7367161, 55.6310751 ], [ 37.736665, 55.6309792 ], [ 37.7362922, 55.6308452 ], [ 37.7360375, 55.6308825 ], [ 37.7357251, 55.6310113 ], [ 37.7352399, 55.6311001 ], [ 37.7348114, 55.6309965 ], [ 37.734804, 55.6310331 ], [ 37.7346847, 55.6316183 ], [ 37.734606, 55.6316973 ], [ 37.7347196, 55.6319071 ], [ 37.7347944, 55.6319188 ], [ 37.7360285, 55.6321018 ], [ 37.7371686, 55.6322937 ], [ 37.7388507, 55.6325462 ], [ 37.7397556, 55.6325215 ], [ 37.7403857, 55.6324001 ], [ 37.740616, 55.6323557 ], [ 37.7415142, 55.6321332 ], [ 37.7418345, 55.6320696 ], [ 37.7421942, 55.6319937 ], [ 37.7425527, 55.6319416 ], [ 37.7428481, 55.6319268 ], [ 37.7431202, 55.6319491 ], [ 37.7436983, 55.6320397 ], [ 37.7440732, 55.6321006 ], [ 37.7443397, 55.6321049 ] ] ] } },
{ "type": "Feature", "properties": { "name": "Парк \"Братеевская пойма\"", "area_ha": 113.7 }, "geometry": { "type": "Polygon", "coordinates": [ [ [ 37.7846753, 55.6272146 ], [ 37.7838492, 55.6273418 ], [ 37.7827227, 55.6272085 ], [ 37.7814674, 55.6267724 ], [ 37.779834, 55.6268118 ], [ 37.7798299, 55.6271384 ], [ 37.7797162, 55.6273557 ], [ 37.7797457, 55.6274928 ], [ 37.7798225, 55.6296315 ], [ 37.7797085, 55.62966 ], [ 37.778623, 55.6296827 ], [ 37.7779133, 55.62966 ], [ 37.7776451, 55.6296469 ], [ 37.7774191, 55.6296165 ], [ 37.7772115, 55.6294892 ], [ 37.7768612, 55.6293828 ], [ 37.776814, 55.6295271 ], [ 37.7767788, 55.6297011 ], [ 37.7765911, 55.6297889 ], [ 37.7760546, 55.6298858 ], [ 37.7757167, 55.6299494 ], [ 37.7753143, 55.6299312 ], [ 37.7746438, 55.630016 ], [ 37.7741771, 55.6301917 ], [ 37.7738284, 55.6303249 ], [ 37.7737104, 55.6304339 ], [ 37.7736428, 55.6306197 ], [ 37.7735626, 55.6311745 ], [ 37.7735734, 55.6312269 ], [ 37.7735798, 55.6325982 ], [ 37.7738417, 55.6326743 ], [ 37.7737079, 55.6361278 ], [ 37.773353, 55.6361076 ], [ 37.7727599, 55.6362329 ], [ 37.7728012, 55.6362888 ], [ 37.7729219, 55.6363614 ], [ 37.7728763, 55.636372 ], [ 37.7728415, 55.6364281 ], [ 37.7729917, 55.6365507 ], [ 37.7730641, 55.63669 ], [ 37.7730748, 55.6368247 ], [ 37.7729272, 55.6373803 ], [ 37.7729045, 55.6376466 ], [ 37.7732591, 55.63775 ], [ 37.7733613, 55.6376253 ], [ 37.7764071, 55.638595 ], [ 37.7762906, 55.6395653 ], [ 37.7760509, 55.6395734 ], [ 37.7760314, 55.6400383 ], [ 37.7760547, 55.6403553 ], [ 37.7757798, 55.6404526 ], [ 37.7755295, 55.6410076 ], [ 37.7759243, 55.6411674 ], [ 37.7764736, 55.6412401 ], [ 37.7764993, 55.6421362 ], [ 37.7764301, 55.6424866 ], [ 37.7762251, 55.642854 ], [ 37.7760871, 55.6430714 ], [ 37.7759973, 55.6431527 ], [ 37.7758048, 55.6432981 ], [ 37.7753008, 55.6435783 ], [ 37.7746774, 55.6438062 ], [ 37.77389, 55.6439962 ], [ 37.7733494, 55.6440956 ], [ 37.7732591, 55.6449843 ], [ 37.7732685, 55.6450098 ], [ 37.7732584, 55.6450614 ], [ 37.7732398, 55.6451733 ], [ 37.7732378, 55.6451926 ], [ 37.7731504, 55.645293 ], [ 37.7731117, 55.6453701 ], [ 37.7725321, 55.6460036 ], [ 37.7726694, 55.6460908 ], [ 37.7728582, 55.6461198 ], [ 37.7731866, 55.6462274 ], [ 37.7734019, 55.6462363 ], [ 37.773513, 55.6462698 ], [ 37.7735771, 55.6463071 ], [ 37.7739717, 55.6463897 ], [ 37.7741138, 55.6464271 ], [ 37.7743774, 55.6465218 ], [ 37.7746263, 55.6465703 ], [ 37.7747652, 55.6466781 ], [ 37.7750175, 55.6467737 ], [ 37.7753656, 55.6468764 ], [ 37.7757606, 55.6469047 ], [ 37.7761115, 55.646983 ], [ 37.7762887, 55.6469958 ], [ 37.7764144, 55.6470371 ], [ 37.7766113, 55.6470709 ], [ 37.7767938, 55.6471067 ], [ 37.7770172, 55.6471338 ], [ 37.7771472, 55.6470511 ], [ 37.777196, 55.6468807 ], [ 37.777124, 55.6467737 ], [ 37.7771412, 55.6466042 ], [ 37.7770897, 55.6464831 ], [ 37.777124, 55.6463669 ], [ 37.7772184, 55.6462651 ], [ 37.7772152, 55.6461821 ], [ 37.7773458, 55.6460891 ], [ 37.777425, 55.6460767 ], [ 37.7775787, 55.6460845 ], [ 37.7776999, 55.6460731 ], [ 37.777969, 55.6460622 ], [ 37.7780222, 55.6460288 ], [ 37.778154, 55.6460654 ], [ 37.7783183, 55.6461121 ], [ 37.7784379, 55.6461823 ], [ 37.7785288, 55.6463064 ], [ 37.7786906, 55.6463306 ], [ 37.7789421, 55.6463561 ], [ 37.7792446, 55.6464335 ], [ 37.7794982, 55.6464776 ], [ 37.7796092, 55.646569 ], [ 37.7796643, 55.6466945 ], [ 37.7795959, 55.6467834 ], [ 37.7794157, 55.6468609 ], [ 37.7792784, 55.6468415 ], [ 37.7792269, 55.6469577 ], [ 37.7790895, 55.6470498 ], [ 37.7788492, 55.6470837 ], [ 37.7787462, 55.6472387 ], [ 37.7786432, 55.6473452 ], [ 37.7787376, 55.6475389 ], [ 37.7789694, 55.6475632 ], [ 37.7791925, 55.6476455 ], [ 37.779347, 55.6477666 ], [ 37.7794758, 55.6476794 ], [ 37.779759, 55.6477714 ], [ 37.7800185, 55.6477846 ], [ 37.7803122, 55.647847 ], [ 37.7807265, 55.6478128 ], [ 37.7807718, 55.6477327 ], [ 37.7810465, 55.6476794 ], [ 37.781364, 55.6476649 ], [ 37.7818876, 55.6476939 ], [ 37.7822052, 55.647752 ], [ 37.7824198, 55.6478295 ], [ 37.7828318, 55.6478199 ], [ 37.7832008, 55.6477908 ], [ 37.7835356, 55.6477181 ], [ 37.7836815, 55.6476455 ], [ 37.7837931, 55.6475244 ], [ 37.7837072, 55.6474372 ], [ 37.7836557, 55.6473597 ], [ 37.7836557, 55.6472871 ], [ 37.7836471, 55.6471466 ], [ 37.7835356, 55.6469965 ], [ 37.7834926, 55.6468948 ], [ 37.7835012, 55.6467931 ], [ 37.7835012, 55.6466768 ], [ 37.7833639, 55.6465557 ], [ 37.7832437, 55.6464153 ], [ 37.7831579, 55.6462651 ], [ 37.783115, 55.6461634 ], [ 37.7829777, 55.6459794 ], [ 37.7830292, 55.6458631 ], [ 37.7831322, 55.645742 ], [ 37.7831837, 55.6456597 ], [ 37.7833553, 55.6455532 ], [ 37.7835785, 55.6454999 ], [ 37.7837501, 55.6454708 ], [ 37.7839561, 55.6454078 ], [ 37.784205, 55.6453982 ], [ 37.7842995, 55.6453352 ], [ 37.7844025, 55.6452383 ], [ 37.7843767, 55.645156 ], [ 37.7843252, 55.6450591 ], [ 37.784248, 55.6449671 ], [ 37.7841621, 55.6449041 ], [ 37.7841793, 55.6448363 ], [ 37.7841707, 55.6447443 ], [ 37.7840935, 55.6446765 ], [ 37.7839218, 55.6446571 ], [ 37.7837759, 55.6447201 ], [ 37.7837059, 55.6446927 ], [ 37.7835803, 55.6448038 ], [ 37.7835665, 55.6448954 ], [ 37.7837157, 55.6450158 ], [ 37.7837148, 55.645218 ], [ 37.783733, 55.6453352 ], [ 37.7835613, 55.6453594 ], [ 37.7834068, 55.6453982 ], [ 37.7833553, 55.6453594 ], [ 37.7833382, 55.6452335 ], [ 37.7832008, 55.6451608 ], [ 37.783012, 55.6451318 ], [ 37.7828575, 55.645156 ], [ 37.7827373, 55.6452286 ], [ 37.7826172, 55.6452432 ], [ 37.782394, 55.6452238 ], [ 37.7822395, 55.6452238 ], [ 37.7821444, 55.6453013 ], [ 37.7820926, 55.6453291 ], [ 37.7820249, 55.6453836 ], [ 37.7821272, 55.6454941 ], [ 37.782281, 55.6455747 ], [ 37.7823894, 55.6456839 ], [ 37.7823739, 55.6458244 ], [ 37.7822895, 55.6458964 ], [ 37.7821803, 55.6459239 ], [ 37.7819993, 55.6459156 ], [ 37.7818245, 55.6459904 ], [ 37.78157, 55.6460266 ], [ 37.7813984, 55.6459697 ], [ 37.7812525, 55.6458825 ], [ 37.7811051, 55.645795 ], [ 37.7810541, 55.6457057 ], [ 37.7809782, 55.6456105 ], [ 37.7808843, 55.6454313 ], [ 37.7809791, 55.6452958 ], [ 37.7808576, 55.6451511 ], [ 37.7808147, 55.6450688 ], [ 37.7807289, 55.6448605 ], [ 37.7806602, 55.6446958 ], [ 37.7806431, 55.6445941 ], [ 37.7806002, 55.6445166 ], [ 37.7807031, 55.644381 ], [ 37.7807976, 55.6443083 ], [ 37.7809692, 55.6442115 ], [ 37.7811237, 55.6441873 ], [ 37.7812868, 55.6441776 ], [ 37.7814155, 55.6440952 ], [ 37.7815185, 55.6440177 ], [ 37.7817417, 55.6439741 ], [ 37.7819048, 55.6438918 ], [ 37.7820507, 55.643853 ], [ 37.7822395, 55.6438434 ], [ 37.7824455, 55.6439257 ], [ 37.7826343, 55.6439741 ], [ 37.782806, 55.6439741 ], [ 37.7829691, 55.6439015 ], [ 37.7829124, 55.6437679 ], [ 37.7830724, 55.6436814 ], [ 37.7832475, 55.6435732 ], [ 37.7833211, 55.6434711 ], [ 37.7833151, 55.6433501 ], [ 37.7831643, 55.6432364 ], [ 37.7826357, 55.643173 ], [ 37.7823171, 55.6431687 ], [ 37.7821102, 55.6432411 ], [ 37.7819565, 55.6433043 ], [ 37.7817939, 55.6433087 ], [ 37.7816339, 55.6433067 ], [ 37.7813876, 55.6432066 ], [ 37.7810731, 55.6430535 ], [ 37.7810645, 55.6428484 ], [ 37.7811902, 55.6427441 ], [ 37.7813253, 55.6425823 ], [ 37.7813383, 55.6425597 ], [ 37.7814506, 55.6423954 ], [ 37.78157, 55.6422933 ], [ 37.7816644, 55.6421445 ], [ 37.7818391, 55.6420308 ], [ 37.7818844, 55.6418768 ], [ 37.7819109, 55.6417077 ], [ 37.7820795, 55.6415201 ], [ 37.7824026, 55.6414117 ], [ 37.7824445, 55.6413662 ], [ 37.7824834, 55.641298 ], [ 37.782549, 55.6412034 ], [ 37.7824834, 55.6411432 ], [ 37.7821906, 55.6408771 ], [ 37.7825444, 55.6406516 ], [ 37.7825952, 55.6405005 ], [ 37.7826856, 55.6403479 ], [ 37.7826525, 55.6401772 ], [ 37.7826587, 55.640009 ], [ 37.7825193, 55.6397744 ], [ 37.7824848, 55.6395639 ], [ 37.7824678, 55.6393978 ], [ 37.782526, 55.639243 ], [ 37.7826595, 55.6391142 ], [ 37.7826992, 55.6390085 ], [ 37.7827054, 55.6389009 ], [ 37.7825526, 55.6387442 ], [ 37.7824708, 55.6384156 ], [ 37.7824438, 55.6383136 ], [ 37.7824814, 55.6381227 ], [ 37.7824867, 55.6380956 ], [ 37.7824635, 55.6379239 ], [ 37.7824892, 55.6377495 ], [ 37.782575, 55.6376187 ], [ 37.7825748, 55.6374385 ], [ 37.7826147, 55.6371991 ], [ 37.782589, 55.6369908 ], [ 37.782589, 55.6368202 ], [ 37.782589, 55.6367485 ], [ 37.7825648, 55.6364934 ], [ 37.7826614, 55.6364472 ], [ 37.7825983, 55.6363757 ], [ 37.7826944, 55.6363252 ], [ 37.7828232, 55.6361023 ], [ 37.7829347, 55.6358988 ], [ 37.7829691, 55.6355694 ], [ 37.7829948, 55.6352932 ], [ 37.7830204, 55.6347793 ], [ 37.7830748, 55.6344618 ], [ 37.7830949, 55.6344614 ], [ 37.7831626, 55.6339928 ], [ 37.7831415, 55.6339923 ], [ 37.7831621, 55.6337215 ], [ 37.7832849, 55.6334875 ], [ 37.7833541, 55.633476 ], [ 37.7833631, 55.6334052 ], [ 37.7832935, 55.6333713 ], [ 37.7833269, 55.6333209 ], [ 37.7832216, 55.6332683 ], [ 37.7832586, 55.6332136 ], [ 37.782967, 55.6331715 ], [ 37.7828403, 55.6330888 ], [ 37.7831057, 55.6330095 ], [ 37.7832094, 55.6329434 ], [ 37.7834841, 55.6330307 ], [ 37.7834841, 55.6328369 ], [ 37.7834755, 55.6326285 ], [ 37.7837072, 55.6325946 ], [ 37.7838016, 55.6323959 ], [ 37.7838531, 55.6321779 ], [ 37.783939, 55.6319647 ], [ 37.7840849, 55.6317418 ], [ 37.7840849, 55.6315626 ], [ 37.7842823, 55.631393 ], [ 37.7844025, 55.6311749 ], [ 37.7844711, 55.6310054 ], [ 37.7846256, 55.6308019 ], [ 37.7845999, 55.6306759 ], [ 37.7848831, 55.6304191 ], [ 37.7849174, 55.6302301 ], [ 37.7849432, 55.6299781 ], [ 37.7851148, 55.6297698 ], [ 37.7851663, 55.6296341 ], [ 37.7851406, 55.6295033 ], [ 37.785338, 55.6293143 ], [ 37.7853723, 55.6292077 ], [ 37.7854582, 55.6290914 ], [ 37.7854839, 55.6289121 ], [ 37.7855612, 55.6287522 ], [ 37.7856642, 55.6286214 ], [ 37.7857157, 55.6280787 ], [ 37.7859732, 55.6278316 ], [ 37.786265, 55.6276232 ], [ 37.7864624, 55.6274584 ], [ 37.7846753, 55.6272146 ] ] ] } },
{ "type": "Feature", "properties": { "name": "Братеевский каскадный парк", "area_ha": 38.5 }, "geometry": { "type": "Polygon", "coordinates": [ [ [ 37.7150532, 55.63867 ], [ 37.7153003, 55.6386682 ], [ 37.7155213, 55.638709 ], [ 37.7156524, 55.6387478 ], [ 37.7157728, 55.6388572 ], [ 37.7163569, 55.6388829 ], [ 37.7168006, 55.6389191 ], [ 37.7172754, 55.6389421 ], [ 37.7177176, 55.6389662 ], [ 37.7182742, 55.6390091 ], [ 37.7184232, 55.6390185 ], [ 37.718712, 55.6390336 ], [ 37.7190471, 55.6390608 ], [ 37.7193994, 55.6390843 ], [ 37.7230035, 55.6393792 ], [ 37.7266206, 55.6396766 ], [ 37.7274352, 55.6397475 ], [ 37.7277295, 55.6397643 ], [ 37.7280701, 55.639761 ], [ 37.7283384, 55.6397378 ], [ 37.7286063, 55.6397001 ], [ 37.7287874, 55.6396508 ], [ 37.7289424, 55.6396907 ], [ 37.7291227, 55.6397246 ], [ 37.7293201, 55.6397149 ], [ 37.7294187, 55.639679 ], [ 37.7295443, 55.6397346 ], [ 37.7339251, 55.6395689 ], [ 37.7383304, 55.639403 ], [ 37.7385202, 55.6393755 ], [ 37.7386901, 55.6392947 ], [ 37.738777, 55.6392009 ], [ 37.7387912, 55.639089 ], [ 37.7386499, 55.6389737 ], [ 37.7385471, 55.6388608 ], [ 37.7385482, 55.6387671 ], [ 37.7385758, 55.6386778 ], [ 37.7386551, 55.6385292 ], [ 37.7389062, 55.6382728 ], [ 37.7391184, 55.6380922 ], [ 37.7394256, 55.6378886 ], [ 37.7396173, 55.637851 ], [ 37.7398496, 55.6378689 ], [ 37.7400088, 55.6379378 ], [ 37.740042, 55.6377991 ], [ 37.7401014, 55.6375641 ], [ 37.7402506, 55.6368475 ], [ 37.7399189, 55.6367867 ], [ 37.7385884, 55.6365386 ], [ 37.7368092, 55.6362737 ], [ 37.7366544, 55.6365848 ], [ 37.7355344, 55.6364095 ], [ 37.7354713, 55.6364004 ], [ 37.7354119, 55.6363921 ], [ 37.7352349, 55.636474 ], [ 37.7350991, 55.6366781 ], [ 37.7346254, 55.6369246 ], [ 37.7338502, 55.6371858 ], [ 37.7330368, 55.6374087 ], [ 37.7308756, 55.6375321 ], [ 37.7301097, 55.6375561 ], [ 37.729961, 55.6376407 ], [ 37.7293548, 55.6377217 ], [ 37.729109, 55.6376323 ], [ 37.7286871, 55.63763 ], [ 37.7285641, 55.6372103 ], [ 37.7277098, 55.637273 ], [ 37.7263667, 55.637407 ], [ 37.7255738, 55.6373684 ], [ 37.7255762, 55.6373185 ], [ 37.7249239, 55.6372909 ], [ 37.7244101, 55.6372547 ], [ 37.7236816, 55.6372501 ], [ 37.72162, 55.6373288 ], [ 37.721384, 55.6373752 ], [ 37.7185911, 55.6374475 ], [ 37.7183722, 55.6374425 ], [ 37.7183371, 55.6374199 ], [ 37.7165111, 55.6374434 ], [ 37.7162399, 55.637626 ], [ 37.7157733, 55.6377403 ], [ 37.7156657, 55.6376996 ], [ 37.7156349, 55.6376253 ], [ 37.7155364, 55.6372623 ], [ 37.7140075, 55.6372725 ], [ 37.7138847, 55.6374784 ], [ 37.7136694, 55.637703 ], [ 37.7134796, 55.6379662 ], [ 37.7135955, 55.6381711 ], [ 37.7140088, 55.6383893 ], [ 37.7140975, 55.6384362 ], [ 37.7147063, 55.6386025 ], [ 37.7150532, 55.63867 ] ] ] } },
{ "type": "Feature", "properties": { "name": "Парк Братеевская Набережная", "area_ha": 22.1 }, "geometry": { "type": "Polygon", "coordinates": [ [ [ 37.7484775, 55.6394097 ], [ 37.7491965, 55.639593 ], [ 37.7498295, 55.639761 ], [ 37.7504383, 55.6399427 ], [ 37.7518304, 55.6403665 ], [ 37.7526351, 55.640583 ], [ 37.7532654, 55.6407844 ], [ 37.7538233, 55.6409448 ], [ 37.7538877, 55.641016 ], [ 37.7542192, 55.6411015 ], [ 37.7549954, 55.6413384 ], [ 37.7551644, 55.6413384 ], [ 37.7560576, 55.6415867 ], [ 37.7568971, 55.6418273 ], [ 37.757793, 55.6420877 ], [ 37.7586808, 55.6423405 ], [ 37.7601265, 55.6427553 ], [ 37.7612557, 55.6430762 ], [ 37.7623581, 55.6433789 ], [ 37.7633425, 55.6436725 ], [ 37.7641954, 55.6439102 ], [ 37.7653291, 55.644223 ], [ 37.7653925, 55.644192 ], [ 37.7656656, 55.6442454 ], [ 37.7660604, 55.6443374 ], [ 37.7663265, 55.6443858 ], [ 37.7665926, 55.6444924 ], [ 37.7669102, 55.6445699 ], [ 37.7673651, 55.6446765 ], [ 37.7676826, 55.6447394 ], [ 37.7679916, 55.6448121 ], [ 37.7683264, 55.6448896 ], [ 37.7687727, 55.6449719 ], [ 37.7691589, 55.6450349 ], [ 37.7694078, 55.6450494 ], [ 37.7698027, 55.6451511 ], [ 37.7701116, 55.6452093 ], [ 37.7706095, 55.64534 ], [ 37.7708841, 55.6454175 ], [ 37.7712017, 55.6455096 ], [ 37.7716308, 55.6456064 ], [ 37.7720342, 55.6457324 ], [ 37.7723604, 55.6458825 ], [ 37.7725321, 55.6460036 ], [ 37.7731117, 55.6453701 ], [ 37.7731504, 55.645293 ], [ 37.7732378, 55.6451926 ], [ 37.7732398, 55.6451733 ], [ 37.7732584, 55.6450614 ], [ 37.7732685, 55.6450098 ], [ 37.7732591, 55.6449843 ], [ 37.7733494, 55.6440956 ], [ 37.7730477, 55.6441223 ], [ 37.7716647, 55.6441614 ], [ 37.7710077, 55.6441463 ], [ 37.7697291, 55.6440346 ], [ 37.7682428, 55.6437471 ], [ 37.7673244, 55.6435104 ], [ 37.7642192, 55.6426173 ], [ 37.7529246, 55.6393895 ], [ 37.7502188, 55.6386392 ], [ 37.7500949, 55.6386048 ], [ 37.7490009, 55.6383338 ], [ 37.7488804, 55.6384069 ], [ 37.748504, 55.639314 ], [ 37.7484775, 55.6394097 ] ] ] } },
{ "type": "Feature", "properties": { "name": "Парк имени 850-летия Москвы", "area_ha": 125.3 }, "geometry": { "type": "Polygon", "coordinates": [ [ [ 37.7798144, 55.6576773 ], [ 37.7798359, 55.6550253 ], [ 37.7800584, 55.6548664 ], [ 37.7809747, 55.6546715 ], [ 37.780723, 55.6542437 ], [ 37.7805382, 55.6542713 ], [ 37.7804118, 55.6540668 ], [ 37.7807086, 55.6540034 ], [ 37.7811729, 55.6540128 ], [ 37.7814666, 55.6540242 ], [ 37.7816865, 55.6543922 ], [ 37.7853353, 55.6536965 ], [ 37.7864108, 55.6540392 ], [ 37.7865556, 55.6539436 ], [ 37.7872235, 55.6538271 ], [ 37.787379, 55.6540949 ], [ 37.787607, 55.6542387 ], [ 37.7879316, 55.6546246 ], [ 37.7881675, 55.6549015 ], [ 37.7883358, 55.6549086 ], [ 37.7883949, 55.655143 ], [ 37.78845, 55.655401 ], [ 37.7903751, 55.657442 ], [ 37.7905003, 55.6574743 ], [ 37.7905885, 55.6574856 ], [ 37.7906893, 55.6575141 ], [ 37.7909048, 55.6574815 ], [ 37.7909368, 55.6574128 ], [ 37.7909544, 55.6573408 ], [ 37.7905387, 55.6566871 ], [ 37.7897608, 55.6560092 ], [ 37.7893907, 55.6555794 ], [ 37.7895033, 55.6553282 ], [ 37.7896911, 55.6550407 ], [ 37.7890795, 55.6548228 ], [ 37.7883285, 55.6544808 ], [ 37.7879959, 55.6538937 ], [ 37.7872361, 55.652874 ], [ 37.7857942, 55.6521373 ], [ 37.785294, 55.6512211 ], [ 37.7843937, 55.6496033 ], [ 37.7844221, 55.6495058 ], [ 37.7842408, 55.6495234 ], [ 37.7841292, 55.6495098 ], [ 37.7838572, 55.6495458 ], [ 37.7836915, 55.6495863 ], [ 37.7835172, 55.6497202 ], [ 37.7834067, 55.6497607 ], [ 37.7832468, 55.6497864 ], [ 37.7829431, 55.6498073 ], [ 37.7827308, 55.6498848 ], [ 37.7826143, 55.6498785 ], [ 37.7824807, 55.6499057 ], [ 37.7823767, 55.6498984 ], [ 37.7822506, 55.6498333 ], [ 37.7820955, 55.6498914 ], [ 37.7820699, 55.6499626 ], [ 37.7818375, 55.6499747 ], [ 37.7816251, 55.6499684 ], [ 37.781469, 55.6500249 ], [ 37.7811804, 55.6499968 ], [ 37.7811617, 55.6499544 ], [ 37.7810088, 55.6499287 ], [ 37.7809122, 55.6499605 ], [ 37.7807888, 55.6499559 ], [ 37.7807915, 55.6499424 ], [ 37.7791373, 55.6496775 ], [ 37.7791178, 55.6497319 ], [ 37.7788551, 55.6497408 ], [ 37.7784935, 55.6496987 ], [ 37.7784088, 55.649614 ], [ 37.7783369, 55.6495978 ], [ 37.77828, 55.6495827 ], [ 37.778125, 55.6496124 ], [ 37.7780827, 55.6495155 ], [ 37.7776621, 55.6495171 ], [ 37.7774818, 55.6494735 ], [ 37.7773617, 55.6494202 ], [ 37.7771299, 55.649396 ], [ 37.7769953, 55.6493551 ], [ 37.7768408, 55.6492825 ], [ 37.7766605, 55.6492147 ], [ 37.7764374, 55.6491081 ], [ 37.7761885, 55.6490064 ], [ 37.7755876, 55.648866 ], [ 37.7753473, 55.648803 ], [ 37.7750898, 55.648711 ], [ 37.7748838, 55.6485996 ], [ 37.7746607, 55.6485027 ], [ 37.7743173, 55.6484495 ], [ 37.7739397, 55.6484059 ], [ 37.7730556, 55.6481443 ], [ 37.7727896, 55.6481395 ], [ 37.7726522, 55.6480911 ], [ 37.7725235, 55.6480136 ], [ 37.7721115, 55.6479458 ], [ 37.7718883, 55.6479361 ], [ 37.7715193, 55.6478295 ], [ 37.7713133, 55.6478053 ], [ 37.7711759, 55.647752 ], [ 37.7709185, 55.6477181 ], [ 37.7687813, 55.6471999 ], [ 37.766942, 55.6468122 ], [ 37.7661891, 55.6466245 ], [ 37.7661401, 55.6466122 ], [ 37.7646341, 55.6462055 ], [ 37.7639652, 55.6460118 ], [ 37.7632683, 55.6457996 ], [ 37.7587558, 55.6442529 ], [ 37.7586225, 55.6441894 ], [ 37.7581651, 55.6440346 ], [ 37.7580353, 55.644013 ], [ 37.7537191, 55.6426891 ], [ 37.7534819, 55.6426983 ], [ 37.7534766, 55.6426325 ], [ 37.7536154, 55.642614 ], [ 37.7529506, 55.6424311 ], [ 37.7518061, 55.6422741 ], [ 37.7507038, 55.6419422 ], [ 37.7507083, 55.6418939 ], [ 37.7500972, 55.6417649 ], [ 37.7500306, 55.6417689 ], [ 37.7496317, 55.6416367 ], [ 37.7492462, 55.6414992 ], [ 37.7486963, 55.6413471 ], [ 37.7476476, 55.6411066 ], [ 37.7469926, 55.6409792 ], [ 37.7464433, 55.6408969 ], [ 37.7459283, 55.6408339 ], [ 37.7453876, 55.6407855 ], [ 37.7451902, 55.6408 ], [ 37.7447782, 55.6407661 ], [ 37.7441688, 55.6408823 ], [ 37.7436109, 55.6408823 ], [ 37.7430959, 55.6408969 ], [ 37.7424093, 55.6409163 ], [ 37.741817, 55.6409599 ], [ 37.7410445, 55.6410325 ], [ 37.7404437, 55.6410955 ], [ 37.7397399, 55.6411924 ], [ 37.7387786, 55.6413232 ], [ 37.7378602, 55.6414636 ], [ 37.7371392, 55.6415557 ], [ 37.7354141, 55.6417833 ], [ 37.7338348, 55.6419674 ], [ 37.7335172, 55.6420062 ], [ 37.7332425, 55.6420255 ], [ 37.7329765, 55.6420401 ], [ 37.7325988, 55.6420352 ], [ 37.7314573, 55.6420352 ], [ 37.7311397, 55.6420159 ], [ 37.7307792, 55.6419771 ], [ 37.7304445, 55.641919 ], [ 37.7301526, 55.6418608 ], [ 37.7286935, 55.6418463 ], [ 37.7279897, 55.6419674 ], [ 37.7258783, 55.6418512 ], [ 37.7257324, 55.641793 ], [ 37.7251331, 55.6417571 ], [ 37.7245221, 55.6417204 ], [ 37.7243676, 55.641764 ], [ 37.723578, 55.6417155 ], [ 37.7194667, 55.6412263 ], [ 37.7179818, 55.641047 ], [ 37.716806, 55.6409259 ], [ 37.7150293, 55.6406983 ], [ 37.713862, 55.6405723 ], [ 37.7131067, 55.6404222 ], [ 37.7126775, 55.6404415 ], [ 37.7120424, 55.6406498 ], [ 37.7116561, 55.6406644 ], [ 37.7101112, 55.6408436 ], [ 37.7096992, 55.640892 ], [ 37.707871, 55.6412602 ], [ 37.7059741, 55.6416429 ], [ 37.7047195, 55.6418924 ], [ 37.7049082, 55.6420861 ], [ 37.7050559, 55.6422338 ], [ 37.7064617, 55.6419829 ], [ 37.7066401, 55.6421375 ], [ 37.7065955, 55.642213 ], [ 37.7078747, 55.6431359 ], [ 37.7080217, 55.6430791 ], [ 37.708193, 55.6430195 ], [ 37.7082701, 55.6429937 ], [ 37.7083369, 55.64298 ], [ 37.7084434, 55.6429458 ], [ 37.7084713, 55.6429398 ], [ 37.7085382, 55.642917 ], [ 37.7085855, 55.6429059 ], [ 37.7095271, 55.6427029 ], [ 37.7104128, 55.6425312 ], [ 37.7104892, 55.6425149 ], [ 37.7116626, 55.6423426 ], [ 37.711832, 55.6423224 ], [ 37.7124019, 55.6422546 ], [ 37.7128606, 55.6422305 ], [ 37.713643, 55.6421895 ], [ 37.714606, 55.6421783 ], [ 37.7152911, 55.6421704 ], [ 37.7153153, 55.642172 ], [ 37.7165458, 55.6422546 ], [ 37.7178966, 55.6423922 ], [ 37.7214647, 55.6427595 ], [ 37.7215979, 55.6427707 ], [ 37.7218136, 55.6427904 ], [ 37.7218726, 55.6426064 ], [ 37.72437, 55.6428394 ], [ 37.7243361, 55.6429899 ], [ 37.7244172, 55.6429921 ], [ 37.7244815, 55.6429958 ], [ 37.726182, 55.6430895 ], [ 37.7266348, 55.6431117 ], [ 37.7267871, 55.6431158 ], [ 37.7271125, 55.6431203 ], [ 37.7279864, 55.6431448 ], [ 37.7281793, 55.6431533 ], [ 37.7282249, 55.643164 ], [ 37.7283951, 55.6431742 ], [ 37.729817, 55.6432152 ], [ 37.7308488, 55.6432248 ], [ 37.7321786, 55.6432372 ], [ 37.7332837, 55.6432137 ], [ 37.7349289, 55.6431433 ], [ 37.735018, 55.6431412 ], [ 37.738135, 55.6429194 ], [ 37.7381807, 55.6429154 ], [ 37.7393993, 55.6428871 ], [ 37.7404425, 55.642893 ], [ 37.7418724, 55.6429554 ], [ 37.7419489, 55.6429594 ], [ 37.7421758, 55.6429716 ], [ 37.7425137, 55.6430026 ], [ 37.7449959, 55.6433119 ], [ 37.7459789, 55.6434423 ], [ 37.7460013, 55.6433544 ], [ 37.7467762, 55.6434489 ], [ 37.7469033, 55.6434644 ], [ 37.7469104, 55.6435696 ], [ 37.7472258, 55.6436106 ], [ 37.747301, 55.6435527 ], [ 37.7479586, 55.6436412 ], [ 37.7501756, 55.6439452 ], [ 37.7519991, 55.6441683 ], [ 37.7528796, 55.6442619 ], [ 37.7537053, 55.6443745 ], [ 37.753775, 55.6443862 ], [ 37.7540796, 55.6444303 ], [ 37.7545436, 55.6445737 ], [ 37.7546668, 55.6446097 ], [ 37.7569768, 55.6453307 ], [ 37.7602452, 55.646584 ], [ 37.7636088, 55.6478702 ], [ 37.7663991, 55.648891 ], [ 37.7672891, 55.6492838 ], [ 37.7675387, 55.649461 ], [ 37.7676165, 55.6495276 ], [ 37.7677077, 55.6496487 ], [ 37.7678558, 55.6497158 ], [ 37.7679714, 55.6497202 ], [ 37.7681248, 55.6496941 ], [ 37.7681878, 55.6495185 ], [ 37.7682897, 55.649377 ], [ 37.7684185, 55.6492461 ], [ 37.768684, 55.649069 ], [ 37.7688825, 55.6489767 ], [ 37.7691507, 55.6488829 ], [ 37.7695879, 55.6487875 ], [ 37.7699581, 55.6487633 ], [ 37.7703469, 55.6487846 ], [ 37.7708258, 55.6488655 ], [ 37.7710283, 55.6489343 ], [ 37.7714078, 55.649097 ], [ 37.7716961, 55.6493172 ], [ 37.771841, 55.6494981 ], [ 37.7718691, 55.6495562 ], [ 37.7719375, 55.6496979 ], [ 37.7719349, 55.6498992 ], [ 37.7719054, 55.6500823 ], [ 37.7718278, 55.6502146 ], [ 37.7716731, 55.6504252 ], [ 37.7714816, 55.6505552 ], [ 37.7712361, 55.650811 ], [ 37.7711838, 55.6508882 ], [ 37.7712509, 55.6510138 ], [ 37.7716492, 55.6510312 ], [ 37.7720156, 55.65112 ], [ 37.7722092, 55.651181 ], [ 37.7749434, 55.6522276 ], [ 37.7766394, 55.6528752 ], [ 37.7775608, 55.6532225 ], [ 37.7778917, 55.6534354 ], [ 37.7779476, 55.653503 ], [ 37.7782722, 55.6542094 ], [ 37.778466, 55.6549658 ], [ 37.7783663, 55.6571381 ], [ 37.7785553, 55.6581549 ], [ 37.7788816, 55.658725 ], [ 37.7796123, 55.6598319 ], [ 37.7797175, 55.6599948 ], [ 37.7800325, 55.6600424 ], [ 37.7803382, 55.659991 ], [ 37.7815552, 55.6597189 ], [ 37.7798144, 55.6576773 ] ] ] } },
{ "type": "Feature", "properties": { "name": "Английский парк Царицына", "area_ha": 45.6 }, "geometry": { "type": "Polygon", "coordinates": [ [ [ 37.6807221, 55.6154539 ], [ 37.6807291, 55.6152783 ], [ 37.6807803, 55.6152788 ], [ 37.680893, 55.6152775 ], [ 37.680956, 55.6152372 ], [ 37.6810478, 55.6152374 ], [ 37.6811161, 55.6152772 ], [ 37.6815319, 55.6152782 ], [ 37.6816074, 55.6152386 ], [ 37.6816942, 55.6152387 ], [ 37.6817663, 55.6152788 ], [ 37.681767, 55.6153224 ], [ 37.6816933, 55.6153669 ], [ 37.6826181, 55.6153702 ], [ 37.6825549, 55.6153249 ], [ 37.6825542, 55.6152807 ], [ 37.6826189, 55.6152406 ], [ 37.6826992, 55.6152408 ], [ 37.6827601, 55.6152812 ], [ 37.6831838, 55.6152822 ], [ 37.6832513, 55.615242 ], [ 37.6833208, 55.6152421 ], [ 37.6833851, 55.6152841 ], [ 37.6836189, 55.6152182 ], [ 37.683701, 55.6151768 ], [ 37.6844957, 55.6156227 ], [ 37.6847341, 55.6157032 ], [ 37.6852542, 55.6159662 ], [ 37.6856698, 55.6161247 ], [ 37.6859302, 55.6162495 ], [ 37.6861275, 55.6160705 ], [ 37.6864491, 55.615539 ], [ 37.6864921, 55.6153027 ], [ 37.6869644, 55.614895 ], [ 37.6869963, 55.6148195 ], [ 37.6870985, 55.6147405 ], [ 37.6872205, 55.6146724 ], [ 37.6872644, 55.6146474 ], [ 37.6874338, 55.6145636 ], [ 37.6875195, 55.6144529 ], [ 37.6875273, 55.6143804 ], [ 37.687539, 55.6143063 ], [ 37.6875614, 55.6141784 ], [ 37.6875725, 55.6140858 ], [ 37.6876926, 55.6140543 ], [ 37.6878423, 55.6140529 ], [ 37.6879502, 55.6140244 ], [ 37.6879721, 55.61398 ], [ 37.6880664, 55.6138875 ], [ 37.6881284, 55.6138559 ], [ 37.6883109, 55.6138301 ], [ 37.6885044, 55.6137997 ], [ 37.6886005, 55.6137218 ], [ 37.688714, 55.6136695 ], [ 37.6887889, 55.6136274 ], [ 37.6888931, 55.613601 ], [ 37.6889653, 55.6135529 ], [ 37.6891182, 55.613512 ], [ 37.6892302, 55.6134 ], [ 37.6892764, 55.6133226 ], [ 37.6896347, 55.6127851 ], [ 37.6897441, 55.6126113 ], [ 37.6899673, 55.61251 ], [ 37.6900089, 55.612457 ], [ 37.6904056, 55.6119108 ], [ 37.6904635, 55.6118904 ], [ 37.6906501, 55.6117645 ], [ 37.6904821, 55.6116784 ], [ 37.6901184, 55.6115189 ], [ 37.6899259, 55.6112636 ], [ 37.6902153, 55.6111242 ], [ 37.6904045, 55.6109233 ], [ 37.6886845, 55.6101227 ], [ 37.6886746, 55.6099797 ], [ 37.688724, 55.6098349 ], [ 37.6887855, 55.6096769 ], [ 37.688828, 55.6095515 ], [ 37.6887355, 55.6094501 ], [ 37.6885272, 55.6092391 ], [ 37.6878643, 55.6087326 ], [ 37.6878097, 55.6085121 ], [ 37.6876245, 55.608388 ], [ 37.6874392, 55.608293 ], [ 37.6865524, 55.6077937 ], [ 37.6864237, 55.6078649 ], [ 37.686421, 55.6079407 ], [ 37.6863566, 55.6079725 ], [ 37.6862731, 55.6080146 ], [ 37.6857701, 55.6081981 ], [ 37.6850424, 55.6085096 ], [ 37.6845546, 55.6088419 ], [ 37.6842669, 55.6089453 ], [ 37.6839229, 55.6090509 ], [ 37.6833165, 55.6092534 ], [ 37.6819207, 55.6097709 ], [ 37.681008, 55.6099542 ], [ 37.680531, 55.610099 ], [ 37.6801113, 55.6112162 ], [ 37.6798849, 55.6116928 ], [ 37.6795201, 55.612014 ], [ 37.6778832, 55.6142494 ], [ 37.678128, 55.6158149 ], [ 37.6780602, 55.6160887 ], [ 37.6782402, 55.6160941 ], [ 37.6783408, 55.6161177 ], [ 37.6783369, 55.6161613 ], [ 37.6784326, 55.6161675 ], [ 37.6791039, 55.6162028 ], [ 37.6792437, 55.6162132 ], [ 37.6793622, 55.6162212 ], [ 37.6800604, 55.6163138 ], [ 37.6800862, 55.6163189 ], [ 37.6803111, 55.6163537 ], [ 37.6803609, 55.6162968 ], [ 37.6804412, 55.6163049 ], [ 37.6804757, 55.6162482 ], [ 37.6805686, 55.6162701 ], [ 37.6805997, 55.6162231 ], [ 37.6807427, 55.6162413 ], [ 37.6807449, 55.6162308 ], [ 37.6807344, 55.6155527 ], [ 37.6807221, 55.6154539 ] ] ] } },
{ "type": "Feature", "properties": { "name": "Дворцово-парковый ансамбль «Царицыно»", "area_ha": 200.2 }, "geometry": { "type": "Polygon", "coordinates": [ [ [ 37.6746048, 55.6145155 ], [ 37.6746267, 55.6146194 ], [ 37.6746374, 55.6157316 ], [ 37.6746369, 55.6158798 ], [ 37.6746592, 55.6159059 ], [ 37.6747468, 55.6159059 ], [ 37.6747443, 55.6160092 ], [ 37.6747446, 55.6160519 ], [ 37.6747462, 55.6161094 ], [ 37.6746269, 55.6161542 ], [ 37.6744206, 55.6162208 ], [ 37.6744163, 55.6162648 ], [ 37.6738099, 55.6165285 ], [ 37.6737111, 55.6165919 ], [ 37.6736884, 55.6166233 ], [ 37.6736751, 55.6166977 ], [ 37.6736783, 55.616753 ], [ 37.6737246, 55.6169257 ], [ 37.6737352, 55.6170542 ], [ 37.673732, 55.6171479 ], [ 37.6736448, 55.6173225 ], [ 37.6735069, 55.6174816 ], [ 37.6733222, 55.6176548 ], [ 37.6732334, 55.6177556 ], [ 37.673149, 55.6178513 ], [ 37.6724818, 55.6187234 ], [ 37.6724522, 55.6187172 ], [ 37.6723713, 55.618823 ], [ 37.6724404, 55.6189322 ], [ 37.6725421, 55.6189557 ], [ 37.6725296, 55.6189735 ], [ 37.6725291, 55.6189967 ], [ 37.6725466, 55.6190177 ], [ 37.6725785, 55.6190324 ], [ 37.6726185, 55.6190377 ], [ 37.6726586, 55.6190328 ], [ 37.672691, 55.6190184 ], [ 37.6727099, 55.6190006 ], [ 37.6727989, 55.6190241 ], [ 37.6730258, 55.6190775 ], [ 37.673133, 55.6191041 ], [ 37.6730883, 55.619129 ], [ 37.6731314, 55.6191537 ], [ 37.67319, 55.6191863 ], [ 37.6732714, 55.6192339 ], [ 37.6733228, 55.6192633 ], [ 37.6733671, 55.6192387 ], [ 37.6734716, 55.6194606 ], [ 37.6734466, 55.6194705 ], [ 37.6734256, 55.619489 ], [ 37.6734201, 55.6195086 ], [ 37.6734294, 55.6195291 ], [ 37.673447, 55.6195428 ], [ 37.6734777, 55.619554 ], [ 37.6734737, 55.6195997 ], [ 37.6734381, 55.6196788 ], [ 37.6734765, 55.6197601 ], [ 37.6735029, 55.6198335 ], [ 37.6741389, 55.6204911 ], [ 37.674896, 55.6212129 ], [ 37.675293, 55.6215521 ], [ 37.6757543, 55.621746 ], [ 37.6761942, 55.6218429 ], [ 37.6764409, 55.6218551 ], [ 37.6768862, 55.6218611 ], [ 37.6773387, 55.6218356 ], [ 37.6774158, 55.6218342 ], [ 37.6774673, 55.6218316 ], [ 37.678458, 55.6217339 ], [ 37.6801399, 55.6215751 ], [ 37.6808279, 55.6215101 ], [ 37.6809499, 55.621345 ], [ 37.6810093, 55.6213265 ], [ 37.6810749, 55.6213371 ], [ 37.6810858, 55.6212402 ], [ 37.6812989, 55.6212042 ], [ 37.6815604, 55.6211771 ], [ 37.6822634, 55.6210667 ], [ 37.6823306, 55.6210588 ], [ 37.6823947, 55.6210512 ], [ 37.6839616, 55.6205426 ], [ 37.6842313, 55.6203029 ], [ 37.6844048, 55.620331 ], [ 37.6846961, 55.620207 ], [ 37.6858674, 55.6196813 ], [ 37.6860319, 55.6196302 ], [ 37.6862035, 55.6195224 ], [ 37.6874216, 55.6190156 ], [ 37.6891659, 55.618244 ], [ 37.6899716, 55.6179513 ], [ 37.6903417, 55.6178541 ], [ 37.6912467, 55.6176111 ], [ 37.6923196, 55.6173884 ], [ 37.6928778, 55.617263 ], [ 37.6928993, 55.6172518 ], [ 37.6929748, 55.6172371 ], [ 37.6930924, 55.6171451 ], [ 37.6931188, 55.617109 ], [ 37.6930706, 55.6170265 ], [ 37.6932672, 55.6158191 ], [ 37.6932258, 55.6156605 ], [ 37.6925771, 55.6150452 ], [ 37.6923097, 55.6148205 ], [ 37.6918758, 55.6146008 ], [ 37.6917797, 55.6145589 ], [ 37.6925935, 55.6139511 ], [ 37.6929138, 55.6136584 ], [ 37.6929844, 55.6136003 ], [ 37.6930257, 55.6135668 ], [ 37.6930876, 55.6135233 ], [ 37.6931371, 55.6134811 ], [ 37.6932724, 55.6133747 ], [ 37.6937769, 55.6129802 ], [ 37.6938506, 55.6130097 ], [ 37.6940146, 55.6129384 ], [ 37.6942721, 55.6127603 ], [ 37.6943501, 55.6127063 ], [ 37.6942958, 55.6126376 ], [ 37.6947967, 55.6119765 ], [ 37.6949068, 55.6119614 ], [ 37.6951761, 55.6118945 ], [ 37.6952243, 55.6118156 ], [ 37.6952765, 55.6118109 ], [ 37.6953401, 55.611724 ], [ 37.6955883, 55.6114087 ], [ 37.6959096, 55.6110707 ], [ 37.6958624, 55.6110164 ], [ 37.6959277, 55.6109341 ], [ 37.6963029, 55.6105323 ], [ 37.6962815, 55.6104813 ], [ 37.6962589, 55.6104351 ], [ 37.696643, 55.6100115 ], [ 37.6970485, 55.6096366 ], [ 37.6970808, 55.6096203 ], [ 37.697101, 55.6096068 ], [ 37.6971207, 55.6095937 ], [ 37.6971594, 55.6095563 ], [ 37.6979453, 55.6089022 ], [ 37.6976712, 55.6087677 ], [ 37.6968294, 55.6082892 ], [ 37.6966656, 55.6083747 ], [ 37.6965459, 55.608305 ], [ 37.6966802, 55.6082129 ], [ 37.6959348, 55.6077576 ], [ 37.6958567, 55.6077813 ], [ 37.6957272, 55.6078298 ], [ 37.6955088, 55.6077397 ], [ 37.6944833, 55.6073171 ], [ 37.6939169, 55.6070849 ], [ 37.6938528, 55.6070567 ], [ 37.6932829, 55.6066033 ], [ 37.6931131, 55.6064252 ], [ 37.6930739, 55.6063813 ], [ 37.6928698, 55.6061528 ], [ 37.6928173, 55.6060825 ], [ 37.6927069, 55.6059674 ], [ 37.6926197, 55.605892 ], [ 37.6923282, 55.6060601 ], [ 37.6921664, 55.6062359 ], [ 37.69201, 55.6066413 ], [ 37.6917801, 55.606932 ], [ 37.6915332, 55.6069691 ], [ 37.6913702, 55.6069565 ], [ 37.6912298, 55.6069564 ], [ 37.6907539, 55.6068681 ], [ 37.6898145, 55.6069871 ], [ 37.6891917, 55.6071192 ], [ 37.6884736, 55.6060257 ], [ 37.6875517, 55.6060514 ], [ 37.6872449, 55.6056695 ], [ 37.6832228, 55.6041431 ], [ 37.6801978, 55.6064752 ], [ 37.6801713, 55.6064955 ], [ 37.6801904, 55.6065133 ], [ 37.6802112, 55.6065283 ], [ 37.6802307, 55.6065507 ], [ 37.6802245, 55.6065823 ], [ 37.6802093, 55.6066328 ], [ 37.680112, 55.6067199 ], [ 37.6799874, 55.6067556 ], [ 37.6798668, 55.6067651 ], [ 37.6796668, 55.6067118 ], [ 37.6795581, 55.606714 ], [ 37.6794755, 55.6067455 ], [ 37.6794307, 55.6068022 ], [ 37.6792152, 55.6070912 ], [ 37.6791544, 55.6071546 ], [ 37.6790797, 55.6072051 ], [ 37.6789836, 55.6072576 ], [ 37.6788525, 55.6072942 ], [ 37.677568, 55.6075897 ], [ 37.6769636, 55.607726 ], [ 37.6764276, 55.6078524 ], [ 37.6762814, 55.6078906 ], [ 37.6762419, 55.6079067 ], [ 37.6762052, 55.6079321 ], [ 37.6761782, 55.6079664 ], [ 37.6761496, 55.6080131 ], [ 37.6761429, 55.6081923 ], [ 37.6762366, 55.6082332 ], [ 37.6762397, 55.6083479 ], [ 37.676169, 55.6084159 ], [ 37.6762646, 55.6095842 ], [ 37.6762708, 55.6096607 ], [ 37.6762684, 55.6097345 ], [ 37.6764346, 55.6097352 ], [ 37.6765061, 55.6097363 ], [ 37.6765052, 55.6097707 ], [ 37.6765066, 55.609825 ], [ 37.6763804, 55.6098276 ], [ 37.6762055, 55.6098298 ], [ 37.6761866, 55.6098406 ], [ 37.6761361, 55.6098561 ], [ 37.6760651, 55.6098763 ], [ 37.6759825, 55.6098884 ], [ 37.6754104, 55.6099351 ], [ 37.6748498, 55.6099717 ], [ 37.6747366, 55.6100012 ], [ 37.6745724, 55.6100424 ], [ 37.6729324, 55.6101234 ], [ 37.6728137, 55.6101848 ], [ 37.6726729, 55.6102191 ], [ 37.6726697, 55.6101786 ], [ 37.6725815, 55.6101808 ], [ 37.6725366, 55.6101823 ], [ 37.6724327, 55.6101975 ], [ 37.6704107, 55.6105284 ], [ 37.6703535, 55.6105604 ], [ 37.6703778, 55.610867 ], [ 37.670331, 55.6110478 ], [ 37.6702274, 55.611209 ], [ 37.6699332, 55.6114844 ], [ 37.6699706, 55.6115996 ], [ 37.6713893, 55.6124678 ], [ 37.6714593, 55.6125148 ], [ 37.6733378, 55.6136573 ], [ 37.6744273, 55.6143906 ], [ 37.6744897, 55.6144286 ], [ 37.6745033, 55.6144382 ], [ 37.6745699, 55.6144856 ], [ 37.6746048, 55.6145155 ] ] ] } },
{ "type": "Feature", "properties": { "name": "Зона отдыха Корнеевские пруды", "area_ha": 6.8 }, "geometry": { "type": "Polygon", "coordinates": [ [ [ 37.6511979, 55.6171189 ], [ 37.6514016, 55.616625 ], [ 37.6517627, 55.616067 ], [ 37.6518353, 55.6159877 ], [ 37.6518412, 55.6159539 ], [ 37.6516904, 55.6159376 ], [ 37.6516184, 55.6157917 ], [ 37.6509518, 55.6157119 ], [ 37.6504825, 55.6156919 ], [ 37.6498439, 55.6171185 ], [ 37.6499471, 55.6171912 ], [ 37.6506976, 55.6175817 ], [ 37.6509519, 55.6180547 ], [ 37.65107, 55.6176055 ], [ 37.6511979, 55.6171189 ] ] ] } },
{ "type": "Feature", "properties": { "name": "Зона отдыха Корнеевские пруды", "area_ha": 6.8 }, "geometry": { "type": "Polygon", "coordinates": [ [ [ 37.6495616, 55.6197498 ], [ 37.6502751, 55.6196103 ], [ 37.6504842, 55.6199759 ], [ 37.6506151, 55.6200058 ], [ 37.6509773, 55.6195082 ], [ 37.6508268, 55.6190722 ], [ 37.6504334, 55.6184415 ], [ 37.65021, 55.6179752 ], [ 37.6500303, 55.6177586 ], [ 37.6497447, 55.6175531 ], [ 37.6496533, 55.6175442 ], [ 37.64948, 55.6179313 ], [ 37.6487256, 55.6190895 ], [ 37.6480504, 55.6193398 ], [ 37.6467065, 55.6198379 ], [ 37.6459839, 55.6199318 ], [ 37.6459929, 55.6199658 ], [ 37.646332, 55.6215959 ], [ 37.6466765, 55.6215722 ], [ 37.6495616, 55.6197498 ] ] ] } },
{ "type": "Feature", "properties": { "name": "Аршиновский парк", "area_ha": 7.3 }, "geometry": { "type": "Polygon", "coordinates": [ [ [ 37.6562388, 55.6199179 ], [ 37.6560148, 55.6198798 ], [ 37.6518916, 55.6190351 ], [ 37.6516891, 55.6188988 ], [ 37.6507825, 55.6186993 ], [ 37.6509519, 55.6180547 ], [ 37.6506976, 55.6175817 ], [ 37.6499471, 55.6171912 ], [ 37.6498439, 55.6171185 ], [ 37.6496533, 55.6175442 ], [ 37.6497447, 55.6175531 ], [ 37.6500303, 55.6177586 ], [ 37.65021, 55.6179752 ], [ 37.6504334, 55.6184415 ], [ 37.6508268, 55.6190722 ], [ 37.6509773, 55.6195082 ], [ 37.6506151, 55.6200058 ], [ 37.6512204, 55.6201441 ], [ 37.651882, 55.6202952 ], [ 37.6523102, 55.6205069 ], [ 37.6524207, 55.6206653 ], [ 37.6524384, 55.6206907 ], [ 37.6525355, 55.6208299 ], [ 37.6525357, 55.6208664 ], [ 37.6533146, 55.6208249 ], [ 37.653462, 55.6208203 ], [ 37.6540367, 55.6208022 ], [ 37.6542155, 55.621546 ], [ 37.6542314, 55.6216034 ], [ 37.6547854, 55.6215741 ], [ 37.6549349, 55.6215728 ], [ 37.6556918, 55.6215702 ], [ 37.6567444, 55.6215683 ], [ 37.6567383, 55.6214179 ], [ 37.6567443, 55.6209344 ], [ 37.6567423, 55.6199959 ], [ 37.6562388, 55.6199179 ] ] ] } },
{ "type": "Feature", "properties": { "name": "Музей-заповедник «Царицыно»", "area_ha": 422.6 }, "geometry": { "type": "Polygon", "coordinates": [ [ [ 37.6780415, 55.6248464 ], [ 37.6811428, 55.6273395 ], [ 37.6819146, 55.6279599 ], [ 37.6833547, 55.6291159 ], [ 37.6834285, 55.629166 ], [ 37.683492, 55.6292073 ], [ 37.6835512, 55.6293528 ], [ 37.6838101, 55.6296046 ], [ 37.6841993, 55.6299852 ], [ 37.6848191, 55.6305767 ], [ 37.6853762, 55.6314058 ], [ 37.685751, 55.6322168 ], [ 37.6858436, 55.6325229 ], [ 37.686463, 55.6343701 ], [ 37.6869032, 55.6356455 ], [ 37.687211, 55.6365822 ], [ 37.6872045, 55.6366395 ], [ 37.6874986, 55.6374517 ], [ 37.6875899, 55.6377216 ], [ 37.6881913, 55.6388126 ], [ 37.6882318, 55.638802 ], [ 37.6884354, 55.6387529 ], [ 37.6884264, 55.6385322 ], [ 37.6892454, 55.6382129 ], [ 37.6895846, 55.6380921 ], [ 37.6898749, 55.6380498 ], [ 37.690347, 55.6380104 ], [ 37.693909, 55.6365237 ], [ 37.6944347, 55.6363845 ], [ 37.6949389, 55.6362573 ], [ 37.6953057, 55.6360689 ], [ 37.6955785, 55.6358795 ], [ 37.6956412, 55.6358347 ], [ 37.6958452, 55.6351577 ], [ 37.695828, 55.6348761 ], [ 37.6957478, 55.6345913 ], [ 37.6956847, 55.6344554 ], [ 37.6954823, 55.6341997 ], [ 37.6948993, 55.6334814 ], [ 37.6940132, 55.6321215 ], [ 37.6937158, 55.6316179 ], [ 37.6932238, 55.6308445 ], [ 37.6928764, 55.6301329 ], [ 37.6923903, 55.6287086 ], [ 37.6917486, 55.6268287 ], [ 37.6917716, 55.6264992 ], [ 37.6918403, 55.6260485 ], [ 37.6923725, 55.6251908 ], [ 37.6930162, 55.62427 ], [ 37.6934711, 55.6236546 ], [ 37.6936771, 55.6232766 ], [ 37.6937629, 55.6229761 ], [ 37.6937629, 55.6216046 ], [ 37.6936976, 55.6208351 ], [ 37.6936411, 55.6198454 ], [ 37.6936699, 55.6196997 ], [ 37.6941071, 55.6174912 ], [ 37.6940041, 55.6174279 ], [ 37.6940114, 55.6173406 ], [ 37.6940139, 55.6172497 ], [ 37.6940833, 55.6171832 ], [ 37.6939179, 55.6171821 ], [ 37.693695, 55.617145 ], [ 37.6932535, 55.6171651 ], [ 37.6932256, 55.6171548 ], [ 37.6931188, 55.617109 ], [ 37.6930706, 55.6170265 ], [ 37.6932672, 55.6158191 ], [ 37.6932258, 55.6156605 ], [ 37.6925771, 55.6150452 ], [ 37.6923097, 55.6148205 ], [ 37.6918758, 55.6146008 ], [ 37.6917797, 55.6145589 ], [ 37.6925935, 55.6139511 ], [ 37.6929138, 55.6136584 ], [ 37.6929844, 55.6136003 ], [ 37.6930257, 55.6135668 ], [ 37.6930876, 55.6135233 ], [ 37.6931371, 55.6134811 ], [ 37.6932724, 55.6133747 ], [ 37.6937769, 55.6129802 ], [ 37.6938506, 55.6130097 ], [ 37.6940146, 55.6129384 ], [ 37.6942721, 55.6127603 ], [ 37.6943501, 55.6127063 ], [ 37.6942958, 55.6126376 ], [ 37.6947967, 55.6119765 ], [ 37.6949068, 55.6119614 ], [ 37.6951761, 55.6118945 ], [ 37.6952243, 55.6118156 ], [ 37.6952765, 55.6118109 ], [ 37.6953401, 55.611724 ], [ 37.6955883, 55.6114087 ], [ 37.6959096, 55.6110707 ], [ 37.6958624, 55.6110164 ], [ 37.6959277, 55.6109341 ], [ 37.6963029, 55.6105323 ], [ 37.6962815, 55.6104813 ], [ 37.6962589, 55.6104351 ], [ 37.696643, 55.6100115 ], [ 37.6970485, 55.6096366 ], [ 37.6970808, 55.6096203 ], [ 37.697101, 55.6096068 ], [ 37.6971207, 55.6095937 ], [ 37.6971594, 55.6095563 ], [ 37.6979453, 55.6089022 ], [ 37.6976712, 55.6087677 ], [ 37.6968294, 55.6082892 ], [ 37.6966656, 55.6083747 ], [ 37.6965459, 55.608305 ], [ 37.6966802, 55.6082129 ], [ 37.6959348, 55.6077576 ], [ 37.6958567, 55.6077813 ], [ 37.6957272, 55.6078298 ], [ 37.6955088, 55.6077397 ], [ 37.6944833, 55.6073171 ], [ 37.6939169, 55.6070849 ], [ 37.6938528, 55.6070567 ], [ 37.6932829, 55.6066033 ], [ 37.6931131, 55.6064252 ], [ 37.6930739, 55.6063813 ], [ 37.6928698, 55.6061528 ], [ 37.6928173, 55.6060825 ], [ 37.6927069, 55.6059674 ], [ 37.6926197, 55.605892 ], [ 37.6923282, 55.6060601 ], [ 37.6921664, 55.6062359 ], [ 37.69201, 55.6066413 ], [ 37.6917801, 55.606932 ], [ 37.6915332, 55.6069691 ], [ 37.6913702, 55.6069565 ], [ 37.6912298, 55.6069564 ], [ 37.6907539, 55.6068681 ], [ 37.6898145, 55.6069871 ], [ 37.6891917, 55.6071192 ], [ 37.6884736, 55.6060257 ], [ 37.6875517, 55.6060514 ], [ 37.6872449, 55.6056695 ], [ 37.6832228, 55.6041431 ], [ 37.6801978, 55.6064752 ], [ 37.6801713, 55.6064955 ], [ 37.6801904, 55.6065133 ], [ 37.6802112, 55.6065283 ], [ 37.6802307, 55.6065507 ], [ 37.6802245, 55.6065823 ], [ 37.6802093, 55.6066328 ], [ 37.680112, 55.6067199 ], [ 37.6799874, 55.6067556 ], [ 37.6798668, 55.6067651 ], [ 37.6796668, 55.6067118 ], [ 37.6795581, 55.606714 ], [ 37.6794755, 55.6067455 ], [ 37.6794307, 55.6068022 ], [ 37.6792152, 55.6070912 ], [ 37.6791544, 55.6071546 ], [ 37.6790797, 55.6072051 ], [ 37.6789836, 55.6072576 ], [ 37.6788525, 55.6072942 ], [ 37.677568, 55.6075897 ], [ 37.6769636, 55.607726 ], [ 37.6764276, 55.6078524 ], [ 37.6762814, 55.6078906 ], [ 37.6760525, 55.6078201 ], [ 37.6760127, 55.607853 ], [ 37.6759336, 55.6079588 ], [ 37.6754726, 55.6079747 ], [ 37.6753477, 55.6080391 ], [ 37.6750796, 55.6080763 ], [ 37.674395, 55.6080697 ], [ 37.6741249, 55.6078027 ], [ 37.6741062, 55.6074461 ], [ 37.6740949, 55.6071086 ], [ 37.6740751, 55.6067951 ], [ 37.6740592, 55.6067081 ], [ 37.6736326, 55.6067487 ], [ 37.673471, 55.6065537 ], [ 37.6731755, 55.606394 ], [ 37.6728321, 55.6063576 ], [ 37.672691, 55.6063547 ], [ 37.6714923, 55.6062327 ], [ 37.6711812, 55.6057756 ], [ 37.6706271, 55.6049488 ], [ 37.6703059, 55.6047511 ], [ 37.6701966, 55.6047181 ], [ 37.6696677, 55.6044948 ], [ 37.669161, 55.6050613 ], [ 37.6691202, 55.6051103 ], [ 37.6689206, 55.605324 ], [ 37.6685312, 55.6057616 ], [ 37.6681825, 55.6062071 ], [ 37.6675663, 55.6068475 ], [ 37.6670083, 55.6074544 ], [ 37.666497, 55.6080451 ], [ 37.66645, 55.6080942 ], [ 37.6660642, 55.6085015 ], [ 37.6656393, 55.6089769 ], [ 37.6655768, 55.6090418 ], [ 37.6654926, 55.6091158 ], [ 37.6653779, 55.6092148 ], [ 37.665301, 55.6092673 ], [ 37.6651562, 55.6094162 ], [ 37.6650097, 55.6096156 ], [ 37.6648233, 55.6098196 ], [ 37.6646705, 55.6099772 ], [ 37.664525, 55.6101029 ], [ 37.663304, 55.6114445 ], [ 37.6633003, 55.6114965 ], [ 37.6632817, 55.6115152 ], [ 37.6631831, 55.6116142 ], [ 37.6631364, 55.6116553 ], [ 37.6630335, 55.6117408 ], [ 37.6625407, 55.6122907 ], [ 37.6624399, 55.6124026 ], [ 37.6623515, 55.6124998 ], [ 37.6616012, 55.6132988 ], [ 37.6616863, 55.6133222 ], [ 37.6609793, 55.6141352 ], [ 37.660926, 55.6141941 ], [ 37.6611874, 55.6142014 ], [ 37.661102, 55.614253 ], [ 37.660484, 55.6148067 ], [ 37.6604274, 55.6149534 ], [ 37.6610762, 55.6150691 ], [ 37.662188, 55.6152036 ], [ 37.6642421, 55.6155824 ], [ 37.6645692, 55.61549 ], [ 37.6649528, 55.6155803 ], [ 37.6652902, 55.6156597 ], [ 37.6659824, 55.6158226 ], [ 37.6659693, 55.6159703 ], [ 37.6684128, 55.6167388 ], [ 37.6690605, 55.6170381 ], [ 37.6697017, 55.6173854 ], [ 37.6709872, 55.6183275 ], [ 37.6718116, 55.6190516 ], [ 37.6721321, 55.6193767 ], [ 37.6724106, 55.6196031 ], [ 37.6725305, 55.6198699 ], [ 37.6750043, 55.6222231 ], [ 37.6760398, 55.6232873 ], [ 37.6780415, 55.6248464 ] ] ] } },
{ "type": "Feature", "properties": { "name": "Сосенки", "area_ha": 11.0 }, "geometry": { "type": "Polygon", "coordinates": [ [ [ 37.6574194, 55.6277145 ], [ 37.6574207, 55.6277417 ], [ 37.6574873, 55.6277782 ], [ 37.6590901, 55.6280992 ], [ 37.6591497, 55.6281144 ], [ 37.6603365, 55.6283355 ], [ 37.6604151, 55.6283559 ], [ 37.660684, 55.6284148 ], [ 37.6607555, 55.6284391 ], [ 37.6613418, 55.6285849 ], [ 37.6613835, 55.6285949 ], [ 37.6613914, 55.6285968 ], [ 37.6619553, 55.628732 ], [ 37.6621282, 55.6287319 ], [ 37.6623888, 55.6287047 ], [ 37.6626777, 55.628668 ], [ 37.6627733, 55.6286485 ], [ 37.6628884, 55.6286073 ], [ 37.6633887, 55.6283096 ], [ 37.6634235, 55.6282889 ], [ 37.6640842, 55.6275141 ], [ 37.664104, 55.6274908 ], [ 37.6647358, 55.6267633 ], [ 37.6647842, 55.6267077 ], [ 37.6652185, 55.6262077 ], [ 37.6652071, 55.6261848 ], [ 37.6651735, 55.6261652 ], [ 37.6651514, 55.6261524 ], [ 37.6646675, 55.626113 ], [ 37.6635641, 55.6261043 ], [ 37.6634871, 55.6261037 ], [ 37.6627723, 55.6260981 ], [ 37.6625611, 55.6260965 ], [ 37.6609101, 55.6260835 ], [ 37.6607306, 55.6260441 ], [ 37.6605355, 55.6260415 ], [ 37.6604708, 55.6260462 ], [ 37.6596888, 55.6260311 ], [ 37.6596305, 55.6260291 ], [ 37.6575079, 55.6259946 ], [ 37.6574266, 55.625995 ], [ 37.6573575, 55.6259948 ], [ 37.6573282, 55.6265134 ], [ 37.6574185, 55.6273634 ], [ 37.6574204, 55.6274068 ], [ 37.6574282, 55.6276444 ], [ 37.6574194, 55.6277145 ] ] ] } },
{ "type": "Feature", "properties": { "name": "Долина реки Чертановки", "area_ha": 12.9 }, "geometry": { "type": "Polygon", "coordinates": [ [ [ 37.6475982, 55.643976 ], [ 37.6480631, 55.6440109 ], [ 37.648093, 55.6439361 ], [ 37.64823, 55.6439035 ], [ 37.6486398, 55.6439278 ], [ 37.649264, 55.6440182 ], [ 37.6493713, 55.6437943 ], [ 37.6495618, 55.64354 ], [ 37.6497526, 55.6433681 ], [ 37.6494194, 55.6432404 ], [ 37.6500081, 55.6428128 ], [ 37.6503688, 55.6429667 ], [ 37.6507312, 55.64283 ], [ 37.6511496, 55.6427544 ], [ 37.6517075, 55.6427059 ], [ 37.6524815, 55.6426874 ], [ 37.652441, 55.642286 ], [ 37.6529157, 55.6422713 ], [ 37.6529038, 55.6421489 ], [ 37.6539284, 55.6421171 ], [ 37.6539633, 55.6424902 ], [ 37.6542936, 55.6424782 ], [ 37.6543042, 55.6426612 ], [ 37.6548446, 55.6426543 ], [ 37.6550593, 55.6424422 ], [ 37.6554226, 55.6421071 ], [ 37.6551803, 55.6409456 ], [ 37.6546554, 55.6407017 ], [ 37.6525839, 55.6408279 ], [ 37.6516908, 55.6409168 ], [ 37.6512224, 55.6409445 ], [ 37.6510531, 55.6408501 ], [ 37.6500263, 55.6400899 ], [ 37.6484353, 55.6399443 ], [ 37.6479363, 55.6412437 ], [ 37.6476589, 55.6419675 ], [ 37.6475074, 55.6423071 ], [ 37.6472962, 55.6427375 ], [ 37.6468956, 55.6437163 ], [ 37.6468205, 55.6439335 ], [ 37.6470892, 55.6439918 ], [ 37.6475982, 55.643976 ] ] ] } },
{ "type": "Feature", "properties": { "name": "Парк технических видов спорта", "area_ha": 45.0 }, "geometry": { "type": "Polygon", "coordinates": [ [ [ 37.6744129, 55.6577791 ], [ 37.6750116, 55.657796 ], [ 37.6776712, 55.6585495 ], [ 37.6775747, 55.6572923 ], [ 37.6772656, 55.6555587 ], [ 37.682113, 55.6552967 ], [ 37.6820994, 55.6551882 ], [ 37.6820886, 55.6551017 ], [ 37.6819842, 55.6546397 ], [ 37.6829706, 55.6544933 ], [ 37.6862562, 55.6531131 ], [ 37.6887831, 55.6519763 ], [ 37.6892448, 55.6522841 ], [ 37.6894507, 55.6521956 ], [ 37.6865919, 55.6500867 ], [ 37.6863819, 55.6499906 ], [ 37.6862344, 55.6499809 ], [ 37.6860862, 55.6500204 ], [ 37.683448, 55.6511975 ], [ 37.6826281, 55.6516364 ], [ 37.6815895, 55.6509731 ], [ 37.6811562, 55.6511891 ], [ 37.6803314, 55.6509521 ], [ 37.6798373, 55.6507699 ], [ 37.6793492, 55.6504163 ], [ 37.6790916, 55.6502601 ], [ 37.6786988, 55.650458 ], [ 37.6782182, 55.6507195 ], [ 37.677902, 55.6508379 ], [ 37.6776345, 55.6509762 ], [ 37.6770594, 55.651289 ], [ 37.676596, 55.6515331 ], [ 37.6762786, 55.6516958 ], [ 37.6756824, 55.6520588 ], [ 37.6754164, 55.6521627 ], [ 37.6749682, 55.652388 ], [ 37.6747158, 55.65248 ], [ 37.6745248, 55.6526312 ], [ 37.6743522, 55.6527265 ], [ 37.6741621, 55.6529014 ], [ 37.6735107, 55.6533999 ], [ 37.6729914, 55.6539326 ], [ 37.6728581, 55.6541261 ], [ 37.6726924, 55.6544327 ], [ 37.6726013, 55.6547233 ], [ 37.6725998, 55.6547985 ], [ 37.672672, 55.655349 ], [ 37.6726358, 55.655356 ], [ 37.6726676, 55.6562434 ], [ 37.6732499, 55.6561431 ], [ 37.6737064, 55.656128 ], [ 37.6738708, 55.6561982 ], [ 37.6738837, 55.6562545 ], [ 37.6738494, 55.6563417 ], [ 37.6737206, 55.6564095 ], [ 37.673506, 55.6564579 ], [ 37.6728208, 55.6565758 ], [ 37.6729055, 55.65676 ], [ 37.6731287, 55.6572696 ], [ 37.6740547, 55.6576047 ], [ 37.6740363, 55.6576338 ], [ 37.6742609, 55.6577385 ], [ 37.674158, 55.6578624 ], [ 37.6743112, 55.6578984 ], [ 37.6744129, 55.6577791 ] ] ] } },
{ "type": "Feature", "properties": { "name": "Музей-заповедник «Коломенское»", "area_ha": 252.6 }, "geometry": { "type": "Polygon", "coordinates": [ [ [ 37.6571488, 55.6525814 ], [ 37.6556348, 55.6534493 ], [ 37.6547837, 55.6540581 ], [ 37.6543057, 55.6546675 ], [ 37.653823, 55.6554585 ], [ 37.654256, 55.6556566 ], [ 37.6541888, 55.6557503 ], [ 37.6541044, 55.655868 ], [ 37.6539177, 55.6558962 ], [ 37.6540715, 55.6567584 ], [ 37.6544314, 55.6583241 ], [ 37.6546632, 55.6584719 ], [ 37.6548296, 55.6586767 ], [ 37.6549203, 55.6589042 ], [ 37.6550881, 55.6594962 ], [ 37.6557673, 55.6603033 ], [ 37.6568132, 55.6619332 ], [ 37.6573548, 55.6627516 ], [ 37.6576953, 55.6629169 ], [ 37.6581098, 55.6630282 ], [ 37.6580937, 55.6630669 ], [ 37.6580227, 55.6632375 ], [ 37.6579384, 55.6633877 ], [ 37.65955, 55.6653836 ], [ 37.6597652, 55.6654023 ], [ 37.659925, 55.6654279 ], [ 37.6601023, 55.6655274 ], [ 37.6599071, 55.6656846 ], [ 37.6604186, 55.6662704 ], [ 37.6615244, 55.6676447 ], [ 37.662387, 55.6679861 ], [ 37.6622338, 55.6681451 ], [ 37.6620141, 55.6683666 ], [ 37.6627507, 55.6693724 ], [ 37.6628826, 55.6699947 ], [ 37.6630964, 55.6707267 ], [ 37.66339, 55.6717316 ], [ 37.663375, 55.671805 ], [ 37.6633895, 55.6718049 ], [ 37.6634872, 55.6717992 ], [ 37.6638333, 55.6725946 ], [ 37.6643275, 55.672581 ], [ 37.6646938, 55.6725705 ], [ 37.6657929, 55.6725388 ], [ 37.6660212, 55.6723958 ], [ 37.6690592, 55.6722934 ], [ 37.6696367, 55.6732444 ], [ 37.6696668, 55.6732971 ], [ 37.6689846, 55.6734257 ], [ 37.6691002, 55.6736612 ], [ 37.6684742, 55.6737822 ], [ 37.668711, 55.6742997 ], [ 37.6690612, 55.6742515 ], [ 37.6691157, 55.6746049 ], [ 37.6691222, 55.6746472 ], [ 37.6691279, 55.674684 ], [ 37.6691839, 55.6747437 ], [ 37.669509, 55.6747423 ], [ 37.6697928, 55.6748692 ], [ 37.6705829, 55.6747561 ], [ 37.6714596, 55.6761543 ], [ 37.671548, 55.676136 ], [ 37.6716664, 55.6761191 ], [ 37.6717298, 55.67611 ], [ 37.6718385, 55.6763514 ], [ 37.6741886, 55.6761256 ], [ 37.6764781, 55.6758915 ], [ 37.676561, 55.675884 ], [ 37.6768448, 55.675852 ], [ 37.6769317, 55.6758422 ], [ 37.6775493, 55.6757792 ], [ 37.6782288, 55.6749852 ], [ 37.6791199, 55.6739366 ], [ 37.6796425, 55.6736076 ], [ 37.6796679, 55.6736133 ], [ 37.6813287, 55.674089 ], [ 37.6834836, 55.6727997 ], [ 37.6835363, 55.6726808 ], [ 37.683934, 55.672435 ], [ 37.6841349, 55.6723079 ], [ 37.6842139, 55.6722437 ], [ 37.6839861, 55.6721614 ], [ 37.6836601, 55.6721217 ], [ 37.6833402, 55.6720574 ], [ 37.6827843, 55.6719449 ], [ 37.6819175, 55.6717465 ], [ 37.6810974, 55.671559 ], [ 37.6809238, 55.6715468 ], [ 37.6808026, 55.6714699 ], [ 37.680732, 55.6713434 ], [ 37.6805877, 55.6712335 ], [ 37.6803725, 55.6713104 ], [ 37.6800331, 55.6710776 ], [ 37.6801435, 55.6709784 ], [ 37.6794114, 55.6707094 ], [ 37.6791376, 55.6705576 ], [ 37.6790068, 55.6706162 ], [ 37.6786945, 55.6704398 ], [ 37.6786161, 55.6703928 ], [ 37.6772654, 55.6698006 ], [ 37.6772054, 55.6697377 ], [ 37.6762526, 55.6693408 ], [ 37.6762097, 55.6693601 ], [ 37.6754973, 55.6690407 ], [ 37.6752312, 55.6689148 ], [ 37.6750081, 55.6687986 ], [ 37.6747592, 55.6686631 ], [ 37.6744588, 55.6685034 ], [ 37.6742442, 55.6683727 ], [ 37.6739438, 55.6681645 ], [ 37.673712, 55.6679999 ], [ 37.673549, 55.6678402 ], [ 37.6733945, 55.6676562 ], [ 37.6731506, 55.667354 ], [ 37.6729086, 55.6670027 ], [ 37.6727752, 55.666696 ], [ 37.6726238, 55.6663873 ], [ 37.6724794, 55.6660781 ], [ 37.6720443, 55.6651292 ], [ 37.6719728, 55.6649598 ], [ 37.671829, 55.6649613 ], [ 37.6718233, 55.6649408 ], [ 37.6718156, 55.6649226 ], [ 37.6719276, 55.6648872 ], [ 37.6719425, 55.6647904 ], [ 37.6719424, 55.6647608 ], [ 37.6718954, 55.6647206 ], [ 37.6719331, 55.6645256 ], [ 37.6719009, 55.6644671 ], [ 37.6718359, 55.664279 ], [ 37.6718225, 55.6642324 ], [ 37.6717481, 55.6640509 ], [ 37.6717376, 55.6639564 ], [ 37.6716896, 55.663883 ], [ 37.6715198, 55.6637764 ], [ 37.6714699, 55.663626 ], [ 37.6714153, 55.6633883 ], [ 37.6712695, 55.6626175 ], [ 37.6711577, 55.6621213 ], [ 37.6709591, 55.6611471 ], [ 37.6708297, 55.660475 ], [ 37.6705979, 55.6594034 ], [ 37.6704334, 55.6585579 ], [ 37.6702018, 55.6575741 ], [ 37.6700656, 55.6568858 ], [ 37.6699854, 55.6566272 ], [ 37.6698917, 55.6562046 ], [ 37.6698339, 55.6558878 ], [ 37.6698048, 55.6556181 ], [ 37.6698156, 55.6553807 ], [ 37.6698549, 55.6551172 ], [ 37.6698552, 55.6550177 ], [ 37.6702788, 55.6548767 ], [ 37.6703033, 55.6548652 ], [ 37.6703229, 55.6548515 ], [ 37.6703359, 55.6548349 ], [ 37.6703406, 55.6548183 ], [ 37.6703402, 55.654803 ], [ 37.6703328, 55.6547864 ], [ 37.6703165, 55.65477 ], [ 37.6699733, 55.6545454 ], [ 37.6701157, 55.6544338 ], [ 37.6702702, 55.654182 ], [ 37.6705535, 55.653843 ], [ 37.6711457, 55.6533539 ], [ 37.6716521, 55.6529472 ], [ 37.6720813, 55.6526082 ], [ 37.6725705, 55.6522353 ], [ 37.6731885, 55.6517898 ], [ 37.6738923, 55.65132 ], [ 37.6745961, 55.6508503 ], [ 37.6751282, 55.6505306 ], [ 37.6759179, 55.6500899 ], [ 37.6762784, 55.6498962 ], [ 37.6767537, 55.6496256 ], [ 37.6768288, 55.6496018 ], [ 37.6771178, 55.6497367 ], [ 37.677185, 55.6497536 ], [ 37.6772553, 55.649748 ], [ 37.6773942, 55.649688 ], [ 37.677892, 55.6494313 ], [ 37.6784506, 55.6491474 ], [ 37.6786373, 55.6490261 ], [ 37.6784236, 55.6488782 ], [ 37.6784441, 55.648866 ], [ 37.6787008, 55.6489874 ], [ 37.6789004, 55.648891 ], [ 37.6791709, 55.6487823 ], [ 37.6790352, 55.6486467 ], [ 37.6790473, 55.6486381 ], [ 37.6792473, 55.6487373 ], [ 37.6793617, 55.648706 ], [ 37.6794392, 55.648654 ], [ 37.6792565, 55.6484797 ], [ 37.679283, 55.6484687 ], [ 37.6795021, 55.6486036 ], [ 37.6795698, 55.6485871 ], [ 37.6797545, 55.6485081 ], [ 37.6799924, 55.6483626 ], [ 37.680218, 55.6482641 ], [ 37.6806084, 55.6481 ], [ 37.6807163, 55.6480648 ], [ 37.6808532, 55.6480122 ], [ 37.6806885, 55.6478363 ], [ 37.6807241, 55.6478203 ], [ 37.6809648, 55.6479726 ], [ 37.6811934, 55.6478808 ], [ 37.6809881, 55.6476846 ], [ 37.6810087, 55.6476756 ], [ 37.6812943, 55.6478414 ], [ 37.6814969, 55.6477507 ], [ 37.6818059, 55.6476345 ], [ 37.6821234, 55.6475085 ], [ 37.6819, 55.6472909 ], [ 37.6819254, 55.6472812 ], [ 37.6821973, 55.6474784 ], [ 37.6824067, 55.6473875 ], [ 37.6825955, 55.6472954 ], [ 37.682853, 55.647184 ], [ 37.6828047, 55.647138 ], [ 37.6815622, 55.6463334 ], [ 37.680447, 55.6455925 ], [ 37.6800926, 55.6453555 ], [ 37.6786538, 55.6458113 ], [ 37.6771071, 55.646312 ], [ 37.6763068, 55.6465361 ], [ 37.6761328, 55.6465834 ], [ 37.6758524, 55.6469866 ], [ 37.6752961, 55.6474004 ], [ 37.6744132, 55.6481111 ], [ 37.6748883, 55.6484239 ], [ 37.6748024, 55.6488597 ], [ 37.6736866, 55.6492956 ], [ 37.6740299, 55.6495862 ], [ 37.6716955, 55.6505797 ], [ 37.6717743, 55.6506964 ], [ 37.6715281, 55.6508409 ], [ 37.6715872, 55.6509715 ], [ 37.6714838, 55.6511298 ], [ 37.6711119, 55.6514928 ], [ 37.6688786, 55.6525803 ], [ 37.6672479, 55.6532824 ], [ 37.6667238, 55.6538233 ], [ 37.6663304, 55.6539539 ], [ 37.6644751, 55.6533749 ], [ 37.6611125, 55.6505693 ], [ 37.6609475, 55.6504354 ], [ 37.6576376, 55.6522389 ], [ 37.657772, 55.652444 ], [ 37.6576233, 55.6524791 ], [ 37.6571488, 55.6525814 ] ] ] } },
{ "type": "Feature", "properties": { "name": "Парк имени Ю. М. Лужкова", "area_ha": 35.8 }, "geometry": { "type": "Polygon", "coordinates": [ [ [ 37.658304, 55.6671928 ], [ 37.6589631, 55.6673151 ], [ 37.6595036, 55.6674154 ], [ 37.6596867, 55.6674531 ], [ 37.6598837, 55.6674803 ], [ 37.659927, 55.6674868 ], [ 37.6599653, 55.6674777 ], [ 37.6599812, 55.6674676 ], [ 37.659988, 55.6674401 ], [ 37.6599679, 55.6674096 ], [ 37.6596408, 55.666989 ], [ 37.658633, 55.6655971 ], [ 37.6575283, 55.6642372 ], [ 37.6571097, 55.6636497 ], [ 37.6567068, 55.6630887 ], [ 37.6537179, 55.6593473 ], [ 37.6532389, 55.658962 ], [ 37.6528422, 55.6586369 ], [ 37.6502938, 55.656834 ], [ 37.6501788, 55.6570909 ], [ 37.648832, 55.6597804 ], [ 37.6485706, 55.6598834 ], [ 37.6482482, 55.6604895 ], [ 37.648043, 55.6608592 ], [ 37.6486086, 55.6615284 ], [ 37.6482527, 55.6622084 ], [ 37.6487624, 55.6627218 ], [ 37.6493305, 55.6632026 ], [ 37.6509493, 55.6634535 ], [ 37.652449, 55.6649896 ], [ 37.6553078, 55.6654572 ], [ 37.6547686, 55.6665678 ], [ 37.658304, 55.6671928 ] ] ] } },
{ "type": "Feature", "properties": { "name": "Братиславский парк", "area_ha": 5.4 }, "geometry": { "type": "Polygon", "coordinates": [ [ [ 37.7543688, 55.6543991 ], [ 37.7532607, 55.6539828 ], [ 37.7531966, 55.6538637 ], [ 37.7539909, 55.6532477 ], [ 37.7538517, 55.653193 ], [ 37.7510138, 55.6521434 ], [ 37.7506544, 55.6525985 ], [ 37.7504417, 55.6530578 ], [ 37.7503537, 55.6535475 ], [ 37.750685, 55.6540318 ], [ 37.7510765, 55.654551 ], [ 37.7516134, 55.6550206 ], [ 37.7522018, 55.6552539 ], [ 37.7529452, 55.6555351 ], [ 37.7543688, 55.6543991 ] ] ] } },
{ "type": "Feature", "properties": { "name": "Дюссельдорфский парк", "area_ha": 10.9 }, "geometry": { "type": "Polygon", "coordinates": [ [ [ 37.7683088, 55.6599454 ], [ 37.7682957, 55.6599558 ], [ 37.7666453, 55.6613228 ], [ 37.7666352, 55.6613342 ], [ 37.7665765, 55.6613913 ], [ 37.7664443, 55.6615068 ], [ 37.7663923, 55.6615501 ], [ 37.7663791, 55.6615609 ], [ 37.7662487, 55.6616734 ], [ 37.7681945, 55.6624145 ], [ 37.7687274, 55.6626186 ], [ 37.7697536, 55.6630099 ], [ 37.7712333, 55.6635688 ], [ 37.7713771, 55.663451 ], [ 37.7716236, 55.6632538 ], [ 37.7716412, 55.6632412 ], [ 37.7716831, 55.6631996 ], [ 37.7716964, 55.6631897 ], [ 37.7721025, 55.6628474 ], [ 37.7723961, 55.6626 ], [ 37.7727455, 55.6623063 ], [ 37.7728234, 55.6621658 ], [ 37.7727946, 55.6620622 ], [ 37.7727015, 55.6619264 ], [ 37.7724782, 55.6616004 ], [ 37.7722614, 55.6613069 ], [ 37.7719536, 55.6609025 ], [ 37.7717493, 55.6606826 ], [ 37.7714487, 55.6603877 ], [ 37.7713757, 55.6603566 ], [ 37.771245, 55.6602524 ], [ 37.771077, 55.6601186 ], [ 37.7705829, 55.6597854 ], [ 37.7698925, 55.6593845 ], [ 37.7695049, 55.6592018 ], [ 37.7693699, 55.6591998 ], [ 37.7691955, 55.6592422 ], [ 37.7686542, 55.6596715 ], [ 37.7683393, 55.6599212 ], [ 37.7683088, 55.6599454 ] ] ] } },
{ "type": "Feature", "properties": { "name": "Парк Артёма Боровика", "area_ha": 9.9 }, "geometry": { "type": "Polygon", "coordinates": [ [ [ 37.753898, 55.6626444 ], [ 37.754118, 55.6627595 ], [ 37.754237, 55.6627531 ], [ 37.7544619, 55.6628514 ], [ 37.7547065, 55.6629671 ], [ 37.7549055, 55.6630125 ], [ 37.7553282, 55.6631077 ], [ 37.7556013, 55.6631447 ], [ 37.7558206, 55.6631598 ], [ 37.7560992, 55.6631549 ], [ 37.7562181, 55.6631715 ], [ 37.756523, 55.663151 ], [ 37.7565932, 55.6631163 ], [ 37.7566329, 55.6631042 ], [ 37.7566785, 55.6630997 ], [ 37.7567944, 55.6631222 ], [ 37.7570483, 55.663079 ], [ 37.7573038, 55.6630049 ], [ 37.7575848, 55.6629146 ], [ 37.7577947, 55.6628329 ], [ 37.7580138, 55.6627169 ], [ 37.7582268, 55.6625854 ], [ 37.75847, 55.6624135 ], [ 37.7585963, 55.6622749 ], [ 37.758747, 55.6620909 ], [ 37.7588395, 55.6618946 ], [ 37.7588877, 55.6617558 ], [ 37.7589125, 55.6616247 ], [ 37.7588499, 55.6616241 ], [ 37.7588579, 55.6613549 ], [ 37.7587417, 55.6610616 ], [ 37.7586215, 55.6608796 ], [ 37.7584521, 55.66073 ], [ 37.7583077, 55.6606174 ], [ 37.7581573, 55.660499 ], [ 37.7579427, 55.6603694 ], [ 37.757713, 55.6602625 ], [ 37.7573455, 55.6601489 ], [ 37.7565883, 55.660051 ], [ 37.7561731, 55.6600046 ], [ 37.755888, 55.6600046 ], [ 37.7557888, 55.6599886 ], [ 37.7556128, 55.6599923 ], [ 37.7552538, 55.6600363 ], [ 37.7549692, 55.6601115 ], [ 37.7549199, 55.660137 ], [ 37.7547315, 55.6601809 ], [ 37.7545936, 55.6602248 ], [ 37.754268, 55.6603723 ], [ 37.7542236, 55.6603753 ], [ 37.7540685, 55.6604463 ], [ 37.7539397, 55.6605334 ], [ 37.7537082, 55.6606936 ], [ 37.7536156, 55.6607671 ], [ 37.7534206, 55.6610592 ], [ 37.753342, 55.661226 ], [ 37.7532732, 55.6614195 ], [ 37.7532473, 55.661449 ], [ 37.753225, 55.6617079 ], [ 37.7532401, 55.6617783 ], [ 37.7532544, 55.6618336 ], [ 37.7533065, 55.661969 ], [ 37.7533721, 55.6621133 ], [ 37.7534759, 55.6622576 ], [ 37.7535798, 55.6623806 ], [ 37.7537219, 55.6625211 ], [ 37.753898, 55.6626444 ] ] ] } },
{ "type": "Feature", "properties": { "name": "парк Кузьминки-Люблино", "area_ha": 867.9 }, "geometry": { "type": "Polygon", "coordinates": [ [ [ 37.8025289, 55.6804869 ], [ 37.802369, 55.6805261 ], [ 37.8020752, 55.6806069 ], [ 37.7986093, 55.6815183 ], [ 37.7940603, 55.6827145 ], [ 37.793445, 55.6828777 ], [ 37.7925025, 55.6830621 ], [ 37.7898197, 55.6815492 ], [ 37.7896584, 55.6816095 ], [ 37.7892333, 55.6814457 ], [ 37.7775181, 55.6879058 ], [ 37.7762197, 55.6886738 ], [ 37.7742428, 55.6898086 ], [ 37.7727665, 55.6892859 ], [ 37.7725517, 55.6894254 ], [ 37.7724833, 55.6894698 ], [ 37.7720743, 55.6897648 ], [ 37.7672715, 55.6907422 ], [ 37.7669901, 55.6900503 ], [ 37.7659093, 55.6890906 ], [ 37.7659543, 55.6886923 ], [ 37.7666196, 55.6876348 ], [ 37.7669859, 55.687552 ], [ 37.7668266, 55.6874731 ], [ 37.7667311, 55.6874424 ], [ 37.7666627, 55.6874151 ], [ 37.7666052, 55.6873889 ], [ 37.766574, 55.6873747 ], [ 37.7664763, 55.6873245 ], [ 37.7663648, 55.6872593 ], [ 37.7662655, 55.6871976 ], [ 37.7661813, 55.6871397 ], [ 37.766106, 55.6870841 ], [ 37.7660434, 55.6870322 ], [ 37.7659911, 55.6869813 ], [ 37.7659555, 55.6869354 ], [ 37.7659235, 55.686883 ], [ 37.7659013, 55.6868322 ], [ 37.7658835, 55.6867774 ], [ 37.76587, 55.6867184 ], [ 37.7658567, 55.6866289 ], [ 37.7658061, 55.6861989 ], [ 37.7657892, 55.686104 ], [ 37.7657637, 55.6860057 ], [ 37.7657115, 55.6858479 ], [ 37.765647, 55.6856743 ], [ 37.7646203, 55.6831838 ], [ 37.7644791, 55.6828668 ], [ 37.7636933, 55.682884 ], [ 37.7639301, 55.6837298 ], [ 37.7639433, 55.6837768 ], [ 37.763867, 55.6839476 ], [ 37.7637169, 55.6842836 ], [ 37.76354, 55.6846796 ], [ 37.7633025, 55.6852113 ], [ 37.7632444, 55.6852072 ], [ 37.7631769, 55.6854018 ], [ 37.7629335, 55.685611 ], [ 37.7627663, 55.6856346 ], [ 37.7624699, 55.6855232 ], [ 37.7618809, 55.685521 ], [ 37.759279, 55.6860715 ], [ 37.7589548, 55.686114 ], [ 37.7585745, 55.6861639 ], [ 37.7539838, 55.6871615 ], [ 37.7540747, 55.687303 ], [ 37.7534657, 55.6874277 ], [ 37.7539253, 55.6880268 ], [ 37.7540085, 55.6880155 ], [ 37.7541734, 55.6879178 ], [ 37.7542189, 55.6879544 ], [ 37.7541936, 55.6881081 ], [ 37.7542017, 55.6882081 ], [ 37.7542525, 55.6883844 ], [ 37.7542945, 55.6884615 ], [ 37.7543193, 55.6884929 ], [ 37.7543441, 55.6885242 ], [ 37.7545104, 55.6886965 ], [ 37.7548011, 55.6890117 ], [ 37.7546858, 55.6890433 ], [ 37.7551198, 55.6895889 ], [ 37.7552342, 55.6897328 ], [ 37.7556345, 55.6899437 ], [ 37.7560661, 55.6898557 ], [ 37.7567303, 55.690645 ], [ 37.7572934, 55.6905899 ], [ 37.758241, 55.6902967 ], [ 37.7591413, 55.6901951 ], [ 37.7591156, 55.6904032 ], [ 37.7601018, 55.6904913 ], [ 37.7605412, 55.690974 ], [ 37.7603867, 55.6914723 ], [ 37.7593491, 55.6927347 ], [ 37.7589, 55.693281 ], [ 37.7600973, 55.6938343 ], [ 37.7616452, 55.6937878 ], [ 37.7621724, 55.6948271 ], [ 37.7624828, 55.6947869 ], [ 37.7631605, 55.6946992 ], [ 37.7634674, 55.6954635 ], [ 37.7638188, 55.6963006 ], [ 37.7638274, 55.6963211 ], [ 37.7640254, 55.6962957 ], [ 37.7640809, 55.696432 ], [ 37.7636328, 55.6964915 ], [ 37.7634326, 55.6965181 ], [ 37.7638697, 55.6975116 ], [ 37.7643242, 55.6974496 ], [ 37.7646848, 55.6980375 ], [ 37.7645658, 55.698125 ], [ 37.7646937, 55.6983696 ], [ 37.7650405, 55.6984748 ], [ 37.7653655, 55.6985733 ], [ 37.7655519, 55.6985852 ], [ 37.7661747, 55.6985032 ], [ 37.7716475, 55.6977824 ], [ 37.7717494, 55.6977703 ], [ 37.7713132, 55.6965677 ], [ 37.7729514, 55.6963625 ], [ 37.7737976, 55.6972734 ], [ 37.7736573, 55.6972951 ], [ 37.7737543, 55.6975351 ], [ 37.7737629, 55.6975548 ], [ 37.774097, 55.6975114 ], [ 37.77491, 55.6974064 ], [ 37.7758335, 55.6972879 ], [ 37.7761767, 55.6972419 ], [ 37.7767201, 55.6972349 ], [ 37.7768351, 55.6972584 ], [ 37.7768766, 55.6972655 ], [ 37.7772461, 55.6973255 ], [ 37.7776548, 55.6972768 ], [ 37.7781257, 55.6972243 ], [ 37.778908, 55.6971928 ], [ 37.7792175, 55.6971717 ], [ 37.7795538, 55.697143 ], [ 37.7801538, 55.697025 ], [ 37.780208, 55.6968472 ], [ 37.7803625, 55.6967794 ], [ 37.7808095, 55.696695 ], [ 37.7808404, 55.6966901 ], [ 37.7819902, 55.6965065 ], [ 37.7838559, 55.6962038 ], [ 37.7842507, 55.6962763 ], [ 37.7843791, 55.6964518 ], [ 37.7844047, 55.6964868 ], [ 37.7846127, 55.6966929 ], [ 37.7848059, 55.6966959 ], [ 37.7848839, 55.6966984 ], [ 37.784984, 55.696701 ], [ 37.78507, 55.6969282 ], [ 37.7863641, 55.6967663 ], [ 37.7864787, 55.6972235 ], [ 37.7864832, 55.6972408 ], [ 37.7883269, 55.6970251 ], [ 37.7883891, 55.6970178 ], [ 37.7883176, 55.6968433 ], [ 37.7897304, 55.6966264 ], [ 37.7907601, 55.696506 ], [ 37.7917501, 55.6966427 ], [ 37.7902571, 55.6916634 ], [ 37.7978825, 55.6907988 ], [ 37.8013505, 55.6903486 ], [ 37.8037311, 55.6900803 ], [ 37.8059938, 55.6892258 ], [ 37.8068811, 55.6891499 ], [ 37.8069469, 55.689135 ], [ 37.8071461, 55.6890902 ], [ 37.8071493, 55.6890895 ], [ 37.8079187, 55.6889164 ], [ 37.8081323, 55.6888684 ], [ 37.8088315, 55.6888934 ], [ 37.8091443, 55.6888566 ], [ 37.809204, 55.688997 ], [ 37.8092852, 55.6891918 ], [ 37.8094526, 55.6891661 ], [ 37.8096672, 55.6887669 ], [ 37.810554, 55.6886256 ], [ 37.8105963, 55.6884042 ], [ 37.8109898, 55.6883708 ], [ 37.8120264, 55.6883818 ], [ 37.8128498, 55.6883906 ], [ 37.8137511, 55.6882575 ], [ 37.8139978, 55.6882696 ], [ 37.8152102, 55.6895941 ], [ 37.8154826, 55.6897162 ], [ 37.8160774, 55.6902928 ], [ 37.8161114, 55.6903258 ], [ 37.815811, 55.6906645 ], [ 37.8139332, 55.6915089 ], [ 37.8140207, 55.6915688 ], [ 37.815584, 55.6926386 ], [ 37.8158842, 55.6925262 ], [ 37.8183773, 55.6915923 ], [ 37.824618, 55.6890806 ], [ 37.8255139, 55.6885437 ], [ 37.8300566, 55.6845684 ], [ 37.8301031, 55.6845277 ], [ 37.8301604, 55.6844834 ], [ 37.8309937, 55.6838396 ], [ 37.8312752, 55.6834696 ], [ 37.8314076, 55.6831426 ], [ 37.8315302, 55.6828399 ], [ 37.8325574, 55.6803031 ], [ 37.8326011, 55.6801857 ], [ 37.8360119, 55.6710788 ], [ 37.8363481, 55.6699457 ], [ 37.8365809, 55.6693428 ], [ 37.8367905, 55.6687689 ], [ 37.8363509, 55.6687197 ], [ 37.836721, 55.6677197 ], [ 37.8371606, 55.6677689 ], [ 37.8384454, 55.6643499 ], [ 37.8390033, 55.6621471 ], [ 37.8390891, 55.6602347 ], [ 37.8390698, 55.6597662 ], [ 37.8390115, 55.6593577 ], [ 37.8389767, 55.6591898 ], [ 37.8388426, 55.6590975 ], [ 37.8388052, 55.6588283 ], [ 37.8387875, 55.658489 ], [ 37.8384724, 55.6582698 ], [ 37.8370835, 55.6580677 ], [ 37.836519, 55.6578533 ], [ 37.8360436, 55.6573809 ], [ 37.834357, 55.6572787 ], [ 37.8343183, 55.6572757 ], [ 37.8342852, 55.6571523 ], [ 37.8331498, 55.6571438 ], [ 37.8290695, 55.6572182 ], [ 37.8286864, 55.6573133 ], [ 37.8271556, 55.6573133 ], [ 37.8268768, 55.6572813 ], [ 37.8247915, 55.6573138 ], [ 37.8248165, 55.6574489 ], [ 37.8236791, 55.6574802 ], [ 37.8182838, 55.6575145 ], [ 37.8176593, 55.6576107 ], [ 37.8150773, 55.6581467 ], [ 37.813713, 55.6586541 ], [ 37.8126937, 55.6591656 ], [ 37.8118944, 55.6598434 ], [ 37.8115725, 55.6604396 ], [ 37.8114062, 55.6607603 ], [ 37.8111112, 55.6611204 ], [ 37.8106991, 55.6611114 ], [ 37.810618, 55.6612738 ], [ 37.8101068, 55.662298 ], [ 37.8098664, 55.6627797 ], [ 37.8098605, 55.6627915 ], [ 37.8096906, 55.6631319 ], [ 37.809169, 55.6641771 ], [ 37.8088231, 55.6648701 ], [ 37.808351, 55.6658159 ], [ 37.8077431, 55.6670337 ], [ 37.8076583, 55.6673731 ], [ 37.8076656, 55.6681138 ], [ 37.8076748, 55.6690579 ], [ 37.8076878, 55.6703783 ], [ 37.8076884, 55.6704472 ], [ 37.8076937, 55.6709828 ], [ 37.8077069, 55.6723297 ], [ 37.8078734, 55.6726342 ], [ 37.8081324, 55.6726498 ], [ 37.8089623, 55.6726795 ], [ 37.8099831, 55.6727161 ], [ 37.811392, 55.6727665 ], [ 37.8134734, 55.672841 ], [ 37.8136614, 55.6726457 ], [ 37.8137283, 55.6726477 ], [ 37.8137838, 55.6726494 ], [ 37.8139051, 55.6728564 ], [ 37.8147791, 55.6728877 ], [ 37.8148881, 55.6728916 ], [ 37.8161118, 55.6729354 ], [ 37.8184938, 55.6727408 ], [ 37.8196783, 55.6725874 ], [ 37.8205553, 55.6723876 ], [ 37.8213408, 55.6721638 ], [ 37.8219756, 55.6719757 ], [ 37.8220858, 55.6720802 ], [ 37.8219981, 55.6721578 ], [ 37.8232249, 55.6734069 ], [ 37.8246033, 55.6761131 ], [ 37.8243758, 55.6764798 ], [ 37.8243114, 55.6767373 ], [ 37.8245452, 55.6768638 ], [ 37.8250372, 55.6767683 ], [ 37.8275029, 55.6753769 ], [ 37.8292469, 55.6757989 ], [ 37.8302546, 55.6761728 ], [ 37.830383, 55.6772759 ], [ 37.8267167, 55.6792656 ], [ 37.827101, 55.6794355 ], [ 37.8278634, 55.6797726 ], [ 37.8269785, 55.6804183 ], [ 37.824996, 55.6794772 ], [ 37.8235466, 55.678758 ], [ 37.8231846, 55.6789235 ], [ 37.8225312, 55.6785491 ], [ 37.8219936, 55.678241 ], [ 37.8214883, 55.6784922 ], [ 37.8208431, 55.678813 ], [ 37.820684, 55.6788921 ], [ 37.8205117, 55.6789849 ], [ 37.8205943, 55.6790336 ], [ 37.8204399, 55.6791168 ], [ 37.8194584, 55.6796423 ], [ 37.8194129, 55.6796666 ], [ 37.8180946, 55.6803695 ], [ 37.8169742, 55.6798339 ], [ 37.8121812, 55.6771286 ], [ 37.8100267, 55.6759049 ], [ 37.8098178, 55.6757765 ], [ 37.8079326, 55.6746361 ], [ 37.8068875, 55.6753425 ], [ 37.8062858, 55.6757491 ], [ 37.8055758, 55.676229 ], [ 37.8056734, 55.6767499 ], [ 37.8054127, 55.6769937 ], [ 37.8049432, 55.6771688 ], [ 37.8048548, 55.6772018 ], [ 37.8044943, 55.6774196 ], [ 37.8044351, 55.6777172 ], [ 37.8044122, 55.6778323 ], [ 37.8043913, 55.6779374 ], [ 37.8048619, 55.6791187 ], [ 37.8049909, 55.6794425 ], [ 37.8050126, 55.6794969 ], [ 37.8053178, 55.6802812 ], [ 37.8025289, 55.6804869 ] ] ] } },
{ "type": "Feature", "properties": { "name": "Парк \"Печатники\"", "area_ha": 18.2 }, "geometry": { "type": "Polygon", "coordinates": [ [ [ 37.7172469, 55.684437 ], [ 37.7172489, 55.6839564 ], [ 37.7172509, 55.6828626 ], [ 37.7172559, 55.6828226 ], [ 37.7172411, 55.6826001 ], [ 37.7172311, 55.6824697 ], [ 37.7171598, 55.6822775 ], [ 37.7170067, 55.6820202 ], [ 37.7169891, 55.6819962 ], [ 37.7167519, 55.6817001 ], [ 37.7166719, 55.6816314 ], [ 37.7166314, 55.6815797 ], [ 37.716503, 55.6813613 ], [ 37.7163869, 55.6812284 ], [ 37.7163522, 55.6811575 ], [ 37.7163279, 55.6810723 ], [ 37.7162844, 55.6809209 ], [ 37.7162723, 55.6806962 ], [ 37.7162795, 55.6804767 ], [ 37.7162903, 55.6800374 ], [ 37.7163087, 55.6797611 ], [ 37.7163094, 55.679751 ], [ 37.7163008, 55.6794544 ], [ 37.7163034, 55.6791004 ], [ 37.7163051, 55.6788676 ], [ 37.7163142, 55.6783391 ], [ 37.7163254, 55.6776949 ], [ 37.7163253, 55.6775879 ], [ 37.716325, 55.6772735 ], [ 37.7163301, 55.6769371 ], [ 37.7163498, 55.6766167 ], [ 37.7163512, 55.6765937 ], [ 37.7163758, 55.6762386 ], [ 37.7164726, 55.6759057 ], [ 37.7164647, 55.6758787 ], [ 37.7159966, 55.6758639 ], [ 37.7160892, 55.6756085 ], [ 37.7165291, 55.6756309 ], [ 37.7165772, 55.6755087 ], [ 37.7166146, 55.6754136 ], [ 37.7154141, 55.675315 ], [ 37.7153797, 55.6754844 ], [ 37.7146931, 55.6776623 ], [ 37.7142725, 55.6789447 ], [ 37.7141352, 55.6795497 ], [ 37.7141308, 55.6795758 ], [ 37.7140494, 55.6800578 ], [ 37.7139807, 55.6806337 ], [ 37.714047, 55.6813603 ], [ 37.7140577, 55.6818499 ], [ 37.7140698, 55.6823124 ], [ 37.7141181, 55.68276 ], [ 37.7142045, 55.6832128 ], [ 37.7141416, 55.6832677 ], [ 37.7143097, 55.6839915 ], [ 37.7143797, 55.6840422 ], [ 37.7144936, 55.6844394 ], [ 37.7146619, 55.6849755 ], [ 37.7147627, 55.6852671 ], [ 37.7149651, 55.6857752 ], [ 37.7150175, 55.6858797 ], [ 37.7151823, 55.6863371 ], [ 37.7156982, 55.6862681 ], [ 37.7160436, 55.6872791 ], [ 37.7162589, 55.6872573 ], [ 37.7163127, 55.6874286 ], [ 37.7163325, 55.6874917 ], [ 37.7164086, 55.6877339 ], [ 37.7164934, 55.6878084 ], [ 37.7170012, 55.6879109 ], [ 37.7170393, 55.6877358 ], [ 37.7172519, 55.6867469 ], [ 37.7172556, 55.6866232 ], [ 37.7172736, 55.686015 ], [ 37.717252, 55.6850776 ], [ 37.7172469, 55.684437 ] ] ] } },
{ "type": "Feature", "properties": { "name": "Люблинский ПКиО", "area_ha": 27.9 }, "geometry": { "type": "Polygon", "coordinates": [ [ [ 37.7475181, 55.6891074 ], [ 37.7486511, 55.6889622 ], [ 37.749724, 55.688851 ], [ 37.7499214, 55.6888171 ], [ 37.7509513, 55.6888026 ], [ 37.7512088, 55.6887542 ], [ 37.7531024, 55.6884064 ], [ 37.7532913, 55.6884064 ], [ 37.7536016, 55.6883294 ], [ 37.7533397, 55.6880241 ], [ 37.7529756, 55.6875061 ], [ 37.7519896, 55.6876328 ], [ 37.7517103, 55.6876687 ], [ 37.7506969, 55.6877557 ], [ 37.7505872, 55.6877641 ], [ 37.7498499, 55.6878151 ], [ 37.7498512, 55.6877621 ], [ 37.7498512, 55.687708 ], [ 37.7497005, 55.6874383 ], [ 37.7496477, 55.6870635 ], [ 37.749556, 55.6864129 ], [ 37.7461255, 55.6864986 ], [ 37.7462991, 55.6875386 ], [ 37.7455521, 55.6876026 ], [ 37.7452567, 55.6868114 ], [ 37.7450381, 55.686834 ], [ 37.7441425, 55.6869311 ], [ 37.7442594, 55.6874169 ], [ 37.7440409, 55.6874377 ], [ 37.744164, 55.6878073 ], [ 37.7434502, 55.6879029 ], [ 37.7433691, 55.6875469 ], [ 37.7431975, 55.6871296 ], [ 37.7436481, 55.6870691 ], [ 37.7439592, 55.6870267 ], [ 37.7440686, 55.6870057 ], [ 37.7438316, 55.6864384 ], [ 37.7447304, 55.6863117 ], [ 37.7446363, 55.6860094 ], [ 37.7443735, 55.6852609 ], [ 37.7439082, 55.6852682 ], [ 37.7433065, 55.685281 ], [ 37.7425137, 55.6853058 ], [ 37.7417616, 55.685281 ], [ 37.7405466, 55.6852326 ], [ 37.7404902, 55.6854625 ], [ 37.740548, 55.6855812 ], [ 37.7405932, 55.6855878 ], [ 37.740923, 55.6856357 ], [ 37.7412019, 55.6856659 ], [ 37.7413855, 55.685775 ], [ 37.7420722, 55.6860653 ], [ 37.7419541, 55.686156 ], [ 37.7418242, 55.6862223 ], [ 37.7417383, 55.6862707 ], [ 37.7418349, 55.6864038 ], [ 37.7419862, 55.6865154 ], [ 37.7419647, 55.6866424 ], [ 37.7419404, 55.6866751 ], [ 37.7418456, 55.686803 ], [ 37.7414283, 55.6867996 ], [ 37.7409873, 55.6867848 ], [ 37.740452, 55.6867392 ], [ 37.7401922, 55.6867916 ], [ 37.74014, 55.6867786 ], [ 37.7399642, 55.6866006 ], [ 37.7394531, 55.6865751 ], [ 37.7374306, 55.6864434 ], [ 37.7373153, 55.6871049 ], [ 37.7371897, 55.6876187 ], [ 37.736737, 55.6887726 ], [ 37.7365455, 55.6892567 ], [ 37.7378367, 55.6894184 ], [ 37.7378673, 55.6895712 ], [ 37.7378896, 55.6896528 ], [ 37.7380219, 55.6897806 ], [ 37.7382253, 55.6899552 ], [ 37.7383378, 55.6900405 ], [ 37.7381934, 55.6900937 ], [ 37.7378673, 55.6902098 ], [ 37.7373437, 55.6902388 ], [ 37.7360991, 55.690384 ], [ 37.7362197, 55.6905564 ], [ 37.7365587, 55.6904806 ], [ 37.7368742, 55.6904503 ], [ 37.737438, 55.6905621 ], [ 37.737673, 55.690564 ], [ 37.7379751, 55.6905147 ], [ 37.7382872, 55.6904085 ], [ 37.738596, 55.6902834 ], [ 37.739178, 55.6900268 ], [ 37.73967, 55.6898075 ], [ 37.7399755, 55.68969 ], [ 37.7401366, 55.6895592 ], [ 37.7404454, 55.6893734 ], [ 37.7406333, 55.689197 ], [ 37.740734, 55.689089 ], [ 37.740686, 55.6888364 ], [ 37.7404799, 55.6883455 ], [ 37.7402843, 55.6878755 ], [ 37.7405125, 55.687849 ], [ 37.7408078, 55.6882642 ], [ 37.7410596, 55.6885941 ], [ 37.7411468, 55.6886737 ], [ 37.7412811, 55.688833 ], [ 37.7413851, 55.6888652 ], [ 37.7418013, 55.6888804 ], [ 37.7420296, 55.6888994 ], [ 37.7431751, 55.6889622 ], [ 37.7437759, 55.6889477 ], [ 37.744205, 55.6889622 ], [ 37.7444454, 55.689059 ], [ 37.745029, 55.6892864 ], [ 37.7454067, 55.6893831 ], [ 37.74575, 55.689417 ], [ 37.7462809, 55.6893246 ], [ 37.7475181, 55.6891074 ] ] ] } },
{ "type": "Feature", "properties": { "name": "Парк имени Шкулёва", "area_ha": 23.6 }, "geometry": { "type": "Polygon", "coordinates": [ [ [ 37.7355783, 55.6919006 ], [ 37.735338, 55.6925585 ], [ 37.7364479, 55.6926543 ], [ 37.7407453, 55.6930181 ], [ 37.7443244, 55.6933277 ], [ 37.7444274, 55.6928246 ], [ 37.7442214, 55.6922005 ], [ 37.742625, 55.6920747 ], [ 37.7428653, 55.6908653 ], [ 37.74314, 55.6905121 ], [ 37.7462186, 55.6914725 ], [ 37.7473258, 55.6921062 ], [ 37.7483644, 55.6923626 ], [ 37.7485789, 55.6924884 ], [ 37.7505702, 55.6918353 ], [ 37.7521914, 55.6914741 ], [ 37.7541418, 55.6910721 ], [ 37.7540594, 55.6909627 ], [ 37.7548257, 55.6907856 ], [ 37.7545362, 55.6904263 ], [ 37.7542641, 55.6904998 ], [ 37.7542779, 55.6905163 ], [ 37.7540614, 55.6905724 ], [ 37.7540296, 55.6905357 ], [ 37.7539081, 55.6905673 ], [ 37.7537464, 55.690422 ], [ 37.753967, 55.6903034 ], [ 37.7544966, 55.6900991 ], [ 37.7544465, 55.6900433 ], [ 37.7545904, 55.6899838 ], [ 37.7545618, 55.6898796 ], [ 37.7546304, 55.6898572 ], [ 37.7541322, 55.6891357 ], [ 37.7538196, 55.688739 ], [ 37.7536092, 55.6887518 ], [ 37.7536775, 55.6889773 ], [ 37.7536293, 55.6890783 ], [ 37.7488914, 55.6899782 ], [ 37.7473465, 55.690254 ], [ 37.7469695, 55.6902339 ], [ 37.7468315, 55.6902298 ], [ 37.7460762, 55.6903991 ], [ 37.7458015, 55.6903266 ], [ 37.745647, 55.6902395 ], [ 37.7453895, 55.6902201 ], [ 37.742393, 55.690073 ], [ 37.7421758, 55.6900836 ], [ 37.7420916, 55.6900999 ], [ 37.7419344, 55.6901305 ], [ 37.7417667, 55.6901715 ], [ 37.7416966, 55.6901886 ], [ 37.7416285, 55.6902052 ], [ 37.7415602, 55.6902219 ], [ 37.7400219, 55.6910905 ], [ 37.7393814, 55.6913764 ], [ 37.7391239, 55.691536 ], [ 37.7388492, 55.6916183 ], [ 37.736137, 55.6918747 ], [ 37.7359481, 55.6918892 ], [ 37.7357797, 55.6918511 ], [ 37.7355783, 55.6919006 ] ] ] } },
{ "type": "Feature", "properties": { "name": "Парк двенадцати лучей", "area_ha": 42.0 }, "geometry": { "type": "Polygon", "coordinates": [ [ [ 37.7978825, 55.6907988 ], [ 37.7902571, 55.6916634 ], [ 37.7917501, 55.6966427 ], [ 37.794604, 55.6962694 ], [ 37.8014396, 55.6938696 ], [ 37.8016546, 55.6937965 ], [ 37.8052417, 55.6915554 ], [ 37.8060398, 55.6910567 ], [ 37.8064739, 55.6907453 ], [ 37.8063255, 55.6903839 ], [ 37.8060151, 55.6893 ], [ 37.8059938, 55.6892258 ], [ 37.8037311, 55.6900803 ], [ 37.8013505, 55.6903486 ], [ 37.7978825, 55.6907988 ] ] ] } },
{ "type": "Feature", "properties": { "name": "Парк Дружбы", "area_ha": 37.7 }, "geometry": { "type": "Polygon", "coordinates": [ [ [ 37.954189, 55.703157 ], [ 37.9554927, 55.7028465 ], [ 37.95564507927385, 55.702745507142843 ], [ 37.9546132, 55.702875 ], [ 37.9542086, 55.7027752 ], [ 37.9532962, 55.7020756 ], [ 37.9532141, 55.7017179 ], [ 37.9530546, 55.7016146 ], [ 37.9529031, 55.7013629 ], [ 37.9531583, 55.7012281 ], [ 37.9533496, 55.7006091 ], [ 37.9516989, 55.7006596 ], [ 37.9494124, 55.7000074 ], [ 37.9471254, 55.7002776 ], [ 37.9466318, 55.7000094 ], [ 37.9463598, 55.6995541 ], [ 37.945237, 55.6991227 ], [ 37.9455387, 55.6980898 ], [ 37.9448393, 55.697767 ], [ 37.9447161, 55.6971238 ], [ 37.9450608, 55.6968562 ], [ 37.9462308, 55.6966727 ], [ 37.9484764, 55.6951279 ], [ 37.9486602, 55.6950725 ], [ 37.9488587, 55.6950755 ], [ 37.9493201, 55.6951602 ], [ 37.9497773, 55.6952421 ], [ 37.9508767, 55.6961866 ], [ 37.950923078494249, 55.696170210437934 ], [ 37.9492726, 55.6944676 ], [ 37.9482998, 55.6944553 ], [ 37.9453278, 55.6967509 ], [ 37.9442118, 55.6970387 ], [ 37.9443202, 55.6972947 ], [ 37.9446128, 55.6979477 ], [ 37.9448526, 55.6984831 ], [ 37.9448646, 55.6985099 ], [ 37.9453536, 55.6996017 ], [ 37.9463711, 55.6999464 ], [ 37.9465632, 55.7004144 ], [ 37.946912, 55.7003575 ], [ 37.9481191, 55.7002443 ], [ 37.9486362, 55.7003085 ], [ 37.949098, 55.7004462 ], [ 37.9494292, 55.7005975 ], [ 37.9497401, 55.7007971 ], [ 37.9504775, 55.7016469 ], [ 37.9509597, 55.7021908 ], [ 37.9520378, 55.7034427 ], [ 37.954189, 55.703157 ] ] ] } },
{ "type": "Feature", "properties": { "name": "Парк \"Некрасовка\"", "area_ha": 5.2 }, "geometry": { "type": "Polygon", "coordinates": [ [ [ 37.9265159, 55.7055667 ], [ 37.9265776, 55.7065233 ], [ 37.9266281, 55.7069773 ], [ 37.9270416, 55.7069646 ], [ 37.9275195, 55.7069264 ], [ 37.9281548, 55.7068044 ], [ 37.9287529, 55.7066397 ], [ 37.9291633, 55.7064901 ], [ 37.9296032, 55.7062891 ], [ 37.9298553, 55.7061485 ], [ 37.930153, 55.7059475 ], [ 37.9303622, 55.7057586 ], [ 37.9305848, 55.7055183 ], [ 37.9307887, 55.7052599 ], [ 37.9308906, 55.7050423 ], [ 37.9309737, 55.7047597 ], [ 37.9310194, 55.7044937 ], [ 37.9290292, 55.7043682 ], [ 37.9289059, 55.7044287 ], [ 37.9284643, 55.7046454 ], [ 37.9283636, 55.7046985 ], [ 37.9275992, 55.7050951 ], [ 37.9266598, 55.7055824 ], [ 37.9265813, 55.7055343 ], [ 37.9265159, 55.7055667 ] ] ] } },
{ "type": "Feature", "properties": { "name": "Сквер имени героя СССР Федора Полетаева", "area_ha": 5.4 }, "geometry": { "type": "Polygon", "coordinates": [ [ [ 37.7798088, 55.7112916 ], [ 37.7800575, 55.71136 ], [ 37.7810685, 55.7116378 ], [ 37.7811012, 55.7116468 ], [ 37.7823077, 55.711402 ], [ 37.7830785, 55.7112456 ], [ 37.7833528, 55.7115245 ], [ 37.7834321, 55.7116052 ], [ 37.7835425, 55.7116358 ], [ 37.7841508, 55.7114604 ], [ 37.7844045, 55.7113832 ], [ 37.7843033, 55.7112016 ], [ 37.784116, 55.7108978 ], [ 37.783908, 55.7106603 ], [ 37.7838164, 55.7105087 ], [ 37.7829428, 55.7097371 ], [ 37.7826927, 55.7095139 ], [ 37.7825089, 55.7095258 ], [ 37.7824062, 55.7094444 ], [ 37.7822498, 55.7091328 ], [ 37.7821615, 55.709144 ], [ 37.7808181, 55.7093295 ], [ 37.7806921, 55.7094838 ], [ 37.7793247, 55.7111586 ], [ 37.7798088, 55.7112916 ] ] ] } },
{ "type": "Feature", "properties": { "name": "Волжский бульвар", "area_ha": 5.4 }, "geometry": { "type": "Polygon", "coordinates": [ [ [ 37.7455422, 55.7112582 ], [ 37.7454993, 55.7114033 ], [ 37.7451453, 55.7120198 ], [ 37.7446196, 55.7128237 ], [ 37.7438219, 55.7141063 ], [ 37.7434394, 55.7147214 ], [ 37.7438018, 55.7148 ], [ 37.7428545, 55.7163548 ], [ 37.7433726, 55.7164825 ], [ 37.7449004, 55.7141183 ], [ 37.7451837, 55.7140941 ], [ 37.7471234, 55.7106514 ], [ 37.7476643, 55.7105968 ], [ 37.7477612, 55.7104573 ], [ 37.7479792, 55.7105016 ], [ 37.7479348, 55.7105994 ], [ 37.7485974, 55.7107402 ], [ 37.748795, 55.7104256 ], [ 37.7477839, 55.7101588 ], [ 37.7476795, 55.7101183 ], [ 37.7474575, 55.7100452 ], [ 37.7472823, 55.710031 ], [ 37.7457902, 55.7100356 ], [ 37.7455422, 55.7112582 ] ] ] } },
{ "type": "Feature", "properties": { "name": "Парк у Святого озера", "area_ha": 9.8 }, "geometry": { "type": "Polygon", "coordinates": [ [ [ 37.8743028, 55.7179728 ], [ 37.8755939, 55.7169042 ], [ 37.8759473, 55.7165016 ], [ 37.876652, 55.7152085 ], [ 37.877105, 55.7130274 ], [ 37.872648, 55.7127333 ], [ 37.8743028, 55.7179728 ] ] ] } },
{ "type": "Feature", "properties": { "name": "Природно-исторический парк \"Косинский\"", "area_ha": 31.8 }, "geometry": { "type": "Polygon", "coordinates": [ [ [ 37.8871291, 55.721653 ], [ 37.8860808, 55.7223697 ], [ 37.8841562, 55.7233962 ], [ 37.8854775, 55.7241916 ], [ 37.8874435, 55.7237686 ], [ 37.8889029, 55.7237869 ], [ 37.8898505, 55.7237012 ], [ 37.8906332, 55.722309 ], [ 37.8907502, 55.7221585 ], [ 37.8904441, 55.7216806 ], [ 37.8902283, 55.7217084 ], [ 37.890172, 55.7214938 ], [ 37.8901532, 55.7211539 ], [ 37.8903249, 55.720953 ], [ 37.8910252, 55.7206354 ], [ 37.8918541, 55.7205745 ], [ 37.8917844, 55.7203121 ], [ 37.8918475, 55.7202662 ], [ 37.8932426, 55.7201583 ], [ 37.894662, 55.7201834 ], [ 37.8962804, 55.7200243 ], [ 37.8966525, 55.7200465 ], [ 37.8975588, 55.7198683 ], [ 37.8978587, 55.7198378 ], [ 37.8979818, 55.719726 ], [ 37.8984084, 55.7197139 ], [ 37.8986112, 55.7196923 ], [ 37.8988146, 55.7196708 ], [ 37.8991442, 55.7196303 ], [ 37.8990573, 55.7192824 ], [ 37.9001742, 55.719205 ], [ 37.8997421, 55.7179255 ], [ 37.8991252, 55.7177956 ], [ 37.8987014, 55.7175418 ], [ 37.8982723, 55.7173393 ], [ 37.8980416, 55.7171701 ], [ 37.8979021, 55.7171822 ], [ 37.8978914, 55.7172789 ], [ 37.8979397, 55.7175146 ], [ 37.8979319, 55.7175344 ], [ 37.8978173, 55.7178256 ], [ 37.8977289, 55.7179397 ], [ 37.8975287, 55.7180507 ], [ 37.897162, 55.7182027 ], [ 37.89678, 55.7183086 ], [ 37.8965868, 55.7183357 ], [ 37.8964875, 55.7183402 ], [ 37.8964097, 55.7183251 ], [ 37.8963132, 55.7182904 ], [ 37.8962032, 55.7182028 ], [ 37.895935, 55.7183327 ], [ 37.8956416, 55.7184053 ], [ 37.8941701, 55.7185622 ], [ 37.8933922, 55.7186287 ], [ 37.8930051, 55.7186497 ], [ 37.8921262, 55.7186483 ], [ 37.891127, 55.7185607 ], [ 37.8903704, 55.7184648 ], [ 37.889964, 55.7184217 ], [ 37.8896172, 55.7184097 ], [ 37.8892739, 55.7184197 ], [ 37.8889795, 55.7184543 ], [ 37.8877777, 55.7186925 ], [ 37.8872743, 55.7188006 ], [ 37.886829, 55.7188625 ], [ 37.8864485, 55.7188807 ], [ 37.8861116, 55.7188877 ], [ 37.8857358, 55.7188827 ], [ 37.885304, 55.7188488 ], [ 37.8846386, 55.7187252 ], [ 37.8842564, 55.7186335 ], [ 37.8838302, 55.7184782 ], [ 37.8833064, 55.718231 ], [ 37.882483, 55.7178304 ], [ 37.8819716, 55.717591 ], [ 37.8816322, 55.7174776 ], [ 37.8814106, 55.7174204 ], [ 37.8809982, 55.7173507 ], [ 37.880807, 55.7173168 ], [ 37.8800684, 55.7172416 ], [ 37.8795134, 55.7171912 ], [ 37.8792931, 55.7171672 ], [ 37.8790064, 55.7171008 ], [ 37.8786263, 55.7169371 ], [ 37.8784556, 55.7168225 ], [ 37.8783275, 55.7166851 ], [ 37.8782255, 55.7165219 ], [ 37.878186, 55.7162938 ], [ 37.8782092, 55.7158194 ], [ 37.8780805, 55.7159131 ], [ 37.8780269, 55.7165204 ], [ 37.8781082, 55.7165974 ], [ 37.8787376, 55.7173236 ], [ 37.8806403, 55.7176389 ], [ 37.8806075, 55.7182901 ], [ 37.8806284, 55.7186159 ], [ 37.8810045, 55.7190992 ], [ 37.8824863, 55.7190029 ], [ 37.8837105, 55.7192052 ], [ 37.8861232, 55.7195938 ], [ 37.8869204, 55.7202606 ], [ 37.8871291, 55.721653 ] ] ] } },
{ "type": "Feature", "properties": { "name": "Зона отдыха \"Озеро Белое\"", "area_ha": 38.3 }, "geometry": { "type": "Polygon", "coordinates": [ [ [ 37.8577196, 55.7212744 ], [ 37.8579333, 55.7210168 ], [ 37.8580496, 55.7208348 ], [ 37.85813, 55.720666 ], [ 37.8582054, 55.7201912 ], [ 37.8582644, 55.71982 ], [ 37.8578372, 55.7198412 ], [ 37.8578416, 55.7196501 ], [ 37.8578406, 55.7196431 ], [ 37.8578384, 55.7196269 ], [ 37.8578374, 55.7196194 ], [ 37.857916, 55.7195061 ], [ 37.8580563, 55.7193039 ], [ 37.8576415, 55.719425 ], [ 37.8572097, 55.7195485 ], [ 37.8567897, 55.7194492 ], [ 37.856311, 55.7189836 ], [ 37.8564342, 55.7189495 ], [ 37.8560944, 55.7184115 ], [ 37.8559147, 55.7184599 ], [ 37.8557833, 55.7183058 ], [ 37.8559577, 55.7182574 ], [ 37.8557694, 55.7180579 ], [ 37.8555836, 55.7181035 ], [ 37.8554408, 55.7179419 ], [ 37.8551593, 55.7174643 ], [ 37.8551142, 55.7173831 ], [ 37.8549747, 55.7170447 ], [ 37.8541687, 55.7171384 ], [ 37.8542036, 55.7173174 ], [ 37.8540272, 55.7172864 ], [ 37.8537835, 55.7172165 ], [ 37.8525123, 55.7169724 ], [ 37.8521544, 55.7169511 ], [ 37.8507886, 55.7169676 ], [ 37.8506255, 55.7170039 ], [ 37.8501388, 55.7170747 ], [ 37.849727, 55.7171625 ], [ 37.8494542, 55.7166685 ], [ 37.849389, 55.7166866 ], [ 37.8483404, 55.7169379 ], [ 37.848297, 55.7169476 ], [ 37.8482586, 55.7169576 ], [ 37.848013, 55.7170296 ], [ 37.8480506, 55.7173967 ], [ 37.8480345, 55.7176324 ], [ 37.8479243, 55.7178564 ], [ 37.8477877, 55.7180116 ], [ 37.8474632, 55.7182307 ], [ 37.8470654, 55.7185896 ], [ 37.8471851, 55.7189589 ], [ 37.8472121, 55.7190232 ], [ 37.8476281, 55.7189686 ], [ 37.848053, 55.7189129 ], [ 37.8480101, 55.7193042 ], [ 37.8480288, 55.7194643 ], [ 37.8480423, 55.7197211 ], [ 37.8485146, 55.7203699 ], [ 37.8486755, 55.7205935 ], [ 37.848982, 55.7209457 ], [ 37.8490886, 55.7211887 ], [ 37.8490678, 55.7215005 ], [ 37.8489504, 55.7217013 ], [ 37.8487756, 55.7219715 ], [ 37.8481617, 55.7219509 ], [ 37.8478039, 55.7218936 ], [ 37.8478039, 55.721509 ], [ 37.8478043, 55.7214162 ], [ 37.8477337, 55.7214242 ], [ 37.8470553, 55.7215008 ], [ 37.8454599, 55.7216827 ], [ 37.8457073, 55.7223171 ], [ 37.8457328, 55.7224665 ], [ 37.8458244, 55.7224773 ], [ 37.8463179, 55.7224289 ], [ 37.8473371, 55.7225588 ], [ 37.8476617, 55.722728 ], [ 37.8479782, 55.7227854 ], [ 37.8482705, 55.7228126 ], [ 37.8483, 55.7228685 ], [ 37.8482544, 55.7229425 ], [ 37.8485355, 55.7231223 ], [ 37.8480964, 55.7235527 ], [ 37.8484241, 55.7236291 ], [ 37.8486614, 55.7236234 ], [ 37.849021, 55.723726 ], [ 37.8497322, 55.7238079 ], [ 37.8500813, 55.7242623 ], [ 37.8501941, 55.7244777 ], [ 37.8503669, 55.7245133 ], [ 37.8520405, 55.7236737 ], [ 37.8537295, 55.7228272 ], [ 37.8536478, 55.7227752 ], [ 37.8538831, 55.722658 ], [ 37.8539721, 55.7227142 ], [ 37.8543408, 55.7225469 ], [ 37.8547157, 55.7223459 ], [ 37.8560843, 55.7215227 ], [ 37.8568246, 55.7212659 ], [ 37.8571673, 55.7211579 ], [ 37.8572129, 55.7211155 ], [ 37.8577196, 55.7212744 ] ] ] } },
{ "type": "Feature", "properties": { "name": "Парк у прудов «Радуга»", "area_ha": 31.3 }, "geometry": { "type": "Polygon", "coordinates": [ [ [ 37.8115702, 55.7325234 ], [ 37.8121868, 55.7331378 ], [ 37.8125623, 55.73302 ], [ 37.8129512, 55.7334081 ], [ 37.8144827, 55.732949 ], [ 37.8147939, 55.732866 ], [ 37.8152096, 55.7327603 ], [ 37.8154644, 55.7327119 ], [ 37.8157058, 55.7326863 ], [ 37.815907, 55.7326742 ], [ 37.8183183, 55.7325987 ], [ 37.819277, 55.7325685 ], [ 37.8202763, 55.732508 ], [ 37.8208557, 55.7324476 ], [ 37.8213331, 55.7323631 ], [ 37.8217006, 55.7322619 ], [ 37.8220734, 55.7321184 ], [ 37.8223577, 55.7319976 ], [ 37.8227574, 55.7317952 ], [ 37.8231275, 55.7315747 ], [ 37.8238624, 55.7311443 ], [ 37.8239992, 55.7310808 ], [ 37.824195, 55.7310295 ], [ 37.8244016, 55.7310038 ], [ 37.8246108, 55.7310174 ], [ 37.8248227, 55.7310597 ], [ 37.8250426, 55.7311231 ], [ 37.8252438, 55.7312062 ], [ 37.8254047, 55.7313149 ], [ 37.8259143, 55.7317016 ], [ 37.8263381, 55.7320051 ], [ 37.8265178, 55.7321033 ], [ 37.8267083, 55.7321758 ], [ 37.8269309, 55.7322362 ], [ 37.8271669, 55.7322573 ], [ 37.8274512, 55.7322619 ], [ 37.8291169, 55.7322211 ], [ 37.8291079, 55.7321632 ], [ 37.8283225, 55.7321716 ], [ 37.8283219, 55.7318799 ], [ 37.828299, 55.7314787 ], [ 37.8290718, 55.7314553 ], [ 37.8292537, 55.7314494 ], [ 37.8289747, 55.7291189 ], [ 37.8288621, 55.7281342 ], [ 37.8284866, 55.7269424 ], [ 37.8281754, 55.7262265 ], [ 37.8280393, 55.7259864 ], [ 37.8277047, 55.7260558 ], [ 37.8268548, 55.726273 ], [ 37.8266419, 55.7258554 ], [ 37.8266002, 55.7257564 ], [ 37.826559, 55.7257984 ], [ 37.826413, 55.7258535 ], [ 37.8262999, 55.7258895 ], [ 37.8257912, 55.7260528 ], [ 37.8256913, 55.7260849 ], [ 37.825705, 55.7261593 ], [ 37.8257633, 55.7264922 ], [ 37.8257227, 55.7282977 ], [ 37.8257635, 55.7284805 ], [ 37.8251057, 55.7285218 ], [ 37.8243038, 55.7291879 ], [ 37.8239054, 55.7296342 ], [ 37.8226448, 55.7300254 ], [ 37.8210455, 55.7301102 ], [ 37.8191373, 55.7301728 ], [ 37.8178813, 55.7304322 ], [ 37.8115111, 55.7324546 ], [ 37.8115702, 55.7325234 ] ] ] } },
{ "type": "Feature", "properties": { "name": "Лесопарк «Кусково»", "area_ha": 303.8 }, "geometry": { "type": "Polygon", "coordinates": [ [ [ 37.809367, 55.7420207 ], [ 37.8097355, 55.7420512 ], [ 37.8120473, 55.7424305 ], [ 37.8135266, 55.7425928 ], [ 37.8140114, 55.7425755 ], [ 37.8145314, 55.7424748 ], [ 37.8147412, 55.7424577 ], [ 37.8154401, 55.7407525 ], [ 37.8160526, 55.739866 ], [ 37.816062, 55.7397808 ], [ 37.816096, 55.7397014 ], [ 37.8162551, 55.7396191 ], [ 37.8164143, 55.7394939 ], [ 37.8164956, 55.739361 ], [ 37.8166409, 55.7389997 ], [ 37.8167255, 55.7384796 ], [ 37.8156878, 55.7375229 ], [ 37.8152874, 55.7371124 ], [ 37.814357, 55.7361142 ], [ 37.8139784, 55.7357176 ], [ 37.8120386, 55.733554 ], [ 37.8107807, 55.7322974 ], [ 37.8105624, 55.7321224 ], [ 37.8103576, 55.7319582 ], [ 37.8007673, 55.7253963 ], [ 37.8000912, 55.7250162 ], [ 37.7999221, 55.7249248 ], [ 37.7993119, 55.7252116 ], [ 37.7980138, 55.7254294 ], [ 37.7963178, 55.7256867 ], [ 37.7962473, 55.7256942 ], [ 37.7957747, 55.7257669 ], [ 37.795571, 55.7257941 ], [ 37.7952816, 55.7256637 ], [ 37.7951715, 55.7255727 ], [ 37.7950646, 55.7254845 ], [ 37.7947756, 55.7252458 ], [ 37.7944639, 55.725354 ], [ 37.7923192, 55.7260981 ], [ 37.7919481, 55.7260159 ], [ 37.7908413, 55.7256962 ], [ 37.7894175, 55.7261721 ], [ 37.7880947, 55.7265854 ], [ 37.7852763, 55.7275264 ], [ 37.7813932, 55.7288194 ], [ 37.778766, 55.7298106 ], [ 37.7777104, 55.730378 ], [ 37.7776835, 55.7303925 ], [ 37.7784552, 55.7305088 ], [ 37.7784102, 55.7305376 ], [ 37.7773405, 55.7309295 ], [ 37.7755931, 55.7315698 ], [ 37.7743915, 55.7323037 ], [ 37.7728437, 55.7332385 ], [ 37.7727789, 55.7335196 ], [ 37.7726021, 55.7342408 ], [ 37.7713918, 55.7343362 ], [ 37.7722998, 55.7346094 ], [ 37.7740588, 55.7349527 ], [ 37.7742255, 55.7347145 ], [ 37.7747567, 55.7339773 ], [ 37.77569, 55.7341663 ], [ 37.7756069, 55.7342901 ], [ 37.7752179, 55.7348897 ], [ 37.7750407, 55.7351742 ], [ 37.7761258, 55.7353742 ], [ 37.7769787, 55.7355464 ], [ 37.7774095, 55.7356222 ], [ 37.7783204, 55.7357935 ], [ 37.7786914, 55.7351796 ], [ 37.7791921, 55.7352608 ], [ 37.780393, 55.7354476 ], [ 37.7803188, 55.7357844 ], [ 37.7801892, 55.7361368 ], [ 37.7803784, 55.7362526 ], [ 37.7827315, 55.7367302 ], [ 37.7884148, 55.7378836 ], [ 37.7888747, 55.7379825 ], [ 37.7942983, 55.739085 ], [ 37.7945331, 55.7391322 ], [ 37.7947118, 55.7391684 ], [ 37.7947707, 55.7391788 ], [ 37.7972831, 55.7396777 ], [ 37.7973973, 55.7397004 ], [ 37.7988298, 55.7399849 ], [ 37.8001022, 55.7402376 ], [ 37.8016736, 55.7405478 ], [ 37.8025526, 55.7407214 ], [ 37.8026066, 55.7407321 ], [ 37.8026545, 55.7407416 ], [ 37.8031702, 55.7408441 ], [ 37.8032542, 55.7408608 ], [ 37.8033623, 55.7408823 ], [ 37.805082, 55.7412239 ], [ 37.8061438, 55.7414236 ], [ 37.8071457, 55.741612 ], [ 37.8081207, 55.7418036 ], [ 37.8081917, 55.7418164 ], [ 37.8086287, 55.7419045 ], [ 37.809367, 55.7420207 ] ] ] } },
{ "type": "Feature", "properties": { "name": "Музей-заповедник Кусково", "area_ha": 26.6 }, "geometry": { "type": "Polygon", "coordinates": [ [ [ 37.8043956, 55.7356116 ], [ 37.8040571, 55.735718 ], [ 37.8038725, 55.7357737 ], [ 37.8042513, 55.7360935 ], [ 37.8043161, 55.7361476 ], [ 37.8041498, 55.7361977 ], [ 37.8040208, 55.7362365 ], [ 37.803955, 55.7362563 ], [ 37.8081792, 55.7394981 ], [ 37.8083624, 55.7394949 ], [ 37.8108935, 55.7386769 ], [ 37.815304, 55.7372514 ], [ 37.8128531, 55.7347857 ], [ 37.812573, 55.7344829 ], [ 37.8121097, 55.7340097 ], [ 37.8116966, 55.7341177 ], [ 37.811329, 55.7337696 ], [ 37.8113229, 55.7337638 ], [ 37.8112737, 55.7337173 ], [ 37.8110486, 55.7335045 ], [ 37.8043956, 55.7356116 ] ] ] } },
{ "type": "Feature", "properties": { "name": "Жемчужина Новокосино", "area_ha": 12.0 }, "geometry": { "type": "Polygon", "coordinates": [ [ [ 37.8686146, 55.737659 ], [ 37.868996, 55.7377812 ], [ 37.8698345, 55.7379564 ], [ 37.8708241, 55.7381827 ], [ 37.8716178, 55.7383515 ], [ 37.8717533, 55.7383394 ], [ 37.8722735, 55.7384623 ], [ 37.873273, 55.7387614 ], [ 37.8742209, 55.7390921 ], [ 37.8746946, 55.7392817 ], [ 37.8753635, 55.7395731 ], [ 37.8756277, 55.7398018 ], [ 37.8765749, 55.7403911 ], [ 37.8766376, 55.7404187 ], [ 37.876723, 55.7404272 ], [ 37.8768016, 55.7404117 ], [ 37.8768378, 55.7403977 ], [ 37.8769551, 55.740502 ], [ 37.8768874, 55.7405603 ], [ 37.8768782, 55.7405867 ], [ 37.8768805, 55.7406107 ], [ 37.8769129, 55.7406536 ], [ 37.8781986, 55.7416047 ], [ 37.8781047, 55.7416122 ], [ 37.8784481, 55.7418123 ], [ 37.8788388, 55.7421001 ], [ 37.8788904, 55.7421256 ], [ 37.8789635, 55.7421276 ], [ 37.8790763, 55.7420981 ], [ 37.8791142, 55.7420752 ], [ 37.8788258, 55.7418159 ], [ 37.8798268, 55.7414327 ], [ 37.8780087, 55.7378695 ], [ 37.8731611, 55.7381569 ], [ 37.8684891, 55.7372895 ], [ 37.8678684, 55.7369733 ], [ 37.8665559, 55.7363455 ], [ 37.8658729, 55.735993 ], [ 37.8641834, 55.7348762 ], [ 37.864057, 55.7344937 ], [ 37.8638618, 55.734288 ], [ 37.8636241, 55.7341648 ], [ 37.8631728, 55.734309 ], [ 37.8637461, 55.7348927 ], [ 37.8644372, 55.7355104 ], [ 37.8654563, 55.7361585 ], [ 37.8663019, 55.7366291 ], [ 37.8673007, 55.7371416 ], [ 37.8675328, 55.7372639 ], [ 37.8686146, 55.737659 ] ] ] } },
{ "type": "Feature", "properties": { "name": "Перовский парк", "area_ha": 19.0 }, "geometry": { "type": "Polygon", "coordinates": [ [ [ 37.775579, 55.7450657 ], [ 37.7760811, 55.7449825 ], [ 37.7770623, 55.7448122 ], [ 37.7764154, 55.7435167 ], [ 37.7764, 55.7433799 ], [ 37.776432, 55.7433357 ], [ 37.7764932, 55.7432449 ], [ 37.7767229, 55.7430143 ], [ 37.7772551, 55.7424973 ], [ 37.7774261, 55.7422781 ], [ 37.7776396, 55.7419982 ], [ 37.7779444, 55.7417326 ], [ 37.7780081, 55.7415422 ], [ 37.7776731, 55.7408465 ], [ 37.7772063, 55.7398769 ], [ 37.7771387, 55.7397365 ], [ 37.7766773, 55.7387798 ], [ 37.7766506, 55.7387245 ], [ 37.7763491, 55.7385892 ], [ 37.7759829, 55.7385506 ], [ 37.7751229, 55.7385336 ], [ 37.7743509, 55.7385388 ], [ 37.7731083, 55.7386119 ], [ 37.7727264, 55.7386317 ], [ 37.7722838, 55.7386056 ], [ 37.7721704, 55.7389046 ], [ 37.7715894, 55.7388524 ], [ 37.771525, 55.7388466 ], [ 37.7716407, 55.7385116 ], [ 37.771106, 55.7384505 ], [ 37.7712658, 55.738999 ], [ 37.7716455, 55.7399018 ], [ 37.7718407, 55.7403659 ], [ 37.7721978, 55.7412152 ], [ 37.7725724, 55.7421061 ], [ 37.7728013, 55.7426503 ], [ 37.7728273, 55.7427125 ], [ 37.7741453, 55.7425079 ], [ 37.7742415, 55.742493 ], [ 37.774563, 55.7430039 ], [ 37.7740994, 55.7430888 ], [ 37.7743121, 55.7433633 ], [ 37.7748681, 55.7432814 ], [ 37.7751448, 55.7438261 ], [ 37.775118, 55.7438308 ], [ 37.7737282, 55.7440761 ], [ 37.7740111, 55.744667 ], [ 37.7740175, 55.7446803 ], [ 37.775579, 55.7450657 ] ] ] } },
{ "type": "Feature", "properties": { "name": "Парк Жужа", "area_ha": 17.0 }, "geometry": { "type": "Polygon", "coordinates": [ [ [ 37.6416045, 55.6677916 ], [ 37.6418939, 55.6682666 ], [ 37.6419348, 55.6683337 ], [ 37.6486584, 55.6723131 ], [ 37.649208, 55.6731306 ], [ 37.6489769, 55.6738327 ], [ 37.6494035, 55.6738193 ], [ 37.649482, 55.6740771 ], [ 37.6498684, 55.6739812 ], [ 37.6499819, 55.673953 ], [ 37.6504647, 55.6742108 ], [ 37.6505107, 55.6744133 ], [ 37.6520704, 55.6751942 ], [ 37.65224, 55.6750925 ], [ 37.6522956, 55.6750551 ], [ 37.6524074, 55.6751179 ], [ 37.653056, 55.6754522 ], [ 37.6532388, 55.6755876 ], [ 37.6533617, 55.6757607 ], [ 37.6536807, 55.6759646 ], [ 37.6540804, 55.675763 ], [ 37.6535925, 55.6754883 ], [ 37.6533562, 55.6753018 ], [ 37.6534365, 55.6752419 ], [ 37.6540292, 55.6750127 ], [ 37.6542489, 55.6751469 ], [ 37.6541943, 55.6751777 ], [ 37.6546768, 55.6754758 ], [ 37.6546953, 55.6751307 ], [ 37.6537317, 55.6745641 ], [ 37.6525087, 55.6737171 ], [ 37.6514572, 55.6727733 ], [ 37.6484666, 55.6704152 ], [ 37.647592, 55.6705422 ], [ 37.6458602, 55.6677341 ], [ 37.645389, 55.6676296 ], [ 37.6432426, 55.6672611 ], [ 37.6431625, 55.6673737 ], [ 37.6433143, 55.6674016 ], [ 37.6433416, 55.6674872 ], [ 37.6432238, 55.6676785 ], [ 37.642597, 55.6675671 ], [ 37.6427917, 55.6672174 ], [ 37.6410754, 55.6669232 ], [ 37.6416045, 55.6677916 ] ] ] } },
{ "type": "Feature", "properties": { "name": "Южный ландшафтный парк", "area_ha": 16.1 }, "geometry": { "type": "Polygon", "coordinates": [ [ [ 37.6775479, 55.691225 ], [ 37.6771188, 55.6910482 ], [ 37.6745251, 55.6902196 ], [ 37.6729641, 55.6896921 ], [ 37.6713191, 55.689154 ], [ 37.6711535, 55.6891878 ], [ 37.6702396, 55.6900389 ], [ 37.6706064, 55.6901305 ], [ 37.671057, 55.6902726 ], [ 37.670652, 55.6907957 ], [ 37.6696384, 55.6912024 ], [ 37.6697598, 55.6922993 ], [ 37.6697577, 55.6923579 ], [ 37.6709719, 55.6923688 ], [ 37.6721099, 55.6925768 ], [ 37.6774217, 55.6935685 ], [ 37.6777449, 55.6929979 ], [ 37.6790043, 55.693128 ], [ 37.679126, 55.693075 ], [ 37.6792184, 55.69295 ], [ 37.6793729, 55.6928313 ], [ 37.6790433, 55.6923895 ], [ 37.6782982, 55.6916985 ], [ 37.6781854, 55.6916093 ], [ 37.6775479, 55.691225 ] ] ] } },
{ "type": "Feature", "properties": { "name": "Парк «Тюфелева роща»", "area_ha": 9.1 }, "geometry": { "type": "Polygon", "coordinates": [ [ [ 37.6438207, 55.6985293 ], [ 37.643916, 55.6985027 ], [ 37.64421, 55.6984205 ], [ 37.6441311, 55.6983041 ], [ 37.6440479, 55.6981814 ], [ 37.6439581, 55.6980487 ], [ 37.6439159, 55.6979866 ], [ 37.6437997, 55.6978149 ], [ 37.6437282, 55.6977095 ], [ 37.6436295, 55.6975638 ], [ 37.6435945, 55.6975121 ], [ 37.6434305, 55.6972701 ], [ 37.6433645, 55.6971727 ], [ 37.6431399, 55.6968412 ], [ 37.6431038, 55.696788 ], [ 37.6425392, 55.6959548 ], [ 37.6424777, 55.6958641 ], [ 37.6422433, 55.6955181 ], [ 37.6421638, 55.6954434 ], [ 37.6421374, 55.6954186 ], [ 37.6420569, 55.6953688 ], [ 37.6412791, 55.6949394 ], [ 37.6402074, 55.6944257 ], [ 37.6401104, 55.6943855 ], [ 37.6400187, 55.6943523 ], [ 37.6399177, 55.6943205 ], [ 37.639595, 55.6942121 ], [ 37.639486, 55.6941715 ], [ 37.6386974, 55.6938782 ], [ 37.6383054, 55.6937616 ], [ 37.6382239, 55.6938625 ], [ 37.6383223, 55.6940118 ], [ 37.6383425, 55.6940424 ], [ 37.6385305, 55.6943276 ], [ 37.6384847, 55.6943377 ], [ 37.6388988, 55.6949362 ], [ 37.6389764, 55.6949529 ], [ 37.639037, 55.6950445 ], [ 37.6399114, 55.6963664 ], [ 37.6399426, 55.6964136 ], [ 37.6401972, 55.6967984 ], [ 37.6402352, 55.6968559 ], [ 37.6403856, 55.6970832 ], [ 37.6404116, 55.6971225 ], [ 37.6405773, 55.697373 ], [ 37.6406278, 55.6974493 ], [ 37.640832, 55.6977581 ], [ 37.6408826, 55.6978345 ], [ 37.6410862, 55.6981423 ], [ 37.6411097, 55.6981778 ], [ 37.6411955, 55.6983074 ], [ 37.6412258, 55.6983534 ], [ 37.6413956, 55.6986101 ], [ 37.6414177, 55.6986434 ], [ 37.6416905, 55.6990557 ], [ 37.6417968, 55.6990364 ], [ 37.6418533, 55.699135 ], [ 37.6418891, 55.6991975 ], [ 37.6427234, 55.6990091 ], [ 37.6427942, 55.6989931 ], [ 37.6437705, 55.6987724 ], [ 37.6438186, 55.6987615 ], [ 37.643967, 55.6987279 ], [ 37.6438207, 55.6985293 ] ] ] } },
{ "type": "Feature", "properties": { "name": "Народный парк \"Кожухово\"", "area_ha": 5.0 }, "geometry": { "type": "Polygon", "coordinates": [ [ [ 37.6636975, 55.6966431 ], [ 37.663569, 55.6966001 ], [ 37.6635206, 55.69666 ], [ 37.6633695, 55.696824 ], [ 37.663185, 55.6970059 ], [ 37.6630229, 55.6971528 ], [ 37.6627467, 55.6974076 ], [ 37.6624582, 55.6976216 ], [ 37.6621575, 55.6978268 ], [ 37.662122, 55.697851 ], [ 37.6618168, 55.6980453 ], [ 37.6615954, 55.6981714 ], [ 37.6597528, 55.6991481 ], [ 37.6601523, 55.6993254 ], [ 37.6601997, 55.6991015 ], [ 37.6603882, 55.6991368 ], [ 37.6603194, 55.6996935 ], [ 37.6604616, 55.6998304 ], [ 37.6610359, 55.7002392 ], [ 37.6615605, 55.7006286 ], [ 37.6622243, 55.700967 ], [ 37.6639658, 55.7016529 ], [ 37.6651101, 55.7019801 ], [ 37.6663406, 55.7022327 ], [ 37.6665534, 55.702228 ], [ 37.6662345, 55.7015896 ], [ 37.6661328, 55.7016386 ], [ 37.6660186, 55.7016538 ], [ 37.6658576, 55.7016425 ], [ 37.6650785, 55.701486 ], [ 37.6642604, 55.7012631 ], [ 37.6632371, 55.7008792 ], [ 37.6627396, 55.7006434 ], [ 37.6622769, 55.7003857 ], [ 37.6616267, 55.6999458 ], [ 37.6613692, 55.6997813 ], [ 37.6613263, 55.6995975 ], [ 37.6614007, 55.6994647 ], [ 37.6614293, 55.6994137 ], [ 37.6614778, 55.6993953 ], [ 37.6616614, 55.6992679 ], [ 37.6618928, 55.6992178 ], [ 37.6621353, 55.6992149 ], [ 37.6621329, 55.6992188 ], [ 37.6622533, 55.6991719 ], [ 37.6624229, 55.6990257 ], [ 37.6623597, 55.6989472 ], [ 37.6622573, 55.6988885 ], [ 37.6619186, 55.6987172 ], [ 37.6616525, 55.6985914 ], [ 37.6616696, 55.6984463 ], [ 37.6617887, 55.6983489 ], [ 37.66197, 55.6982335 ], [ 37.6622662, 55.6980693 ], [ 37.6623493, 55.6980738 ], [ 37.6624512, 55.6981766 ], [ 37.6626497, 55.6983595 ], [ 37.6627664, 55.6984713 ], [ 37.6628469, 55.6986104 ], [ 37.6630051, 55.6987638 ], [ 37.6633923, 55.698708 ], [ 37.6634904, 55.6986743 ], [ 37.663196, 55.6984195 ], [ 37.6632748, 55.6983799 ], [ 37.6638263, 55.6983498 ], [ 37.6637988, 55.6981077 ], [ 37.6636164, 55.69685 ], [ 37.6637878, 55.6966752 ], [ 37.6636975, 55.6966431 ] ] ] } },
{ "type": "Feature", "properties": { "name": "Лефортовский парк", "area_ha": 30.8 }, "geometry": { "type": "Polygon", "coordinates": [ [ [ 37.6919639, 55.7617078 ], [ 37.691927, 55.7617196 ], [ 37.6913841, 55.7613485 ], [ 37.6912022, 55.7613882 ], [ 37.6901676, 55.7617814 ], [ 37.6897493, 55.7614556 ], [ 37.6896433, 55.761515 ], [ 37.6891021, 55.7618183 ], [ 37.6893732, 55.7619998 ], [ 37.6894973, 55.7619865 ], [ 37.6896837, 55.7621504 ], [ 37.6888576, 55.7624172 ], [ 37.6883204, 55.7619087 ], [ 37.6879334, 55.7614934 ], [ 37.6877148, 55.7615768 ], [ 37.6877497, 55.7616176 ], [ 37.6877484, 55.7616651 ], [ 37.6877095, 55.7617013 ], [ 37.6876156, 55.7617413 ], [ 37.6874962, 55.7617858 ], [ 37.687405, 55.761807 ], [ 37.6872991, 55.7618085 ], [ 37.6872133, 55.7617896 ], [ 37.6871529, 55.7617557 ], [ 37.6870376, 55.7617926 ], [ 37.6870483, 55.7623729 ], [ 37.6867653, 55.7631184 ], [ 37.6866795, 55.7632097 ], [ 37.6865078, 55.7633696 ], [ 37.6863778, 55.7635364 ], [ 37.6863201, 55.7636707 ], [ 37.6863107, 55.7637997 ], [ 37.6863456, 55.7639091 ], [ 37.6883885, 55.7664889 ], [ 37.6890048, 55.7672744 ], [ 37.6894984, 55.7676728 ], [ 37.6923434, 55.7691647 ], [ 37.6925281, 55.7691361 ], [ 37.6925569, 55.7691201 ], [ 37.6929647, 55.7689056 ], [ 37.6924566, 55.7686271 ], [ 37.6937863, 55.76788 ], [ 37.6939038, 55.7679462 ], [ 37.6949564, 55.7673547 ], [ 37.6953719, 55.7675828 ], [ 37.6956927, 55.7674065 ], [ 37.6955055, 55.7672955 ], [ 37.6961582, 55.766927 ], [ 37.6962746, 55.7668549 ], [ 37.6963643, 55.7668004 ], [ 37.6962364, 55.7667392 ], [ 37.6946287, 55.7658744 ], [ 37.69415, 55.7656256 ], [ 37.6926071, 55.7654162 ], [ 37.6925671, 55.7649636 ], [ 37.6933769, 55.7648639 ], [ 37.6941757, 55.7647655 ], [ 37.6946525, 55.7645423 ], [ 37.6952797, 55.764414 ], [ 37.6958105, 55.7641335 ], [ 37.6958842, 55.7639254 ], [ 37.6956098, 55.7636945 ], [ 37.695103, 55.7637182 ], [ 37.6948388, 55.7637439 ], [ 37.694612, 55.763745 ], [ 37.6934466, 55.7627219 ], [ 37.6933741, 55.7627548 ], [ 37.6920278, 55.7617228 ], [ 37.6920018, 55.7616965 ], [ 37.6919639, 55.7617078 ] ] ] } },
{ "type": "Feature", "properties": { "name": "Ботанический сад МГУ «Аптекарский огород»", "area_ha": 6.6 }, "geometry": { "type": "Polygon", "coordinates": [ [ [ 37.6341019, 55.7793129 ], [ 37.6342478, 55.7797783 ], [ 37.6375763, 55.7794412 ], [ 37.6377144, 55.7794269 ], [ 37.6381935, 55.7793754 ], [ 37.6380046, 55.7790155 ], [ 37.6380295, 55.7789687 ], [ 37.6378454, 55.7786267 ], [ 37.6378083, 55.7785578 ], [ 37.6375835, 55.7781682 ], [ 37.6375666, 55.7781409 ], [ 37.6375438, 55.778104 ], [ 37.6374488, 55.7781231 ], [ 37.637417, 55.7781294 ], [ 37.6373987, 55.7781331 ], [ 37.637265, 55.7779235 ], [ 37.6372971, 55.7779169 ], [ 37.6372194, 55.7777791 ], [ 37.6372043, 55.7777404 ], [ 37.6369874, 55.7777627 ], [ 37.6368106, 55.7773729 ], [ 37.6368126, 55.7772046 ], [ 37.6368126, 55.7771987 ], [ 37.6367351, 55.7771977 ], [ 37.6364106, 55.7771938 ], [ 37.6362501, 55.7771886 ], [ 37.6356009, 55.7771787 ], [ 37.6352213, 55.7771862 ], [ 37.6348269, 55.7772012 ], [ 37.6346328, 55.7772196 ], [ 37.6345491, 55.7772273 ], [ 37.6341976, 55.7772622 ], [ 37.6337496, 55.777306 ], [ 37.633683, 55.7773125 ], [ 37.6333233, 55.7773485 ], [ 37.6327953, 55.7774019 ], [ 37.6327617, 55.7774306 ], [ 37.6328449, 55.7778417 ], [ 37.6329093, 55.7781434 ], [ 37.6329407, 55.7781416 ], [ 37.6331003, 55.7781354 ], [ 37.6333147, 55.7781272 ], [ 37.6337156, 55.7781124 ], [ 37.6341019, 55.7793129 ] ] ] } },
{ "type": "Feature", "properties": { "name": "Зона отдыха \"Оленьи пруды\"", "area_ha": 10.0 }, "geometry": { "type": "Polygon", "coordinates": [ [ [ 37.6916051, 55.8025516 ], [ 37.6924709, 55.8023321 ], [ 37.6934135, 55.8023079 ], [ 37.6939506, 55.8021074 ], [ 37.6940583, 55.8019093 ], [ 37.6940895, 55.8018234 ], [ 37.6940999, 55.801556 ], [ 37.6941427, 55.8015623 ], [ 37.6942706, 55.801581 ], [ 37.6945714, 55.8015657 ], [ 37.6947039, 55.8014025 ], [ 37.6950698, 55.8009518 ], [ 37.6950961, 55.8008704 ], [ 37.694727, 55.8007861 ], [ 37.6941326, 55.8006353 ], [ 37.6925635, 55.8003537 ], [ 37.6916117, 55.8001716 ], [ 37.6908836, 55.8000105 ], [ 37.6905825, 55.7999043 ], [ 37.6901533, 55.7996623 ], [ 37.6894156, 55.8005058 ], [ 37.687258, 55.8004879 ], [ 37.6875746, 55.8011374 ], [ 37.6878623, 55.8015761 ], [ 37.6882121, 55.8020987 ], [ 37.6888346, 55.8026739 ], [ 37.6916051, 55.8025516 ] ] ] } },
{ "type": "Feature", "properties": { "name": "парк Сокольники", "area_ha": 460.4 }, "geometry": { "type": "Polygon", "coordinates": [ [ [ 37.6587859, 55.7928829 ], [ 37.6587108, 55.7928738 ], [ 37.6562826, 55.7933623 ], [ 37.6570987, 55.7935788 ], [ 37.6571807, 55.7936001 ], [ 37.6574702, 55.7937321 ], [ 37.6578793, 55.7939278 ], [ 37.6578114, 55.7941547 ], [ 37.6577256, 55.7943386 ], [ 37.6577109, 55.7943719 ], [ 37.6574703, 55.7946765 ], [ 37.6572262, 55.7948092 ], [ 37.6570808, 55.7949105 ], [ 37.6570186, 55.7950188 ], [ 37.6567973, 55.7954046 ], [ 37.6566603, 55.7957081 ], [ 37.6564866, 55.796093 ], [ 37.6567335, 55.7961249 ], [ 37.6564735, 55.7967082 ], [ 37.6563252, 55.7967575 ], [ 37.655666, 55.7966613 ], [ 37.6557951, 55.7970302 ], [ 37.6560655, 55.7970085 ], [ 37.6562753, 55.7974727 ], [ 37.6568225, 55.7973927 ], [ 37.6588207, 55.7929214 ], [ 37.6587859, 55.7928829 ] ] ] } },
{ "type": "Feature", "properties": { "name": "парк Сокольники", "area_ha": 460.4 }, "geometry": { "type": "Polygon", "coordinates": [ [ [ 37.6774783, 55.7926292 ], [ 37.6774468, 55.7926236 ], [ 37.6773587, 55.7925727 ], [ 37.6770069, 55.7925096 ], [ 37.6769898, 55.7925065 ], [ 37.6769779, 55.7925274 ], [ 37.6768418, 55.7925002 ], [ 37.6768216, 55.7924744 ], [ 37.6765137, 55.7924185 ], [ 37.6765193, 55.7924088 ], [ 37.6764836, 55.7924022 ], [ 37.6764769, 55.792401 ], [ 37.6764532, 55.7923969 ], [ 37.6764155, 55.79239 ], [ 37.6763696, 55.7923814 ], [ 37.6763532, 55.7924092 ], [ 37.6762099, 55.7923823 ], [ 37.6760994, 55.7925697 ], [ 37.6760815, 55.7926 ], [ 37.6760239, 55.7926978 ], [ 37.6756179, 55.7926221 ], [ 37.6755843, 55.7926791 ], [ 37.6747539, 55.7925243 ], [ 37.6744926, 55.7925405 ], [ 37.6743142, 55.7932339 ], [ 37.6742418, 55.7935151 ], [ 37.6728192, 55.7936609 ], [ 37.6726183, 55.7935852 ], [ 37.672382, 55.7935807 ], [ 37.6711762, 55.7935705 ], [ 37.6705719, 55.793565 ], [ 37.6705842, 55.7931235 ], [ 37.6705977, 55.7926646 ], [ 37.6706088, 55.7922625 ], [ 37.6702843, 55.7922621 ], [ 37.6702845, 55.7922249 ], [ 37.6702846, 55.7921934 ], [ 37.6700703, 55.7921932 ], [ 37.6700719, 55.7918142 ], [ 37.6700706, 55.7917225 ], [ 37.6699563, 55.7917231 ], [ 37.6699063, 55.7917239 ], [ 37.6695174, 55.7917301 ], [ 37.6685617, 55.7917033 ], [ 37.6650432, 55.7915732 ], [ 37.664991, 55.7915825 ], [ 37.6649186, 55.791597 ], [ 37.6648766, 55.7916054 ], [ 37.664867, 55.7916073 ], [ 37.6648507, 55.7916109 ], [ 37.6649416, 55.7917396 ], [ 37.6647112, 55.791747 ], [ 37.661784, 55.7923437 ], [ 37.6592352, 55.7928777 ], [ 37.6592074, 55.7929286 ], [ 37.6586719, 55.7941234 ], [ 37.6571942, 55.7973772 ], [ 37.6571972, 55.7974054 ], [ 37.6572052, 55.7974642 ], [ 37.6572097, 55.7974974 ], [ 37.6572183, 55.7975924 ], [ 37.6578551, 55.7997334 ], [ 37.6581211, 55.8006293 ], [ 37.6583344, 55.8013964 ], [ 37.6600527, 55.8024922 ], [ 37.6607976, 55.8029725 ], [ 37.6629922, 55.8044068 ], [ 37.6632028, 55.8044973 ], [ 37.6633082, 55.8045469 ], [ 37.6644171, 55.8050551 ], [ 37.6681998, 55.8066698 ], [ 37.6683376, 55.8067073 ], [ 37.6684752, 55.8067399 ], [ 37.6747921, 55.8073147 ], [ 37.6749322, 55.8073101 ], [ 37.6794122, 55.8071781 ], [ 37.6812565, 55.807005 ], [ 37.6814568, 55.8069764 ], [ 37.6840765, 55.8061511 ], [ 37.6839345, 55.8048369 ], [ 37.683924, 55.8043694 ], [ 37.6839715, 55.8039926 ], [ 37.6841246, 55.8035298 ], [ 37.6843667, 55.8030219 ], [ 37.6843794, 55.8029966 ], [ 37.6844949, 55.802781 ], [ 37.6846396, 55.8026542 ], [ 37.6851114, 55.8022411 ], [ 37.6855424, 55.8019509 ], [ 37.6855891, 55.80192 ], [ 37.6856124, 55.8019032 ], [ 37.6859976, 55.8015113 ], [ 37.6861382, 55.8012837 ], [ 37.6863186, 55.8008359 ], [ 37.6863432, 55.8006412 ], [ 37.6863261, 55.8005091 ], [ 37.6862808, 55.800395 ], [ 37.6861256, 55.8001631 ], [ 37.6859569, 55.7999463 ], [ 37.6857092, 55.7997239 ], [ 37.6856988, 55.7997145 ], [ 37.6856418, 55.7996664 ], [ 37.685287, 55.7993919 ], [ 37.6846988, 55.7988188 ], [ 37.6842541, 55.7984085 ], [ 37.6838711, 55.7979923 ], [ 37.6828203, 55.7967176 ], [ 37.6823569, 55.7962921 ], [ 37.680896, 55.7948983 ], [ 37.6797068, 55.7936201 ], [ 37.6792114, 55.7932585 ], [ 37.6781776, 55.7926088 ], [ 37.677957, 55.7927151 ], [ 37.677916, 55.7927078 ], [ 37.6776967, 55.7926684 ], [ 37.6776623, 55.7926623 ], [ 37.6774783, 55.7926292 ] ] ] } },
{ "type": "Feature", "properties": { "name": "парк Сокольники", "area_ha": 460.4 }, "geometry": { "type": "Polygon", "coordinates": [ [ [ 37.6873963, 55.8012316 ], [ 37.6873587, 55.8011911 ], [ 37.6867426, 55.800782 ], [ 37.6866163, 55.8010366 ], [ 37.6862985, 55.8015789 ], [ 37.6859312, 55.8019654 ], [ 37.6857783, 55.8021891 ], [ 37.6853841, 55.8023971 ], [ 37.6849362, 55.8030408 ], [ 37.6845919, 55.8035876 ], [ 37.6844326, 55.8041403 ], [ 37.6845295, 55.8061944 ], [ 37.6845242, 55.806574 ], [ 37.6845284, 55.806887 ], [ 37.6845204, 55.8070059 ], [ 37.6844763, 55.80726 ], [ 37.6842609, 55.8080338 ], [ 37.6842328, 55.8082654 ], [ 37.6842453, 55.8088567 ], [ 37.6843639, 55.809483 ], [ 37.6844949, 55.8099546 ], [ 37.6847228, 55.8104957 ], [ 37.6849776, 55.8109132 ], [ 37.6853777, 55.8114717 ], [ 37.6856977, 55.81192 ], [ 37.6858951, 55.8121818 ], [ 37.6867077, 55.8115266 ], [ 37.6870608, 55.8116832 ], [ 37.6875764, 55.8118864 ], [ 37.6878665, 55.8120066 ], [ 37.6875803, 55.8122216 ], [ 37.6880714, 55.8124488 ], [ 37.6877365, 55.8127038 ], [ 37.6879995, 55.812813 ], [ 37.6900844, 55.81123 ], [ 37.6906073, 55.8108203 ], [ 37.6907417, 55.8107203 ], [ 37.6908641, 55.8106256 ], [ 37.691058, 55.8104819 ], [ 37.6910803, 55.8104652 ], [ 37.6915017, 55.8101443 ], [ 37.6915355, 55.8101211 ], [ 37.6916292, 55.8100534 ], [ 37.6916264, 55.8100219 ], [ 37.6915631, 55.8099987 ], [ 37.6909523, 55.8097263 ], [ 37.6909792, 55.8097072 ], [ 37.6905919, 55.809549 ], [ 37.6901972, 55.8093909 ], [ 37.6900192, 55.8093225 ], [ 37.6898187, 55.8092384 ], [ 37.6882274, 55.8085797 ], [ 37.6896507, 55.8074858 ], [ 37.6918059, 55.8058797 ], [ 37.6922499, 55.8057914 ], [ 37.6931159, 55.805911 ], [ 37.6932622, 55.8059312 ], [ 37.6937937, 55.8060046 ], [ 37.6939434, 55.806025 ], [ 37.6940656, 55.8060414 ], [ 37.6942416, 55.806145 ], [ 37.6943379, 55.8062013 ], [ 37.6944326, 55.8061995 ], [ 37.69476, 55.8061934 ], [ 37.6948425, 55.806155 ], [ 37.695683, 55.8062598 ], [ 37.6957027, 55.8062013 ], [ 37.6957197, 55.8061507 ], [ 37.6951821, 55.8060726 ], [ 37.6948646, 55.8055221 ], [ 37.6949142, 55.8051345 ], [ 37.694819, 55.8050241 ], [ 37.6946589, 55.8050458 ], [ 37.6942898, 55.8046426 ], [ 37.693007, 55.8031947 ], [ 37.6924248, 55.802527 ], [ 37.6924612, 55.8024001 ], [ 37.6924709, 55.8023321 ], [ 37.6916051, 55.8025516 ], [ 37.6888346, 55.8026739 ], [ 37.6884873, 55.8026905 ], [ 37.6880193, 55.8022835 ], [ 37.6878804, 55.8020766 ], [ 37.6873963, 55.8012316 ] ] ] } },
{ "type": "Feature", "properties": { "name": "парк Сокольники", "area_ha": 460.4 }, "geometry": { "type": "Polygon", "coordinates": [ [ [ 37.6801012, 55.8085339 ], [ 37.6802838, 55.8088404 ], [ 37.6816785, 55.8087528 ], [ 37.6818061, 55.809099 ], [ 37.6821187, 55.8090687 ], [ 37.6813775, 55.807189 ], [ 37.6813281, 55.8071547 ], [ 37.6812457, 55.8071298 ], [ 37.6794093, 55.8073545 ], [ 37.6758115, 55.8074548 ], [ 37.6757427, 55.8074952 ], [ 37.6757331, 55.8077251 ], [ 37.6769171, 55.8077028 ], [ 37.6775077, 55.8076937 ], [ 37.6777179, 55.8086428 ], [ 37.6801012, 55.8085339 ] ] ] } },
{ "type": "Feature", "properties": { "name": "парк Сокольники", "area_ha": 460.4 }, "geometry": { "type": "Polygon", "coordinates": [ [ [ 37.6531777, 55.7994874 ], [ 37.6528197, 55.7995392 ], [ 37.6516696, 55.7996568 ], [ 37.6517362, 55.799755 ], [ 37.6518769, 55.7999623 ], [ 37.6523763, 55.8006983 ], [ 37.6531095, 55.8017789 ], [ 37.6542261, 55.8020522 ], [ 37.6544317, 55.8023801 ], [ 37.6545598, 55.8024706 ], [ 37.6546975, 55.802662 ], [ 37.6546847, 55.802887 ], [ 37.6545374, 55.8029695 ], [ 37.654973, 55.8038631 ], [ 37.6556642, 55.8046476 ], [ 37.6557576, 55.8046211 ], [ 37.6560811, 55.8049804 ], [ 37.6559877, 55.805007 ], [ 37.6566451, 55.8057172 ], [ 37.6567864, 55.8056781 ], [ 37.6572199, 55.8061731 ], [ 37.6574015, 55.8063805 ], [ 37.657328, 55.8064008 ], [ 37.6583632, 55.8076492 ], [ 37.6581388, 55.8077919 ], [ 37.6578064, 55.8080739 ], [ 37.6581186, 55.8083605 ], [ 37.659441, 55.8098593 ], [ 37.6600552, 55.8105554 ], [ 37.6627619, 55.8136658 ], [ 37.6631079, 55.8140457 ], [ 37.663663, 55.8147035 ], [ 37.6680768, 55.819874 ], [ 37.6753973, 55.8178268 ], [ 37.6777963, 55.8173864 ], [ 37.6739703, 55.8148379 ], [ 37.6738411, 55.8147202 ], [ 37.6737865, 55.8145708 ], [ 37.6738024, 55.8144874 ], [ 37.6747674, 55.8074662 ], [ 37.668356, 55.8069325 ], [ 37.6681203, 55.8068773 ], [ 37.6675294, 55.8077398 ], [ 37.6666541, 55.8089967 ], [ 37.6652976, 55.8084652 ], [ 37.6646439, 55.8081175 ], [ 37.6626479, 55.8070555 ], [ 37.6630058, 55.8067926 ], [ 37.6637144, 55.8062722 ], [ 37.6637762, 55.8062289 ], [ 37.6648285, 55.8054416 ], [ 37.6630425, 55.8046729 ], [ 37.6599474, 55.8026756 ], [ 37.6578004, 55.8036581 ], [ 37.6574465, 55.8037749 ], [ 37.6558019, 55.8023671 ], [ 37.656588, 55.8021002 ], [ 37.6581312, 55.8015429 ], [ 37.6580174, 55.8013767 ], [ 37.6575599, 55.7997034 ], [ 37.6550245, 55.7999672 ], [ 37.6549527, 55.7997493 ], [ 37.653399, 55.7999394 ], [ 37.6531777, 55.7994874 ] ] ] } },
{ "type": "Feature", "properties": { "name": "парк Сокольники", "area_ha": 460.4 }, "geometry": { "type": "Polygon", "coordinates": [ [ [ 37.6866862, 55.8138371 ], [ 37.6865762, 55.8136637 ], [ 37.6845244, 55.8109569 ], [ 37.6840684, 55.8099727 ], [ 37.6837975, 55.8089749 ], [ 37.6838082, 55.8079861 ], [ 37.6840442, 55.8071978 ], [ 37.6841073, 55.8069023 ], [ 37.6841086, 55.8064365 ], [ 37.6840603, 55.8063989 ], [ 37.683953, 55.8064064 ], [ 37.6817218, 55.8070053 ], [ 37.6817161, 55.8070802 ], [ 37.6816218, 55.8071396 ], [ 37.6848621, 55.8151825 ], [ 37.6852186, 55.8151166 ], [ 37.6866496, 55.8140344 ], [ 37.6866916, 55.8139365 ], [ 37.6866862, 55.8138371 ] ] ] } },
{ "type": "Feature", "properties": { "name": "парк Сокольники", "area_ha": 460.4 }, "geometry": { "type": "Polygon", "coordinates": [ [ [ 37.6759842, 55.8137466 ], [ 37.6760647, 55.8137775 ], [ 37.6761139, 55.8138182 ], [ 37.6762085, 55.8141583 ], [ 37.6761431, 55.8141966 ], [ 37.6761512, 55.8142176 ], [ 37.6761609, 55.8142424 ], [ 37.6762453, 55.8142641 ], [ 37.6762968, 55.8144548 ], [ 37.6762165, 55.814914 ], [ 37.6742721, 55.8148116 ], [ 37.675268, 55.8154398 ], [ 37.6753087, 55.8154678 ], [ 37.6760343, 55.8159738 ], [ 37.6761402, 55.816035 ], [ 37.6767901, 55.8164682 ], [ 37.6780583, 55.8173406 ], [ 37.6794302, 55.8171035 ], [ 37.6829072, 55.8155054 ], [ 37.6846078, 55.8152245 ], [ 37.6846263, 55.8152077 ], [ 37.683757, 55.813147 ], [ 37.6835679, 55.8126618 ], [ 37.6833603, 55.812169 ], [ 37.6829628, 55.8112444 ], [ 37.6829257, 55.8111528 ], [ 37.679796, 55.8115665 ], [ 37.6783553, 55.8117518 ], [ 37.6782425, 55.8117641 ], [ 37.6781124, 55.8117623 ], [ 37.6745266, 55.811645 ], [ 37.6744862, 55.8116438 ], [ 37.6744548, 55.8116507 ], [ 37.6744346, 55.8116645 ], [ 37.6744237, 55.8116862 ], [ 37.6741724, 55.8137681 ], [ 37.6742944, 55.8137726 ], [ 37.6743058, 55.8136788 ], [ 37.6759064, 55.8137391 ], [ 37.6759842, 55.8137466 ] ] ] } },
{ "type": "Feature", "properties": { "name": "Природно-исторический парк \"Сокольники\"", "area_ha": 220.6 }, "geometry": { "type": "Polygon", "coordinates": [ [ [ 37.6668813, 55.7916559 ], [ 37.6650529, 55.7915819 ], [ 37.6657546, 55.7926965 ], [ 37.6672054, 55.7924419 ], [ 37.6668813, 55.7916559 ] ] ] } },
{ "type": "Feature", "properties": { "name": "Природно-исторический парк \"Сокольники\"", "area_ha": 220.6 }, "geometry": { "type": "Polygon", "coordinates": [ [ [ 37.6822527, 55.7966204 ], [ 37.6832682, 55.7977621 ], [ 37.6836233, 55.7976623 ], [ 37.6825013, 55.7965445 ], [ 37.6822527, 55.7966204 ] ] ] } },
{ "type": "Feature", "properties": { "name": "Природно-исторический парк \"Сокольники\"", "area_ha": 220.6 }, "geometry": { "type": "Polygon", "coordinates": [ [ [ 37.6849645, 55.7997798 ], [ 37.6854366, 55.7996132 ], [ 37.6843825, 55.7986493 ], [ 37.6830494, 55.7990574 ], [ 37.6833099, 55.7999364 ], [ 37.6843218, 55.7998602 ], [ 37.6849645, 55.7997798 ] ] ] } },
{ "type": "Feature", "properties": { "name": "Природно-исторический парк \"Сокольники\"", "area_ha": 220.6 }, "geometry": { "type": "Polygon", "coordinates": [ [ [ 37.6581211, 55.8006293 ], [ 37.6583344, 55.8013964 ], [ 37.6600527, 55.8024922 ], [ 37.6607976, 55.8029725 ], [ 37.6629922, 55.8044068 ], [ 37.6632028, 55.8044973 ], [ 37.6633082, 55.8045469 ], [ 37.6644171, 55.8050551 ], [ 37.6681998, 55.8066698 ], [ 37.6683376, 55.8067073 ], [ 37.6684752, 55.8067399 ], [ 37.6684996, 55.8069073 ], [ 37.6668754, 55.8090614 ], [ 37.6645926, 55.8081187 ], [ 37.6626072, 55.8071062 ], [ 37.659441, 55.8098593 ], [ 37.6600552, 55.8105554 ], [ 37.6627619, 55.8136658 ], [ 37.6631079, 55.8140457 ], [ 37.663663, 55.8147035 ], [ 37.6680768, 55.819874 ], [ 37.6753973, 55.8178268 ], [ 37.6777963, 55.8173864 ], [ 37.6739703, 55.8148379 ], [ 37.6738411, 55.8147202 ], [ 37.6737865, 55.8145708 ], [ 37.6738024, 55.8144874 ], [ 37.6747674, 55.8074662 ], [ 37.6747921, 55.8073147 ], [ 37.6749322, 55.8073101 ], [ 37.6794122, 55.8071781 ], [ 37.6812565, 55.807005 ], [ 37.6814568, 55.8069764 ], [ 37.6840765, 55.8061511 ], [ 37.6839345, 55.8048369 ], [ 37.6809155, 55.8052471 ], [ 37.6805346, 55.804396 ], [ 37.680072, 55.8033622 ], [ 37.682643, 55.80302 ], [ 37.6826405, 55.8029486 ], [ 37.6826389, 55.8029028 ], [ 37.6826152, 55.8022253 ], [ 37.6825751, 55.801077 ], [ 37.6825742, 55.8010497 ], [ 37.6825737, 55.801032 ], [ 37.6825486, 55.8002346 ], [ 37.6825327, 55.8001359 ], [ 37.6817281, 55.800203 ], [ 37.6787749, 55.8002519 ], [ 37.6771911, 55.8002383 ], [ 37.6763641, 55.8001151 ], [ 37.67566, 55.8012725 ], [ 37.6734809, 55.8008439 ], [ 37.6723158, 55.802454 ], [ 37.6718685, 55.802355 ], [ 37.6713438, 55.8022392 ], [ 37.671078, 55.8021835 ], [ 37.67293, 55.7994486 ], [ 37.6711062, 55.7990893 ], [ 37.6709114, 55.7990177 ], [ 37.6706583, 55.7988965 ], [ 37.6685106, 55.7976757 ], [ 37.6682136, 55.7972467 ], [ 37.6675172, 55.796044 ], [ 37.6572097, 55.7974974 ], [ 37.6572183, 55.7975924 ], [ 37.6578551, 55.7997334 ], [ 37.6581211, 55.8006293 ] ] ] } },
{ "type": "Feature", "properties": { "name": "Зона отдыха Путяевский пруд № 1", "area_ha": 6.7 }, "geometry": { "type": "Polygon", "coordinates": [ [ [ 37.6647372, 55.8119227 ], [ 37.6647626, 55.8118872 ], [ 37.6656952, 55.8105853 ], [ 37.6656878, 55.8105767 ], [ 37.6656204, 55.8105593 ], [ 37.6656281, 55.8105463 ], [ 37.665638, 55.8105296 ], [ 37.6656389, 55.8105077 ], [ 37.6657932, 55.8102985 ], [ 37.6650467, 55.810119 ], [ 37.6643833, 55.8098918 ], [ 37.6639292, 55.8098624 ], [ 37.6636849, 55.8097549 ], [ 37.6635673, 55.8096049 ], [ 37.6624706, 55.8096919 ], [ 37.6624547, 55.8096932 ], [ 37.6624388, 55.8096947 ], [ 37.6620635, 55.8097308 ], [ 37.6618743, 55.8097683 ], [ 37.6608247, 55.8098348 ], [ 37.6608301, 55.8102241 ], [ 37.6610038, 55.8109491 ], [ 37.661743, 55.8118288 ], [ 37.6623212, 55.8123549 ], [ 37.6623693, 55.8123495 ], [ 37.663399, 55.8122107 ], [ 37.664625, 55.811959 ], [ 37.6647001, 55.8119727 ], [ 37.6647279, 55.8119352 ], [ 37.6647372, 55.8119227 ] ] ] } },
{ "type": "Feature", "properties": { "name": "Перовский сквер", "area_ha": 15.2 }, "geometry": { "type": "Polygon", "coordinates": [ [ [ 37.7910801, 55.7419136 ], [ 37.7917033, 55.7421589 ], [ 37.7918556, 55.7422125 ], [ 37.7920058, 55.7422652 ], [ 37.7925616, 55.7425011 ], [ 37.7927283, 55.7425914 ], [ 37.793123, 55.7427635 ], [ 37.7932477, 55.7428035 ], [ 37.7933661, 55.7428211 ], [ 37.7932602, 55.7432104 ], [ 37.7933105, 55.7432133 ], [ 37.7933439, 55.7432144 ], [ 37.7933013, 55.7432802 ], [ 37.793182, 55.7434951 ], [ 37.794941, 55.7438941 ], [ 37.7952501, 55.7441475 ], [ 37.7953278, 55.7449732 ], [ 37.7985313, 55.7447926 ], [ 37.7984177, 55.7428187 ], [ 37.7982861, 55.7416145 ], [ 37.7982453, 55.7412031 ], [ 37.7946589, 55.7405457 ], [ 37.7944615, 55.7409636 ], [ 37.7945849, 55.7410331 ], [ 37.7944535, 55.7413769 ], [ 37.7937659, 55.7413306 ], [ 37.7918428, 55.7410689 ], [ 37.7914594, 55.741292 ], [ 37.7907674, 55.7411731 ], [ 37.790684, 55.7411487 ], [ 37.7905026, 55.7409251 ], [ 37.7898685, 55.741194 ], [ 37.7894979, 55.7417414 ], [ 37.7896286, 55.7423439 ], [ 37.7897811, 55.7423383 ], [ 37.7903334, 55.7423185 ], [ 37.7903171, 55.7420243 ], [ 37.7906094, 55.7420132 ], [ 37.7910052, 55.7418917 ], [ 37.7910801, 55.7419136 ] ] ] } },
{ "type": "Feature", "properties": { "name": "Парк на Зелёном проспекте", "area_ha": 7.1 }, "geometry": { "type": "Polygon", "coordinates": [ [ [ 37.7955743, 55.7526569 ], [ 37.7956337, 55.7525547 ], [ 37.7965502, 55.7509665 ], [ 37.7910457, 55.7499704 ], [ 37.7908918, 55.7502379 ], [ 37.7910914, 55.7502746 ], [ 37.7911988, 55.7502943 ], [ 37.7910098, 55.7506205 ], [ 37.7910088, 55.7506203 ], [ 37.7907028, 55.7505641 ], [ 37.7900753, 55.7516449 ], [ 37.7955743, 55.7526569 ] ] ] } },
{ "type": "Feature", "properties": { "name": "Ивановский лесопарк", "area_ha": 9.8 }, "geometry": { "type": "Polygon", "coordinates": [ [ [ 37.8227727, 55.7626101 ], [ 37.8227896, 55.7626096 ], [ 37.8233566, 55.7625177 ], [ 37.8240165, 55.7623898 ], [ 37.8244169, 55.7623245 ], [ 37.8242412, 55.761825 ], [ 37.8242238, 55.7617884 ], [ 37.8243049, 55.7617767 ], [ 37.824329, 55.7617737 ], [ 37.8245201, 55.7622996 ], [ 37.8245899, 55.7622887 ], [ 37.8247837, 55.7621936 ], [ 37.8248816, 55.7621657 ], [ 37.8251397, 55.7621721 ], [ 37.8251773, 55.7621698 ], [ 37.8252195, 55.762163 ], [ 37.8252464, 55.7621404 ], [ 37.8252765, 55.7621215 ], [ 37.8252893, 55.762103 ], [ 37.8252973, 55.7620819 ], [ 37.8252618, 55.7613964 ], [ 37.8252665, 55.7613387 ], [ 37.8252866, 55.7613062 ], [ 37.8253127, 55.7612783 ], [ 37.8255454, 55.7611093 ], [ 37.8256561, 55.7609727 ], [ 37.8256608, 55.7609682 ], [ 37.8256239, 55.760469 ], [ 37.8251518, 55.7604777 ], [ 37.8251243, 55.7601008 ], [ 37.8249446, 55.7601038 ], [ 37.8249097, 55.7597571 ], [ 37.8260651, 55.7597107 ], [ 37.826507, 55.7594805 ], [ 37.8265378, 55.7594643 ], [ 37.8265888, 55.7594688 ], [ 37.8266129, 55.759439 ], [ 37.8263829, 55.7589108 ], [ 37.8261409, 55.7587395 ], [ 37.8260215, 55.7585728 ], [ 37.8259112, 55.7582654 ], [ 37.8257741, 55.7579626 ], [ 37.8250358, 55.758066 ], [ 37.8247776, 55.7580951 ], [ 37.824948, 55.7584324 ], [ 37.8249567, 55.7584312 ], [ 37.8250579, 55.7586489 ], [ 37.8251317, 55.7588357 ], [ 37.8247589, 55.7588806 ], [ 37.8244202, 55.7589191 ], [ 37.8239596, 55.7589934 ], [ 37.8238825, 55.7589987 ], [ 37.823401, 55.7590893 ], [ 37.8227734, 55.7591994 ], [ 37.8211608, 55.7595234 ], [ 37.8211837, 55.7595953 ], [ 37.820816, 55.7596773 ], [ 37.8219788, 55.7622804 ], [ 37.8221102, 55.7622762 ], [ 37.8220646, 55.7616224 ], [ 37.8222859, 55.7616209 ], [ 37.8222865, 55.761576 ], [ 37.8223898, 55.7615786 ], [ 37.8223911, 55.7616228 ], [ 37.8224743, 55.7616107 ], [ 37.8225447, 55.7616677 ], [ 37.8225823, 55.7616975 ], [ 37.8225983, 55.7617337 ], [ 37.8226346, 55.7617608 ], [ 37.8226614, 55.7618295 ], [ 37.8226668, 55.7618675 ], [ 37.8226788, 55.7620921 ], [ 37.8228038, 55.7621151 ], [ 37.8228102, 55.7622392 ], [ 37.8226848, 55.7622543 ], [ 37.8227016, 55.7625735 ], [ 37.8227103, 55.7625984 ], [ 37.8227237, 55.7626018 ], [ 37.8227512, 55.762609 ], [ 37.8227727, 55.7626101 ] ] ] } },
{ "type": "Feature", "properties": { "name": "Зона отдыха \"Терлецкая дубрава\"", "area_ha": 135.3 }, "geometry": { "type": "Polygon", "coordinates": [ [ [ 37.8222075, 55.7645663 ], [ 37.8220917, 55.7638927 ], [ 37.8213956, 55.762225 ], [ 37.8212034, 55.7617645 ], [ 37.818809, 55.7621623 ], [ 37.8184067, 55.7610626 ], [ 37.8207704, 55.7607744 ], [ 37.820763, 55.7607582 ], [ 37.8207385, 55.7607049 ], [ 37.819952, 55.7590115 ], [ 37.8198605, 55.7588145 ], [ 37.8198461, 55.7587836 ], [ 37.8184384, 55.7589854 ], [ 37.808887, 55.7603547 ], [ 37.8091707, 55.7609849 ], [ 37.8078635, 55.7611718 ], [ 37.8075976, 55.7605406 ], [ 37.8068611, 55.7606412 ], [ 37.806621, 55.760674 ], [ 37.8065539, 55.7606834 ], [ 37.8042886, 55.7610026 ], [ 37.8039997, 55.7610464 ], [ 37.8038558, 55.7610682 ], [ 37.8029783, 55.7612013 ], [ 37.801959, 55.7612134 ], [ 37.8006716, 55.7610323 ], [ 37.7999562, 55.7622134 ], [ 37.7999146, 55.7623859 ], [ 37.8001071, 55.7628651 ], [ 37.8005444, 55.7638944 ], [ 37.8015534, 55.7661203 ], [ 37.8015722, 55.7662533 ], [ 37.8015819, 55.766322 ], [ 37.8015785, 55.7663475 ], [ 37.8015062, 55.7668853 ], [ 37.8014885, 55.7678456 ], [ 37.8073071, 55.7689981 ], [ 37.8097595, 55.7694913 ], [ 37.811336, 55.7698084 ], [ 37.8183785, 55.7711649 ], [ 37.8187019, 55.7711862 ], [ 37.8200271, 55.7708972 ], [ 37.8204376, 55.7699382 ], [ 37.8211863, 55.7684513 ], [ 37.8217789, 55.7672385 ], [ 37.821907, 55.7668357 ], [ 37.8221147, 55.7663966 ], [ 37.8221645, 55.7662127 ], [ 37.8222477, 55.7658129 ], [ 37.8222827, 55.7651467 ], [ 37.8222796, 55.7650898 ], [ 37.8222307, 55.7647124 ], [ 37.8222075, 55.7645663 ] ] ] } },
{ "type": "Feature", "properties": { "name": "ПКиО Измайлово", "area_ha": 323.0 }, "geometry": { "type": "Polygon", "coordinates": [ [ [ 37.7623972, 55.7869575 ], [ 37.7622738, 55.7868821 ], [ 37.7620061, 55.7868424 ], [ 37.7619096, 55.7868114 ], [ 37.7619426, 55.7867497 ], [ 37.7621183, 55.7867327 ], [ 37.7624287, 55.7867265 ], [ 37.762522, 55.7866972 ], [ 37.7626319, 55.7866091 ], [ 37.764227, 55.7807307 ], [ 37.7643503, 55.78027 ], [ 37.7652256, 55.7771196 ], [ 37.7652036, 55.7770547 ], [ 37.7652043, 55.7768667 ], [ 37.7652752, 55.7768353 ], [ 37.7653027, 55.7767766 ], [ 37.7671381, 55.7698172 ], [ 37.7673875, 55.768881 ], [ 37.7681058, 55.766236 ], [ 37.7683068, 55.7654792 ], [ 37.768373, 55.7652302 ], [ 37.7687169, 55.7639353 ], [ 37.7640629, 55.7621507 ], [ 37.7612783, 55.761685 ], [ 37.7598823, 55.7614429 ], [ 37.7576337, 55.7610337 ], [ 37.7569801, 55.7622145 ], [ 37.7536177, 55.7615719 ], [ 37.7541351, 55.7605973 ], [ 37.7538275, 55.760441 ], [ 37.7536037, 55.760377 ], [ 37.7532207, 55.7604692 ], [ 37.7527382, 55.7613983 ], [ 37.7512589, 55.7637211 ], [ 37.7508716, 55.7645379 ], [ 37.7489354, 55.7657338 ], [ 37.7486937, 55.7659742 ], [ 37.7485588, 55.7662755 ], [ 37.7484523, 55.7671389 ], [ 37.7481848, 55.7695009 ], [ 37.7478002, 55.7726743 ], [ 37.7475816, 55.7745083 ], [ 37.7475822, 55.7745525 ], [ 37.7473864, 55.7763145 ], [ 37.7473864, 55.7763658 ], [ 37.7472913, 55.7766054 ], [ 37.7469632, 55.7800981 ], [ 37.7465216, 55.783132 ], [ 37.7466237, 55.7831351 ], [ 37.7466084, 55.7833383 ], [ 37.7464054, 55.7855262 ], [ 37.746382, 55.7860003 ], [ 37.7463625, 55.7863949 ], [ 37.7463357, 55.7869642 ], [ 37.7463285, 55.7872469 ], [ 37.7465771, 55.7874566 ], [ 37.7472423, 55.7876496 ], [ 37.747351, 55.7876535 ], [ 37.7474375, 55.7876566 ], [ 37.7475035, 55.787659 ], [ 37.7475746, 55.7876616 ], [ 37.7505474, 55.7877687 ], [ 37.7538103, 55.787864 ], [ 37.7539993, 55.7878678 ], [ 37.7617567, 55.7882127 ], [ 37.7620286, 55.7881692 ], [ 37.7621753, 55.7880726 ], [ 37.7624392, 55.7870738 ], [ 37.7623972, 55.7869575 ] ] ] } },
{ "type": "Feature", "properties": { "name": "Семёновский парк", "area_ha": 5.1 }, "geometry": { "type": "Polygon", "coordinates": [ [ [ 37.7190647, 55.7781562 ], [ 37.7151372, 55.7762238 ], [ 37.7150698, 55.7762295 ], [ 37.7149809, 55.7762729 ], [ 37.714847, 55.7763538 ], [ 37.715383, 55.7771552 ], [ 37.7159371, 55.7779635 ], [ 37.7162763, 55.778809 ], [ 37.7166773, 55.779691 ], [ 37.7173373, 55.7796113 ], [ 37.7176807, 55.7801944 ], [ 37.7185225, 55.7799147 ], [ 37.7184633, 55.7797844 ], [ 37.7181771, 55.7792038 ], [ 37.7192326, 55.7788921 ], [ 37.7191436, 55.778749 ], [ 37.7192424, 55.7787285 ], [ 37.7191411, 55.7785632 ], [ 37.7191203, 55.7784961 ], [ 37.7191184, 55.7782399 ], [ 37.7190647, 55.7781562 ] ] ] } },
{ "type": "Feature", "properties": { "name": "Измайловский парк", "area_ha": 1203.9 }, "geometry": { "type": "Polygon", "coordinates": [ [ [ 37.8187524, 55.7805779 ], [ 37.8188413, 55.7796254 ], [ 37.8189996, 55.779599 ], [ 37.819123, 55.7795387 ], [ 37.8192195, 55.7794376 ], [ 37.8192276, 55.7793743 ], [ 37.8190733, 55.7789014 ], [ 37.8189419, 55.778663 ], [ 37.8189218, 55.778574 ], [ 37.8191368, 55.777848 ], [ 37.8194417, 55.7748191 ], [ 37.8193853, 55.7747491 ], [ 37.8191217, 55.7747171 ], [ 37.8190767, 55.774616 ], [ 37.8192565, 55.7743969 ], [ 37.8191874, 55.7742856 ], [ 37.818723, 55.774373 ], [ 37.8184486, 55.7744247 ], [ 37.8182828, 55.7744559 ], [ 37.8173271, 55.7745553 ], [ 37.8164523, 55.7747508 ], [ 37.8160269, 55.774803 ], [ 37.8156194, 55.7746025 ], [ 37.815239, 55.7745081 ], [ 37.8150629, 55.7743481 ], [ 37.815227, 55.7741514 ], [ 37.8154277, 55.7740553 ], [ 37.8156913, 55.7739862 ], [ 37.8163055, 55.7738362 ], [ 37.8170215, 55.773597 ], [ 37.8172462, 55.7734605 ], [ 37.8177376, 55.7732751 ], [ 37.8183038, 55.7730392 ], [ 37.8184116, 55.7731218 ], [ 37.8188431, 55.7730122 ], [ 37.8192432, 55.7727727 ], [ 37.8196074, 55.7726838 ], [ 37.8196049, 55.7724627 ], [ 37.8195203, 55.7724106 ], [ 37.8193808, 55.7723809 ], [ 37.8193842, 55.7721327 ], [ 37.8193373, 55.7721053 ], [ 37.8191338, 55.7720181 ], [ 37.8189487, 55.7718996 ], [ 37.8187983, 55.7717709 ], [ 37.8187, 55.7717023 ], [ 37.8186138, 55.7716565 ], [ 37.8163519, 55.7712149 ], [ 37.8072956, 55.7694468 ], [ 37.8013075, 55.7682776 ], [ 37.795441, 55.7671321 ], [ 37.7931766, 55.76669 ], [ 37.7913405, 55.7663315 ], [ 37.7786623, 55.7661376 ], [ 37.7773576, 55.765901 ], [ 37.7764173, 55.7656061 ], [ 37.7719283, 55.7641984 ], [ 37.7704087, 55.7636337 ], [ 37.7691934, 55.7632178 ], [ 37.7689655, 55.7640147 ], [ 37.7687169, 55.7639353 ], [ 37.7640629, 55.7621507 ], [ 37.7612783, 55.761685 ], [ 37.7598823, 55.7614429 ], [ 37.7576337, 55.7610337 ], [ 37.7569801, 55.7622145 ], [ 37.7536177, 55.7615719 ], [ 37.7541351, 55.7605973 ], [ 37.7538275, 55.760441 ], [ 37.7536037, 55.760377 ], [ 37.7532207, 55.7604692 ], [ 37.7527382, 55.7613983 ], [ 37.7512589, 55.7637211 ], [ 37.7508716, 55.7645379 ], [ 37.7489354, 55.7657338 ], [ 37.7486937, 55.7659742 ], [ 37.7485588, 55.7662755 ], [ 37.7484523, 55.7671389 ], [ 37.7481848, 55.7695009 ], [ 37.7489605, 55.7695222 ], [ 37.7505049, 55.7695373 ], [ 37.7512951, 55.7695679 ], [ 37.7520831, 55.7697141 ], [ 37.752457, 55.7698111 ], [ 37.7527786, 55.7699188 ], [ 37.7536136, 55.7702657 ], [ 37.754238, 55.7706181 ], [ 37.7546602, 55.7710503 ], [ 37.7549692, 55.7716269 ], [ 37.7549863, 55.772053 ], [ 37.7548377, 55.7727488 ], [ 37.7543682, 55.7733931 ], [ 37.7535058, 55.7740752 ], [ 37.7534703, 55.7744626 ], [ 37.7535852, 55.7751289 ], [ 37.7535416, 55.7755472 ], [ 37.7534523, 55.7765744 ], [ 37.7534386, 55.776745 ], [ 37.7488683, 55.7766112 ], [ 37.7484289, 55.7800071 ], [ 37.7499012, 55.7800448 ], [ 37.7504644, 55.7800086 ], [ 37.7509096, 55.7799302 ], [ 37.7512851, 55.7799151 ], [ 37.7516498, 55.7799845 ], [ 37.7524754, 55.7799677 ], [ 37.752744, 55.7800026 ], [ 37.7531742, 55.7800752 ], [ 37.7531541, 55.7802932 ], [ 37.7521268, 55.7856853 ], [ 37.7535471, 55.7857028 ], [ 37.7535275, 55.7865368 ], [ 37.753527, 55.7865592 ], [ 37.7535165, 55.7867444 ], [ 37.7553502, 55.786776 ], [ 37.7553177, 55.7874097 ], [ 37.7538452, 55.7873693 ], [ 37.7538103, 55.787864 ], [ 37.7539993, 55.7878678 ], [ 37.7617567, 55.7882127 ], [ 37.7620286, 55.7881692 ], [ 37.7621753, 55.7880726 ], [ 37.7624392, 55.7870738 ], [ 37.7627233, 55.7870922 ], [ 37.7631931, 55.7871287 ], [ 37.7638862, 55.7866344 ], [ 37.7642939, 55.7863871 ], [ 37.7645567, 55.7861277 ], [ 37.7649549, 55.7858586 ], [ 37.7657573, 55.785761 ], [ 37.7673673, 55.7862302 ], [ 37.76753, 55.7863315 ], [ 37.7675272, 55.7864442 ], [ 37.7674283, 55.7866156 ], [ 37.7669368, 55.7868102 ], [ 37.7663793, 55.7872055 ], [ 37.766253, 55.7873583 ], [ 37.7661661, 55.7875104 ], [ 37.7666432, 55.7874977 ], [ 37.7668763, 55.7875644 ], [ 37.7671095, 55.787631 ], [ 37.7681249, 55.7876802 ], [ 37.7685749, 55.7877047 ], [ 37.7689025, 55.7877499 ], [ 37.7693384, 55.787935 ], [ 37.7702794, 55.7879685 ], [ 37.77048, 55.787998 ], [ 37.7705077, 55.7880028 ], [ 37.7705324, 55.7880059 ], [ 37.7707014, 55.7879592 ], [ 37.7709642, 55.7878973 ], [ 37.7713371, 55.7878069 ], [ 37.7716857, 55.787736 ], [ 37.7720049, 55.7876817 ], [ 37.7723536, 55.7876364 ], [ 37.7726379, 55.7876063 ], [ 37.7730403, 55.7875942 ], [ 37.7734372, 55.7875897 ], [ 37.7737162, 55.7875837 ], [ 37.7739951, 55.7875897 ], [ 37.7742955, 55.7875927 ], [ 37.7743894, 55.7875942 ], [ 37.7743921, 55.7875204 ], [ 37.7762855, 55.7875921 ], [ 37.7768973, 55.7876153 ], [ 37.7772674, 55.7876184 ], [ 37.7776295, 55.7876228 ], [ 37.7780211, 55.7876289 ], [ 37.7783484, 55.7876319 ], [ 37.7787547, 55.7876326 ], [ 37.7790992, 55.7876331 ], [ 37.7795743, 55.7876344 ], [ 37.7795738, 55.7876576 ], [ 37.7803315, 55.7876644 ], [ 37.7803463, 55.7876592 ], [ 37.7823029, 55.7876852 ], [ 37.7832176, 55.7876973 ], [ 37.783225, 55.7876433 ], [ 37.7834664, 55.7876441 ], [ 37.7834643, 55.7877006 ], [ 37.7836161, 55.7877023 ], [ 37.7843165, 55.78774 ], [ 37.7848106, 55.7877763 ], [ 37.785379, 55.7878037 ], [ 37.7865045, 55.7878441 ], [ 37.7871648, 55.7878408 ], [ 37.7881407, 55.7878488 ], [ 37.788342, 55.7878505 ], [ 37.7883784, 55.7878677 ], [ 37.7887194, 55.7878746 ], [ 37.7887754, 55.7878567 ], [ 37.7888637, 55.7878624 ], [ 37.7902379, 55.7878919 ], [ 37.7922783, 55.7879495 ], [ 37.7938597, 55.7879667 ], [ 37.7942113, 55.7879711 ], [ 37.7944239, 55.7879738 ], [ 37.7944684, 55.7879496 ], [ 37.7962826, 55.7879654 ], [ 37.7962839, 55.7877776 ], [ 37.7971798, 55.7877831 ], [ 37.7971767, 55.7878143 ], [ 37.7971615, 55.788026 ], [ 37.7971514, 55.788165 ], [ 37.7961576, 55.7881348 ], [ 37.7945868, 55.7881213 ], [ 37.7945673, 55.7882024 ], [ 37.7944373, 55.7881983 ], [ 37.7944252, 55.7885806 ], [ 37.7955716, 55.7885887 ], [ 37.7987174, 55.7886717 ], [ 37.7998889, 55.78869 ], [ 37.8056688, 55.7887805 ], [ 37.8059891, 55.7888153 ], [ 37.8121653, 55.7889195 ], [ 37.8183528, 55.7890238 ], [ 37.8183557, 55.7886125 ], [ 37.8183559, 55.7885693 ], [ 37.8184353, 55.7884608 ], [ 37.8184041, 55.7882752 ], [ 37.8183977, 55.7881035 ], [ 37.8184138, 55.7878063 ], [ 37.8184862, 55.7875846 ], [ 37.8187303, 55.7871548 ], [ 37.8186485, 55.7871442 ], [ 37.8188362, 55.7867801 ], [ 37.81891, 55.786774 ], [ 37.8200416, 55.7847063 ], [ 37.8203957, 55.784014 ], [ 37.8205338, 55.783673 ], [ 37.8205947, 55.7834387 ], [ 37.8206102, 55.7833791 ], [ 37.8206505, 55.7825268 ], [ 37.8205862, 55.7822041 ], [ 37.8204493, 55.7818104 ], [ 37.8202804, 55.7814635 ], [ 37.8203309, 55.7813648 ], [ 37.8199296, 55.7806979 ], [ 37.8187524, 55.7805779 ] ] ] } },
{ "type": "Feature", "properties": { "name": "Измайловский парк", "area_ha": 1203.9 }, "geometry": { "type": "Polygon", "coordinates": [ [ [ 37.8383742, 55.7920188 ], [ 37.8383254, 55.7945128 ], [ 37.8315772, 55.7944475 ], [ 37.8237254, 55.7943722 ], [ 37.8236694, 55.7943716 ], [ 37.8236691, 55.7944129 ], [ 37.8236799, 55.7953852 ], [ 37.8236545, 55.7964959 ], [ 37.8236505, 55.7967037 ], [ 37.8237533, 55.7967004 ], [ 37.8257012, 55.7967243 ], [ 37.8257748, 55.7985298 ], [ 37.8268863, 55.7988604 ], [ 37.8287397, 55.7993771 ], [ 37.8313164, 55.8000976 ], [ 37.8323711, 55.8003975 ], [ 37.8328907, 55.8006412 ], [ 37.8353019, 55.8017717 ], [ 37.8367691, 55.8024596 ], [ 37.8384908, 55.8034084 ], [ 37.8388396, 55.8036006 ], [ 37.8390302, 55.8034047 ], [ 37.8393286, 55.8029708 ], [ 37.8408833, 55.7887918 ], [ 37.8409725, 55.7879779 ], [ 37.841131, 55.7865363 ], [ 37.8414173, 55.783932 ], [ 37.8398843, 55.7836989 ], [ 37.8393708, 55.7836028 ], [ 37.8385332, 55.7834843 ], [ 37.8358216, 55.7831006 ], [ 37.833406, 55.7827417 ], [ 37.8307891, 55.7823528 ], [ 37.8296385, 55.7821819 ], [ 37.8294808, 55.7821584 ], [ 37.8287085, 55.7820437 ], [ 37.8242641, 55.7813833 ], [ 37.8235517, 55.7815909 ], [ 37.8209002, 55.7813663 ], [ 37.8208294, 55.7814396 ], [ 37.8208061, 55.7814785 ], [ 37.8207229, 55.7816958 ], [ 37.8207712, 55.7818406 ], [ 37.8208999, 55.7822765 ], [ 37.8209241, 55.7826611 ], [ 37.8209107, 55.7831754 ], [ 37.8208382, 55.7835676 ], [ 37.8207444, 55.7838556 ], [ 37.8206585, 55.7840517 ], [ 37.8203769, 55.78456 ], [ 37.8202388, 55.7848228 ], [ 37.8202215, 55.7848569 ], [ 37.8193551, 55.7864119 ], [ 37.8189622, 55.7871493 ], [ 37.8187852, 55.787512 ], [ 37.8187275, 55.7876417 ], [ 37.8186846, 55.7877797 ], [ 37.8186511, 55.7880067 ], [ 37.8186591, 55.7882374 ], [ 37.8186752, 55.7883045 ], [ 37.8187208, 55.7885036 ], [ 37.8187364, 55.788546 ], [ 37.8187559, 55.7886081 ], [ 37.8188421, 55.7887271 ], [ 37.8191597, 55.7887609 ], [ 37.8223211, 55.7888014 ], [ 37.8228718, 55.7888354 ], [ 37.8234202, 55.7888897 ], [ 37.8236982, 55.7890214 ], [ 37.8238399, 55.7894213 ], [ 37.8237625, 55.7899859 ], [ 37.8237333, 55.7901992 ], [ 37.8242156, 55.7901364 ], [ 37.8247549, 55.7900663 ], [ 37.8299659, 55.7893253 ], [ 37.8316585, 55.7886204 ], [ 37.8341552, 55.7876543 ], [ 37.838478, 55.7883781 ], [ 37.838445, 55.7898112 ], [ 37.8383742, 55.7920188 ] ] ] } },
{ "type": "Feature", "properties": { "name": "ООПТ Измайлово", "area_ha": 1209.8 }, "geometry": { "type": "Polygon", "coordinates": [ [ [ 37.8242156, 55.7901364 ], [ 37.8247549, 55.7900663 ], [ 37.8299659, 55.7893253 ], [ 37.8316585, 55.7886204 ], [ 37.8341552, 55.7876543 ], [ 37.838478, 55.7883781 ], [ 37.838445, 55.7898112 ], [ 37.8383742, 55.7920188 ], [ 37.8383254, 55.7945128 ], [ 37.8315772, 55.7944475 ], [ 37.8237254, 55.7943722 ], [ 37.8236694, 55.7943716 ], [ 37.8236691, 55.7944129 ], [ 37.8236799, 55.7953852 ], [ 37.8236545, 55.7964959 ], [ 37.8236505, 55.7967037 ], [ 37.8237533, 55.7967004 ], [ 37.8257012, 55.7967243 ], [ 37.8257748, 55.7985298 ], [ 37.8268863, 55.7988604 ], [ 37.8287397, 55.7993771 ], [ 37.8313164, 55.8000976 ], [ 37.8323711, 55.8003975 ], [ 37.8328907, 55.8006412 ], [ 37.8353019, 55.8017717 ], [ 37.8367691, 55.8024596 ], [ 37.8384908, 55.8034084 ], [ 37.8388396, 55.8036006 ], [ 37.8390302, 55.8034047 ], [ 37.8393286, 55.8029708 ], [ 37.8408833, 55.7887918 ], [ 37.8409725, 55.7879779 ], [ 37.841131, 55.7865363 ], [ 37.8414173, 55.783932 ], [ 37.8398843, 55.7836989 ], [ 37.8393708, 55.7836028 ], [ 37.8385332, 55.7834843 ], [ 37.8358216, 55.7831006 ], [ 37.833406, 55.7827417 ], [ 37.8307891, 55.7823528 ], [ 37.8296385, 55.7821819 ], [ 37.8294808, 55.7821584 ], [ 37.8287085, 55.7820437 ], [ 37.8242641, 55.7813833 ], [ 37.8235517, 55.7815909 ], [ 37.8209002, 55.7813663 ], [ 37.8208294, 55.7814396 ], [ 37.8203309, 55.7813648 ], [ 37.8199296, 55.7806979 ], [ 37.8187524, 55.7805779 ], [ 37.8188413, 55.7796254 ], [ 37.8189996, 55.779599 ], [ 37.819123, 55.7795387 ], [ 37.8192195, 55.7794376 ], [ 37.8192276, 55.7793743 ], [ 37.8190733, 55.7789014 ], [ 37.8189419, 55.778663 ], [ 37.8189218, 55.778574 ], [ 37.8191368, 55.777848 ], [ 37.8194417, 55.7748191 ], [ 37.8193853, 55.7747491 ], [ 37.8191217, 55.7747171 ], [ 37.8190767, 55.774616 ], [ 37.8192565, 55.7743969 ], [ 37.8191874, 55.7742856 ], [ 37.818723, 55.774373 ], [ 37.8184486, 55.7744247 ], [ 37.8182828, 55.7744559 ], [ 37.8173271, 55.7745553 ], [ 37.8164523, 55.7747508 ], [ 37.8160269, 55.774803 ], [ 37.8156194, 55.7746025 ], [ 37.815239, 55.7745081 ], [ 37.8150629, 55.7743481 ], [ 37.815227, 55.7741514 ], [ 37.8154277, 55.7740553 ], [ 37.8156913, 55.7739862 ], [ 37.8163055, 55.7738362 ], [ 37.8170215, 55.773597 ], [ 37.8172462, 55.7734605 ], [ 37.8177376, 55.7732751 ], [ 37.8183038, 55.7730392 ], [ 37.8184116, 55.7731218 ], [ 37.8188431, 55.7730122 ], [ 37.8192432, 55.7727727 ], [ 37.8196074, 55.7726838 ], [ 37.8196049, 55.7724627 ], [ 37.8195203, 55.7724106 ], [ 37.8193808, 55.7723809 ], [ 37.8193842, 55.7721327 ], [ 37.8193373, 55.7721053 ], [ 37.8191338, 55.7720181 ], [ 37.8189487, 55.7718996 ], [ 37.8187983, 55.7717709 ], [ 37.8187, 55.7717023 ], [ 37.8186138, 55.7716565 ], [ 37.8163519, 55.7712149 ], [ 37.8072956, 55.7694468 ], [ 37.8013075, 55.7682776 ], [ 37.795441, 55.7671321 ], [ 37.7931766, 55.76669 ], [ 37.7913405, 55.7663315 ], [ 37.7786623, 55.7661376 ], [ 37.7773576, 55.765901 ], [ 37.7764173, 55.7656061 ], [ 37.7719283, 55.7641984 ], [ 37.7704087, 55.7636337 ], [ 37.7691934, 55.7632178 ], [ 37.7689655, 55.7640147 ], [ 37.7687169, 55.7639353 ], [ 37.7640629, 55.7621507 ], [ 37.7612783, 55.761685 ], [ 37.7598823, 55.7614429 ], [ 37.7576337, 55.7610337 ], [ 37.7569801, 55.7622145 ], [ 37.7536177, 55.7615719 ], [ 37.7541351, 55.7605973 ], [ 37.7538275, 55.760441 ], [ 37.7536037, 55.760377 ], [ 37.7532207, 55.7604692 ], [ 37.7527382, 55.7613983 ], [ 37.7512589, 55.7637211 ], [ 37.7508716, 55.7645379 ], [ 37.7489354, 55.7657338 ], [ 37.7486937, 55.7659742 ], [ 37.7485588, 55.7662755 ], [ 37.7484523, 55.7671389 ], [ 37.7481848, 55.7695009 ], [ 37.7489605, 55.7695222 ], [ 37.7505049, 55.7695373 ], [ 37.7512951, 55.7695679 ], [ 37.7520831, 55.7697141 ], [ 37.752457, 55.7698111 ], [ 37.7527786, 55.7699188 ], [ 37.7536136, 55.7702657 ], [ 37.754238, 55.7706181 ], [ 37.7546602, 55.7710503 ], [ 37.7549692, 55.7716269 ], [ 37.7549863, 55.772053 ], [ 37.7548377, 55.7727488 ], [ 37.7543682, 55.7733931 ], [ 37.7535058, 55.7740752 ], [ 37.7534703, 55.7744626 ], [ 37.7535852, 55.7751289 ], [ 37.7535416, 55.7755472 ], [ 37.7534523, 55.7765744 ], [ 37.7534386, 55.776745 ], [ 37.7488683, 55.7766112 ], [ 37.7484289, 55.7800071 ], [ 37.7499012, 55.7800448 ], [ 37.7504644, 55.7800086 ], [ 37.7509096, 55.7799302 ], [ 37.7512851, 55.7799151 ], [ 37.7516498, 55.7799845 ], [ 37.7524754, 55.7799677 ], [ 37.752744, 55.7800026 ], [ 37.7531742, 55.7800752 ], [ 37.7531541, 55.7802932 ], [ 37.7521268, 55.7856853 ], [ 37.7535471, 55.7857028 ], [ 37.7535275, 55.7865368 ], [ 37.753527, 55.7865592 ], [ 37.7535165, 55.7867444 ], [ 37.7553502, 55.786776 ], [ 37.7553177, 55.7874097 ], [ 37.7538452, 55.7873693 ], [ 37.7538103, 55.787864 ], [ 37.7539993, 55.7878678 ], [ 37.7617567, 55.7882127 ], [ 37.7620286, 55.7881692 ], [ 37.7621753, 55.7880726 ], [ 37.7628575, 55.7882136 ], [ 37.76292, 55.7877117 ], [ 37.7652608, 55.7877475 ], [ 37.765904, 55.7877543 ], [ 37.7661661, 55.7875104 ], [ 37.7666432, 55.7874977 ], [ 37.7668763, 55.7875644 ], [ 37.7671095, 55.787631 ], [ 37.7681249, 55.7876802 ], [ 37.7685749, 55.7877047 ], [ 37.7689025, 55.7877499 ], [ 37.7693384, 55.787935 ], [ 37.7702794, 55.7879685 ], [ 37.77048, 55.787998 ], [ 37.7705077, 55.7880028 ], [ 37.7705324, 55.7880059 ], [ 37.7707014, 55.7879592 ], [ 37.7709642, 55.7878973 ], [ 37.7713371, 55.7878069 ], [ 37.7716857, 55.787736 ], [ 37.7720049, 55.7876817 ], [ 37.7723536, 55.7876364 ], [ 37.7726379, 55.7876063 ], [ 37.7730403, 55.7875942 ], [ 37.7734372, 55.7875897 ], [ 37.7737162, 55.7875837 ], [ 37.7739951, 55.7875897 ], [ 37.7742955, 55.7875927 ], [ 37.7743894, 55.7875942 ], [ 37.7743921, 55.7875204 ], [ 37.7762855, 55.7875921 ], [ 37.7768973, 55.7876153 ], [ 37.7772674, 55.7876184 ], [ 37.7776295, 55.7876228 ], [ 37.7780211, 55.7876289 ], [ 37.7783484, 55.7876319 ], [ 37.7787547, 55.7876326 ], [ 37.7790992, 55.7876331 ], [ 37.7795743, 55.7876344 ], [ 37.7795738, 55.7876576 ], [ 37.7803315, 55.7876644 ], [ 37.7803463, 55.7876592 ], [ 37.7823029, 55.7876852 ], [ 37.7832176, 55.7876973 ], [ 37.783225, 55.7876433 ], [ 37.7834664, 55.7876441 ], [ 37.7834643, 55.7877006 ], [ 37.7836161, 55.7877023 ], [ 37.7843165, 55.78774 ], [ 37.7848106, 55.7877763 ], [ 37.785379, 55.7878037 ], [ 37.7865045, 55.7878441 ], [ 37.7871648, 55.7878408 ], [ 37.7881407, 55.7878488 ], [ 37.788342, 55.7878505 ], [ 37.7883784, 55.7878677 ], [ 37.7887194, 55.7878746 ], [ 37.7887754, 55.7878567 ], [ 37.7888637, 55.7878624 ], [ 37.7902379, 55.7878919 ], [ 37.7922783, 55.7879495 ], [ 37.7938597, 55.7879667 ], [ 37.7942113, 55.7879711 ], [ 37.7944239, 55.7879738 ], [ 37.7944684, 55.7879496 ], [ 37.7962826, 55.7879654 ], [ 37.7962839, 55.7877776 ], [ 37.7971798, 55.7877831 ], [ 37.7971767, 55.7878143 ], [ 37.7971615, 55.788026 ], [ 37.7971514, 55.788165 ], [ 37.7961576, 55.7881348 ], [ 37.7945868, 55.7881213 ], [ 37.7945673, 55.7882024 ], [ 37.7944373, 55.7881983 ], [ 37.7944252, 55.7885806 ], [ 37.7955716, 55.7885887 ], [ 37.7987174, 55.7886717 ], [ 37.7998889, 55.78869 ], [ 37.8056688, 55.7887805 ], [ 37.8059891, 55.7888153 ], [ 37.8121653, 55.7889195 ], [ 37.8183528, 55.7890238 ], [ 37.8183557, 55.7886125 ], [ 37.8187559, 55.7886081 ], [ 37.8188421, 55.7887271 ], [ 37.8191597, 55.7887609 ], [ 37.8223211, 55.7888014 ], [ 37.8228718, 55.7888354 ], [ 37.8234202, 55.7888897 ], [ 37.8236982, 55.7890214 ], [ 37.8238399, 55.7894213 ], [ 37.8237625, 55.7899859 ], [ 37.8237333, 55.7901992 ], [ 37.8242156, 55.7901364 ] ] ] } },
{ "type": "Feature", "properties": { "name": "Усадьба Измайлово", "area_ha": 21.9 }, "geometry": { "type": "Polygon", "coordinates": [ [ [ 37.756729, 55.7912519 ], [ 37.7571913, 55.7913066 ], [ 37.7575848, 55.791279 ], [ 37.7574963, 55.7909534 ], [ 37.7582264, 55.7908928 ], [ 37.7584462, 55.7917236 ], [ 37.7585397, 55.7926385 ], [ 37.7584032, 55.7927931 ], [ 37.7581796, 55.7928988 ], [ 37.7574278, 55.7929343 ], [ 37.7566841, 55.7929564 ], [ 37.7566768, 55.7930683 ], [ 37.7567812, 55.7931452 ], [ 37.757081, 55.7932081 ], [ 37.7573794, 55.7932569 ], [ 37.7575609, 55.7932807 ], [ 37.7579356, 55.7933031 ], [ 37.7583374, 55.7933174 ], [ 37.7590874, 55.7933645 ], [ 37.7613727, 55.793507 ], [ 37.7633102, 55.79358 ], [ 37.7636506, 55.7935988 ], [ 37.7639312, 55.793597 ], [ 37.7642071, 55.7935675 ], [ 37.7645259, 55.7935244 ], [ 37.7653015, 55.7934427 ], [ 37.7656149, 55.7933882 ], [ 37.7658359, 55.7933514 ], [ 37.7660271, 55.7932922 ], [ 37.7676159, 55.7926899 ], [ 37.7678691, 55.7925815 ], [ 37.7679516, 55.7925279 ], [ 37.768009, 55.7924696 ], [ 37.7680266, 55.7923899 ], [ 37.7679864, 55.7923017 ], [ 37.7676687, 55.7917588 ], [ 37.767422, 55.7913123 ], [ 37.7671508, 55.7908814 ], [ 37.7670341, 55.790695 ], [ 37.7668222, 55.7904833 ], [ 37.7667791, 55.7904032 ], [ 37.7666508, 55.7903438 ], [ 37.7665046, 55.7903325 ], [ 37.7656452, 55.7903515 ], [ 37.765449, 55.790373 ], [ 37.7652852, 55.7903607 ], [ 37.7649203, 55.7902439 ], [ 37.764516, 55.790243 ], [ 37.7641944, 55.790266 ], [ 37.7638053, 55.7903079 ], [ 37.763763, 55.7903111 ], [ 37.7637261, 55.790146 ], [ 37.7636369, 55.7901523 ], [ 37.7635476, 55.7901586 ], [ 37.763584, 55.7903218 ], [ 37.7633188, 55.7903096 ], [ 37.7629201, 55.7902513 ], [ 37.7607771, 55.7898825 ], [ 37.7605313, 55.7898524 ], [ 37.7600969, 55.7898365 ], [ 37.7594129, 55.7898426 ], [ 37.7588642, 55.7898586 ], [ 37.7584978, 55.7899117 ], [ 37.7582012, 55.7900147 ], [ 37.7579327, 55.7901234 ], [ 37.7577218, 55.7902779 ], [ 37.75748, 55.7904638 ], [ 37.756831, 55.7910393 ], [ 37.756729, 55.7912519 ] ] ] } },
{ "type": "Feature", "properties": { "name": "Детский черкизовский парк", "area_ha": 10.9 }, "geometry": { "type": "Polygon", "coordinates": [ [ [ 37.7371014, 55.8054953 ], [ 37.7375121, 55.8037402 ], [ 37.737874, 55.8032676 ], [ 37.738433, 55.8025681 ], [ 37.7394765, 55.8010101 ], [ 37.7385556, 55.8008558 ], [ 37.7385787, 55.800789 ], [ 37.7387378, 55.80033 ], [ 37.7379293, 55.8001939 ], [ 37.7377045, 55.8006885 ], [ 37.7377842, 55.8006992 ], [ 37.7377479, 55.8007744 ], [ 37.7377108, 55.8008509 ], [ 37.7375558, 55.8009971 ], [ 37.7361925, 55.8007837 ], [ 37.7361617, 55.8007423 ], [ 37.7360555, 55.8006324 ], [ 37.7351694, 55.8005087 ], [ 37.735118, 55.8005022 ], [ 37.7349098, 55.8010121 ], [ 37.7349042, 55.8010258 ], [ 37.7347817, 55.8010091 ], [ 37.7346183, 55.8010336 ], [ 37.7345526, 55.8010514 ], [ 37.7342582, 55.8011599 ], [ 37.7340856, 55.8013598 ], [ 37.7340072, 55.8013628 ], [ 37.7337048, 55.801772 ], [ 37.7340362, 55.8018283 ], [ 37.734137, 55.8018267 ], [ 37.7347876, 55.8019604 ], [ 37.7346251, 55.8022362 ], [ 37.7347024, 55.8022691 ], [ 37.7355237, 55.8026248 ], [ 37.7360242, 55.8030541 ], [ 37.7357283, 55.8033851 ], [ 37.7350704, 55.8033778 ], [ 37.7350608, 55.8038338 ], [ 37.7350573, 55.8039407 ], [ 37.7350453, 55.8045644 ], [ 37.7343467, 55.8045626 ], [ 37.7343818, 55.8046043 ], [ 37.7344059, 55.804635 ], [ 37.7351051, 55.805386 ], [ 37.7352648, 55.8055559 ], [ 37.7370201, 55.8054987 ], [ 37.7371014, 55.8054953 ] ] ] } },
{ "type": "Feature", "properties": { "name": "Гончаровский парк", "area_ha": 6.8 }, "geometry": { "type": "Polygon", "coordinates": [ [ [ 37.5874672, 55.8152634 ], [ 37.5875462, 55.815271 ], [ 37.5877796, 55.8152956 ], [ 37.5878008, 55.8152979 ], [ 37.5894083, 55.8154714 ], [ 37.5895729, 55.8154888 ], [ 37.5895966, 55.8154103 ], [ 37.5896243, 55.8153186 ], [ 37.5896395, 55.8152683 ], [ 37.5897964, 55.8147494 ], [ 37.5898906, 55.8144376 ], [ 37.5899055, 55.8143884 ], [ 37.589936, 55.8142873 ], [ 37.5899427, 55.8142652 ], [ 37.59006, 55.8138773 ], [ 37.5900706, 55.8138421 ], [ 37.5900819, 55.8138049 ], [ 37.5901283, 55.8136514 ], [ 37.5901397, 55.8136137 ], [ 37.5901791, 55.8134831 ], [ 37.5902397, 55.8132826 ], [ 37.5902855, 55.8131311 ], [ 37.5903484, 55.8129231 ], [ 37.5901993, 55.8129081 ], [ 37.5901315, 55.8129012 ], [ 37.5899145, 55.8128793 ], [ 37.589852, 55.812873 ], [ 37.5889214, 55.8127791 ], [ 37.5886108, 55.8127478 ], [ 37.5874592, 55.8126316 ], [ 37.5873124, 55.8126167 ], [ 37.5870617, 55.8125914 ], [ 37.5868504, 55.8125701 ], [ 37.5866755, 55.8125525 ], [ 37.5866027, 55.8127848 ], [ 37.5866189, 55.8127866 ], [ 37.5865912, 55.8128638 ], [ 37.5865685, 55.812937 ], [ 37.5865552, 55.8129777 ], [ 37.5865343, 55.8130418 ], [ 37.5865069, 55.8131257 ], [ 37.5863313, 55.8136636 ], [ 37.5863192, 55.8137073 ], [ 37.5863353, 55.8137087 ], [ 37.5863086, 55.8138051 ], [ 37.5862877, 55.8138032 ], [ 37.5862765, 55.8138437 ], [ 37.5862572, 55.8139046 ], [ 37.5862348, 55.8139771 ], [ 37.5862007, 55.8140873 ], [ 37.5861822, 55.8141471 ], [ 37.5861643, 55.8142049 ], [ 37.5861402, 55.814283 ], [ 37.5861006, 55.8144108 ], [ 37.5860632, 55.8145319 ], [ 37.58604, 55.8146068 ], [ 37.586032, 55.8146324 ], [ 37.5860235, 55.81466 ], [ 37.586015, 55.8146876 ], [ 37.5860064, 55.8147152 ], [ 37.5859979, 55.8147428 ], [ 37.5859128, 55.8150179 ], [ 37.5858874, 55.8151 ], [ 37.5860379, 55.8151159 ], [ 37.5867052, 55.8151847 ], [ 37.5869538, 55.8152103 ], [ 37.5870861, 55.8152239 ], [ 37.5874672, 55.8152634 ] ] ] } },
{ "type": "Feature", "properties": { "name": "Парк «Дубовая роща»", "area_ha": 8.2 }, "geometry": { "type": "Polygon", "coordinates": [ [ [ 37.6100025, 55.8213193 ], [ 37.6101453, 55.8208204 ], [ 37.60956, 55.8207946 ], [ 37.6096219, 55.8205788 ], [ 37.6094008, 55.8205577 ], [ 37.6096016, 55.8197948 ], [ 37.6099451, 55.8198037 ], [ 37.6100845, 55.8193243 ], [ 37.6090578, 55.8193046 ], [ 37.6091223, 55.818202 ], [ 37.6091235, 55.8181848 ], [ 37.6091254, 55.8181559 ], [ 37.6091195, 55.8181421 ], [ 37.6091093, 55.8181299 ], [ 37.6090868, 55.8181221 ], [ 37.6090597, 55.8181181 ], [ 37.6089883, 55.818117 ], [ 37.6087552, 55.8181144 ], [ 37.6062889, 55.8180819 ], [ 37.6062662, 55.8180867 ], [ 37.6062498, 55.8180944 ], [ 37.6062413, 55.8181049 ], [ 37.6062385, 55.8181174 ], [ 37.606241, 55.8181286 ], [ 37.6062498, 55.8181399 ], [ 37.6062787, 55.8181641 ], [ 37.6063806, 55.8182434 ], [ 37.6064111, 55.8183314 ], [ 37.6064101, 55.8185139 ], [ 37.6064031, 55.8188027 ], [ 37.6057162, 55.8188761 ], [ 37.6057356, 55.8195081 ], [ 37.6057747, 55.8208014 ], [ 37.6058507, 55.8208007 ], [ 37.6058594, 55.8210844 ], [ 37.6058677, 55.8213532 ], [ 37.6100025, 55.8213193 ] ] ] } },
{ "type": "Feature", "properties": { "name": "Парк Дубки", "area_ha": 16.7 }, "geometry": { "type": "Polygon", "coordinates": [ [ [ 37.5681974, 55.818793 ], [ 37.5677289, 55.818905 ], [ 37.5689888, 55.8205055 ], [ 37.5687629, 55.820996 ], [ 37.5703273, 55.8212203 ], [ 37.5704459, 55.8209399 ], [ 37.5702277, 55.8206589 ], [ 37.570104, 55.8205003 ], [ 37.5693655, 55.819553 ], [ 37.5687331, 55.8187416 ], [ 37.5682492, 55.8188595 ], [ 37.5681974, 55.818793 ] ] ] } },
{ "type": "Feature", "properties": { "name": "Парк Дубки", "area_ha": 16.7 }, "geometry": { "type": "Polygon", "coordinates": [ [ [ 37.5645404, 55.8227909 ], [ 37.5649667, 55.8228746 ], [ 37.5663554, 55.8231428 ], [ 37.5673093, 55.8233271 ], [ 37.5675008, 55.8233617 ], [ 37.5680042, 55.8222458 ], [ 37.5687561, 55.8205789 ], [ 37.5687735, 55.820529 ], [ 37.567391, 55.8186283 ], [ 37.567268, 55.818644 ], [ 37.5671835, 55.818637 ], [ 37.567116, 55.8186167 ], [ 37.5670229, 55.8185711 ], [ 37.5670015, 55.8184881 ], [ 37.5671702, 55.8182515 ], [ 37.5655306, 55.8179255 ], [ 37.5639041, 55.8197795 ], [ 37.5633033, 55.8204644 ], [ 37.5630371, 55.8208648 ], [ 37.5630089, 55.8211751 ], [ 37.5630452, 55.8213847 ], [ 37.5630891, 55.8215744 ], [ 37.5631063, 55.8218061 ], [ 37.5631098, 55.8220398 ], [ 37.5630698, 55.8223216 ], [ 37.563031, 55.8225069 ], [ 37.5632437, 55.8225469 ], [ 37.5645404, 55.8227909 ] ] ] } },
{ "type": "Feature", "properties": { "name": "Парк Останкино", "area_ha": 84.3 }, "geometry": { "type": "Polygon", "coordinates": [ [ [ 37.6155513, 55.8246716 ], [ 37.6155331, 55.82464 ], [ 37.615513, 55.8246051 ], [ 37.6154837, 55.8245613 ], [ 37.6154555, 55.8245284 ], [ 37.6154211, 55.8244975 ], [ 37.615384, 55.8244707 ], [ 37.6153399, 55.8244408 ], [ 37.6152976, 55.8244168 ], [ 37.6152476, 55.8243916 ], [ 37.6151462, 55.8243453 ], [ 37.6150718, 55.8243239 ], [ 37.6149995, 55.824305 ], [ 37.6148836, 55.8242832 ], [ 37.6148124, 55.824282 ], [ 37.6148127, 55.8242676 ], [ 37.6147842, 55.8242675 ], [ 37.614755, 55.8242673 ], [ 37.6147548, 55.8242819 ], [ 37.6147173, 55.8242821 ], [ 37.6146799, 55.8242823 ], [ 37.6146801, 55.8242677 ], [ 37.6146511, 55.8242675 ], [ 37.6146225, 55.8242674 ], [ 37.6146222, 55.8242814 ], [ 37.6145911, 55.8242816 ], [ 37.614529, 55.824282 ], [ 37.6144322, 55.8242967 ], [ 37.6143277, 55.8243179 ], [ 37.6142323, 55.8243445 ], [ 37.6141461, 55.8243724 ], [ 37.6140664, 55.8244093 ], [ 37.6140028, 55.8244444 ], [ 37.6139544, 55.8244753 ], [ 37.6139113, 55.8245061 ], [ 37.6138794, 55.8245406 ], [ 37.6138447, 55.8245875 ], [ 37.6138355, 55.8246002 ], [ 37.6138301, 55.8246135 ], [ 37.613826, 55.8246257 ], [ 37.613791, 55.8246245 ], [ 37.613789, 55.8247021 ], [ 37.613706, 55.8247018 ], [ 37.6136701, 55.8247017 ], [ 37.6136315, 55.8247016 ], [ 37.6134914, 55.8247011 ], [ 37.6134922, 55.8247318 ], [ 37.6126686, 55.8247216 ], [ 37.6124921, 55.8247132 ], [ 37.6124574, 55.8247116 ], [ 37.6124189, 55.8247097 ], [ 37.6120466, 55.8246947 ], [ 37.6120578, 55.8245593 ], [ 37.6118974, 55.8245525 ], [ 37.6118889, 55.8241238 ], [ 37.6118866, 55.8240586 ], [ 37.6102285, 55.8240575 ], [ 37.610215, 55.8240575 ], [ 37.6100894, 55.8240574 ], [ 37.6100756, 55.8240574 ], [ 37.6092357, 55.8240568 ], [ 37.609177, 55.8240569 ], [ 37.6091184, 55.8240569 ], [ 37.6090381, 55.8240569 ], [ 37.6088612, 55.824057 ], [ 37.6088371, 55.8238389 ], [ 37.6083923, 55.8238368 ], [ 37.6083909, 55.8238575 ], [ 37.6082094, 55.823858 ], [ 37.6082067, 55.823836 ], [ 37.6076303, 55.8238333 ], [ 37.6076329, 55.8243833 ], [ 37.6076757, 55.8246652 ], [ 37.6073874, 55.8246833 ], [ 37.6059109, 55.8247762 ], [ 37.6058788, 55.8238342 ], [ 37.6058796, 55.823792 ], [ 37.6054214, 55.8237934 ], [ 37.6053982, 55.8237935 ], [ 37.605375, 55.8237936 ], [ 37.6051373, 55.8237949 ], [ 37.6051129, 55.8238136 ], [ 37.604308, 55.8238197 ], [ 37.6042755, 55.8238044 ], [ 37.6032854, 55.8238078 ], [ 37.6031568, 55.823818 ], [ 37.6030858, 55.8238361 ], [ 37.6030444, 55.8238566 ], [ 37.6029683, 55.8239022 ], [ 37.6029046, 55.8239403 ], [ 37.6027957, 55.8240412 ], [ 37.6027443, 55.8240888 ], [ 37.6026066, 55.8248262 ], [ 37.6025305, 55.824821 ], [ 37.6025262, 55.8248444 ], [ 37.6025159, 55.8248997 ], [ 37.6025085, 55.8249397 ], [ 37.6025023, 55.8249732 ], [ 37.6024229, 55.8249688 ], [ 37.6023105, 55.8256404 ], [ 37.6022406, 55.8260581 ], [ 37.6022373, 55.8260747 ], [ 37.6022341, 55.8260914 ], [ 37.6014116, 55.8297172 ], [ 37.6014009, 55.8297743 ], [ 37.601397, 55.8297991 ], [ 37.6013834, 55.8298971 ], [ 37.6011937, 55.8301497 ], [ 37.6014397, 55.8302021 ], [ 37.6015189, 55.8302458 ], [ 37.6016932, 55.8303008 ], [ 37.6019896, 55.8303865 ], [ 37.602062, 55.8304158 ], [ 37.6022645, 55.83051 ], [ 37.6026803, 55.8305461 ], [ 37.6030209, 55.8306019 ], [ 37.6037745, 55.8307475 ], [ 37.6047647, 55.8309387 ], [ 37.6048037, 55.8309734 ], [ 37.604794, 55.8309798 ], [ 37.6047793, 55.8309873 ], [ 37.6047585, 55.8309896 ], [ 37.6047414, 55.8309883 ], [ 37.6047243, 55.8309832 ], [ 37.6046995, 55.8309736 ], [ 37.604683, 55.8309689 ], [ 37.6046676, 55.8309683 ], [ 37.6046539, 55.8309708 ], [ 37.6046535, 55.8309772 ], [ 37.6046532, 55.830984 ], [ 37.6046636, 55.8309851 ], [ 37.6046807, 55.8309913 ], [ 37.6046874, 55.8310003 ], [ 37.604686, 55.8310105 ], [ 37.6046787, 55.8310235 ], [ 37.6046706, 55.831035 ], [ 37.6046686, 55.8310484 ], [ 37.6046731, 55.8310601 ], [ 37.6046847, 55.831073 ], [ 37.6046936, 55.8310815 ], [ 37.6046974, 55.8310909 ], [ 37.6046931, 55.8311015 ], [ 37.6046827, 55.8311126 ], [ 37.6046713, 55.8311254 ], [ 37.6046575, 55.8311471 ], [ 37.6046438, 55.8311715 ], [ 37.6046344, 55.8312009 ], [ 37.6046378, 55.8312174 ], [ 37.6046451, 55.8312351 ], [ 37.6046586, 55.8312542 ], [ 37.6046693, 55.8312662 ], [ 37.6046736, 55.8312749 ], [ 37.6046844, 55.8312813 ], [ 37.6046971, 55.8312856 ], [ 37.6047301, 55.8313019 ], [ 37.6047541, 55.8313163 ], [ 37.6047826, 55.8313361 ], [ 37.6048034, 55.8313606 ], [ 37.6048416, 55.831388 ], [ 37.6048785, 55.8314126 ], [ 37.6049362, 55.8314536 ], [ 37.6049844, 55.8314856 ], [ 37.605024, 55.8315131 ], [ 37.6050602, 55.8315349 ], [ 37.6051058, 55.8315568 ], [ 37.6051943, 55.8315929 ], [ 37.6052741, 55.8316261 ], [ 37.6053244, 55.8316441 ], [ 37.6053881, 55.8316607 ], [ 37.6054599, 55.8316777 ], [ 37.6055122, 55.8316886 ], [ 37.6055531, 55.8316908 ], [ 37.6056047, 55.8316905 ], [ 37.6056691, 55.8316856 ], [ 37.6057415, 55.8316765 ], [ 37.6057978, 55.8316671 ], [ 37.6058508, 55.8316562 ], [ 37.6058964, 55.8316573 ], [ 37.6059339, 55.8316656 ], [ 37.6059668, 55.8316777 ], [ 37.6059849, 55.8316927 ], [ 37.6059936, 55.8317108 ], [ 37.6059943, 55.8317372 ], [ 37.6059909, 55.8317854 ], [ 37.6059883, 55.8318193 ], [ 37.6059789, 55.8318396 ], [ 37.6059534, 55.831866 ], [ 37.605938, 55.8318886 ], [ 37.605936, 55.8319025 ], [ 37.605944, 55.8319175 ], [ 37.6059541, 55.8319465 ], [ 37.6059675, 55.8319669 ], [ 37.6059769, 55.8319899 ], [ 37.6059876, 55.8320388 ], [ 37.6059943, 55.832064 ], [ 37.6060057, 55.8320851 ], [ 37.6060245, 55.8321047 ], [ 37.6060285, 55.8321247 ], [ 37.6060325, 55.8321435 ], [ 37.6060365, 55.8321541 ], [ 37.606056, 55.8321699 ], [ 37.6060761, 55.8321827 ], [ 37.6061056, 55.8321902 ], [ 37.6061458, 55.8321947 ], [ 37.6062062, 55.8321977 ], [ 37.6062525, 55.8322 ], [ 37.6062934, 55.8322094 ], [ 37.6063262, 55.8322267 ], [ 37.6063524, 55.8322516 ], [ 37.6063725, 55.8322727 ], [ 37.6063953, 55.8323137 ], [ 37.6064053, 55.8323344 ], [ 37.6064167, 55.8323529 ], [ 37.6064382, 55.832374 ], [ 37.6064644, 55.8323887 ], [ 37.6064905, 55.8324019 ], [ 37.6065247, 55.8324158 ], [ 37.6065743, 55.8324244 ], [ 37.6066125, 55.8324297 ], [ 37.6066454, 55.8324327 ], [ 37.6067762, 55.8324403 ], [ 37.6068258, 55.832447 ], [ 37.6068593, 55.8324561 ], [ 37.6068767, 55.8324711 ], [ 37.6068915, 55.8324922 ], [ 37.6069163, 55.8325465 ], [ 37.6069331, 55.8325777 ], [ 37.6069465, 55.832609 ], [ 37.6069579, 55.8326308 ], [ 37.606976, 55.8326527 ], [ 37.6070095, 55.8326786 ], [ 37.6070417, 55.8327012 ], [ 37.6070806, 55.832714 ], [ 37.6071195, 55.8327291 ], [ 37.607151, 55.8327472 ], [ 37.6071771, 55.8327739 ], [ 37.6072093, 55.8328123 ], [ 37.6072516, 55.8328421 ], [ 37.6072952, 55.8328662 ], [ 37.6073307, 55.8328786 ], [ 37.607379, 55.8328873 ], [ 37.6074172, 55.8329016 ], [ 37.6074447, 55.8329283 ], [ 37.6074561, 55.8329577 ], [ 37.6074608, 55.8329856 ], [ 37.6074608, 55.8330112 ], [ 37.6074662, 55.8330436 ], [ 37.6074762, 55.8330767 ], [ 37.6074849, 55.8331068 ], [ 37.607495, 55.8331358 ], [ 37.6074983, 55.8331614 ], [ 37.6074977, 55.8331874 ], [ 37.607495, 55.8332183 ], [ 37.6074963, 55.8332465 ], [ 37.6075037, 55.8332737 ], [ 37.6075178, 55.8333042 ], [ 37.6075379, 55.8333369 ], [ 37.6075781, 55.8333667 ], [ 37.6076137, 55.8333893 ], [ 37.6076472, 55.833404 ], [ 37.6076908, 55.8334152 ], [ 37.6077324, 55.8334288 ], [ 37.6078061, 55.8334608 ], [ 37.607841, 55.8334751 ], [ 37.6079201, 55.8335011 ], [ 37.6079925, 55.8335207 ], [ 37.6080274, 55.833532 ], [ 37.6080516, 55.8335497 ], [ 37.608077, 55.8335719 ], [ 37.6080985, 55.8336032 ], [ 37.6081119, 55.833645 ], [ 37.6081233, 55.8336747 ], [ 37.6081461, 55.8337063 ], [ 37.6081702, 55.833732 ], [ 37.6082031, 55.8337583 ], [ 37.6082386, 55.8337768 ], [ 37.608307, 55.8338118 ], [ 37.6083399, 55.8338325 ], [ 37.6083667, 55.8338528 ], [ 37.6084063, 55.8338762 ], [ 37.6084532, 55.833892 ], [ 37.6084921, 55.8339014 ], [ 37.6085216, 55.833915 ], [ 37.608539, 55.8339259 ], [ 37.6085813, 55.8339737 ], [ 37.6086396, 55.8340351 ], [ 37.6086618, 55.8340596 ], [ 37.6086953, 55.8340848 ], [ 37.6087496, 55.8341187 ], [ 37.6087818, 55.8341368 ], [ 37.6088133, 55.834159 ], [ 37.6088421, 55.8341756 ], [ 37.6088676, 55.8341865 ], [ 37.6088985, 55.8341948 ], [ 37.608928, 55.8341997 ], [ 37.6089601, 55.8341997 ], [ 37.6089923, 55.8341921 ], [ 37.6090145, 55.8341793 ], [ 37.6091796, 55.8340684 ], [ 37.6095442, 55.8338235 ], [ 37.6095829, 55.833808 ], [ 37.6096626, 55.8338043 ], [ 37.6096848, 55.8337894 ], [ 37.6097071, 55.8337746 ], [ 37.6097081, 55.8337296 ], [ 37.6097678, 55.8337308 ], [ 37.6098368, 55.833681 ], [ 37.6100165, 55.8335702 ], [ 37.6102697, 55.8329192 ], [ 37.6134984, 55.8308975 ], [ 37.6142988, 55.830761 ], [ 37.6145971, 55.8307575 ], [ 37.614596, 55.8307403 ], [ 37.6146413, 55.8307394 ], [ 37.6146423, 55.8307567 ], [ 37.6146554, 55.8307564 ], [ 37.6146928, 55.8307557 ], [ 37.6147303, 55.830755 ], [ 37.6147448, 55.8307547 ], [ 37.6147619, 55.8307544 ], [ 37.6147609, 55.8307372 ], [ 37.6148064, 55.8307363 ], [ 37.6148074, 55.8307535 ], [ 37.6151624, 55.8307505 ], [ 37.6166083, 55.8304405 ], [ 37.6174798, 55.8303283 ], [ 37.6175608, 55.8303189 ], [ 37.6177628, 55.8302955 ], [ 37.6177879, 55.8302928 ], [ 37.6183508, 55.8302287 ], [ 37.6183272, 55.8300159 ], [ 37.6194866, 55.8299753 ], [ 37.6194774, 55.8298526 ], [ 37.6189911, 55.8289422 ], [ 37.6189799, 55.8289137 ], [ 37.618891, 55.8289171 ], [ 37.6188888, 55.8289113 ], [ 37.6187947, 55.8286588 ], [ 37.6187325, 55.8286639 ], [ 37.6185799, 55.8280486 ], [ 37.6183833, 55.8280617 ], [ 37.6181598, 55.8271938 ], [ 37.6180897, 55.8269216 ], [ 37.6180064, 55.8262408 ], [ 37.6177544, 55.8255016 ], [ 37.6178148, 55.8254041 ], [ 37.6185577, 55.8253519 ], [ 37.6184126, 55.8245637 ], [ 37.6177154, 55.8246024 ], [ 37.6176924, 55.8246037 ], [ 37.6176693, 55.824605 ], [ 37.617185, 55.8246319 ], [ 37.6173348, 55.8250758 ], [ 37.617372, 55.825186 ], [ 37.6169553, 55.8252307 ], [ 37.6169567, 55.8252349 ], [ 37.6169492, 55.8252357 ], [ 37.6169416, 55.8252364 ], [ 37.6169403, 55.8252323 ], [ 37.616929, 55.8252335 ], [ 37.6169186, 55.8252347 ], [ 37.6169199, 55.8252388 ], [ 37.6169049, 55.8252404 ], [ 37.6169035, 55.8252363 ], [ 37.6168524, 55.8252417 ], [ 37.6167974, 55.8252476 ], [ 37.6167987, 55.8252517 ], [ 37.6167837, 55.8252533 ], [ 37.6167823, 55.8252492 ], [ 37.6167739, 55.8252501 ], [ 37.6167649, 55.8252511 ], [ 37.6167662, 55.8252552 ], [ 37.616759, 55.825256 ], [ 37.6167511, 55.8252568 ], [ 37.6167498, 55.8252526 ], [ 37.6166872, 55.8252592 ], [ 37.61668, 55.8252414 ], [ 37.6166747, 55.8252282 ], [ 37.6166608, 55.8251937 ], [ 37.6166216, 55.8250966 ], [ 37.6164948, 55.8247822 ], [ 37.6164872, 55.8247671 ], [ 37.6164663, 55.8247236 ], [ 37.6162266, 55.8247238 ], [ 37.616218, 55.8247238 ], [ 37.6161373, 55.8247238 ], [ 37.6160345, 55.8247235 ], [ 37.6159944, 55.8247236 ], [ 37.615959, 55.8247237 ], [ 37.615548, 55.824731 ], [ 37.6155513, 55.8246716 ] ] ] } },
{ "type": "Feature", "properties": { "name": "Выставка достижений народного хозяйства", "area_ha": 233.2 }, "geometry": { "type": "Polygon", "coordinates": [ [ [ 37.6397731, 55.832014 ], [ 37.6398731, 55.8319657 ], [ 37.6409467, 55.8316054 ], [ 37.6409021, 55.8315635 ], [ 37.641313, 55.8314242 ], [ 37.6422101, 55.831134 ], [ 37.6422695, 55.8311151 ], [ 37.6429389, 55.8309049 ], [ 37.6430925, 55.8308939 ], [ 37.6452537, 55.8301661 ], [ 37.6443067, 55.829157 ], [ 37.6442575, 55.8291039 ], [ 37.6442184, 55.8290618 ], [ 37.6441741, 55.82901 ], [ 37.6441604, 55.8289953 ], [ 37.6436315, 55.8284479 ], [ 37.6432522, 55.8280155 ], [ 37.6427851, 55.8281 ], [ 37.6427183, 55.8280632 ], [ 37.6426192, 55.8280151 ], [ 37.6425556, 55.8279842 ], [ 37.6423686, 55.8278822 ], [ 37.6420716, 55.8277374 ], [ 37.6414959, 55.8274393 ], [ 37.6409047, 55.8271294 ], [ 37.6407378, 55.8270423 ], [ 37.640608, 55.8269724 ], [ 37.6406264, 55.8269613 ], [ 37.640512, 55.8269017 ], [ 37.6404937, 55.8269128 ], [ 37.6401391, 55.8267254 ], [ 37.6401503, 55.8267185 ], [ 37.6396319, 55.8264533 ], [ 37.6396071, 55.8264407 ], [ 37.6395977, 55.8264358 ], [ 37.6396152, 55.826425 ], [ 37.6394743, 55.8263529 ], [ 37.639345, 55.8264326 ], [ 37.6393861, 55.8264537 ], [ 37.6393582, 55.8264709 ], [ 37.6394052, 55.8264949 ], [ 37.6393963, 55.8264992 ], [ 37.6393481, 55.8265188 ], [ 37.6392685, 55.826547 ], [ 37.6392698, 55.8265489 ], [ 37.6392705, 55.8265545 ], [ 37.6392681, 55.82656 ], [ 37.6392628, 55.8265647 ], [ 37.6392552, 55.8265684 ], [ 37.6392459, 55.8265705 ], [ 37.6392359, 55.8265709 ], [ 37.6392262, 55.8265695 ], [ 37.6392177, 55.8265666 ], [ 37.6392147, 55.8265646 ], [ 37.6391951, 55.8265706 ], [ 37.6391416, 55.8265838 ], [ 37.6390897, 55.8265959 ], [ 37.6390901, 55.8265989 ], [ 37.6390877, 55.8266044 ], [ 37.6390824, 55.8266091 ], [ 37.6390748, 55.8266128 ], [ 37.6390655, 55.8266149 ], [ 37.6390555, 55.8266153 ], [ 37.6390458, 55.8266139 ], [ 37.6390373, 55.826611 ], [ 37.639031, 55.8266068 ], [ 37.6390305, 55.8266069 ], [ 37.6389734, 55.8266158 ], [ 37.6389158, 55.8266235 ], [ 37.6388905, 55.8266264 ], [ 37.6388882, 55.8266315 ], [ 37.6388829, 55.8266362 ], [ 37.6388753, 55.8266399 ], [ 37.638866, 55.826642 ], [ 37.638856, 55.8266424 ], [ 37.6388463, 55.826641 ], [ 37.6388378, 55.8266381 ], [ 37.6388313, 55.8266338 ], [ 37.6388298, 55.8266317 ], [ 37.6387986, 55.8266333 ], [ 37.6387383, 55.826636 ], [ 37.6386862, 55.8266361 ], [ 37.6386851, 55.8266387 ], [ 37.6386798, 55.8266434 ], [ 37.6386722, 55.8266471 ], [ 37.6386629, 55.8266492 ], [ 37.6386529, 55.8266496 ], [ 37.6386432, 55.8266482 ], [ 37.6386347, 55.8266453 ], [ 37.6386282, 55.826641 ], [ 37.6386245, 55.8266358 ], [ 37.6386244, 55.8266353 ], [ 37.6386155, 55.8266352 ], [ 37.6385487, 55.8266313 ], [ 37.6384846, 55.8266254 ], [ 37.6384823, 55.8266274 ], [ 37.6384747, 55.8266311 ], [ 37.6384654, 55.8266332 ], [ 37.6384554, 55.8266336 ], [ 37.6384457, 55.8266322 ], [ 37.6384372, 55.8266293 ], [ 37.6384307, 55.826625 ], [ 37.638427, 55.8266198 ], [ 37.6384269, 55.8266188 ], [ 37.6384191, 55.826618 ], [ 37.6383545, 55.8266081 ], [ 37.6382931, 55.8265963 ], [ 37.6382892, 55.8265954 ], [ 37.6382882, 55.8265963 ], [ 37.6382806, 55.8266 ], [ 37.6382713, 55.8266021 ], [ 37.6382613, 55.8266025 ], [ 37.6382516, 55.8266011 ], [ 37.6382431, 55.8265982 ], [ 37.6382366, 55.8265939 ], [ 37.6382329, 55.8265887 ], [ 37.6382321, 55.8265831 ], [ 37.6382323, 55.8265825 ], [ 37.6382304, 55.8265821 ], [ 37.6381723, 55.8265667 ], [ 37.6381138, 55.8265482 ], [ 37.6381018, 55.8265441 ], [ 37.6380998, 55.826545 ], [ 37.6380905, 55.8265471 ], [ 37.6380805, 55.8265475 ], [ 37.6380708, 55.8265461 ], [ 37.6380623, 55.8265432 ], [ 37.6380558, 55.8265389 ], [ 37.6380521, 55.8265337 ], [ 37.6380513, 55.8265281 ], [ 37.638052, 55.8265266 ], [ 37.6380085, 55.8265074 ], [ 37.6379579, 55.8264826 ], [ 37.637952, 55.8264795 ], [ 37.63794, 55.8264865 ], [ 37.6378724, 55.8265264 ], [ 37.6378573, 55.8265356 ], [ 37.6377994, 55.8265039 ], [ 37.63782, 55.8264913 ], [ 37.6379774, 55.826395 ], [ 37.6379983, 55.8263822 ], [ 37.6379708, 55.8263681 ], [ 37.6378823, 55.8263224 ], [ 37.6378874, 55.8263193 ], [ 37.63791, 55.8263054 ], [ 37.6378778, 55.8262888 ], [ 37.6378012, 55.8262493 ], [ 37.6377741, 55.8262353 ], [ 37.6377556, 55.8262258 ], [ 37.6376427, 55.8261676 ], [ 37.6376261, 55.826159 ], [ 37.6375988, 55.8261449 ], [ 37.6375195, 55.826104 ], [ 37.6374926, 55.8260901 ], [ 37.6374699, 55.826104 ], [ 37.6374648, 55.8261071 ], [ 37.6373747, 55.8260606 ], [ 37.6373474, 55.8260466 ], [ 37.6373265, 55.8260593 ], [ 37.6371691, 55.8261556 ], [ 37.6371485, 55.8261682 ], [ 37.6371079, 55.8261463 ], [ 37.6371218, 55.8261387 ], [ 37.6371857, 55.8261018 ], [ 37.6371715, 55.8260937 ], [ 37.637184, 55.8260868 ], [ 37.6371428, 55.8260631 ], [ 37.637109, 55.8260403 ], [ 37.6371031, 55.8260416 ], [ 37.6370932, 55.826042 ], [ 37.6370834, 55.8260407 ], [ 37.6370749, 55.8260377 ], [ 37.6370685, 55.8260334 ], [ 37.6370647, 55.8260282 ], [ 37.637064, 55.8260226 ], [ 37.6370664, 55.8260171 ], [ 37.6370716, 55.8260123 ], [ 37.637072, 55.8260122 ], [ 37.6370348, 55.8259836 ], [ 37.6370023, 55.8259552 ], [ 37.6369928, 55.8259449 ], [ 37.6369849, 55.8259452 ], [ 37.6369751, 55.8259439 ], [ 37.6369666, 55.8259409 ], [ 37.6369602, 55.8259366 ], [ 37.6369564, 55.8259314 ], [ 37.6369557, 55.8259258 ], [ 37.6369581, 55.8259203 ], [ 37.6369633, 55.8259155 ], [ 37.6369652, 55.8259146 ], [ 37.6369483, 55.8258955 ], [ 37.6369267, 55.8258654 ], [ 37.6369101, 55.8258389 ], [ 37.6369094, 55.8258389 ], [ 37.6368997, 55.8258376 ], [ 37.6368912, 55.8258346 ], [ 37.6368847, 55.8258303 ], [ 37.636881, 55.8258251 ], [ 37.6368802, 55.8258195 ], [ 37.6368826, 55.825814 ], [ 37.6368879, 55.8258092 ], [ 37.6368923, 55.8258071 ], [ 37.6368896, 55.8258022 ], [ 37.6368736, 55.8257697 ], [ 37.6368643, 55.8257371 ], [ 37.6368619, 55.8257281 ], [ 37.6368575, 55.8257275 ], [ 37.6368489, 55.8257245 ], [ 37.6368425, 55.8257202 ], [ 37.6368387, 55.825715 ], [ 37.636838, 55.8257094 ], [ 37.6368404, 55.8257039 ], [ 37.6368457, 55.8256992 ], [ 37.6368533, 55.8256955 ], [ 37.6368544, 55.8256953 ], [ 37.6368511, 55.825671 ], [ 37.6368484, 55.8256346 ], [ 37.6368497, 55.8256146 ], [ 37.6368419, 55.8256119 ], [ 37.6368354, 55.8256076 ], [ 37.6368317, 55.8256024 ], [ 37.6368309, 55.8255968 ], [ 37.6368333, 55.8255913 ], [ 37.6368386, 55.8255865 ], [ 37.6368463, 55.8255829 ], [ 37.6368536, 55.8255812 ], [ 37.6368575, 55.8255586 ], [ 37.6368658, 55.8255234 ], [ 37.6368736, 55.8255016 ], [ 37.6368725, 55.8255015 ], [ 37.636864, 55.8254985 ], [ 37.6368576, 55.8254942 ], [ 37.6368538, 55.825489 ], [ 37.6368531, 55.8254834 ], [ 37.6368555, 55.8254779 ], [ 37.6368608, 55.8254732 ], [ 37.6368684, 55.8254695 ], [ 37.6368777, 55.8254674 ], [ 37.6368877, 55.825467 ], [ 37.6368882, 55.8254671 ], [ 37.6368957, 55.8254514 ], [ 37.6369168, 55.8254152 ], [ 37.6369334, 55.8253915 ], [ 37.6369304, 55.8253904 ], [ 37.636924, 55.8253861 ], [ 37.6369202, 55.8253809 ], [ 37.6369195, 55.8253753 ], [ 37.6369219, 55.8253698 ], [ 37.6369271, 55.8253651 ], [ 37.6369348, 55.8253614 ], [ 37.6369441, 55.8253593 ], [ 37.6369541, 55.8253589 ], [ 37.636959, 55.8253596 ], [ 37.6369691, 55.8253476 ], [ 37.6369987, 55.8253154 ], [ 37.6370345, 55.8252859 ], [ 37.6370437, 55.8252791 ], [ 37.6370866, 55.8253008 ], [ 37.637113, 55.8252842 ], [ 37.6371732, 55.8253146 ], [ 37.6373124, 55.8252277 ], [ 37.6372882, 55.8252154 ], [ 37.637152, 55.8251466 ], [ 37.6371311, 55.8251597 ], [ 37.6371122, 55.8251502 ], [ 37.6365829, 55.8248827 ], [ 37.6365515, 55.8248669 ], [ 37.6363659, 55.8247736 ], [ 37.6362471, 55.8246891 ], [ 37.635922, 55.8248969 ], [ 37.6358121, 55.8248426 ], [ 37.6357886, 55.8248564 ], [ 37.635612, 55.8249104 ], [ 37.6352352, 55.8250241 ], [ 37.6341649, 55.8254494 ], [ 37.633748, 55.8256151 ], [ 37.6327678, 55.8260047 ], [ 37.6325612, 55.8260868 ], [ 37.6325133, 55.8261056 ], [ 37.631304, 55.8265789 ], [ 37.631076, 55.8266708 ], [ 37.6310357, 55.8267251 ], [ 37.6309331, 55.8267348 ], [ 37.6308794, 55.8267386 ], [ 37.6308615, 55.8266406 ], [ 37.6307224, 55.8266488 ], [ 37.6305865, 55.8266565 ], [ 37.6303033, 55.8253538 ], [ 37.629918, 55.8253804 ], [ 37.6266862, 55.825584 ], [ 37.626741, 55.8261614 ], [ 37.626668, 55.826165 ], [ 37.6266731, 55.8261939 ], [ 37.6261642, 55.826222 ], [ 37.6261756, 55.8262934 ], [ 37.6260261, 55.8263021 ], [ 37.6258886, 55.8263062 ], [ 37.6257317, 55.8262964 ], [ 37.6257303, 55.8262693 ], [ 37.6256698, 55.8262678 ], [ 37.6254219, 55.8262618 ], [ 37.6254178, 55.8262338 ], [ 37.6241653, 55.8262925 ], [ 37.6241029, 55.8262975 ], [ 37.6241362, 55.8265127 ], [ 37.6241982, 55.8268615 ], [ 37.6229676, 55.8269492 ], [ 37.6219286, 55.8270221 ], [ 37.6217911, 55.8270312 ], [ 37.6219698, 55.8278166 ], [ 37.6221251, 55.8284419 ], [ 37.6227065, 55.8283828 ], [ 37.6227075, 55.828387 ], [ 37.6227178, 55.828432 ], [ 37.6227219, 55.8284497 ], [ 37.6227357, 55.8285101 ], [ 37.622785, 55.828725 ], [ 37.6223983, 55.8288729 ], [ 37.6225576, 55.8289872 ], [ 37.6229095, 55.8292185 ], [ 37.6229525, 55.8292465 ], [ 37.6229925, 55.8292727 ], [ 37.6231401, 55.8293706 ], [ 37.6232369, 55.8294346 ], [ 37.6232402, 55.8294368 ], [ 37.6225609, 55.8294802 ], [ 37.6226002, 55.8297134 ], [ 37.6225485, 55.8297167 ], [ 37.6224753, 55.8297205 ], [ 37.6224792, 55.829741 ], [ 37.6224507, 55.8297649 ], [ 37.6224307, 55.8297661 ], [ 37.6223959, 55.8297684 ], [ 37.6223897, 55.8297688 ], [ 37.6221869, 55.8297814 ], [ 37.6221307, 55.8297857 ], [ 37.6221107, 55.8297867 ], [ 37.6220744, 55.8297665 ], [ 37.622071, 55.829746 ], [ 37.6220413, 55.8297475 ], [ 37.6219515, 55.8293843 ], [ 37.6219404, 55.8293406 ], [ 37.621803, 55.8287784 ], [ 37.6217924, 55.8287322 ], [ 37.6201902, 55.8288237 ], [ 37.6196699, 55.8288637 ], [ 37.6193431, 55.8288865 ], [ 37.6189799, 55.8289137 ], [ 37.6189911, 55.8289422 ], [ 37.6194774, 55.8298526 ], [ 37.6194866, 55.8299753 ], [ 37.6183272, 55.8300159 ], [ 37.6183508, 55.8302287 ], [ 37.6177879, 55.8302928 ], [ 37.6177628, 55.8302955 ], [ 37.6175608, 55.8303189 ], [ 37.6174798, 55.8303283 ], [ 37.6166083, 55.8304405 ], [ 37.6151624, 55.8307505 ], [ 37.6148074, 55.8307535 ], [ 37.6148064, 55.8307363 ], [ 37.6147609, 55.8307372 ], [ 37.6147619, 55.8307544 ], [ 37.6147448, 55.8307547 ], [ 37.6147303, 55.830755 ], [ 37.6146928, 55.8307557 ], [ 37.6146554, 55.8307564 ], [ 37.6146423, 55.8307567 ], [ 37.6146413, 55.8307394 ], [ 37.614596, 55.8307403 ], [ 37.6145971, 55.8307575 ], [ 37.6142988, 55.830761 ], [ 37.6134984, 55.8308975 ], [ 37.6102697, 55.8329192 ], [ 37.6100165, 55.8335702 ], [ 37.6098368, 55.833681 ], [ 37.6097678, 55.8337308 ], [ 37.6097081, 55.8337296 ], [ 37.6097071, 55.8337746 ], [ 37.6096848, 55.8337894 ], [ 37.6096626, 55.8338043 ], [ 37.6095829, 55.833808 ], [ 37.6095442, 55.8338235 ], [ 37.6091796, 55.8340684 ], [ 37.6092355, 55.8340984 ], [ 37.6092416, 55.8341017 ], [ 37.6092562, 55.8341096 ], [ 37.6092774, 55.834121 ], [ 37.6092961, 55.834131 ], [ 37.6093171, 55.8341423 ], [ 37.609342, 55.8341558 ], [ 37.609347, 55.8341585 ], [ 37.6094674, 55.8342256 ], [ 37.6094158, 55.8342569 ], [ 37.6094031, 55.834272 ], [ 37.609391, 55.8342923 ], [ 37.6093856, 55.8343175 ], [ 37.6093896, 55.8343548 ], [ 37.6094031, 55.8343883 ], [ 37.6094346, 55.8344211 ], [ 37.6095057, 55.8344795 ], [ 37.6095593, 55.8345092 ], [ 37.6095948, 55.8345284 ], [ 37.6096196, 55.8345371 ], [ 37.6096505, 55.8345397 ], [ 37.6097216, 55.8345412 ], [ 37.6098007, 55.8345431 ], [ 37.6100334, 55.8345484 ], [ 37.6103123, 55.8345585 ], [ 37.6104666, 55.8345717 ], [ 37.6105189, 55.83458 ], [ 37.6105577, 55.834589 ], [ 37.6105873, 55.834603 ], [ 37.6106047, 55.8346229 ], [ 37.6106134, 55.8346534 ], [ 37.610596, 55.8346798 ], [ 37.6105638, 55.8347013 ], [ 37.6104773, 55.8347442 ], [ 37.6104156, 55.8347769 ], [ 37.6103847, 55.8347984 ], [ 37.6103747, 55.8348282 ], [ 37.6103719, 55.8349207 ], [ 37.6103868, 55.8349536 ], [ 37.6105376, 55.8351064 ], [ 37.6112892, 55.8356533 ], [ 37.6115267, 55.8358136 ], [ 37.6116704, 55.8358967 ], [ 37.611758, 55.8359458 ], [ 37.6118258, 55.8359974 ], [ 37.6118942, 55.8360527 ], [ 37.6120014, 55.8361164 ], [ 37.6120658, 55.8361503 ], [ 37.6121631, 55.836197 ], [ 37.6122221, 55.8362139 ], [ 37.6122717, 55.8362271 ], [ 37.6122727, 55.8362428 ], [ 37.6122752, 55.836268 ], [ 37.6123158, 55.8366932 ], [ 37.6122647, 55.8367152 ], [ 37.6122603, 55.836717 ], [ 37.6122342, 55.8367276 ], [ 37.6122059, 55.836739 ], [ 37.6121775, 55.8367504 ], [ 37.6121391, 55.8367662 ], [ 37.6121289, 55.8367704 ], [ 37.6118865, 55.8368514 ], [ 37.6117874, 55.8387391 ], [ 37.6134615, 55.8396815 ], [ 37.6165709, 55.8401832 ], [ 37.6194369, 55.8407027 ], [ 37.6242045, 55.8407506 ], [ 37.6248907, 55.841608 ], [ 37.6257669, 55.8432425 ], [ 37.6267455, 55.843346 ], [ 37.6274392, 55.843175 ], [ 37.6281029, 55.8422665 ], [ 37.6285654, 55.8413332 ], [ 37.6288739, 55.8404394 ], [ 37.6288927, 55.8403739 ], [ 37.6287961, 55.8402428 ], [ 37.6287116, 55.8402157 ], [ 37.6288551, 55.8400659 ], [ 37.6289892, 55.8399379 ], [ 37.6292413, 55.8400192 ], [ 37.6299844, 55.8392873 ], [ 37.6315818, 55.8387601 ], [ 37.6320152, 55.8382401 ], [ 37.6320202, 55.8369447 ], [ 37.6320152, 55.8359499 ], [ 37.6321369, 55.8359499 ], [ 37.6330376, 55.8359499 ], [ 37.6342293, 55.835324 ], [ 37.6342639, 55.8347009 ], [ 37.6342033, 55.8347005 ], [ 37.6342529, 55.8338081 ], [ 37.6366684, 55.8338244 ], [ 37.6367257, 55.8335087 ], [ 37.6367306, 55.8334752 ], [ 37.6368561, 55.8333919 ], [ 37.6371177, 55.8332635 ], [ 37.637261, 55.8328699 ], [ 37.63844, 55.8324521 ], [ 37.6385429, 55.8324156 ], [ 37.6395567, 55.8320866 ], [ 37.6397731, 55.832014 ] ] ] } },
{ "type": "Feature", "properties": { "name": "Главный ботанический сад", "area_ha": 287.7 }, "geometry": { "type": "Polygon", "coordinates": [ [ [ 37.6264733, 55.8439205 ], [ 37.6262721, 55.8439054 ], [ 37.6263043, 55.8437985 ], [ 37.6264787, 55.8438211 ], [ 37.6264861, 55.8436008 ], [ 37.6265363, 55.8435101 ], [ 37.6267455, 55.843346 ], [ 37.6257669, 55.8432425 ], [ 37.6248907, 55.841608 ], [ 37.6242045, 55.8407506 ], [ 37.6194369, 55.8407027 ], [ 37.6165709, 55.8401832 ], [ 37.6134615, 55.8396815 ], [ 37.6117874, 55.8387391 ], [ 37.6118865, 55.8368514 ], [ 37.6121289, 55.8367704 ], [ 37.6121391, 55.8367662 ], [ 37.6121775, 55.8367504 ], [ 37.6122059, 55.836739 ], [ 37.6122342, 55.8367276 ], [ 37.6122603, 55.836717 ], [ 37.6122647, 55.8367152 ], [ 37.6123158, 55.8366932 ], [ 37.6122752, 55.836268 ], [ 37.6122727, 55.8362428 ], [ 37.6122717, 55.8362271 ], [ 37.6122221, 55.8362139 ], [ 37.6121631, 55.836197 ], [ 37.6120658, 55.8361503 ], [ 37.6120014, 55.8361164 ], [ 37.6118942, 55.8360527 ], [ 37.6118258, 55.8359974 ], [ 37.611758, 55.8359458 ], [ 37.6116704, 55.8358967 ], [ 37.6115267, 55.8358136 ], [ 37.6112892, 55.8356533 ], [ 37.6105376, 55.8351064 ], [ 37.6103868, 55.8349536 ], [ 37.6103719, 55.8349207 ], [ 37.6103747, 55.8348282 ], [ 37.6103847, 55.8347984 ], [ 37.6104156, 55.8347769 ], [ 37.6104773, 55.8347442 ], [ 37.6105638, 55.8347013 ], [ 37.610596, 55.8346798 ], [ 37.6106134, 55.8346534 ], [ 37.6106047, 55.8346229 ], [ 37.6105873, 55.834603 ], [ 37.6105577, 55.834589 ], [ 37.6105189, 55.83458 ], [ 37.6104666, 55.8345717 ], [ 37.6103123, 55.8345585 ], [ 37.6100334, 55.8345484 ], [ 37.6098007, 55.8345431 ], [ 37.6097216, 55.8345412 ], [ 37.6096505, 55.8345397 ], [ 37.6096196, 55.8345371 ], [ 37.6095948, 55.8345284 ], [ 37.6095593, 55.8345092 ], [ 37.6095057, 55.8344795 ], [ 37.6094346, 55.8344211 ], [ 37.6094031, 55.8343883 ], [ 37.6093896, 55.8343548 ], [ 37.6093856, 55.8343175 ], [ 37.609391, 55.8342923 ], [ 37.6094031, 55.834272 ], [ 37.6094158, 55.8342569 ], [ 37.6094674, 55.8342256 ], [ 37.609347, 55.8341585 ], [ 37.609342, 55.8341558 ], [ 37.6093171, 55.8341423 ], [ 37.6092961, 55.834131 ], [ 37.6092774, 55.834121 ], [ 37.6092562, 55.8341096 ], [ 37.6092416, 55.8341017 ], [ 37.6092355, 55.8340984 ], [ 37.6091796, 55.8340684 ], [ 37.6090145, 55.8341793 ], [ 37.6089923, 55.8341921 ], [ 37.6089601, 55.8341997 ], [ 37.608928, 55.8341997 ], [ 37.6088985, 55.8341948 ], [ 37.6088676, 55.8341865 ], [ 37.6088421, 55.8341756 ], [ 37.6088133, 55.834159 ], [ 37.6087818, 55.8341368 ], [ 37.6087496, 55.8341187 ], [ 37.6086953, 55.8340848 ], [ 37.6086618, 55.8340596 ], [ 37.6086396, 55.8340351 ], [ 37.6085813, 55.8339737 ], [ 37.608539, 55.8339259 ], [ 37.6085216, 55.833915 ], [ 37.6084921, 55.8339014 ], [ 37.6084532, 55.833892 ], [ 37.6084063, 55.8338762 ], [ 37.6083667, 55.8338528 ], [ 37.6083399, 55.8338325 ], [ 37.608307, 55.8338118 ], [ 37.6082386, 55.8337768 ], [ 37.6082031, 55.8337583 ], [ 37.6081702, 55.833732 ], [ 37.6081461, 55.8337063 ], [ 37.6081233, 55.8336747 ], [ 37.6081119, 55.833645 ], [ 37.6080985, 55.8336032 ], [ 37.608077, 55.8335719 ], [ 37.6080516, 55.8335497 ], [ 37.6080274, 55.833532 ], [ 37.6079925, 55.8335207 ], [ 37.6079201, 55.8335011 ], [ 37.607841, 55.8334751 ], [ 37.6078061, 55.8334608 ], [ 37.6077324, 55.8334288 ], [ 37.6076908, 55.8334152 ], [ 37.6076472, 55.833404 ], [ 37.6076137, 55.8333893 ], [ 37.6075781, 55.8333667 ], [ 37.6075379, 55.8333369 ], [ 37.6075178, 55.8333042 ], [ 37.6075037, 55.8332737 ], [ 37.6074963, 55.8332465 ], [ 37.607495, 55.8332183 ], [ 37.6074977, 55.8331874 ], [ 37.6074983, 55.8331614 ], [ 37.607495, 55.8331358 ], [ 37.6074849, 55.8331068 ], [ 37.6074762, 55.8330767 ], [ 37.6074662, 55.8330436 ], [ 37.6074608, 55.8330112 ], [ 37.6074608, 55.8329856 ], [ 37.6074561, 55.8329577 ], [ 37.6074447, 55.8329283 ], [ 37.6074172, 55.8329016 ], [ 37.607379, 55.8328873 ], [ 37.6073307, 55.8328786 ], [ 37.6072952, 55.8328662 ], [ 37.6072516, 55.8328421 ], [ 37.6072093, 55.8328123 ], [ 37.6071771, 55.8327739 ], [ 37.607151, 55.8327472 ], [ 37.6071195, 55.8327291 ], [ 37.6070806, 55.832714 ], [ 37.6070417, 55.8327012 ], [ 37.6070095, 55.8326786 ], [ 37.606976, 55.8326527 ], [ 37.6069579, 55.8326308 ], [ 37.6069465, 55.832609 ], [ 37.6069331, 55.8325777 ], [ 37.6069163, 55.8325465 ], [ 37.6068915, 55.8324922 ], [ 37.6068767, 55.8324711 ], [ 37.6068593, 55.8324561 ], [ 37.6068258, 55.832447 ], [ 37.6067762, 55.8324403 ], [ 37.6066454, 55.8324327 ], [ 37.6066125, 55.8324297 ], [ 37.6065743, 55.8324244 ], [ 37.6065247, 55.8324158 ], [ 37.6064905, 55.8324019 ], [ 37.6064644, 55.8323887 ], [ 37.6064382, 55.832374 ], [ 37.6064167, 55.8323529 ], [ 37.6064053, 55.8323344 ], [ 37.6063953, 55.8323137 ], [ 37.6063725, 55.8322727 ], [ 37.6063524, 55.8322516 ], [ 37.6063262, 55.8322267 ], [ 37.6062934, 55.8322094 ], [ 37.6062525, 55.8322 ], [ 37.6062062, 55.8321977 ], [ 37.6061458, 55.8321947 ], [ 37.6061056, 55.8321902 ], [ 37.6060761, 55.8321827 ], [ 37.606056, 55.8321699 ], [ 37.6060365, 55.8321541 ], [ 37.6060325, 55.8321435 ], [ 37.6060285, 55.8321247 ], [ 37.6060245, 55.8321047 ], [ 37.6060057, 55.8320851 ], [ 37.6059943, 55.832064 ], [ 37.6059876, 55.8320388 ], [ 37.6059769, 55.8319899 ], [ 37.6059675, 55.8319669 ], [ 37.6059541, 55.8319465 ], [ 37.605944, 55.8319175 ], [ 37.605936, 55.8319025 ], [ 37.605938, 55.8318886 ], [ 37.6059534, 55.831866 ], [ 37.6059789, 55.8318396 ], [ 37.6059883, 55.8318193 ], [ 37.6059909, 55.8317854 ], [ 37.6059943, 55.8317372 ], [ 37.6059936, 55.8317108 ], [ 37.6059849, 55.8316927 ], [ 37.6059668, 55.8316777 ], [ 37.6059339, 55.8316656 ], [ 37.6058964, 55.8316573 ], [ 37.6058508, 55.8316562 ], [ 37.6057978, 55.8316671 ], [ 37.6057415, 55.8316765 ], [ 37.6056691, 55.8316856 ], [ 37.6056047, 55.8316905 ], [ 37.6055531, 55.8316908 ], [ 37.6055122, 55.8316886 ], [ 37.6054599, 55.8316777 ], [ 37.6053881, 55.8316607 ], [ 37.6053244, 55.8316441 ], [ 37.6052741, 55.8316261 ], [ 37.6051943, 55.8315929 ], [ 37.6051058, 55.8315568 ], [ 37.6050602, 55.8315349 ], [ 37.605024, 55.8315131 ], [ 37.6049844, 55.8314856 ], [ 37.6049362, 55.8314536 ], [ 37.6048785, 55.8314126 ], [ 37.6048416, 55.831388 ], [ 37.6048034, 55.8313606 ], [ 37.6047826, 55.8313361 ], [ 37.6047541, 55.8313163 ], [ 37.6047301, 55.8313019 ], [ 37.6046971, 55.8312856 ], [ 37.6046844, 55.8312813 ], [ 37.6046736, 55.8312749 ], [ 37.6046693, 55.8312662 ], [ 37.6046586, 55.8312542 ], [ 37.6046451, 55.8312351 ], [ 37.6046378, 55.8312174 ], [ 37.6046344, 55.8312009 ], [ 37.6046438, 55.8311715 ], [ 37.6046575, 55.8311471 ], [ 37.6046713, 55.8311254 ], [ 37.6046827, 55.8311126 ], [ 37.6046931, 55.8311015 ], [ 37.6046974, 55.8310909 ], [ 37.6046936, 55.8310815 ], [ 37.6046847, 55.831073 ], [ 37.6046731, 55.8310601 ], [ 37.6046686, 55.8310484 ], [ 37.6046706, 55.831035 ], [ 37.6046787, 55.8310235 ], [ 37.604686, 55.8310105 ], [ 37.6046874, 55.8310003 ], [ 37.6046807, 55.8309913 ], [ 37.6046636, 55.8309851 ], [ 37.6046532, 55.830984 ], [ 37.6046535, 55.8309772 ], [ 37.6046539, 55.8309708 ], [ 37.6046676, 55.8309683 ], [ 37.604683, 55.8309689 ], [ 37.6046995, 55.8309736 ], [ 37.6047243, 55.8309832 ], [ 37.6047414, 55.8309883 ], [ 37.6047585, 55.8309896 ], [ 37.6047793, 55.8309873 ], [ 37.604794, 55.8309798 ], [ 37.6048037, 55.8309734 ], [ 37.6047647, 55.8309387 ], [ 37.6037745, 55.8307475 ], [ 37.6030209, 55.8306019 ], [ 37.6026803, 55.8305461 ], [ 37.6022645, 55.83051 ], [ 37.602062, 55.8304158 ], [ 37.6019896, 55.8303865 ], [ 37.6016932, 55.8303008 ], [ 37.6015189, 55.8302458 ], [ 37.6014397, 55.8302021 ], [ 37.6011937, 55.8301497 ], [ 37.6011755, 55.8301729 ], [ 37.6011938, 55.8301761 ], [ 37.6012107, 55.8301942 ], [ 37.6011997, 55.8302138 ], [ 37.6011674, 55.8302232 ], [ 37.6012264, 55.8302592 ], [ 37.6012469, 55.8302976 ], [ 37.6012425, 55.8303671 ], [ 37.6012293, 55.8304203 ], [ 37.6011683, 55.8305178 ], [ 37.6011001, 55.8305939 ], [ 37.6010424, 55.8306417 ], [ 37.6009764, 55.8306798 ], [ 37.6008463, 55.8307344 ], [ 37.6008276, 55.8307172 ], [ 37.6007921, 55.8307126 ], [ 37.6007612, 55.8307234 ], [ 37.600753, 55.8307434 ], [ 37.6007723, 55.8307607 ], [ 37.600743, 55.8307744 ], [ 37.6006284, 55.8308282 ], [ 37.6002692, 55.8310242 ], [ 37.5996871, 55.8313262 ], [ 37.5990578, 55.8316443 ], [ 37.5987285, 55.8318373 ], [ 37.5976765, 55.8323802 ], [ 37.5967813, 55.8328345 ], [ 37.5966897, 55.832879 ], [ 37.5966415, 55.8329036 ], [ 37.5965867, 55.8329317 ], [ 37.5959317, 55.8332629 ], [ 37.5954047, 55.8335818 ], [ 37.5948226, 55.8339238 ], [ 37.5941796, 55.834309 ], [ 37.5931938, 55.8349077 ], [ 37.5924616, 55.8353468 ], [ 37.5918065, 55.8357373 ], [ 37.5915651, 55.835888 ], [ 37.5914405, 55.8360644 ], [ 37.5915057, 55.836105 ], [ 37.5915006, 55.8361099 ], [ 37.5914726, 55.8361414 ], [ 37.5914423, 55.8361588 ], [ 37.5911452, 55.8363296 ], [ 37.5910047, 55.8365907 ], [ 37.5903155, 55.8378994 ], [ 37.5899815, 55.8385335 ], [ 37.5894262, 55.8396324 ], [ 37.5891366, 55.8401844 ], [ 37.5889729, 55.8404585 ], [ 37.5887812, 55.8407274 ], [ 37.5876399, 55.8419949 ], [ 37.5874297, 55.8422496 ], [ 37.5875611, 55.8422858 ], [ 37.5874029, 55.8425302 ], [ 37.5873662, 55.8425746 ], [ 37.5872519, 55.8427127 ], [ 37.5870926, 55.842896 ], [ 37.5870909, 55.842898 ], [ 37.5870877, 55.8429017 ], [ 37.5864803, 55.8435763 ], [ 37.5869979, 55.8437102 ], [ 37.5871577, 55.8447318 ], [ 37.5871731, 55.8448303 ], [ 37.58737, 55.8448318 ], [ 37.5876356, 55.8448338 ], [ 37.5881781, 55.8448378 ], [ 37.5881989, 55.844838 ], [ 37.5882158, 55.8448381 ], [ 37.588231, 55.844838 ], [ 37.5886447, 55.844835 ], [ 37.5887004, 55.8448347 ], [ 37.5887561, 55.8448344 ], [ 37.5893824, 55.8448326 ], [ 37.5898977, 55.8448312 ], [ 37.5899694, 55.844831 ], [ 37.5902057, 55.8448303 ], [ 37.5904576, 55.8448556 ], [ 37.5909785, 55.8442959 ], [ 37.5923293, 55.8451747 ], [ 37.5919147, 55.8459452 ], [ 37.5930731, 55.8461048 ], [ 37.5933493, 55.8459832 ], [ 37.5933594, 55.8460179 ], [ 37.5933973, 55.8461481 ], [ 37.5937808, 55.8462023 ], [ 37.5949487, 55.8464892 ], [ 37.5989032, 55.8462625 ], [ 37.6022049, 55.8463581 ], [ 37.6025265, 55.8463449 ], [ 37.6028109, 55.8463163 ], [ 37.6032132, 55.8463058 ], [ 37.6034868, 55.8462983 ], [ 37.6036853, 55.8462712 ], [ 37.6041493, 55.8462666 ], [ 37.6083256, 55.8461638 ], [ 37.6140728, 55.8460223 ], [ 37.614629, 55.8459999 ], [ 37.6148728, 55.8459715 ], [ 37.6165448, 55.8458409 ], [ 37.6195558, 55.8457607 ], [ 37.6219308, 55.8456824 ], [ 37.6225623, 55.8456616 ], [ 37.6264502, 55.8455156 ], [ 37.6264528, 55.8453333 ], [ 37.6264733, 55.8439205 ] ] ] } },
{ "type": "Feature", "properties": { "name": "Главный ботанический сад", "area_ha": 287.7 }, "geometry": { "type": "Polygon", "coordinates": [ [ [ 37.6320417, 55.844636 ], [ 37.6319335, 55.8445681 ], [ 37.6316245, 55.844443 ], [ 37.6304001, 55.8440854 ], [ 37.6302184, 55.8438214 ], [ 37.6328469, 55.8430263 ], [ 37.6335249, 55.8432526 ], [ 37.6341057, 55.84329 ], [ 37.635456, 55.8432842 ], [ 37.6356451, 55.8432191 ], [ 37.6358741, 55.8434173 ], [ 37.6359496, 55.8433185 ], [ 37.6361694, 55.8403443 ], [ 37.636176, 55.8402749 ], [ 37.6361832, 55.8402002 ], [ 37.6362045, 55.8399835 ], [ 37.6357397, 55.8399745 ], [ 37.6351562, 55.8395377 ], [ 37.635161, 55.8391434 ], [ 37.6346138, 55.839163 ], [ 37.634595, 55.8389838 ], [ 37.6344534, 55.8389983 ], [ 37.6337198, 55.8390415 ], [ 37.6337154, 55.8393397 ], [ 37.6333169, 55.8393321 ], [ 37.6333169, 55.8386102 ], [ 37.632755, 55.8386087 ], [ 37.6322025, 55.8387111 ], [ 37.6303786, 55.839291 ], [ 37.6300567, 55.8394687 ], [ 37.6292253, 55.8402715 ], [ 37.6290938, 55.8404913 ], [ 37.6286942, 55.8414883 ], [ 37.6282972, 55.8423016 ], [ 37.6273692, 55.8437112 ], [ 37.6268381, 55.844687 ], [ 37.6268274, 55.8458405 ], [ 37.6270151, 55.845909 ], [ 37.6317224, 55.8457697 ], [ 37.6319692, 55.8457253 ], [ 37.632523, 55.8457095 ], [ 37.6325861, 55.8456124 ], [ 37.6324744, 55.845093 ], [ 37.6324394, 55.8449304 ], [ 37.6323149, 55.8449467 ], [ 37.6320417, 55.844636 ] ] ] } },
{ "type": "Feature", "properties": { "name": "Сквер, прилегающий к Лазоревому проезду", "area_ha": 31.5 }, "geometry": { "type": "Polygon", "coordinates": [ [ [ 37.634078, 55.8574063 ], [ 37.6344582, 55.8566785 ], [ 37.6350734, 55.8567032 ], [ 37.6353378, 55.8566362 ], [ 37.635334, 55.8567767 ], [ 37.635444, 55.8567816 ], [ 37.6354232, 55.8569912 ], [ 37.6357041, 55.8570413 ], [ 37.6358895, 55.8567648 ], [ 37.6360917, 55.8567605 ], [ 37.6363013, 55.8567643 ], [ 37.6364723, 55.8567847 ], [ 37.6369, 55.8568272 ], [ 37.6373792, 55.8565294 ], [ 37.6376047, 55.856304 ], [ 37.6377078, 55.8559369 ], [ 37.6378824, 55.8556689 ], [ 37.6382431, 55.8553667 ], [ 37.6380888, 55.8548469 ], [ 37.6379072, 55.8544506 ], [ 37.6375691, 55.8541393 ], [ 37.6369297, 55.853809 ], [ 37.6368772, 55.853843 ], [ 37.6361822, 55.8535055 ], [ 37.6360165, 55.8533552 ], [ 37.6352568, 55.8533416 ], [ 37.6343277, 55.8533635 ], [ 37.6334236, 55.8534933 ], [ 37.6331919, 55.8535711 ], [ 37.6325335, 55.8538367 ], [ 37.6315985, 55.8540068 ], [ 37.6313257, 55.8540156 ], [ 37.6312312, 55.8540053 ], [ 37.6309725, 55.8539367 ], [ 37.6306865, 55.853694 ], [ 37.6306049, 55.853588 ], [ 37.6305243, 55.8533239 ], [ 37.6304494, 55.8529707 ], [ 37.6303979, 55.8524978 ], [ 37.6304051, 55.8523832 ], [ 37.6314028, 55.8522711 ], [ 37.6312536, 55.8521186 ], [ 37.6310633, 55.8514936 ], [ 37.6319852, 55.8514068 ], [ 37.6319748, 55.8512948 ], [ 37.6317234, 55.8510307 ], [ 37.6316055, 55.8508239 ], [ 37.6315747, 55.8501087 ], [ 37.6327964, 55.8495207 ], [ 37.6332702, 55.8494117 ], [ 37.6332673, 55.8493896 ], [ 37.6331158, 55.8492119 ], [ 37.6326827, 55.8492172 ], [ 37.6325083, 55.8491231 ], [ 37.631768, 55.8490335 ], [ 37.631662, 55.848904 ], [ 37.6316929, 55.8488528 ], [ 37.6324627, 55.8484998 ], [ 37.6325606, 55.8484425 ], [ 37.6326679, 55.8483175 ], [ 37.6330796, 55.8480962 ], [ 37.6334189, 55.8477726 ], [ 37.633553, 55.8477796 ], [ 37.6335637, 55.8476877 ], [ 37.6335159, 55.8476604 ], [ 37.6337394, 55.8474336 ], [ 37.6338574, 55.8471136 ], [ 37.6338226, 55.846849 ], [ 37.6328191, 55.8468769 ], [ 37.6327529, 55.8469691 ], [ 37.6327872, 55.8470534 ], [ 37.6328309, 55.8471912 ], [ 37.6328704, 55.8473079 ], [ 37.632872, 55.8473295 ], [ 37.6328696, 55.847348 ], [ 37.6328517, 55.8473773 ], [ 37.6328239, 55.847405 ], [ 37.6327844, 55.8474274 ], [ 37.6327444, 55.8474442 ], [ 37.6326633, 55.8474625 ], [ 37.6326221, 55.8474742 ], [ 37.6325788, 55.8474904 ], [ 37.6325328, 55.8475119 ], [ 37.6324883, 55.8475362 ], [ 37.63245, 55.8475632 ], [ 37.6324112, 55.8475982 ], [ 37.6323656, 55.8476472 ], [ 37.6323268, 55.8476736 ], [ 37.6322648, 55.8477051 ], [ 37.632191, 55.8477311 ], [ 37.6321178, 55.8477445 ], [ 37.6319055, 55.847961 ], [ 37.6316552, 55.8480949 ], [ 37.6316059, 55.8481081 ], [ 37.6316067, 55.848134 ], [ 37.6316077, 55.8481545 ], [ 37.6316057, 55.8481606 ], [ 37.6315977, 55.8481711 ], [ 37.6315822, 55.8481897 ], [ 37.6315625, 55.8482118 ], [ 37.631542, 55.8482317 ], [ 37.6315192, 55.8482511 ], [ 37.6314967, 55.8482677 ], [ 37.6314726, 55.8482835 ], [ 37.6314495, 55.8482983 ], [ 37.6314267, 55.8483115 ], [ 37.6314056, 55.8483232 ], [ 37.6313831, 55.8483335 ], [ 37.6313449, 55.8483495 ], [ 37.6313288, 55.8483557 ], [ 37.6312754, 55.8483742 ], [ 37.6312604, 55.8483789 ], [ 37.6312302, 55.8483862 ], [ 37.631202, 55.8483945 ], [ 37.6311692, 55.8484051 ], [ 37.631134, 55.8484169 ], [ 37.6310991, 55.8484301 ], [ 37.6310656, 55.848444 ], [ 37.6310421, 55.8484557 ], [ 37.6310287, 55.8484628 ], [ 37.6309707, 55.8484989 ], [ 37.6309231, 55.8485327 ], [ 37.6308567, 55.8485788 ], [ 37.6308088, 55.8486134 ], [ 37.6307695, 55.8486345 ], [ 37.6307323, 55.8486505 ], [ 37.6306918, 55.8486633 ], [ 37.6306569, 55.8486708 ], [ 37.63062, 55.8486767 ], [ 37.6305835, 55.8486806 ], [ 37.6305348, 55.8486806 ], [ 37.6304765, 55.8486821 ], [ 37.6304255, 55.8486849 ], [ 37.6303793, 55.8486889 ], [ 37.630335, 55.848694 ], [ 37.6302797, 55.8487023 ], [ 37.6302287, 55.848712 ], [ 37.6301794, 55.8487241 ], [ 37.6301446, 55.8487341 ], [ 37.6300966, 55.8487542 ], [ 37.6300581, 55.8487747 ], [ 37.6300276, 55.8487964 ], [ 37.6300004, 55.8488206 ], [ 37.6299783, 55.8488487 ], [ 37.6299645, 55.8488631 ], [ 37.6299458, 55.8488758 ], [ 37.6299246, 55.848886 ], [ 37.6299002, 55.848895 ], [ 37.6298705, 55.8489006 ], [ 37.629838, 55.8489032 ], [ 37.6298043, 55.8489076 ], [ 37.6296949, 55.8488324 ], [ 37.6294614, 55.8486818 ], [ 37.6293318, 55.8485519 ], [ 37.6288648, 55.8487434 ], [ 37.6286391, 55.8487067 ], [ 37.6284796, 55.8490817 ], [ 37.6284219, 55.8493332 ], [ 37.6281162, 55.8497615 ], [ 37.628088, 55.8500988 ], [ 37.6278976, 55.8500913 ], [ 37.6281678, 55.8504207 ], [ 37.6281533, 55.8508938 ], [ 37.6278342, 55.8514695 ], [ 37.6274994, 55.8518308 ], [ 37.6272558, 55.8533582 ], [ 37.6274959, 55.8540181 ], [ 37.6276389, 55.8542685 ], [ 37.6277081, 55.8543896 ], [ 37.6280376, 55.8547888 ], [ 37.6285981, 55.8553285 ], [ 37.628792, 55.8553418 ], [ 37.6290308, 55.855619 ], [ 37.629119, 55.8556241 ], [ 37.6293362, 55.8555501 ], [ 37.6296794, 55.8553103 ], [ 37.6297568, 55.8552563 ], [ 37.6301773, 55.8551407 ], [ 37.6307867, 55.8551936 ], [ 37.6312588, 55.8551888 ], [ 37.6315506, 55.8550684 ], [ 37.6321584, 55.855387 ], [ 37.6324604, 55.8555453 ], [ 37.6327952, 55.8559355 ], [ 37.6325634, 55.8563017 ], [ 37.6320484, 55.8563065 ], [ 37.6319966, 55.8565085 ], [ 37.6318768, 55.8569761 ], [ 37.6331709, 55.8571397 ], [ 37.634078, 55.8574063 ] ] ] } },
{ "type": "Feature", "properties": { "name": "Экологический парк \"Лихоборка\"", "area_ha": 5.3 }, "geometry": { "type": "Polygon", "coordinates": [ [ [ 37.5744063, 55.8536189 ], [ 37.5747603, 55.8538237 ], [ 37.5748837, 55.8540405 ], [ 37.5753611, 55.8544048 ], [ 37.5755274, 55.8545855 ], [ 37.5758278, 55.854727 ], [ 37.5763465, 55.8547721 ], [ 37.5766593, 55.8547993 ], [ 37.5770751, 55.8547586 ], [ 37.5773594, 55.8547812 ], [ 37.5782472, 55.8541127 ], [ 37.5782794, 55.8539682 ], [ 37.578497, 55.8534584 ], [ 37.5785261, 55.8533901 ], [ 37.5788909, 55.8531823 ], [ 37.5795186, 55.8531161 ], [ 37.5798029, 55.8529776 ], [ 37.5800206, 55.8529302 ], [ 37.5811869, 55.8526764 ], [ 37.5817394, 55.8524747 ], [ 37.5821552, 55.8524702 ], [ 37.5826862, 55.8523738 ], [ 37.5827875, 55.8522993 ], [ 37.5831181, 55.8520561 ], [ 37.5833327, 55.8519236 ], [ 37.5839258, 55.8518723 ], [ 37.5838223, 55.8509649 ], [ 37.583479, 55.8510488 ], [ 37.5825021, 55.8512874 ], [ 37.5821927, 55.8513847 ], [ 37.5818735, 55.8514509 ], [ 37.5821257, 55.8520487 ], [ 37.5799048, 55.8524717 ], [ 37.578553, 55.852836 ], [ 37.5784537, 55.853089 ], [ 37.5781667, 55.8532064 ], [ 37.5779843, 55.8535226 ], [ 37.5778663, 55.8537876 ], [ 37.5774159, 55.8540318 ], [ 37.5771757, 55.8541484 ], [ 37.5771227, 55.8542134 ], [ 37.5763965, 55.8543566 ], [ 37.5763214, 55.8543265 ], [ 37.5754148, 55.8533389 ], [ 37.5753692, 55.8531221 ], [ 37.5752002, 55.8531447 ], [ 37.57505, 55.852821 ], [ 37.5746423, 55.8524416 ], [ 37.5745565, 55.8519598 ], [ 37.574236, 55.8520099 ], [ 37.5739283, 55.8520786 ], [ 37.5739825, 55.8534021 ], [ 37.5744063, 55.8536189 ] ] ] } },
{ "type": "Feature", "properties": { "name": "Парк «Отрада»", "area_ha": 9.1 }, "geometry": { "type": "Polygon", "coordinates": [ [ [ 37.5949106, 55.8555766 ], [ 37.5946376, 55.8555504 ], [ 37.5943648, 55.8554923 ], [ 37.5939955, 55.8554526 ], [ 37.5937122, 55.8554092 ], [ 37.5933174, 55.8553659 ], [ 37.5930427, 55.8553418 ], [ 37.592811, 55.8553803 ], [ 37.5926136, 55.8554333 ], [ 37.5925819, 55.8554441 ], [ 37.5921158, 55.8555008 ], [ 37.5918754, 55.8554767 ], [ 37.5916008, 55.8553659 ], [ 37.5913433, 55.8552647 ], [ 37.590957, 55.8551732 ], [ 37.5906051, 55.8550624 ], [ 37.5900197, 55.8550636 ], [ 37.5899442, 55.8538965 ], [ 37.5898756, 55.853752 ], [ 37.5895065, 55.8535014 ], [ 37.5893348, 55.8533762 ], [ 37.5895752, 55.8532027 ], [ 37.5895065, 55.8531064 ], [ 37.5895729, 55.8530108 ], [ 37.5890945, 55.8526439 ], [ 37.5889465, 55.8523755 ], [ 37.5887684, 55.8522199 ], [ 37.588777, 55.852032 ], [ 37.5886568, 55.8519308 ], [ 37.5887426, 55.8517911 ], [ 37.5887255, 55.8516995 ], [ 37.588528, 55.8516128 ], [ 37.5878671, 55.8512466 ], [ 37.5871281, 55.8509779 ], [ 37.5865901, 55.8508255 ], [ 37.5856355, 55.8507456 ], [ 37.5852714, 55.8510143 ], [ 37.5852585, 55.8513636 ], [ 37.5852257, 55.8516206 ], [ 37.5855154, 55.8517429 ], [ 37.5861162, 55.8517381 ], [ 37.5862793, 55.8518393 ], [ 37.586511, 55.8520464 ], [ 37.5867084, 55.8522102 ], [ 37.5867303, 55.8523451 ], [ 37.5867428, 55.8524222 ], [ 37.5867771, 55.8525041 ], [ 37.5869488, 55.8525957 ], [ 37.5871719, 55.852745 ], [ 37.5872633, 55.8529695 ], [ 37.587583, 55.8530622 ], [ 37.5874895, 55.8534099 ], [ 37.5879101, 55.8534581 ], [ 37.5879186, 55.8535014 ], [ 37.587953, 55.8537664 ], [ 37.5881504, 55.8538531 ], [ 37.5887255, 55.8544216 ], [ 37.5889486, 55.8550383 ], [ 37.589043, 55.8550864 ], [ 37.5890688, 55.8551635 ], [ 37.5891546, 55.855284 ], [ 37.5893863, 55.8553225 ], [ 37.5897136, 55.8553837 ], [ 37.5898842, 55.8554381 ], [ 37.5903562, 55.8555441 ], [ 37.5906652, 55.8556501 ], [ 37.5906996, 55.855838 ], [ 37.5907303, 55.8560212 ], [ 37.5909045, 55.856082 ], [ 37.591148, 55.8560954 ], [ 37.5915235, 55.8561607 ], [ 37.5918068, 55.8562234 ], [ 37.5920299, 55.8562234 ], [ 37.5923303, 55.8561607 ], [ 37.5925449, 55.8560499 ], [ 37.5927595, 55.8559006 ], [ 37.5931028, 55.855891 ], [ 37.5933174, 55.8559102 ], [ 37.5935812, 55.855969 ], [ 37.5938142, 55.8561744 ], [ 37.5945534, 55.8562378 ], [ 37.594725, 55.8561607 ], [ 37.5950234, 55.856237 ], [ 37.5957422, 55.8563201 ], [ 37.5963864, 55.856132 ], [ 37.5963348, 55.8560895 ], [ 37.5965213, 55.8560019 ], [ 37.5964433, 55.8559247 ], [ 37.5965076, 55.8558443 ], [ 37.5965279, 55.8557735 ], [ 37.596467, 55.8556329 ], [ 37.5964054, 55.8555702 ], [ 37.5963364, 55.8555456 ], [ 37.5963514, 55.855522 ], [ 37.5961931, 55.8554797 ], [ 37.5960111, 55.8554591 ], [ 37.5958806, 55.855463 ], [ 37.5956276, 55.8555073 ], [ 37.5953321, 55.8555321 ], [ 37.5949117, 55.8555356 ], [ 37.5949106, 55.8555766 ] ] ] } },
{ "type": "Feature", "properties": { "name": "парк «Отрадное»", "area_ha": 11.4 }, "geometry": { "type": "Polygon", "coordinates": [ [ [ 37.5999756, 55.8630248 ], [ 37.602868, 55.8621041 ], [ 37.6028996, 55.8621355 ], [ 37.603007, 55.8621014 ], [ 37.6027428, 55.8618409 ], [ 37.6018417, 55.8621124 ], [ 37.6013815, 55.8616236 ], [ 37.6022598, 55.8613644 ], [ 37.6010905, 55.8602111 ], [ 37.6009426, 55.8602132 ], [ 37.600379, 55.8597027 ], [ 37.6006001, 55.8594826 ], [ 37.6001398, 55.8592079 ], [ 37.5996817, 55.858986 ], [ 37.5991968, 55.8587767 ], [ 37.5988145, 55.8586738 ], [ 37.5983691, 55.8585695 ], [ 37.5975019, 55.8584141 ], [ 37.5971822, 55.8584409 ], [ 37.5957403, 55.8589351 ], [ 37.5956511, 55.8589919 ], [ 37.5956513, 55.859065 ], [ 37.5996836, 55.8631113 ], [ 37.5997316, 55.863136 ], [ 37.599798, 55.8631302 ], [ 37.6000136, 55.8630664 ], [ 37.5999756, 55.8630248 ] ] ] } },
{ "type": "Feature", "properties": { "name": "Сквер на Звёздном бульваре", "area_ha": 5.8 }, "geometry": { "type": "Polygon", "coordinates": [ [ [ 37.6379938, 55.818396 ], [ 37.6381488, 55.8184166 ], [ 37.6381736, 55.8184172 ], [ 37.638214, 55.8184096 ], [ 37.6382298, 55.8184008 ], [ 37.6382651, 55.8183713 ], [ 37.6383021, 55.8183357 ], [ 37.6383336, 55.8182946 ], [ 37.6383528, 55.8182635 ], [ 37.6383672, 55.8182157 ], [ 37.6383698, 55.8181707 ], [ 37.6381406, 55.8169708 ], [ 37.6380486, 55.8169156 ], [ 37.6380192, 55.8169193 ], [ 37.6380073, 55.81689 ], [ 37.6379874, 55.8168422 ], [ 37.6379485, 55.8168298 ], [ 37.6376332, 55.8168509 ], [ 37.6374878, 55.8168609 ], [ 37.6374529, 55.8168624 ], [ 37.6372726, 55.8168596 ], [ 37.6371635, 55.816839 ], [ 37.6370836, 55.816822 ], [ 37.6370119, 55.8168004 ], [ 37.6369506, 55.816778 ], [ 37.6368932, 55.8167551 ], [ 37.6366075, 55.8166434 ], [ 37.6365874, 55.8166472 ], [ 37.6365624, 55.8166484 ], [ 37.6365478, 55.8166474 ], [ 37.63654, 55.8166469 ], [ 37.6365228, 55.8166421 ], [ 37.6365109, 55.8166368 ], [ 37.6364991, 55.8166314 ], [ 37.6364872, 55.8166261 ], [ 37.6364753, 55.8166208 ], [ 37.6364729, 55.8166186 ], [ 37.6364667, 55.816613 ], [ 37.6364622, 55.8166042 ], [ 37.6364608, 55.8165954 ], [ 37.6364636, 55.8165872 ], [ 37.6345861, 55.8158443 ], [ 37.6345795, 55.8158469 ], [ 37.6345434, 55.8158528 ], [ 37.6345058, 55.8158522 ], [ 37.6344967, 55.8158504 ], [ 37.634471, 55.8158443 ], [ 37.6344468, 55.8158349 ], [ 37.6344406, 55.8158322 ], [ 37.6344222, 55.8158171 ], [ 37.634415, 55.8158093 ], [ 37.6344102, 55.8157998 ], [ 37.6344088, 55.8157945 ], [ 37.6344098, 55.8157746 ], [ 37.6342546, 55.8157132 ], [ 37.6341652, 55.8156774 ], [ 37.633761, 55.8155563 ], [ 37.6328062, 55.8151901 ], [ 37.6327433, 55.815166 ], [ 37.6327298, 55.8151609 ], [ 37.6327017, 55.815155 ], [ 37.6326806, 55.8151555 ], [ 37.6326585, 55.815158 ], [ 37.6326387, 55.8151631 ], [ 37.6326155, 55.8151737 ], [ 37.6325896, 55.8151898 ], [ 37.6323678, 55.8153591 ], [ 37.6323722, 55.8153663 ], [ 37.6323732, 55.8153756 ], [ 37.6323722, 55.8153852 ], [ 37.6323676, 55.8153936 ], [ 37.6323383, 55.8154096 ], [ 37.6323282, 55.8154143 ], [ 37.632313, 55.8154182 ], [ 37.6323006, 55.8154197 ], [ 37.632289, 55.8154192 ], [ 37.6322678, 55.815436 ], [ 37.6323003, 55.815449 ], [ 37.6319331, 55.81574 ], [ 37.6319005, 55.815727 ], [ 37.6316069, 55.8159597 ], [ 37.6316012, 55.8159649 ], [ 37.6315977, 55.8159702 ], [ 37.6315958, 55.8159751 ], [ 37.6315955, 55.8159801 ], [ 37.6315968, 55.8159853 ], [ 37.6316006, 55.8159906 ], [ 37.631606, 55.815995 ], [ 37.6316135, 55.8160001 ], [ 37.6316415, 55.8160131 ], [ 37.6332734, 55.8166641 ], [ 37.6333078, 55.8166779 ], [ 37.6334212, 55.8167231 ], [ 37.6335005, 55.8167547 ], [ 37.6338183, 55.8168812 ], [ 37.6338377, 55.816889 ], [ 37.6338592, 55.8168976 ], [ 37.6346412, 55.817209 ], [ 37.634658, 55.8172157 ], [ 37.6346749, 55.8172224 ], [ 37.6352713, 55.8174629 ], [ 37.6352839, 55.8174679 ], [ 37.6352981, 55.8174736 ], [ 37.6353233, 55.8174838 ], [ 37.6353397, 55.8174904 ], [ 37.6353977, 55.8175138 ], [ 37.6363158, 55.8178794 ], [ 37.6363712, 55.8179015 ], [ 37.6372518, 55.8182522 ], [ 37.6372965, 55.8182675 ], [ 37.6373225, 55.8182764 ], [ 37.6374375, 55.8183159 ], [ 37.6378606, 55.8183807 ], [ 37.6379938, 55.818396 ] ] ] } },
{ "type": "Feature", "properties": { "name": "Ракетный бульвар", "area_ha": 6.1 }, "geometry": { "type": "Polygon", "coordinates": [ [ [ 37.6473573, 55.8180507 ], [ 37.6475003, 55.8189143 ], [ 37.6484666, 55.8188732 ], [ 37.6500768, 55.8188237 ], [ 37.6501384, 55.818878 ], [ 37.6556394, 55.8187177 ], [ 37.6563713, 55.8186274 ], [ 37.6566159, 55.8186159 ], [ 37.6569696, 55.8185769 ], [ 37.6574538, 55.818527 ], [ 37.6567666, 55.817895 ], [ 37.6566168, 55.8178555 ], [ 37.6503075, 55.8178869 ], [ 37.649221, 55.8179171 ], [ 37.6475002, 55.8180403 ], [ 37.6473573, 55.8180507 ] ] ] } },
{ "type": "Feature", "properties": { "name": "Космопарк", "area_ha": 9.6 }, "geometry": { "type": "Polygon", "coordinates": [ [ [ 37.6414653, 55.8226582 ], [ 37.6413804, 55.8226533 ], [ 37.6412943, 55.8226457 ], [ 37.6412173, 55.8226361 ], [ 37.6411387, 55.8226192 ], [ 37.6410527, 55.8225911 ], [ 37.6409815, 55.8225556 ], [ 37.6409264, 55.8225251 ], [ 37.6408849, 55.8224929 ], [ 37.6408619, 55.8224713 ], [ 37.6408498, 55.8224598 ], [ 37.6408377, 55.8224483 ], [ 37.6408213, 55.8224326 ], [ 37.6407772, 55.8223653 ], [ 37.6407779, 55.8222622 ], [ 37.6408139, 55.8221627 ], [ 37.6409013, 55.8220717 ], [ 37.6409345, 55.8220516 ], [ 37.6409729, 55.822034 ], [ 37.6411214, 55.8219844 ], [ 37.6412506, 55.8219532 ], [ 37.6413312, 55.8219426 ], [ 37.6413229, 55.8217967 ], [ 37.6412315, 55.8217132 ], [ 37.6411992, 55.8216831 ], [ 37.6411669, 55.8216531 ], [ 37.6408398, 55.8213418 ], [ 37.6408274, 55.8213287 ], [ 37.6408149, 55.8213157 ], [ 37.6405707, 55.8210855 ], [ 37.640484, 55.8210918 ], [ 37.6404838, 55.8210714 ], [ 37.6404811, 55.8210416 ], [ 37.6404719, 55.8210109 ], [ 37.6404654, 55.8209916 ], [ 37.6399197, 55.8205201 ], [ 37.6398795, 55.8204937 ], [ 37.6398076, 55.8204961 ], [ 37.639805, 55.8204633 ], [ 37.639735, 55.8204009 ], [ 37.6397235, 55.8203893 ], [ 37.639712, 55.8203776 ], [ 37.6397381, 55.8203303 ], [ 37.6394239, 55.8200585 ], [ 37.6394298, 55.8199783 ], [ 37.6394304, 55.8199662 ], [ 37.6394311, 55.819954 ], [ 37.6394323, 55.8199441 ], [ 37.639488, 55.8198153 ], [ 37.6393472, 55.8196341 ], [ 37.6392592, 55.8195244 ], [ 37.6391307, 55.8195287 ], [ 37.6388457, 55.8195361 ], [ 37.6382655, 55.8195512 ], [ 37.6381749, 55.8195617 ], [ 37.6381401, 55.8195656 ], [ 37.6380837, 55.8195729 ], [ 37.6380733, 55.8195739 ], [ 37.6379146, 55.8195887 ], [ 37.6374669, 55.820096 ], [ 37.6374593, 55.820104 ], [ 37.6374522, 55.8201114 ], [ 37.6369142, 55.8207035 ], [ 37.636906, 55.8207116 ], [ 37.6368978, 55.8207197 ], [ 37.6364167, 55.82123 ], [ 37.6364075, 55.821239 ], [ 37.6363982, 55.821248 ], [ 37.6361866, 55.8215275 ], [ 37.6361232, 55.8216797 ], [ 37.6360981, 55.8218221 ], [ 37.6360606, 55.8218221 ], [ 37.6360871, 55.8219967 ], [ 37.636138, 55.8219955 ], [ 37.6361381, 55.8220194 ], [ 37.6361396, 55.8220394 ], [ 37.6361426, 55.8220591 ], [ 37.6361963, 55.8221696 ], [ 37.6369862, 55.822185 ], [ 37.6370331, 55.8221859 ], [ 37.6370747, 55.8221867 ], [ 37.6372465, 55.8221901 ], [ 37.6378078, 55.8220065 ], [ 37.6381368, 55.8223453 ], [ 37.6378955, 55.8226421 ], [ 37.637256, 55.8229693 ], [ 37.6382635, 55.8234699 ], [ 37.6382839, 55.8234798 ], [ 37.6383043, 55.8234896 ], [ 37.6383464, 55.82351 ], [ 37.6383641, 55.8235261 ], [ 37.6388201, 55.8237665 ], [ 37.6388712, 55.8237772 ], [ 37.6390268, 55.8238603 ], [ 37.6390525, 55.8238607 ], [ 37.6391166, 55.8238618 ], [ 37.6391878, 55.823863 ], [ 37.6391902, 55.8239537 ], [ 37.6394424, 55.8240813 ], [ 37.6398166, 55.8238486 ], [ 37.6397925, 55.8237228 ], [ 37.6398558, 55.8237205 ], [ 37.6399775, 55.8237148 ], [ 37.640042, 55.8237121 ], [ 37.640108, 55.8236717 ], [ 37.6411575, 55.823023 ], [ 37.6411787, 55.8230085 ], [ 37.6414599, 55.8228409 ], [ 37.6414653, 55.8226582 ] ] ] } },
{ "type": "Feature", "properties": { "name": "Яузский лесопарк", "area_ha": 185.6 }, "geometry": { "type": "Polygon", "coordinates": [ [ [ 37.6914914, 55.8305486 ], [ 37.6916104, 55.8305509 ], [ 37.6917499, 55.8306805 ], [ 37.6938589, 55.8307659 ], [ 37.6939437, 55.830742 ], [ 37.6943534, 55.8260049 ], [ 37.694364, 55.8258828 ], [ 37.6942098, 55.8257849 ], [ 37.6942179, 55.8256772 ], [ 37.6943983, 55.8256026 ], [ 37.6948372, 55.8206405 ], [ 37.6949286, 55.8196074 ], [ 37.6949213, 55.8195498 ], [ 37.6949012, 55.8193902 ], [ 37.6948248, 55.8192407 ], [ 37.6946523, 55.8190777 ], [ 37.6942313, 55.8188674 ], [ 37.6941837, 55.8188515 ], [ 37.6941137, 55.8188204 ], [ 37.6940426, 55.8187887 ], [ 37.6939947, 55.8188227 ], [ 37.6939255, 55.8187664 ], [ 37.6930551, 55.81845 ], [ 37.6925458, 55.8183757 ], [ 37.6920494, 55.8182435 ], [ 37.6894566, 55.8177063 ], [ 37.689159, 55.8176617 ], [ 37.6890001, 55.8176459 ], [ 37.6888773, 55.8176306 ], [ 37.6886804, 55.8175711 ], [ 37.6884972, 55.817482 ], [ 37.6883462, 55.8173951 ], [ 37.6877162, 55.81716 ], [ 37.6876501, 55.8171765 ], [ 37.6875606, 55.8172354 ], [ 37.6874297, 55.8172771 ], [ 37.6873353, 55.8172558 ], [ 37.6872303, 55.8171229 ], [ 37.6870828, 55.817037 ], [ 37.6868602, 55.8169285 ], [ 37.6867609, 55.8169165 ], [ 37.6865785, 55.8168607 ], [ 37.6862567, 55.8168577 ], [ 37.6860394, 55.8168321 ], [ 37.6858248, 55.8168517 ], [ 37.6856076, 55.8168848 ], [ 37.6853957, 55.8169104 ], [ 37.6851375, 55.816985 ], [ 37.6850044, 55.8170344 ], [ 37.6846643, 55.8171231 ], [ 37.6841296, 55.8172858 ], [ 37.6834662, 55.8175748 ], [ 37.683083, 55.817722 ], [ 37.6829894, 55.8177602 ], [ 37.6829359, 55.8178072 ], [ 37.6827763, 55.81786 ], [ 37.6825856, 55.8179166 ], [ 37.6822997, 55.8180179 ], [ 37.681946, 55.8180964 ], [ 37.68159, 55.8181379 ], [ 37.6812363, 55.8182031 ], [ 37.6809957, 55.818216 ], [ 37.6807116, 55.8182041 ], [ 37.6804568, 55.8181691 ], [ 37.680253, 55.818172 ], [ 37.6800773, 55.8182118 ], [ 37.6799885, 55.8182263 ], [ 37.6797798, 55.8182379 ], [ 37.6796123, 55.8182528 ], [ 37.6794296, 55.8183127 ], [ 37.6792444, 55.8183901 ], [ 37.6791197, 55.8184741 ], [ 37.6788491, 55.8186839 ], [ 37.6786648, 55.8188452 ], [ 37.6785471, 55.8189205 ], [ 37.6783339, 55.8189586 ], [ 37.6781432, 55.8189967 ], [ 37.6779795, 55.819007 ], [ 37.6778105, 55.8190476 ], [ 37.6776328, 55.819092 ], [ 37.677452, 55.8191955 ], [ 37.6772301, 55.8192955 ], [ 37.6769045, 55.8194305 ], [ 37.6765347, 55.8196055 ], [ 37.6762767, 55.8197635 ], [ 37.6758305, 55.8200662 ], [ 37.675393, 55.8203752 ], [ 37.6752563, 55.8204262 ], [ 37.6751431, 55.8204533 ], [ 37.6750524, 55.8204761 ], [ 37.6750083, 55.8205119 ], [ 37.6749943, 55.8205306 ], [ 37.6749712, 55.8205392 ], [ 37.6749279, 55.8206589 ], [ 37.6749104, 55.8208396 ], [ 37.674845, 55.820962 ], [ 37.6747506, 55.8210661 ], [ 37.6746774, 55.8211321 ], [ 37.674669, 55.821208 ], [ 37.6746226, 55.8212805 ], [ 37.6745163, 55.8213416 ], [ 37.6744658, 55.821351 ], [ 37.6744431, 55.8213941 ], [ 37.6743714, 55.8214307 ], [ 37.6741409, 55.8214911 ], [ 37.6739573, 55.8215536 ], [ 37.6738275, 55.8216047 ], [ 37.6735967, 55.8217963 ], [ 37.6733407, 55.8219935 ], [ 37.6728546, 55.8223633 ], [ 37.6727231, 55.8224633 ], [ 37.6725742, 55.822628 ], [ 37.6723867, 55.8229306 ], [ 37.6722225, 55.8232432 ], [ 37.6719983, 55.8235366 ], [ 37.6717021, 55.8237806 ], [ 37.6713559, 55.8240134 ], [ 37.6711594, 55.8242268 ], [ 37.6710088, 55.8243449 ], [ 37.6708455, 55.8244167 ], [ 37.6707919, 55.8244822 ], [ 37.6709032, 55.824849 ], [ 37.6709212, 55.8249736 ], [ 37.6708852, 55.8250498 ], [ 37.67086, 55.8250617 ], [ 37.6710217, 55.8256719 ], [ 37.6715201, 55.8273626 ], [ 37.6715749, 55.8290255 ], [ 37.6715397, 55.8292742 ], [ 37.6715828, 55.8293623 ], [ 37.6716766, 55.8293796 ], [ 37.6717637, 55.8293287 ], [ 37.6723498, 55.8293525 ], [ 37.67239, 55.829372 ], [ 37.6723579, 55.8294157 ], [ 37.6723525, 55.8294865 ], [ 37.6724128, 55.8295521 ], [ 37.6723471, 55.8295845 ], [ 37.6722908, 55.8299106 ], [ 37.6722747, 55.8299889 ], [ 37.6722962, 55.8300334 ], [ 37.6723659, 55.8300432 ], [ 37.6728903, 55.829937 ], [ 37.6730351, 55.8299552 ], [ 37.6735486, 55.8299663 ], [ 37.6740474, 55.8299771 ], [ 37.6769742, 55.8300857 ], [ 37.6836867, 55.8303688 ], [ 37.6839772, 55.8303813 ], [ 37.6914176, 55.8306692 ], [ 37.6914686, 55.8306586 ], [ 37.6914726, 55.8306043 ], [ 37.6914364, 55.8305637 ], [ 37.6914914, 55.8305486 ] ] ] } },
{ "type": "Feature", "properties": { "name": "парк Акведук", "area_ha": 10.9 }, "geometry": { "type": "Polygon", "coordinates": [ [ [ 37.6550163, 55.8284991 ], [ 37.6544346, 55.8287569 ], [ 37.654043, 55.8290558 ], [ 37.6538232, 55.8292235 ], [ 37.6536001, 55.829837 ], [ 37.6535473, 55.8301647 ], [ 37.6535691, 55.8303563 ], [ 37.653741, 55.8305334 ], [ 37.6538767, 55.8307588 ], [ 37.6542123, 55.8310672 ], [ 37.6547971, 55.831523 ], [ 37.6549412, 55.8316381 ], [ 37.6550624, 55.8317693 ], [ 37.6551556, 55.831905 ], [ 37.6552431, 55.8321447 ], [ 37.6552473, 55.8323812 ], [ 37.6551929, 55.8325778 ], [ 37.6550738, 55.8327407 ], [ 37.6546714, 55.8330539 ], [ 37.6549234, 55.8331786 ], [ 37.655361, 55.8331452 ], [ 37.6558211, 55.833149 ], [ 37.6560288, 55.8331415 ], [ 37.6561815, 55.8331185 ], [ 37.6563346, 55.8330716 ], [ 37.6603681, 55.8317455 ], [ 37.6599531, 55.8313046 ], [ 37.6595548, 55.8314372 ], [ 37.6585158, 55.830459 ], [ 37.6582793, 55.8305378 ], [ 37.6578958, 55.8306657 ], [ 37.6572735, 55.830068 ], [ 37.6570003, 55.8301585 ], [ 37.655163, 55.8284199 ], [ 37.6550163, 55.8284991 ] ] ] } },
{ "type": "Feature", "properties": { "name": "парк Спорта", "area_ha": 5.0 }, "geometry": { "type": "Polygon", "coordinates": [ [ [ 37.6512089, 55.8375838 ], [ 37.6516904, 55.8371723 ], [ 37.6517226, 55.8371431 ], [ 37.6525393, 55.8365354 ], [ 37.6527348, 55.8363962 ], [ 37.653316, 55.8361846 ], [ 37.653028, 55.8359036 ], [ 37.6540943, 55.8350943 ], [ 37.6548269, 55.8348477 ], [ 37.6539217, 55.8339666 ], [ 37.6536736, 55.8338945 ], [ 37.6533648, 55.8341483 ], [ 37.6497683, 55.8371033 ], [ 37.6497897, 55.8372072 ], [ 37.6497621, 55.8372974 ], [ 37.6497535, 55.8373255 ], [ 37.6496932, 55.8374083 ], [ 37.6497066, 55.8374324 ], [ 37.650007, 55.83758 ], [ 37.6500861, 55.8377028 ], [ 37.6501288, 55.8378072 ], [ 37.6501344, 55.8379844 ], [ 37.6504536, 55.8380018 ], [ 37.6507808, 55.838177 ], [ 37.6512355, 55.8379004 ], [ 37.6512933, 55.8379286 ], [ 37.6515832, 55.8377431 ], [ 37.6514544, 55.8376772 ], [ 37.6514038, 55.8376572 ], [ 37.6513546, 55.8376375 ], [ 37.6512089, 55.8375838 ] ] ] } },
{ "type": "Feature", "properties": { "name": "Сад будущего", "area_ha": 19.6 }, "geometry": { "type": "Polygon", "coordinates": [ [ [ 37.6377125, 55.8433094 ], [ 37.6376996, 55.8434658 ], [ 37.6376854, 55.8435976 ], [ 37.6377754, 55.8436067 ], [ 37.6378487, 55.8436166 ], [ 37.637929, 55.8436392 ], [ 37.6379874, 55.8436616 ], [ 37.6380442, 55.8436874 ], [ 37.6380852, 55.8437065 ], [ 37.6381378, 55.8437427 ], [ 37.6381909, 55.8437974 ], [ 37.6382129, 55.8438278 ], [ 37.638244, 55.8438913 ], [ 37.6382499, 55.8439228 ], [ 37.6382527, 55.8439376 ], [ 37.6382539, 55.8439633 ], [ 37.6382445, 55.8440171 ], [ 37.6382217, 55.8440732 ], [ 37.6381982, 55.8440985 ], [ 37.6381373, 55.8441639 ], [ 37.6380956, 55.8441022 ], [ 37.6380119, 55.8441665 ], [ 37.6379317, 55.844203 ], [ 37.6378609, 55.844224 ], [ 37.6377638, 55.8442405 ], [ 37.638083, 55.8447061 ], [ 37.6381333, 55.8447176 ], [ 37.6384188, 55.8446656 ], [ 37.6387926, 55.8445976 ], [ 37.6390285, 55.84455 ], [ 37.6391225, 55.8445311 ], [ 37.6391294, 55.8445415 ], [ 37.6400962, 55.8443828 ], [ 37.6406783, 55.8442887 ], [ 37.6416352, 55.8441599 ], [ 37.6417298, 55.8441382 ], [ 37.6417591, 55.8441272 ], [ 37.6418585, 55.8441067 ], [ 37.6420614, 55.8440606 ], [ 37.6439843, 55.8435593 ], [ 37.644458, 55.8434301 ], [ 37.6446975, 55.8433423 ], [ 37.6448474, 55.8432698 ], [ 37.6448953, 55.8432513 ], [ 37.6453203, 55.8431068 ], [ 37.6458211, 55.8429593 ], [ 37.645806, 55.842908 ], [ 37.6458038, 55.8429012 ], [ 37.6458011, 55.8428928 ], [ 37.6457074, 55.8428965 ], [ 37.6454196, 55.8420123 ], [ 37.6454352, 55.8418188 ], [ 37.6448072, 55.8418568 ], [ 37.6447136, 55.8418405 ], [ 37.644647, 55.8418431 ], [ 37.6441021, 55.8418649 ], [ 37.6440566, 55.8418557 ], [ 37.64403, 55.8418569 ], [ 37.6439761, 55.8418603 ], [ 37.6439143, 55.8418754 ], [ 37.6438817, 55.841882 ], [ 37.6437925, 55.8419001 ], [ 37.6435325, 55.8419529 ], [ 37.6435402, 55.8417489 ], [ 37.6436411, 55.8415081 ], [ 37.643643, 55.8414303 ], [ 37.6436448, 55.8413596 ], [ 37.6437502, 55.8412062 ], [ 37.6437199, 55.8409582 ], [ 37.6437242, 55.8405314 ], [ 37.6438016, 55.8404891 ], [ 37.644503, 55.8405732 ], [ 37.6454593, 55.8406849 ], [ 37.645584, 55.8405749 ], [ 37.6455116, 55.8405983 ], [ 37.6453923, 55.8405862 ], [ 37.645179, 55.8405877 ], [ 37.6448666, 55.8405403 ], [ 37.6445058, 55.84048 ], [ 37.6442765, 55.8403927 ], [ 37.6437722, 55.8402917 ], [ 37.6435509, 55.8402511 ], [ 37.6434986, 55.8402421 ], [ 37.6414494, 55.8398799 ], [ 37.6411892, 55.8398701 ], [ 37.640858, 55.8399371 ], [ 37.6404798, 55.8400712 ], [ 37.6403953, 55.8401705 ], [ 37.640288, 55.8401721 ], [ 37.6401177, 55.8402361 ], [ 37.6399165, 55.8403023 ], [ 37.6395839, 55.8403573 ], [ 37.6393551, 55.8403696 ], [ 37.639132, 55.8403791 ], [ 37.6390448, 55.8403889 ], [ 37.6387659, 55.840398 ], [ 37.6384789, 55.840413 ], [ 37.6380765, 55.8403603 ], [ 37.6379853, 55.8403362 ], [ 37.6373926, 55.8403347 ], [ 37.6372786, 55.8403633 ], [ 37.6370466, 55.8403776 ], [ 37.636828, 55.8403907 ], [ 37.636704, 55.8403877 ], [ 37.6368154, 55.8406323 ], [ 37.6369086, 55.8407694 ], [ 37.637591, 55.8423194 ], [ 37.6376697, 55.8426755 ], [ 37.6377399, 55.8427127 ], [ 37.6377553, 55.8427185 ], [ 37.6377549, 55.8427359 ], [ 37.6377528, 55.8428231 ], [ 37.6377411, 55.8429639 ], [ 37.6377353, 55.8430342 ], [ 37.6377337, 55.8430535 ], [ 37.6377125, 55.8433094 ] ] ] } },
{ "type": "Feature", "properties": { "name": "Капустинский сквер", "area_ha": 5.8 }, "geometry": { "type": "Polygon", "coordinates": [ [ [ 37.6480445, 55.8509938 ], [ 37.6482095, 55.8510685 ], [ 37.6491709, 55.8514422 ], [ 37.649758, 55.8516619 ], [ 37.6499093, 55.8516887 ], [ 37.6500139, 55.8516893 ], [ 37.6501766, 55.8516702 ], [ 37.6503484, 55.851628 ], [ 37.6504372, 55.8514313 ], [ 37.6504801, 55.851317 ], [ 37.6504915, 55.8511203 ], [ 37.6504118, 55.8508571 ], [ 37.6501485, 55.8501591 ], [ 37.649996, 55.849688 ], [ 37.6500322, 55.8496543 ], [ 37.650032, 55.8496113 ], [ 37.6500308, 55.8492718 ], [ 37.6499747, 55.8492343 ], [ 37.6498298, 55.8489777 ], [ 37.6495781, 55.8487812 ], [ 37.6495052, 55.848737 ], [ 37.6492397, 55.8485758 ], [ 37.6489454, 55.848474 ], [ 37.6486267, 55.848385 ], [ 37.6483326, 55.8483278 ], [ 37.6478571, 55.8483125 ], [ 37.6474004, 55.8489395 ], [ 37.6462971, 55.8500347 ], [ 37.6464266, 55.8500403 ], [ 37.646628, 55.8500575 ], [ 37.6467771, 55.8500831 ], [ 37.6468476, 55.8501041 ], [ 37.6468658, 55.8501176 ], [ 37.6469318, 55.8501846 ], [ 37.6470297, 55.8503507 ], [ 37.6471286, 55.850465 ], [ 37.6473448, 55.8506068 ], [ 37.6474541, 55.8506616 ], [ 37.6475824, 55.8506681 ], [ 37.6477431, 55.8506739 ], [ 37.6478367, 55.8507038 ], [ 37.6479095, 55.8507719 ], [ 37.6479211, 55.8508024 ], [ 37.6479176, 55.8508491 ], [ 37.6478991, 55.8509062 ], [ 37.6480445, 55.8509938 ] ] ] } },
{ "type": "Feature", "properties": { "name": "Локо-парк", "area_ha": 11.4 }, "geometry": { "type": "Polygon", "coordinates": [ [ [ 37.6633078, 55.8559755 ], [ 37.6630326, 55.8561733 ], [ 37.6627946, 55.8563678 ], [ 37.6624726, 55.8566567 ], [ 37.6617053, 55.8574542 ], [ 37.6617248, 55.8574745 ], [ 37.6633788, 55.8574476 ], [ 37.6641145, 55.8575003 ], [ 37.6668742, 55.8577084 ], [ 37.6675516, 55.8577227 ], [ 37.6681518, 55.8577234 ], [ 37.6695091, 55.8574893 ], [ 37.6709516, 55.8572176 ], [ 37.6716706, 55.8570926 ], [ 37.6726757, 55.8569179 ], [ 37.6727197, 55.8568754 ], [ 37.6722882, 55.8557854 ], [ 37.6718681, 55.8557199 ], [ 37.6712813, 55.8556209 ], [ 37.6709383, 55.8556233 ], [ 37.6706257, 55.8555137 ], [ 37.6703762, 55.8554664 ], [ 37.6702894, 55.855442 ], [ 37.6701308, 55.8554369 ], [ 37.6700509, 55.8554348 ], [ 37.6700387, 55.8554877 ], [ 37.6700634, 55.8555338 ], [ 37.670048, 55.855645 ], [ 37.6700417, 55.8556916 ], [ 37.6700213, 55.855726 ], [ 37.6699928, 55.8557966 ], [ 37.6696449, 55.8557951 ], [ 37.6694128, 55.8557852 ], [ 37.6692264, 55.8557733 ], [ 37.6688844, 55.8557853 ], [ 37.6686859, 55.8557733 ], [ 37.6685625, 55.8557462 ], [ 37.6684177, 55.8557477 ], [ 37.6682665, 55.8557399 ], [ 37.668199, 55.8556573 ], [ 37.6649426, 55.8556588 ], [ 37.6649194, 55.8557216 ], [ 37.6648486, 55.8557205 ], [ 37.6647391, 55.8560585 ], [ 37.6646799, 55.8560548 ], [ 37.6646396, 55.856255 ], [ 37.6645518, 55.856249 ], [ 37.6645858, 55.8569417 ], [ 37.6642327, 55.8569965 ], [ 37.6639916, 55.8569768 ], [ 37.6638064, 55.8569535 ], [ 37.6636778, 55.8568904 ], [ 37.663541, 55.8568239 ], [ 37.6633748, 55.8563795 ], [ 37.6635049, 55.8563642 ], [ 37.6634959, 55.8562219 ], [ 37.6634425, 55.856065 ], [ 37.6633078, 55.8559755 ] ] ] } },
{ "type": "Feature", "properties": { "name": "парк Яуза", "area_ha": 333.0 }, "geometry": { "type": "Polygon", "coordinates": [ [ [ 37.6525393, 55.8365354 ], [ 37.6527348, 55.8363962 ], [ 37.653316, 55.8361846 ], [ 37.653028, 55.8359036 ], [ 37.6540943, 55.8350943 ], [ 37.6548269, 55.8348477 ], [ 37.6539217, 55.8339666 ], [ 37.6536736, 55.8338945 ], [ 37.6533648, 55.8341483 ], [ 37.6497683, 55.8371033 ], [ 37.6497897, 55.8372072 ], [ 37.6497621, 55.8372974 ], [ 37.6497535, 55.8373255 ], [ 37.6496932, 55.8374083 ], [ 37.6497066, 55.8374324 ], [ 37.650007, 55.83758 ], [ 37.6500861, 55.8377028 ], [ 37.6501288, 55.8378072 ], [ 37.6501344, 55.8379844 ], [ 37.6504536, 55.8380018 ], [ 37.6507808, 55.838177 ], [ 37.6512355, 55.8379004 ], [ 37.6512933, 55.8379286 ], [ 37.6515832, 55.8377431 ], [ 37.6514544, 55.8376772 ], [ 37.6514038, 55.8376572 ], [ 37.6513546, 55.8376375 ], [ 37.6512089, 55.8375838 ], [ 37.6516904, 55.8371723 ], [ 37.6517226, 55.8371431 ], [ 37.6525393, 55.8365354 ] ] ] } },
{ "type": "Feature", "properties": { "name": "парк Яуза", "area_ha": 333.0 }, "geometry": { "type": "Polygon", "coordinates": [ [ [ 37.6323149, 55.8449467 ], [ 37.6320417, 55.844636 ], [ 37.6319335, 55.8445681 ], [ 37.6316245, 55.844443 ], [ 37.6304001, 55.8440854 ], [ 37.6302184, 55.8438214 ], [ 37.6328469, 55.8430263 ], [ 37.6335249, 55.8432526 ], [ 37.6341057, 55.84329 ], [ 37.635456, 55.8432842 ], [ 37.6356451, 55.8432191 ], [ 37.6358741, 55.8434173 ], [ 37.6359496, 55.8433185 ], [ 37.6361694, 55.8403443 ], [ 37.636176, 55.8402749 ], [ 37.6361832, 55.8402002 ], [ 37.6362045, 55.8399835 ], [ 37.6357397, 55.8399745 ], [ 37.6351562, 55.8395377 ], [ 37.635161, 55.8391434 ], [ 37.6346138, 55.839163 ], [ 37.634595, 55.8389838 ], [ 37.6344534, 55.8389983 ], [ 37.6337198, 55.8390415 ], [ 37.6337154, 55.8393397 ], [ 37.6333169, 55.8393321 ], [ 37.6333169, 55.8386102 ], [ 37.632755, 55.8386087 ], [ 37.6322025, 55.8387111 ], [ 37.6303786, 55.839291 ], [ 37.6300567, 55.8394687 ], [ 37.6292253, 55.8402715 ], [ 37.6290938, 55.8404913 ], [ 37.6286942, 55.8414883 ], [ 37.6282972, 55.8423016 ], [ 37.6273692, 55.8437112 ], [ 37.6268381, 55.844687 ], [ 37.6268274, 55.8458405 ], [ 37.6270151, 55.845909 ], [ 37.6317224, 55.8457697 ], [ 37.6319692, 55.8457253 ], [ 37.632523, 55.8457095 ], [ 37.6325861, 55.8456124 ], [ 37.6324744, 55.845093 ], [ 37.6324394, 55.8449304 ], [ 37.6323149, 55.8449467 ] ] ] } },
{ "type": "Feature", "properties": { "name": "парк Яуза", "area_ha": 333.0 }, "geometry": { "type": "Polygon", "coordinates": [ [ [ 37.6378487, 55.8436166 ], [ 37.637929, 55.8436392 ], [ 37.6379874, 55.8436616 ], [ 37.6380442, 55.8436874 ], [ 37.6380852, 55.8437065 ], [ 37.6381378, 55.8437427 ], [ 37.6381909, 55.8437974 ], [ 37.6382129, 55.8438278 ], [ 37.638244, 55.8438913 ], [ 37.6382499, 55.8439228 ], [ 37.6382527, 55.8439376 ], [ 37.6382539, 55.8439633 ], [ 37.6382445, 55.8440171 ], [ 37.6382217, 55.8440732 ], [ 37.6381982, 55.8440985 ], [ 37.6381373, 55.8441639 ], [ 37.6380956, 55.8441022 ], [ 37.6380119, 55.8441665 ], [ 37.6379317, 55.844203 ], [ 37.6378609, 55.844224 ], [ 37.6377638, 55.8442405 ], [ 37.638083, 55.8447061 ], [ 37.6381333, 55.8447176 ], [ 37.6384188, 55.8446656 ], [ 37.6387926, 55.8445976 ], [ 37.6390285, 55.84455 ], [ 37.6391225, 55.8445311 ], [ 37.6391294, 55.8445415 ], [ 37.6400962, 55.8443828 ], [ 37.6406783, 55.8442887 ], [ 37.6416352, 55.8441599 ], [ 37.6417298, 55.8441382 ], [ 37.6417591, 55.8441272 ], [ 37.6418585, 55.8441067 ], [ 37.6420614, 55.8440606 ], [ 37.6439843, 55.8435593 ], [ 37.644458, 55.8434301 ], [ 37.6446975, 55.8433423 ], [ 37.6448474, 55.8432698 ], [ 37.6448953, 55.8432513 ], [ 37.6453203, 55.8431068 ], [ 37.6458211, 55.8429593 ], [ 37.645806, 55.842908 ], [ 37.6458038, 55.8429012 ], [ 37.6458011, 55.8428928 ], [ 37.6457074, 55.8428965 ], [ 37.6454196, 55.8420123 ], [ 37.6454352, 55.8418188 ], [ 37.6448072, 55.8418568 ], [ 37.6447136, 55.8418405 ], [ 37.644647, 55.8418431 ], [ 37.6441021, 55.8418649 ], [ 37.6440566, 55.8418557 ], [ 37.64403, 55.8418569 ], [ 37.6439761, 55.8418603 ], [ 37.6439143, 55.8418754 ], [ 37.6438817, 55.841882 ], [ 37.6437925, 55.8419001 ], [ 37.6435325, 55.8419529 ], [ 37.6435402, 55.8417489 ], [ 37.6436411, 55.8415081 ], [ 37.643643, 55.8414303 ], [ 37.6436448, 55.8413596 ], [ 37.6437502, 55.8412062 ], [ 37.6437199, 55.8409582 ], [ 37.6437242, 55.8405314 ], [ 37.6438016, 55.8404891 ], [ 37.644503, 55.8405732 ], [ 37.6454593, 55.8406849 ], [ 37.645584, 55.8405749 ], [ 37.6455116, 55.8405983 ], [ 37.6453923, 55.8405862 ], [ 37.645179, 55.8405877 ], [ 37.6448666, 55.8405403 ], [ 37.6445058, 55.84048 ], [ 37.6442765, 55.8403927 ], [ 37.6437722, 55.8402917 ], [ 37.6435509, 55.8402511 ], [ 37.6434986, 55.8402421 ], [ 37.6414494, 55.8398799 ], [ 37.6411892, 55.8398701 ], [ 37.640858, 55.8399371 ], [ 37.6404798, 55.8400712 ], [ 37.6403953, 55.8401705 ], [ 37.640288, 55.8401721 ], [ 37.6401177, 55.8402361 ], [ 37.6399165, 55.8403023 ], [ 37.6395839, 55.8403573 ], [ 37.6393551, 55.8403696 ], [ 37.639132, 55.8403791 ], [ 37.6390448, 55.8403889 ], [ 37.6387659, 55.840398 ], [ 37.6384789, 55.840413 ], [ 37.6380765, 55.8403603 ], [ 37.6379853, 55.8403362 ], [ 37.6373926, 55.8403347 ], [ 37.6372786, 55.8403633 ], [ 37.6370466, 55.8403776 ], [ 37.636828, 55.8403907 ], [ 37.636704, 55.8403877 ], [ 37.6368154, 55.8406323 ], [ 37.6369086, 55.8407694 ], [ 37.637591, 55.8423194 ], [ 37.6376697, 55.8426755 ], [ 37.6377399, 55.8427127 ], [ 37.6377553, 55.8427185 ], [ 37.6377549, 55.8427359 ], [ 37.6377528, 55.8428231 ], [ 37.6377411, 55.8429639 ], [ 37.6377353, 55.8430342 ], [ 37.6377337, 55.8430535 ], [ 37.6377125, 55.8433094 ], [ 37.6376996, 55.8434658 ], [ 37.6376854, 55.8435976 ], [ 37.6377754, 55.8436067 ], [ 37.6378487, 55.8436166 ] ] ] } },
{ "type": "Feature", "properties": { "name": "парк Яуза", "area_ha": 333.0 }, "geometry": { "type": "Polygon", "coordinates": [ [ [ 37.6369, 55.8568272 ], [ 37.6373792, 55.8565294 ], [ 37.6376047, 55.856304 ], [ 37.6377078, 55.8559369 ], [ 37.6378824, 55.8556689 ], [ 37.6382431, 55.8553667 ], [ 37.6380888, 55.8548469 ], [ 37.6379072, 55.8544506 ], [ 37.6375691, 55.8541393 ], [ 37.6369297, 55.853809 ], [ 37.6368772, 55.853843 ], [ 37.6361822, 55.8535055 ], [ 37.6360165, 55.8533552 ], [ 37.6352568, 55.8533416 ], [ 37.6343277, 55.8533635 ], [ 37.6334236, 55.8534933 ], [ 37.6331919, 55.8535711 ], [ 37.6325335, 55.8538367 ], [ 37.6315985, 55.8540068 ], [ 37.6313257, 55.8540156 ], [ 37.6312312, 55.8540053 ], [ 37.6309725, 55.8539367 ], [ 37.6306865, 55.853694 ], [ 37.6306049, 55.853588 ], [ 37.6305243, 55.8533239 ], [ 37.6304494, 55.8529707 ], [ 37.6303979, 55.8524978 ], [ 37.6304051, 55.8523832 ], [ 37.6314028, 55.8522711 ], [ 37.6312536, 55.8521186 ], [ 37.6310633, 55.8514936 ], [ 37.6319852, 55.8514068 ], [ 37.6319748, 55.8512948 ], [ 37.6317234, 55.8510307 ], [ 37.6316055, 55.8508239 ], [ 37.6315747, 55.8501087 ], [ 37.6327964, 55.8495207 ], [ 37.6332702, 55.8494117 ], [ 37.6332673, 55.8493896 ], [ 37.6331158, 55.8492119 ], [ 37.6326827, 55.8492172 ], [ 37.6325083, 55.8491231 ], [ 37.631768, 55.8490335 ], [ 37.631662, 55.848904 ], [ 37.6316929, 55.8488528 ], [ 37.6324627, 55.8484998 ], [ 37.6325606, 55.8484425 ], [ 37.6326679, 55.8483175 ], [ 37.6330796, 55.8480962 ], [ 37.6334189, 55.8477726 ], [ 37.633553, 55.8477796 ], [ 37.6335637, 55.8476877 ], [ 37.6335159, 55.8476604 ], [ 37.6337394, 55.8474336 ], [ 37.6338574, 55.8471136 ], [ 37.6338226, 55.846849 ], [ 37.6328191, 55.8468769 ], [ 37.6327529, 55.8469691 ], [ 37.6327872, 55.8470534 ], [ 37.6328309, 55.8471912 ], [ 37.6328704, 55.8473079 ], [ 37.632872, 55.8473295 ], [ 37.6328696, 55.847348 ], [ 37.6328517, 55.8473773 ], [ 37.6328239, 55.847405 ], [ 37.6327844, 55.8474274 ], [ 37.6327444, 55.8474442 ], [ 37.6326633, 55.8474625 ], [ 37.6326221, 55.8474742 ], [ 37.6325788, 55.8474904 ], [ 37.6325328, 55.8475119 ], [ 37.6324883, 55.8475362 ], [ 37.63245, 55.8475632 ], [ 37.6324112, 55.8475982 ], [ 37.6323656, 55.8476472 ], [ 37.6323268, 55.8476736 ], [ 37.6322648, 55.8477051 ], [ 37.632191, 55.8477311 ], [ 37.6321178, 55.8477445 ], [ 37.6319055, 55.847961 ], [ 37.6316552, 55.8480949 ], [ 37.6316059, 55.8481081 ], [ 37.6316067, 55.848134 ], [ 37.6316077, 55.8481545 ], [ 37.6316057, 55.8481606 ], [ 37.6315977, 55.8481711 ], [ 37.6315822, 55.8481897 ], [ 37.6315625, 55.8482118 ], [ 37.631542, 55.8482317 ], [ 37.6315192, 55.8482511 ], [ 37.6314967, 55.8482677 ], [ 37.6314726, 55.8482835 ], [ 37.6314495, 55.8482983 ], [ 37.6314267, 55.8483115 ], [ 37.6314056, 55.8483232 ], [ 37.6313831, 55.8483335 ], [ 37.6313449, 55.8483495 ], [ 37.6313288, 55.8483557 ], [ 37.6312754, 55.8483742 ], [ 37.6312604, 55.8483789 ], [ 37.6312302, 55.8483862 ], [ 37.631202, 55.8483945 ], [ 37.6311692, 55.8484051 ], [ 37.631134, 55.8484169 ], [ 37.6310991, 55.8484301 ], [ 37.6310656, 55.848444 ], [ 37.6310421, 55.8484557 ], [ 37.6310287, 55.8484628 ], [ 37.6309707, 55.8484989 ], [ 37.6309231, 55.8485327 ], [ 37.6308567, 55.8485788 ], [ 37.6308088, 55.8486134 ], [ 37.6307695, 55.8486345 ], [ 37.6307323, 55.8486505 ], [ 37.6306918, 55.8486633 ], [ 37.6306569, 55.8486708 ], [ 37.63062, 55.8486767 ], [ 37.6305835, 55.8486806 ], [ 37.6305348, 55.8486806 ], [ 37.6304765, 55.8486821 ], [ 37.6304255, 55.8486849 ], [ 37.6303793, 55.8486889 ], [ 37.630335, 55.848694 ], [ 37.6302797, 55.8487023 ], [ 37.6302287, 55.848712 ], [ 37.6301794, 55.8487241 ], [ 37.6301446, 55.8487341 ], [ 37.6300966, 55.8487542 ], [ 37.6300581, 55.8487747 ], [ 37.6300276, 55.8487964 ], [ 37.6300004, 55.8488206 ], [ 37.6299783, 55.8488487 ], [ 37.6299645, 55.8488631 ], [ 37.6299458, 55.8488758 ], [ 37.6299246, 55.848886 ], [ 37.6299002, 55.848895 ], [ 37.6298705, 55.8489006 ], [ 37.629838, 55.8489032 ], [ 37.6298043, 55.8489076 ], [ 37.6296949, 55.8488324 ], [ 37.6294614, 55.8486818 ], [ 37.6293318, 55.8485519 ], [ 37.6288648, 55.8487434 ], [ 37.6286391, 55.8487067 ], [ 37.6284796, 55.8490817 ], [ 37.6284219, 55.8493332 ], [ 37.6281162, 55.8497615 ], [ 37.628088, 55.8500988 ], [ 37.6278976, 55.8500913 ], [ 37.6281678, 55.8504207 ], [ 37.6281533, 55.8508938 ], [ 37.6278342, 55.8514695 ], [ 37.6274994, 55.8518308 ], [ 37.6272558, 55.8533582 ], [ 37.6274959, 55.8540181 ], [ 37.6276389, 55.8542685 ], [ 37.6277081, 55.8543896 ], [ 37.6280376, 55.8547888 ], [ 37.6285981, 55.8553285 ], [ 37.628792, 55.8553418 ], [ 37.6290308, 55.855619 ], [ 37.629119, 55.8556241 ], [ 37.6293362, 55.8555501 ], [ 37.6296794, 55.8553103 ], [ 37.6297568, 55.8552563 ], [ 37.6301773, 55.8551407 ], [ 37.6307867, 55.8551936 ], [ 37.6312588, 55.8551888 ], [ 37.6315506, 55.8550684 ], [ 37.6321584, 55.855387 ], [ 37.6324604, 55.8555453 ], [ 37.6327952, 55.8559355 ], [ 37.6325634, 55.8563017 ], [ 37.6320484, 55.8563065 ], [ 37.6319966, 55.8565085 ], [ 37.6318768, 55.8569761 ], [ 37.6331709, 55.8571397 ], [ 37.6330882, 55.8572018 ], [ 37.6329697, 55.8573763 ], [ 37.6330101, 55.8574502 ], [ 37.6330563, 55.8575063 ], [ 37.6331106, 55.8575487 ], [ 37.633178, 55.8575773 ], [ 37.6333267, 55.8576338 ], [ 37.6333208, 55.8576388 ], [ 37.6332286, 55.8576156 ], [ 37.633193, 55.8576249 ], [ 37.6331753, 55.8576384 ], [ 37.6331208, 55.8580572 ], [ 37.633046, 55.8591731 ], [ 37.6330785, 55.8593217 ], [ 37.6333103, 55.8597683 ], [ 37.6335389, 55.860088 ], [ 37.6339394, 55.8605312 ], [ 37.63432, 55.8607689 ], [ 37.6351574, 55.8612388 ], [ 37.6353329, 55.8611614 ], [ 37.6352497, 55.8610524 ], [ 37.6352867, 55.8609538 ], [ 37.6354115, 55.860946 ], [ 37.6355642, 55.8610316 ], [ 37.6357677, 55.8612185 ], [ 37.6364846, 55.8617558 ], [ 37.6368454, 55.8620388 ], [ 37.6368559, 55.8620859 ], [ 37.6367754, 55.8621052 ], [ 37.6367112, 55.8620855 ], [ 37.6361853, 55.8616905 ], [ 37.6356963, 55.8613716 ], [ 37.6354828, 55.861252 ], [ 37.6353557, 55.8613215 ], [ 37.6353331, 55.8614438 ], [ 37.6355081, 55.8615761 ], [ 37.6357743, 55.8616783 ], [ 37.6363967, 55.8620803 ], [ 37.6368521, 55.8624092 ], [ 37.6369236, 55.8624588 ], [ 37.637553, 55.86282 ], [ 37.638035, 55.8631983 ], [ 37.6381813, 55.8632431 ], [ 37.6383578, 55.8634196 ], [ 37.638381, 55.8635442 ], [ 37.6384252, 55.8636282 ], [ 37.6393476, 55.8640659 ], [ 37.6395604, 55.8642761 ], [ 37.6398564, 55.8646058 ], [ 37.6399443, 55.8648004 ], [ 37.6401247, 55.8649484 ], [ 37.6404392, 55.8650937 ], [ 37.6406989, 55.8651311 ], [ 37.6409211, 55.865189 ], [ 37.6412547, 55.8651977 ], [ 37.6416182, 55.8652452 ], [ 37.6416672, 55.8650978 ], [ 37.6416803, 55.8650519 ], [ 37.6417447, 55.8647839 ], [ 37.6417826, 55.864701 ], [ 37.6418668, 55.864534 ], [ 37.641989, 55.8643678 ], [ 37.642134, 55.8642372 ], [ 37.6433639, 55.8636581 ], [ 37.6427914, 55.8634876 ], [ 37.6429879, 55.863277 ], [ 37.6433713, 55.863071 ], [ 37.6422833, 55.8630605 ], [ 37.6357554, 55.8591829 ], [ 37.6351925, 55.858959 ], [ 37.6347826, 55.8586503 ], [ 37.6344134, 55.8582704 ], [ 37.6342565, 55.858052 ], [ 37.6342814, 55.8578341 ], [ 37.634078, 55.8574063 ], [ 37.6344582, 55.8566785 ], [ 37.6350734, 55.8567032 ], [ 37.6353378, 55.8566362 ], [ 37.635334, 55.8567767 ], [ 37.635444, 55.8567816 ], [ 37.6354232, 55.8569912 ], [ 37.6357041, 55.8570413 ], [ 37.6358895, 55.8567648 ], [ 37.6360917, 55.8567605 ], [ 37.6363013, 55.8567643 ], [ 37.6364723, 55.8567847 ], [ 37.6369, 55.8568272 ] ] ] } },
{ "type": "Feature", "properties": { "name": "парк Яуза", "area_ha": 333.0 }, "geometry": { "type": "Polygon", "coordinates": [ [ [ 37.6275543, 55.865013 ], [ 37.627439, 55.8651405 ], [ 37.6273113, 55.8652699 ], [ 37.6271744, 55.8653993 ], [ 37.6270366, 55.8655192 ], [ 37.626889, 55.865646 ], [ 37.6267399, 55.8657668 ], [ 37.6267228, 55.8657792 ], [ 37.6267287, 55.8657936 ], [ 37.6267434, 55.8658076 ], [ 37.6267661, 55.8658204 ], [ 37.6268432, 55.8658515 ], [ 37.6268787, 55.8658239 ], [ 37.6269928, 55.8658691 ], [ 37.6269621, 55.865893 ], [ 37.6274583, 55.8661095 ], [ 37.62663, 55.8666994 ], [ 37.6261544, 55.8664892 ], [ 37.6259915, 55.8666149 ], [ 37.6256896, 55.866523 ], [ 37.6230332, 55.8684357 ], [ 37.6235255, 55.8686497 ], [ 37.622882, 55.8691443 ], [ 37.6228715, 55.8691974 ], [ 37.6231358, 55.8692296 ], [ 37.6291669, 55.8699652 ], [ 37.6292802, 55.8699484 ], [ 37.6293789, 55.869896 ], [ 37.6296651, 55.8691456 ], [ 37.6297094, 55.8690154 ], [ 37.6298396, 55.868771 ], [ 37.6300808, 55.8685322 ], [ 37.6303368, 55.86836 ], [ 37.6314063, 55.8678623 ], [ 37.6311253, 55.8676351 ], [ 37.6311146, 55.8675057 ], [ 37.6312782, 55.8670466 ], [ 37.631643, 55.866791 ], [ 37.6356805, 55.8650085 ], [ 37.6362954, 55.8656176 ], [ 37.6364953, 55.8659864 ], [ 37.6366182, 55.8664102 ], [ 37.6405373, 55.8667762 ], [ 37.6406508, 55.8667643 ], [ 37.6407341, 55.866721 ], [ 37.6412197, 55.8662504 ], [ 37.6415291, 55.8655135 ], [ 37.6415652, 55.8654044 ], [ 37.6410287, 55.865403 ], [ 37.6403763, 55.8652513 ], [ 37.6401044, 55.865165 ], [ 37.63985, 55.8650201 ], [ 37.6390892, 55.8642004 ], [ 37.6385058, 55.8638487 ], [ 37.6381801, 55.863677 ], [ 37.6381394, 55.8635926 ], [ 37.6381327, 55.8634941 ], [ 37.6380055, 55.8633697 ], [ 37.6375238, 55.8630706 ], [ 37.637262, 55.8629973 ], [ 37.6371692, 55.8628344 ], [ 37.636122, 55.8621479 ], [ 37.6359924, 55.8621037 ], [ 37.6359127, 55.8619867 ], [ 37.6353841, 55.861638 ], [ 37.6351423, 55.8615204 ], [ 37.6350641, 55.8615099 ], [ 37.6346232, 55.8617102 ], [ 37.6343572, 55.861855 ], [ 37.6345428, 55.8616632 ], [ 37.6349212, 55.8614584 ], [ 37.6349247, 55.8614008 ], [ 37.6345855, 55.8612168 ], [ 37.63446, 55.861146 ], [ 37.6343511, 55.8611579 ], [ 37.6343737, 55.8611067 ], [ 37.6341515, 55.860972 ], [ 37.6339336, 55.8608305 ], [ 37.6336929, 55.8606634 ], [ 37.6335401, 55.8605059 ], [ 37.6332616, 55.8602018 ], [ 37.6330826, 55.8599979 ], [ 37.6329394, 55.8597575 ], [ 37.6322985, 55.8596677 ], [ 37.6310872, 55.8600798 ], [ 37.6313572, 55.8603027 ], [ 37.6315205, 55.8616969 ], [ 37.6321967, 55.8621588 ], [ 37.6323562, 55.862549 ], [ 37.6328921, 55.8629142 ], [ 37.6328856, 55.8629684 ], [ 37.6328523, 55.8632462 ], [ 37.6325492, 55.863649 ], [ 37.631983, 55.8640204 ], [ 37.6302126, 55.8648438 ], [ 37.6280884, 55.8643552 ], [ 37.6280497, 55.8643598 ], [ 37.6279506, 55.8644984 ], [ 37.6278551, 55.8646322 ], [ 37.6277587, 55.8647613 ], [ 37.6276568, 55.8648914 ], [ 37.6275543, 55.865013 ] ] ] } },
{ "type": "Feature", "properties": { "name": "парк Яуза", "area_ha": 333.0 }, "geometry": { "type": "Polygon", "coordinates": [ [ [ 37.6491657, 55.8701718 ], [ 37.6489858, 55.8706836 ], [ 37.64907, 55.8706864 ], [ 37.6498407, 55.8707121 ], [ 37.6505595, 55.871284 ], [ 37.6505774, 55.8715215 ], [ 37.6517143, 55.8713954 ], [ 37.6524554, 55.8713178 ], [ 37.6538734, 55.8711173 ], [ 37.653955, 55.8711046 ], [ 37.6553644, 55.8708954 ], [ 37.6551682, 55.8708003 ], [ 37.6543853, 55.8705064 ], [ 37.6538159, 55.8702535 ], [ 37.6531464, 55.8699017 ], [ 37.653067, 55.8699364 ], [ 37.6524258, 55.8695143 ], [ 37.6521053, 55.8692267 ], [ 37.6517939, 55.8688977 ], [ 37.6518774, 55.8688733 ], [ 37.6511853, 55.868092 ], [ 37.650377, 55.867216 ], [ 37.650009, 55.8668301 ], [ 37.6488482, 55.8655812 ], [ 37.648853, 55.8654408 ], [ 37.6487586, 55.8653804 ], [ 37.6486657, 55.8654051 ], [ 37.6486045, 55.8654132 ], [ 37.6484851, 55.8654269 ], [ 37.6480745, 55.8650133 ], [ 37.6475357, 55.8646183 ], [ 37.6473484, 55.864417 ], [ 37.6473086, 55.8644257 ], [ 37.6467038, 55.8643903 ], [ 37.6461251, 55.8644418 ], [ 37.6456896, 55.8644381 ], [ 37.645684, 55.8640857 ], [ 37.6459651, 55.8637231 ], [ 37.6455068, 55.8636614 ], [ 37.6448465, 55.8644111 ], [ 37.6441187, 55.8645284 ], [ 37.6433926, 55.8642968 ], [ 37.643413, 55.8642761 ], [ 37.6431711, 55.8642065 ], [ 37.643243, 55.8639886 ], [ 37.6426506, 55.8641666 ], [ 37.6422403, 55.8644205 ], [ 37.6420156, 55.8647441 ], [ 37.6418976, 55.8651196 ], [ 37.6418486, 55.8652738 ], [ 37.6417993, 55.8654174 ], [ 37.6417589, 55.8655439 ], [ 37.6415119, 55.8662634 ], [ 37.6414683, 55.8663386 ], [ 37.6413951, 55.8664131 ], [ 37.6412554, 55.8665455 ], [ 37.6410438, 55.8667536 ], [ 37.6410203, 55.8667892 ], [ 37.6410108, 55.8668249 ], [ 37.6410218, 55.8668407 ], [ 37.6410328, 55.8668564 ], [ 37.6410484, 55.8668669 ], [ 37.6410639, 55.8668773 ], [ 37.6411039, 55.8668846 ], [ 37.642719, 55.8670185 ], [ 37.6435061, 55.867086 ], [ 37.6440954, 55.8671951 ], [ 37.6445788, 55.8673039 ], [ 37.6449784, 55.8674366 ], [ 37.6454892, 55.8676582 ], [ 37.6459107, 55.86787 ], [ 37.646194, 55.8680691 ], [ 37.6464039, 55.868252 ], [ 37.6467206, 55.8685972 ], [ 37.6468627, 55.8688064 ], [ 37.6469671, 55.868991 ], [ 37.6471077, 55.8692533 ], [ 37.6471832, 55.8694207 ], [ 37.6472256, 55.8695659 ], [ 37.6472447, 55.8696644 ], [ 37.6472477, 55.86968 ], [ 37.6472507, 55.8696953 ], [ 37.6472537, 55.8697108 ], [ 37.6473382, 55.8697089 ], [ 37.6473341, 55.8696832 ], [ 37.6483467, 55.8696741 ], [ 37.6491657, 55.8701718 ] ] ] } },
{ "type": "Feature", "properties": { "name": "парк Яуза", "area_ha": 333.0 }, "geometry": { "type": "Polygon", "coordinates": [ [ [ 37.6145311, 55.8757591 ], [ 37.6145789, 55.8764086 ], [ 37.6146007, 55.8767759 ], [ 37.6146334, 55.8769907 ], [ 37.6146733, 55.8770866 ], [ 37.6148579, 55.8772712 ], [ 37.6149395, 55.8774452 ], [ 37.614929, 55.8775829 ], [ 37.6147451, 55.8776492 ], [ 37.6147275, 55.8777466 ], [ 37.6156673, 55.8794174 ], [ 37.6160878, 55.8795689 ], [ 37.6163275, 55.8798887 ], [ 37.6163399, 55.8802235 ], [ 37.6170599, 55.8802417 ], [ 37.6171213, 55.8798627 ], [ 37.6179543, 55.8798642 ], [ 37.6177524, 55.8794927 ], [ 37.6173038, 55.8784769 ], [ 37.6173119, 55.8780749 ], [ 37.6171875, 55.8780734 ], [ 37.6170132, 55.8780207 ], [ 37.6171392, 55.8763559 ], [ 37.6170025, 55.876319 ], [ 37.6169998, 55.8762046 ], [ 37.6171097, 55.8761399 ], [ 37.6171151, 55.8760519 ], [ 37.6171673, 55.8759699 ], [ 37.6171446, 55.8758465 ], [ 37.6171017, 55.8758074 ], [ 37.6172626, 55.8752642 ], [ 37.6177561, 55.8752326 ], [ 37.6177615, 55.8751574 ], [ 37.617858, 55.8751032 ], [ 37.6180673, 55.8751935 ], [ 37.6183194, 55.8749467 ], [ 37.6184803, 55.874721 ], [ 37.6191187, 55.8741191 ], [ 37.6195586, 55.8736015 ], [ 37.6197892, 55.8734028 ], [ 37.619977, 55.8732824 ], [ 37.6202077, 55.8731621 ], [ 37.620315, 55.8731079 ], [ 37.6206851, 55.8729785 ], [ 37.6207709, 55.8729995 ], [ 37.6210177, 55.8729544 ], [ 37.6215327, 55.8729093 ], [ 37.6219457, 55.8728942 ], [ 37.6222086, 55.8728581 ], [ 37.6223105, 55.872819 ], [ 37.6226592, 55.8725932 ], [ 37.6225787, 55.8724458 ], [ 37.6225848, 55.8723908 ], [ 37.6225573, 55.8723164 ], [ 37.6226109, 55.8722411 ], [ 37.622686, 55.8721689 ], [ 37.6229328, 55.8719522 ], [ 37.623201, 55.8718649 ], [ 37.623275, 55.8718174 ], [ 37.6233244, 55.8717505 ], [ 37.6237364, 55.8714803 ], [ 37.6244831, 55.8713081 ], [ 37.6247674, 55.871287 ], [ 37.6250195, 55.8712299 ], [ 37.6251751, 55.8711155 ], [ 37.6253685, 55.8711166 ], [ 37.6254809, 55.8711576 ], [ 37.625615, 55.8712268 ], [ 37.6256579, 55.8712961 ], [ 37.6257706, 55.8713352 ], [ 37.62591, 55.8713201 ], [ 37.6262078, 55.8712027 ], [ 37.6265162, 55.8711501 ], [ 37.6267201, 55.8710613 ], [ 37.6267576, 55.870959 ], [ 37.6271117, 55.8705617 ], [ 37.6277313, 55.8700907 ], [ 37.6237236, 55.8696506 ], [ 37.6236993, 55.8697209 ], [ 37.6236814, 55.8697726 ], [ 37.6235356, 55.8698643 ], [ 37.6215318, 55.8711237 ], [ 37.6213146, 55.871039 ], [ 37.6211569, 55.8710158 ], [ 37.6209958, 55.8710241 ], [ 37.6201938, 55.8711501 ], [ 37.6202324, 55.8710097 ], [ 37.6215736, 55.8700253 ], [ 37.6218143, 55.8700199 ], [ 37.6218277, 55.8698679 ], [ 37.6222396, 55.869574 ], [ 37.6228733, 55.869604 ], [ 37.6228963, 55.8695606 ], [ 37.6217017, 55.8694353 ], [ 37.6152093, 55.874034 ], [ 37.6144516, 55.8746142 ], [ 37.6144436, 55.8751543 ], [ 37.6145311, 55.8757591 ] ] ] } },
{ "type": "Feature", "properties": { "name": "парк Яуза", "area_ha": 333.0 }, "geometry": { "type": "Polygon", "coordinates": [ [ [ 37.6632506, 55.8277015 ], [ 37.6638892, 55.827464 ], [ 37.6644761, 55.8272586 ], [ 37.6646932, 55.827202 ], [ 37.6648064, 55.8272373 ], [ 37.6650059, 55.8274075 ], [ 37.6674682, 55.826606 ], [ 37.6675326, 55.8263921 ], [ 37.6674241, 55.8261841 ], [ 37.6668983, 55.8259642 ], [ 37.66667, 55.8260589 ], [ 37.6665162, 55.8261305 ], [ 37.6662733, 55.8262934 ], [ 37.6660882, 55.8263876 ], [ 37.6655076, 55.82657 ], [ 37.6621561, 55.8273442 ], [ 37.6618965, 55.8273897 ], [ 37.6604152, 55.8276492 ], [ 37.6583538, 55.8278499 ], [ 37.6577197, 55.8279506 ], [ 37.6575467, 55.8279971 ], [ 37.6559732, 55.8283488 ], [ 37.655749, 55.8283643 ], [ 37.6555572, 55.8283439 ], [ 37.6553376, 55.8283615 ], [ 37.655163, 55.8284199 ], [ 37.6550163, 55.8284991 ], [ 37.6544346, 55.8287569 ], [ 37.654043, 55.8290558 ], [ 37.6538232, 55.8292235 ], [ 37.6536001, 55.829837 ], [ 37.6535473, 55.8301647 ], [ 37.6535691, 55.8303563 ], [ 37.653741, 55.8305334 ], [ 37.6538767, 55.8307588 ], [ 37.6542123, 55.8310672 ], [ 37.6547971, 55.831523 ], [ 37.6549412, 55.8316381 ], [ 37.6550624, 55.8317693 ], [ 37.6551556, 55.831905 ], [ 37.6552431, 55.8321447 ], [ 37.6552473, 55.8323812 ], [ 37.6551929, 55.8325778 ], [ 37.6550738, 55.8327407 ], [ 37.6546714, 55.8330539 ], [ 37.6549234, 55.8331786 ], [ 37.655361, 55.8331452 ], [ 37.6558211, 55.833149 ], [ 37.6560288, 55.8331415 ], [ 37.6561815, 55.8331185 ], [ 37.6563346, 55.8330716 ], [ 37.6603681, 55.8317455 ], [ 37.6599531, 55.8313046 ], [ 37.6595548, 55.8314372 ], [ 37.6585158, 55.830459 ], [ 37.6582793, 55.8305378 ], [ 37.6578958, 55.8306657 ], [ 37.6572735, 55.830068 ], [ 37.6575528, 55.8298366 ], [ 37.6623209, 55.8281697 ], [ 37.6625931, 55.8280746 ], [ 37.6632506, 55.8277015 ] ] ] } },
{ "type": "Feature", "properties": { "name": "парк Яуза", "area_ha": 333.0 }, "geometry": { "type": "Polygon", "coordinates": [ [ [ 37.6592041, 55.8323242 ], [ 37.6616454, 55.8343501 ], [ 37.6617729, 55.8343581 ], [ 37.6628415, 55.8339703 ], [ 37.6604423, 55.8318326 ], [ 37.6591861, 55.8322444 ], [ 37.6592041, 55.8323242 ] ] ] } },
{ "type": "Feature", "properties": { "name": "парк Яуза", "area_ha": 333.0 }, "geometry": { "type": "Polygon", "coordinates": [ [ [ 37.6681738, 55.8839023 ], [ 37.6690441, 55.8840515 ], [ 37.6707471, 55.8843905 ], [ 37.6708147, 55.8843905 ], [ 37.6708579, 55.8843762 ], [ 37.6708831, 55.8843451 ], [ 37.670898, 55.8841888 ], [ 37.667799, 55.8835725 ], [ 37.667677, 55.8836908 ], [ 37.666179, 55.883403 ], [ 37.6656268, 55.8832969 ], [ 37.6658597, 55.8829658 ], [ 37.6660348, 55.8827168 ], [ 37.6672351, 55.8828106 ], [ 37.6680765, 55.8829504 ], [ 37.6680372, 55.8828499 ], [ 37.6679797, 55.882639 ], [ 37.6680173, 55.8824487 ], [ 37.6689443, 55.8823737 ], [ 37.6698015, 55.8824634 ], [ 37.6710844, 55.8828083 ], [ 37.6708982, 55.882436 ], [ 37.6708835, 55.8822966 ], [ 37.6708774, 55.8822377 ], [ 37.6706643, 55.8818327 ], [ 37.6701417, 55.8809121 ], [ 37.670071, 55.8807847 ], [ 37.6697329, 55.8807399 ], [ 37.6692626, 55.8806154 ], [ 37.6691066, 55.8805697 ], [ 37.6685468, 55.8804057 ], [ 37.6685031, 55.8804397 ], [ 37.6674504, 55.8802071 ], [ 37.6667081, 55.8800103 ], [ 37.6670122, 55.8796052 ], [ 37.6669119, 55.8795752 ], [ 37.6627807, 55.8782266 ], [ 37.6621252, 55.8783186 ], [ 37.661562, 55.8777017 ], [ 37.6614288, 55.8775579 ], [ 37.6613317, 55.8773951 ], [ 37.6611351, 55.8769147 ], [ 37.6610636, 55.8767321 ], [ 37.6607264, 55.8758703 ], [ 37.660714, 55.8758459 ], [ 37.6601036, 55.8746445 ], [ 37.6591906, 55.8729813 ], [ 37.6586746, 55.8728391 ], [ 37.6580487, 55.8721705 ], [ 37.6581196, 55.8717075 ], [ 37.6581148, 55.8716971 ], [ 37.6580726, 55.8716062 ], [ 37.6578998, 55.871484 ], [ 37.6576926, 55.8713482 ], [ 37.6575179, 55.8711806 ], [ 37.6573629, 55.8709653 ], [ 37.6573243, 55.8709399 ], [ 37.6559836, 55.8711517 ], [ 37.6549262, 55.8713186 ], [ 37.6545364, 55.8713802 ], [ 37.6533218, 55.8715588 ], [ 37.6528371, 55.8716319 ], [ 37.6527361, 55.8716505 ], [ 37.652672, 55.8716815 ], [ 37.6526408, 55.8717311 ], [ 37.6526492, 55.8718712 ], [ 37.6526966, 55.8723619 ], [ 37.6527055, 55.8725321 ], [ 37.6529344, 55.8742746 ], [ 37.6529666, 55.8745196 ], [ 37.6530702, 55.8753084 ], [ 37.6531771, 55.8758204 ], [ 37.653279, 55.8761062 ], [ 37.653445, 55.876581 ], [ 37.6536173, 55.8769135 ], [ 37.6540903, 55.8777103 ], [ 37.6549398, 55.8788457 ], [ 37.6558689, 55.8800748 ], [ 37.6560956, 55.8804035 ], [ 37.6562447, 55.8806923 ], [ 37.6563138, 55.8808905 ], [ 37.656241, 55.8815947 ], [ 37.6562881, 55.881651 ], [ 37.6576893, 55.8818155 ], [ 37.659085, 55.8820202 ], [ 37.6591687, 55.8818891 ], [ 37.6602662, 55.882068 ], [ 37.6603047, 55.8820742 ], [ 37.6605052, 55.8819365 ], [ 37.6611759, 55.8820241 ], [ 37.6613488, 55.8822846 ], [ 37.6616904, 55.8825918 ], [ 37.6617248, 55.8826016 ], [ 37.6621318, 55.8827174 ], [ 37.6639226, 55.883125 ], [ 37.6647011, 55.8832961 ], [ 37.6656044, 55.8834498 ], [ 37.6681738, 55.8839023 ] ] ] } },
{ "type": "Feature", "properties": { "name": "парк Яуза", "area_ha": 333.0 }, "geometry": { "type": "Polygon", "coordinates": [ [ [ 37.6742095, 55.8850493 ], [ 37.6743321, 55.8850663 ], [ 37.6743752, 55.8850636 ], [ 37.6744242, 55.8850538 ], [ 37.6744814, 55.8850327 ], [ 37.6745501, 55.8850044 ], [ 37.674576, 55.8849677 ], [ 37.6746472, 55.8848786 ], [ 37.6747056, 55.884794 ], [ 37.6748118, 55.8845755 ], [ 37.6749193, 55.8843245 ], [ 37.6749882, 55.8841462 ], [ 37.6750151, 55.883837 ], [ 37.6750109, 55.8834972 ], [ 37.6750233, 55.8833919 ], [ 37.6750631, 55.8832959 ], [ 37.6751463, 55.8831761 ], [ 37.6752345, 55.8830985 ], [ 37.675511, 55.8828629 ], [ 37.6755249, 55.8828132 ], [ 37.6755283, 55.882761 ], [ 37.6754493, 55.8827008 ], [ 37.6750655, 55.8825741 ], [ 37.6749623, 55.8826072 ], [ 37.6746721, 55.8824868 ], [ 37.6746431, 55.8824748 ], [ 37.6746954, 55.8824342 ], [ 37.6743937, 55.882286 ], [ 37.6740951, 55.88213 ], [ 37.673562, 55.8818584 ], [ 37.6727267, 55.8814939 ], [ 37.6718808, 55.8811433 ], [ 37.6706849, 55.8807347 ], [ 37.670654, 55.8807661 ], [ 37.6706931, 55.8808193 ], [ 37.6712741, 55.881915 ], [ 37.671447, 55.882268 ], [ 37.6717561, 55.8828396 ], [ 37.672149, 55.8835171 ], [ 37.6726196, 55.8843447 ], [ 37.6728639, 55.8847996 ], [ 37.6742095, 55.8850493 ] ] ] } },
{ "type": "Feature", "properties": { "name": "парк Яуза", "area_ha": 333.0 }, "geometry": { "type": "Polygon", "coordinates": [ [ [ 37.6785427, 55.8830819 ], [ 37.6777004, 55.8831341 ], [ 37.6768891, 55.8829243 ], [ 37.6764411, 55.8830131 ], [ 37.675972, 55.8833929 ], [ 37.6758057, 55.8834244 ], [ 37.6757136, 55.8834314 ], [ 37.6755903, 55.883444 ], [ 37.6755455, 55.8834419 ], [ 37.6754446, 55.883444 ], [ 37.6753176, 55.8834555 ], [ 37.675269, 55.883489 ], [ 37.6752597, 55.8835404 ], [ 37.6752472, 55.8835884 ], [ 37.675224, 55.8838459 ], [ 37.6751952, 55.8840963 ], [ 37.6751936, 55.8841058 ], [ 37.6751491, 55.8843737 ], [ 37.6750262, 55.8845956 ], [ 37.674868, 55.8848632 ], [ 37.6752143, 55.8848834 ], [ 37.6753039, 55.8847431 ], [ 37.6757414, 55.8848218 ], [ 37.6758063, 55.8847197 ], [ 37.6759447, 55.8844514 ], [ 37.6773399, 55.8847174 ], [ 37.6779452, 55.8850621 ], [ 37.6779133, 55.8851169 ], [ 37.6780022, 55.8852054 ], [ 37.6783891, 55.8854117 ], [ 37.6786536, 55.8855885 ], [ 37.6789687, 55.885912 ], [ 37.6792625, 55.8862477 ], [ 37.6793729, 55.8864909 ], [ 37.67943, 55.8867003 ], [ 37.6794336, 55.8867781 ], [ 37.6794365, 55.8868416 ], [ 37.6795039, 55.8870539 ], [ 37.6808731, 55.8869533 ], [ 37.6814998, 55.8869053 ], [ 37.6820498, 55.8868645 ], [ 37.6826498, 55.8868031 ], [ 37.6834244, 55.8866696 ], [ 37.6819709, 55.8847942 ], [ 37.6819549, 55.8846293 ], [ 37.6814412, 55.8840514 ], [ 37.6809189, 55.8842135 ], [ 37.680565, 55.8843677 ], [ 37.6797844, 55.8839119 ], [ 37.6801024, 55.8837692 ], [ 37.6785427, 55.8830819 ] ] ] } },
{ "type": "Feature", "properties": { "name": "парк Яуза", "area_ha": 333.0 }, "geometry": { "type": "Polygon", "coordinates": [ [ [ 37.681982, 55.8870457 ], [ 37.681344, 55.8870996 ], [ 37.6796516, 55.8872357 ], [ 37.6796211, 55.8872934 ], [ 37.6797648, 55.8880062 ], [ 37.6796669, 55.8880101 ], [ 37.6798773, 55.889082 ], [ 37.6800139, 55.8897818 ], [ 37.680136, 55.890052 ], [ 37.68021, 55.8902058 ], [ 37.6803875, 55.8904901 ], [ 37.6806368, 55.8908561 ], [ 37.6808506, 55.8910626 ], [ 37.681172, 55.8913678 ], [ 37.6812061, 55.8914059 ], [ 37.6814014, 55.891624 ], [ 37.6815032, 55.8918288 ], [ 37.6815883, 55.8920418 ], [ 37.681594, 55.8922293 ], [ 37.6815313, 55.8924187 ], [ 37.6814336, 55.8925502 ], [ 37.6812752, 55.8927227 ], [ 37.6811318, 55.8928568 ], [ 37.6811065, 55.8928901 ], [ 37.6811428, 55.8929277 ], [ 37.6811773, 55.8929309 ], [ 37.681384, 55.8929464 ], [ 37.6816541, 55.8929625 ], [ 37.6816471, 55.8928535 ], [ 37.6818849, 55.8924139 ], [ 37.6819376, 55.8921125 ], [ 37.6818714, 55.8918204 ], [ 37.682962, 55.8916264 ], [ 37.6835167, 55.8928615 ], [ 37.6832788, 55.8929089 ], [ 37.6834491, 55.8933066 ], [ 37.683958, 55.8932343 ], [ 37.684176, 55.8937962 ], [ 37.6842228, 55.8940627 ], [ 37.6842675, 55.8942383 ], [ 37.6867369, 55.8942737 ], [ 37.6865651, 55.8932313 ], [ 37.6864837, 55.8926931 ], [ 37.6863603, 55.8916267 ], [ 37.686324, 55.8915113 ], [ 37.6861794, 55.8910516 ], [ 37.6861417, 55.8909924 ], [ 37.6859038, 55.8906189 ], [ 37.6858307, 55.8905196 ], [ 37.6851851, 55.8896418 ], [ 37.6843805, 55.8888918 ], [ 37.6852804, 55.888556 ], [ 37.6853271, 55.8885063 ], [ 37.6851065, 55.8881745 ], [ 37.6849745, 55.8881218 ], [ 37.685011, 55.8880853 ], [ 37.6841291, 55.8877556 ], [ 37.6831176, 55.8875189 ], [ 37.6832014, 55.8872424 ], [ 37.683202, 55.8869459 ], [ 37.6831238, 55.8869409 ], [ 37.683109, 55.8869341 ], [ 37.6831776, 55.8869137 ], [ 37.6831047, 55.8869226 ], [ 37.681982, 55.8870457 ] ] ] } },
{ "type": "Feature", "properties": { "name": "Сквер на набережной Шитова", "area_ha": 7.4 }, "geometry": { "type": "Polygon", "coordinates": [ [ [ 37.7323306, 55.8014175 ], [ 37.7317111, 55.802121 ], [ 37.7318224, 55.8021339 ], [ 37.731878, 55.8021227 ], [ 37.7319215, 55.8021758 ], [ 37.7318349, 55.8022723 ], [ 37.7317263, 55.8023055 ], [ 37.7316868, 55.8022873 ], [ 37.7316084, 55.8022587 ], [ 37.7314449, 55.8024018 ], [ 37.7311194, 55.8028191 ], [ 37.7310326, 55.8029262 ], [ 37.7309814, 55.8030206 ], [ 37.7309371, 55.8031214 ], [ 37.730934, 55.803459 ], [ 37.7310984, 55.803703 ], [ 37.7314147, 55.8040016 ], [ 37.73229, 55.8048168 ], [ 37.7325343, 55.8052153 ], [ 37.7325242, 55.8056531 ], [ 37.7325793, 55.8060832 ], [ 37.7326102, 55.8066186 ], [ 37.7327555, 55.8067717 ], [ 37.7328402, 55.8070691 ], [ 37.7327472, 55.8072625 ], [ 37.7326672, 55.8073791 ], [ 37.732728, 55.8074183 ], [ 37.7331022, 55.8072171 ], [ 37.7331209, 55.8071554 ], [ 37.7331839, 55.8070899 ], [ 37.7333488, 55.8070938 ], [ 37.7336408, 55.8070928 ], [ 37.7336411, 55.8069373 ], [ 37.7339362, 55.806936 ], [ 37.7340255, 55.8069355 ], [ 37.7341212, 55.8068126 ], [ 37.7347956, 55.8068119 ], [ 37.7347895, 55.8061603 ], [ 37.7349229, 55.8060228 ], [ 37.7351241, 55.8059794 ], [ 37.7353909, 55.8059327 ], [ 37.7350898, 55.8055758 ], [ 37.7342951, 55.8046709 ], [ 37.7341131, 55.8044928 ], [ 37.7336553, 55.8041218 ], [ 37.733476, 55.8039764 ], [ 37.7329858, 55.8036093 ], [ 37.7323829, 55.8032048 ], [ 37.7321794, 55.8028673 ], [ 37.7321754, 55.802631 ], [ 37.7323661, 55.8023345 ], [ 37.7328631, 55.8016314 ], [ 37.7326725, 55.801565 ], [ 37.7329705, 55.8012319 ], [ 37.7338772, 55.801243 ], [ 37.7341299, 55.8009507 ], [ 37.7339454, 55.8008824 ], [ 37.7336688, 55.8006498 ], [ 37.7336692, 55.8005358 ], [ 37.7333682, 55.8004991 ], [ 37.7327262, 55.8010578 ], [ 37.7323306, 55.8014175 ] ] ] } },
{ "type": "Feature", "properties": { "name": "Сиреневый сад Л.А. Колесникова", "area_ha": 7.7 }, "geometry": { "type": "Polygon", "coordinates": [ [ [ 37.7659932, 55.8055631 ], [ 37.7661246, 55.8055988 ], [ 37.7662579, 55.8056351 ], [ 37.7663892, 55.8056709 ], [ 37.7663464, 55.8057178 ], [ 37.7682133, 55.806226 ], [ 37.7685465, 55.8057635 ], [ 37.7687136, 55.8053027 ], [ 37.7691234, 55.8041726 ], [ 37.7689076, 55.8041423 ], [ 37.7688608, 55.8040999 ], [ 37.768638, 55.8040812 ], [ 37.7671693, 55.8038819 ], [ 37.7663449, 55.8037134 ], [ 37.7655131, 55.8034522 ], [ 37.7652434, 55.8034549 ], [ 37.764924, 55.8034381 ], [ 37.7633963, 55.8033462 ], [ 37.7629612, 55.8040736 ], [ 37.7628451, 55.8041689 ], [ 37.7626591, 55.8045451 ], [ 37.7626471, 55.8045679 ], [ 37.7628944, 55.8045743 ], [ 37.763472, 55.8047654 ], [ 37.7632911, 55.8049911 ], [ 37.7635616, 55.8050632 ], [ 37.7636364, 55.8050819 ], [ 37.7637081, 55.8050014 ], [ 37.7659503, 55.80561 ], [ 37.7659932, 55.8055631 ] ] ] } },
{ "type": "Feature", "properties": { "name": "Южный парк", "area_ha": 6.3 }, "geometry": { "type": "Polygon", "coordinates": [ [ [ 37.8660414, 55.8158748 ], [ 37.8667354, 55.8160468 ], [ 37.8668048, 55.8159447 ], [ 37.8679206, 55.8162069 ], [ 37.8680016, 55.8161641 ], [ 37.8684142, 55.8162606 ], [ 37.8686804, 55.8159824 ], [ 37.8688205, 55.8160218 ], [ 37.8687832, 55.8160743 ], [ 37.8688961, 55.8161031 ], [ 37.8704141, 55.81649 ], [ 37.8713633, 55.816732 ], [ 37.8718367, 55.8168526 ], [ 37.8724137, 55.8169997 ], [ 37.8736939, 55.8173309 ], [ 37.8738247, 55.8173648 ], [ 37.874712, 55.8161915 ], [ 37.8748878, 55.8159745 ], [ 37.8740377, 55.815573 ], [ 37.8733091, 55.8153867 ], [ 37.8723422, 55.8152146 ], [ 37.8722356, 55.8151975 ], [ 37.8720302, 55.8156316 ], [ 37.8706028, 55.8154582 ], [ 37.8705214, 55.8154483 ], [ 37.8702665, 55.8153878 ], [ 37.8701794, 55.8153242 ], [ 37.8687364, 55.8155232 ], [ 37.86819, 55.815552 ], [ 37.8676528, 55.8155363 ], [ 37.8662283, 55.8153578 ], [ 37.8659994, 55.8158276 ], [ 37.8660414, 55.8158748 ] ] ] } },
{ "type": "Feature", "properties": { "name": "Гольяновcкий парк", "area_ha": 27.4 }, "geometry": { "type": "Polygon", "coordinates": [ [ [ 37.8126378, 55.8228899 ], [ 37.812642, 55.8226674 ], [ 37.8121405, 55.8225985 ], [ 37.8120813, 55.8223734 ], [ 37.811968, 55.8219427 ], [ 37.8123026, 55.8219477 ], [ 37.8123133, 55.8216811 ], [ 37.812314, 55.8216646 ], [ 37.8131635, 55.8216654 ], [ 37.8131814, 55.8213362 ], [ 37.8131011, 55.8212343 ], [ 37.813107, 55.82082 ], [ 37.8116587, 55.8207983 ], [ 37.8115844, 55.8207632 ], [ 37.8115962, 55.8204218 ], [ 37.8115982, 55.8203629 ], [ 37.8116022, 55.8202469 ], [ 37.8099319, 55.8202096 ], [ 37.8097513, 55.8201948 ], [ 37.8046947, 55.820051 ], [ 37.8045986, 55.8200482 ], [ 37.8023299, 55.8199926 ], [ 37.8018829, 55.8199789 ], [ 37.7985659, 55.8199166 ], [ 37.7983267, 55.8199149 ], [ 37.7981881, 55.8199139 ], [ 37.7982011, 55.8202555 ], [ 37.7982504, 55.8205635 ], [ 37.798313, 55.8207514 ], [ 37.7984234, 55.820981 ], [ 37.7985903, 55.8211352 ], [ 37.7987633, 55.8213754 ], [ 37.7987158, 55.8214161 ], [ 37.7988415, 55.8215413 ], [ 37.7989778, 55.8216788 ], [ 37.7991495, 55.8218059 ], [ 37.7993614, 55.8219468 ], [ 37.7995305, 55.8220545 ], [ 37.7997359, 55.8221712 ], [ 37.8000111, 55.8223059 ], [ 37.8002619, 55.8224204 ], [ 37.8005367, 55.8225265 ], [ 37.8008104, 55.8226164 ], [ 37.8011113, 55.8226987 ], [ 37.8013921, 55.8227594 ], [ 37.8016942, 55.8228068 ], [ 37.8020684, 55.8228528 ], [ 37.8024691, 55.8228937 ], [ 37.8037891, 55.8229864 ], [ 37.8047597, 55.8230346 ], [ 37.8056736, 55.8230745 ], [ 37.8063437, 55.823093 ], [ 37.8070093, 55.8231074 ], [ 37.8080796, 55.8231305 ], [ 37.8085457, 55.8231405 ], [ 37.8087248, 55.8231444 ], [ 37.8093843, 55.8231491 ], [ 37.8115108, 55.8231952 ], [ 37.8122515, 55.8232064 ], [ 37.8126378, 55.8228899 ] ] ] } },
{ "type": "Feature", "properties": { "name": "Спортивный бульвар ВАО", "area_ha": 11.8 }, "geometry": { "type": "Polygon", "coordinates": [ [ [ 37.8283256, 55.8280375 ], [ 37.8282828, 55.8280177 ], [ 37.8293449, 55.8273277 ], [ 37.8295387, 55.8274034 ], [ 37.8292657, 55.8277601 ], [ 37.8295299, 55.8278716 ], [ 37.8297157, 55.8277753 ], [ 37.8310523, 55.8270829 ], [ 37.8320724, 55.826311 ], [ 37.8318585, 55.8261171 ], [ 37.8327849, 55.8255093 ], [ 37.8339047, 55.8243692 ], [ 37.8345456, 55.8243212 ], [ 37.835377, 55.8234288 ], [ 37.8363653, 55.821775 ], [ 37.8367086, 55.8211392 ], [ 37.8370083, 55.8204898 ], [ 37.8369387, 55.8199134 ], [ 37.8364904, 55.8198629 ], [ 37.8367452, 55.8182443 ], [ 37.8368717, 55.8171655 ], [ 37.8369227, 55.8167306 ], [ 37.8358685, 55.8166974 ], [ 37.8355599, 55.8166863 ], [ 37.8354378, 55.8178109 ], [ 37.8353359, 55.8184679 ], [ 37.8351339, 55.819306 ], [ 37.8349789, 55.8197386 ], [ 37.8346597, 55.8204902 ], [ 37.8345582, 55.820653 ], [ 37.8346779, 55.8206574 ], [ 37.8349676, 55.8206466 ], [ 37.8351456, 55.8206448 ], [ 37.8357039, 55.8206367 ], [ 37.8361272, 55.8206301 ], [ 37.83654, 55.8206275 ], [ 37.8363327, 55.8210938 ], [ 37.8359594, 55.8218715 ], [ 37.8356762, 55.8218287 ], [ 37.8355822, 55.8218216 ], [ 37.8352538, 55.8225501 ], [ 37.8346658, 55.8224779 ], [ 37.8345531, 55.8227234 ], [ 37.8345215, 55.8227885 ], [ 37.8344912, 55.8228592 ], [ 37.8344368, 55.8229858 ], [ 37.8336235, 55.8228289 ], [ 37.833051, 55.8235241 ], [ 37.8329569, 55.8236382 ], [ 37.8340098, 55.8238632 ], [ 37.8335562, 55.8243886 ], [ 37.8327924, 55.8242971 ], [ 37.8324368, 55.8242145 ], [ 37.8322237, 55.8244614 ], [ 37.832005, 55.8246855 ], [ 37.8307474, 55.8258657 ], [ 37.8296745, 55.8267414 ], [ 37.8289726, 55.8272077 ], [ 37.8280049, 55.8278503 ], [ 37.8272961, 55.8281884 ], [ 37.8269163, 55.8283021 ], [ 37.8263409, 55.8282921 ], [ 37.8262235, 55.8283957 ], [ 37.8260112, 55.8287202 ], [ 37.8263829, 55.8288225 ], [ 37.8266023, 55.8290909 ], [ 37.8276909, 55.8284949 ], [ 37.8285671, 55.8281548 ], [ 37.8283256, 55.8280375 ] ] ] } },
{ "type": "Feature", "properties": { "name": "парк Друзья леса", "area_ha": 8.7 }, "geometry": { "type": "Polygon", "coordinates": [ [ [ 37.695838, 55.8270479 ], [ 37.6959144, 55.8270316 ], [ 37.6959962, 55.8270354 ], [ 37.6961008, 55.8270972 ], [ 37.6965088, 55.8271711 ], [ 37.6967977, 55.8271382 ], [ 37.6970171, 55.8271455 ], [ 37.6972922, 55.8271921 ], [ 37.697406, 55.8272385 ], [ 37.6974808, 55.8273564 ], [ 37.6974662, 55.8274996 ], [ 37.6972854, 55.8275867 ], [ 37.6971522, 55.8277375 ], [ 37.6970859, 55.8278987 ], [ 37.6972032, 55.8279529 ], [ 37.6973467, 55.8279467 ], [ 37.6974567, 55.8278392 ], [ 37.6980415, 55.8279326 ], [ 37.6980622, 55.8280542 ], [ 37.6979515, 55.8282361 ], [ 37.6984021, 55.8283988 ], [ 37.6989761, 55.8284591 ], [ 37.6990995, 55.8283627 ], [ 37.6990673, 55.828209 ], [ 37.6989435, 55.8280614 ], [ 37.6990255, 55.8278232 ], [ 37.6989195, 55.8276996 ], [ 37.6990825, 55.827608 ], [ 37.6991681, 55.8276446 ], [ 37.699274, 55.8275897 ], [ 37.6991884, 55.8274867 ], [ 37.6993351, 55.827299 ], [ 37.699327, 55.8271686 ], [ 37.6996, 55.8270519 ], [ 37.6999056, 55.827077 ], [ 37.7006417, 55.8271331 ], [ 37.7010533, 55.8271194 ], [ 37.7013996, 55.8271492 ], [ 37.7016482, 55.8272361 ], [ 37.7018967, 55.8273002 ], [ 37.7022592, 55.8273414 ], [ 37.702573, 55.8273048 ], [ 37.70274, 55.8272705 ], [ 37.7028882, 55.8272328 ], [ 37.7030334, 55.8271949 ], [ 37.7034374, 55.8270334 ], [ 37.7036166, 55.8269579 ], [ 37.703853, 55.8269327 ], [ 37.7039869, 55.8269607 ], [ 37.7042571, 55.8268624 ], [ 37.7047863, 55.8265687 ], [ 37.704926, 55.8265468 ], [ 37.7050674, 55.8265864 ], [ 37.7052465, 55.8265871 ], [ 37.7054054, 55.8265458 ], [ 37.70546, 55.826431 ], [ 37.7055964, 55.8263776 ], [ 37.705737, 55.8262826 ], [ 37.7057378, 55.8262149 ], [ 37.7057409, 55.8261791 ], [ 37.7052752, 55.8261714 ], [ 37.702942, 55.8261273 ], [ 37.7000765, 55.8260357 ], [ 37.6975585, 55.8259605 ], [ 37.6965686, 55.8259269 ], [ 37.6954169, 55.8258999 ], [ 37.6947291, 55.8258832 ], [ 37.694582, 55.8259378 ], [ 37.6945206, 55.8260151 ], [ 37.6946648, 55.8260881 ], [ 37.6948226, 55.8260624 ], [ 37.6949673, 55.8260944 ], [ 37.6951294, 55.8262959 ], [ 37.6951677, 55.8263763 ], [ 37.6953444, 55.8265199 ], [ 37.6957185, 55.8267825 ], [ 37.6957746, 55.8269331 ], [ 37.6957808, 55.8270144 ], [ 37.695838, 55.8270479 ] ] ] } },
{ "type": "Feature", "properties": { "name": "Национальный парк «Лосиный остров»", "area_ha": 12476.1 }, "geometry": { "type": "Polygon", "coordinates": [ [ [ 37.7125477, 55.8218723 ], [ 37.7124526, 55.821915 ], [ 37.7123069, 55.82233 ], [ 37.7118568, 55.8222921 ], [ 37.7117915, 55.8222029 ], [ 37.7117615, 55.8221157 ], [ 37.7118194, 55.8219546 ], [ 37.7118536, 55.8218564 ], [ 37.7118903, 55.8218045 ], [ 37.7120277, 55.8216452 ], [ 37.7121702, 55.8214769 ], [ 37.7121186, 55.8214107 ], [ 37.7120595, 55.8213407 ], [ 37.7120984, 55.8212655 ], [ 37.7120938, 55.8209043 ], [ 37.7121668, 55.820637 ], [ 37.7114616, 55.8205385 ], [ 37.7110625, 55.8204828 ], [ 37.7106575, 55.8204262 ], [ 37.7102946, 55.8203755 ], [ 37.7100825, 55.8203451 ], [ 37.7100325, 55.8203379 ], [ 37.7085708, 55.8201287 ], [ 37.707903, 55.8202732 ], [ 37.7076493, 55.8203281 ], [ 37.7061706, 55.8201886 ], [ 37.7052739, 55.820104 ], [ 37.7053057, 55.8206383 ], [ 37.7053226, 55.8209214 ], [ 37.7054125, 55.8218362 ], [ 37.7054422, 55.8220852 ], [ 37.7054601, 55.8221407 ], [ 37.705177, 55.8221561 ], [ 37.7040088, 55.8221417 ], [ 37.7039343, 55.8221418 ], [ 37.7033757, 55.8219064 ], [ 37.7031053, 55.8217943 ], [ 37.7028235, 55.8216751 ], [ 37.702798, 55.8217169 ], [ 37.6997869, 55.8205408 ], [ 37.6996602, 55.8204292 ], [ 37.6994497, 55.8204362 ], [ 37.6974208, 55.819552 ], [ 37.6975023, 55.8203966 ], [ 37.6975487, 55.8209156 ], [ 37.6970379, 55.8208045 ], [ 37.6953763, 55.8203412 ], [ 37.6954341, 55.818932 ], [ 37.6939905, 55.8183716 ], [ 37.6921022, 55.8177447 ], [ 37.6901147, 55.8176277 ], [ 37.6898391, 55.8176115 ], [ 37.6888779, 55.8175549 ], [ 37.688688, 55.817484 ], [ 37.6844228, 55.815891 ], [ 37.6836033, 55.8156619 ], [ 37.6824579, 55.8160598 ], [ 37.6818119, 55.8163571 ], [ 37.6808001, 55.8168394 ], [ 37.6799636, 55.8172563 ], [ 37.6804082, 55.8176015 ], [ 37.6800638, 55.8178514 ], [ 37.6787887, 55.8180854 ], [ 37.6769069, 55.8184517 ], [ 37.6763404, 55.8178852 ], [ 37.67545, 55.8180794 ], [ 37.6744054, 55.81836 ], [ 37.6730073, 55.8187715 ], [ 37.6718956, 55.819105 ], [ 37.671596, 55.8192038 ], [ 37.6705251, 55.8196285 ], [ 37.6688944, 55.8203048 ], [ 37.6685975, 55.8203853 ], [ 37.6691526, 55.8213175 ], [ 37.6690882, 55.8213356 ], [ 37.6695228, 55.822153 ], [ 37.6703872, 55.8240462 ], [ 37.6704689, 55.824192 ], [ 37.6706941, 55.8243936 ], [ 37.6707973, 55.8248211 ], [ 37.6708388, 55.8249572 ], [ 37.6710217, 55.8256719 ], [ 37.6712823, 55.826604 ], [ 37.6715201, 55.8273626 ], [ 37.6715749, 55.8290255 ], [ 37.6715397, 55.8292742 ], [ 37.671432, 55.8300367 ], [ 37.671274, 55.8308872 ], [ 37.6710664, 55.8322989 ], [ 37.6710273, 55.8325648 ], [ 37.6708873, 55.833602 ], [ 37.6707673, 55.8345082 ], [ 37.6706272, 55.8356502 ], [ 37.6705206, 55.8365488 ], [ 37.6703805, 55.8376758 ], [ 37.6702254, 55.8386456 ], [ 37.6703301, 55.8386208 ], [ 37.6704031, 55.8386011 ], [ 37.6752546, 55.83733 ], [ 37.6770517, 55.8368571 ], [ 37.6799834, 55.8360889 ], [ 37.6829963, 55.8353192 ], [ 37.6835727, 55.8351762 ], [ 37.6835346, 55.8351204 ], [ 37.6834403, 55.835001 ], [ 37.6868575, 55.8340243 ], [ 37.6876443, 55.8339191 ], [ 37.6877664, 55.8338885 ], [ 37.6878132, 55.8339475 ], [ 37.6886163, 55.8337012 ], [ 37.6935473, 55.8321273 ], [ 37.6938361, 55.832032 ], [ 37.6939827, 55.8319868 ], [ 37.6940553, 55.8319615 ], [ 37.6942324, 55.8319042 ], [ 37.6941262, 55.831824 ], [ 37.6938772, 55.8318264 ], [ 37.6935358, 55.8315063 ], [ 37.6939963, 55.8308616 ], [ 37.69505, 55.8308874 ], [ 37.6964238, 55.8309127 ], [ 37.6965564, 55.8307531 ], [ 37.696477, 55.8302904 ], [ 37.6980438, 55.8297293 ], [ 37.698097, 55.8297771 ], [ 37.6983464, 55.8296921 ], [ 37.6983119, 55.8296594 ], [ 37.6984759, 55.829603 ], [ 37.6992121, 55.8293615 ], [ 37.6993033, 55.8294519 ], [ 37.6995984, 55.829366 ], [ 37.6995179, 55.8292636 ], [ 37.7005356, 55.8288981 ], [ 37.7018369, 55.828465 ], [ 37.7019854, 55.8286058 ], [ 37.7020482, 55.828585 ], [ 37.7021507, 55.8286821 ], [ 37.7021978, 55.8286664 ], [ 37.7023485, 55.8288093 ], [ 37.7024548, 55.8287802 ], [ 37.7025387, 55.8287577 ], [ 37.7026422, 55.8288002 ], [ 37.7042206, 55.8283076 ], [ 37.7044988, 55.8282316 ], [ 37.7047992, 55.8280659 ], [ 37.7053323, 55.8277299 ], [ 37.7054312, 55.8276817 ], [ 37.7057634, 55.8272633 ], [ 37.7058893, 55.8270112 ], [ 37.7059331, 55.826756 ], [ 37.7059398, 55.8262879 ], [ 37.7059486, 55.8262249 ], [ 37.7061208, 55.8262325 ], [ 37.7062426, 55.8262504 ], [ 37.7065164, 55.8262908 ], [ 37.707573, 55.8264637 ], [ 37.7082189, 55.826638 ], [ 37.7085468, 55.8268728 ], [ 37.7087331, 55.8270325 ], [ 37.7091005, 55.8269057 ], [ 37.7096099, 55.8267463 ], [ 37.7116152, 55.8260774 ], [ 37.7127372, 55.8256842 ], [ 37.7160833, 55.8245258 ], [ 37.715859, 55.8240935 ], [ 37.7156638, 55.8237429 ], [ 37.7156047, 55.8237069 ], [ 37.7139834, 55.8227187 ], [ 37.7138262, 55.8226302 ], [ 37.7125477, 55.8218723 ] ] ] } },
{ "type": "Feature", "properties": { "name": "Национальный парк «Лосиный остров»", "area_ha": 12476.1 }, "geometry": { "type": "Polygon", "coordinates": [ [ [ 37.7693087, 55.8293254 ], [ 37.7687808, 55.8293569 ], [ 37.7686816, 55.8293595 ], [ 37.7686276, 55.8293781 ], [ 37.768559, 55.8294016 ], [ 37.7683647, 55.8295145 ], [ 37.7680308, 55.8296945 ], [ 37.7677105, 55.8298533 ], [ 37.7676001, 55.8298546 ], [ 37.7674139, 55.8298043 ], [ 37.7663249, 55.8292913 ], [ 37.7662495, 55.8292006 ], [ 37.7662459, 55.8291635 ], [ 37.7661882, 55.8285207 ], [ 37.7661316, 55.8284698 ], [ 37.764624, 55.8277685 ], [ 37.7645905, 55.8280101 ], [ 37.7644077, 55.8294234 ], [ 37.7643465, 55.8297893 ], [ 37.7643138, 55.8299736 ], [ 37.7642562, 55.8303355 ], [ 37.7640929, 55.8304432 ], [ 37.7639567, 55.8305182 ], [ 37.7636262, 55.8306282 ], [ 37.7631136, 55.8305741 ], [ 37.7628111, 55.8304976 ], [ 37.7625904, 55.8304182 ], [ 37.7621037, 55.8301902 ], [ 37.76164, 55.8302121 ], [ 37.7607292, 55.8303717 ], [ 37.7600499, 55.8304768 ], [ 37.7599789, 55.830494 ], [ 37.7598975, 55.8305168 ], [ 37.7590663, 55.8309371 ], [ 37.7590173, 55.8309479 ], [ 37.7585415, 55.8309918 ], [ 37.7580395, 55.8308005 ], [ 37.7572437, 55.8303703 ], [ 37.7570645, 55.8301994 ], [ 37.756689, 55.8296692 ], [ 37.7561472, 55.8292082 ], [ 37.7559219, 55.8290952 ], [ 37.7556939, 55.8290033 ], [ 37.7555544, 55.8289566 ], [ 37.7553183, 55.8288752 ], [ 37.7551923, 55.8288346 ], [ 37.7545286, 55.8286302 ], [ 37.7535985, 55.8280095 ], [ 37.7531511, 55.827737 ], [ 37.7529156, 55.8276484 ], [ 37.752761, 55.8275984 ], [ 37.7525451, 55.8275616 ], [ 37.7524238, 55.8274912 ], [ 37.7521849, 55.8273716 ], [ 37.752017, 55.8272842 ], [ 37.7505599, 55.8265083 ], [ 37.7503268, 55.8263754 ], [ 37.7499536, 55.8262179 ], [ 37.749719, 55.8261693 ], [ 37.7496509, 55.8261506 ], [ 37.7491267, 55.8260235 ], [ 37.7487771, 55.8258546 ], [ 37.7486233, 55.8258047 ], [ 37.7484122, 55.8258009 ], [ 37.7480575, 55.8258148 ], [ 37.7477611, 55.8257939 ], [ 37.747664, 55.8257728 ], [ 37.7476059, 55.8257638 ], [ 37.7476181, 55.8257318 ], [ 37.7478382, 55.825196 ], [ 37.7480106, 55.8249603 ], [ 37.7482031, 55.8247325 ], [ 37.7486472, 55.8241492 ], [ 37.7492263, 55.8234534 ], [ 37.7492681, 55.8234109 ], [ 37.749446, 55.8231983 ], [ 37.7497371, 55.822777 ], [ 37.7497825, 55.8226258 ], [ 37.7497807, 55.8225211 ], [ 37.7498423, 55.8220811 ], [ 37.7499065, 55.8215343 ], [ 37.7499228, 55.8213312 ], [ 37.7499266, 55.8212024 ], [ 37.7451188, 55.8216326 ], [ 37.7444315, 55.8216615 ], [ 37.7441942, 55.8216525 ], [ 37.7439814, 55.8216217 ], [ 37.7436814, 55.8215372 ], [ 37.7432983, 55.8213978 ], [ 37.7427214, 55.821151 ], [ 37.7423542, 55.8210255 ], [ 37.742188, 55.8210074 ], [ 37.741919, 55.8210175 ], [ 37.7396721, 55.8211706 ], [ 37.7374607, 55.8213483 ], [ 37.7357664, 55.8214999 ], [ 37.7358076, 55.8219362 ], [ 37.7346325, 55.8219992 ], [ 37.7345749, 55.8217661 ], [ 37.7328599, 55.8219185 ], [ 37.732923, 55.8221283 ], [ 37.7328492, 55.8222197 ], [ 37.7320669, 55.8222926 ], [ 37.7319313, 55.8222392 ], [ 37.7317069, 55.8218836 ], [ 37.7307909, 55.8219335 ], [ 37.72976, 55.8221575 ], [ 37.7294508, 55.8222533 ], [ 37.729275, 55.8223601 ], [ 37.729191, 55.8224774 ], [ 37.7291614, 55.8226077 ], [ 37.7291605, 55.8226396 ], [ 37.728903, 55.8226474 ], [ 37.7274682, 55.8228512 ], [ 37.7276359, 55.8230593 ], [ 37.7275956, 55.8230802 ], [ 37.727639, 55.8231323 ], [ 37.7276192, 55.8231469 ], [ 37.7273532, 55.8231418 ], [ 37.7270436, 55.8230113 ], [ 37.7258854, 55.8231923 ], [ 37.7255788, 55.8233401 ], [ 37.7251188, 55.8236326 ], [ 37.7250214, 55.8235786 ], [ 37.7247082, 55.8236912 ], [ 37.7246634, 55.8240727 ], [ 37.7245987, 55.8241797 ], [ 37.7237365, 55.8245878 ], [ 37.7221917, 55.8250356 ], [ 37.7225418, 55.8267395 ], [ 37.7224633, 55.8268505 ], [ 37.7221512, 55.8268367 ], [ 37.720544, 55.8267656 ], [ 37.7200471, 55.8267436 ], [ 37.7199466, 55.826788 ], [ 37.719645, 55.8267739 ], [ 37.7194591, 55.8267154 ], [ 37.7187529, 55.8266871 ], [ 37.7184834, 55.8266755 ], [ 37.7184449, 55.8268645 ], [ 37.7184068, 55.827173 ], [ 37.7182851, 55.8273369 ], [ 37.7170219, 55.8272701 ], [ 37.7170813, 55.8266309 ], [ 37.7151439, 55.8265375 ], [ 37.7145796, 55.8265103 ], [ 37.7145037, 55.8265066 ], [ 37.7136701, 55.8264698 ], [ 37.7134022, 55.8264595 ], [ 37.713362, 55.8264577 ], [ 37.7127264, 55.8264401 ], [ 37.7117997, 55.8267928 ], [ 37.7120527, 55.8271329 ], [ 37.7118896, 55.8273314 ], [ 37.7112741, 55.8276071 ], [ 37.7106083, 55.8277211 ], [ 37.710312, 55.8277056 ], [ 37.7101797, 55.8276652 ], [ 37.7095816, 55.8279153 ], [ 37.7088685, 55.828224 ], [ 37.7089272, 55.8283513 ], [ 37.7083759, 55.8285924 ], [ 37.7080697, 55.8285598 ], [ 37.7047679, 55.8297358 ], [ 37.7036512, 55.8301177 ], [ 37.7015859, 55.8307279 ], [ 37.6986462, 55.8317914 ], [ 37.6955643, 55.8327389 ], [ 37.6951502, 55.832877 ], [ 37.6937114, 55.8333524 ], [ 37.6912665, 55.8342631 ], [ 37.6914534, 55.8344303 ], [ 37.6892895, 55.8352497 ], [ 37.6890408, 55.8350178 ], [ 37.6887772, 55.8349983 ], [ 37.6853679, 55.8359684 ], [ 37.6830959, 55.836551 ], [ 37.6814117, 55.8369105 ], [ 37.6803884, 55.8372185 ], [ 37.680147, 55.8373315 ], [ 37.6795878, 55.8377863 ], [ 37.6794646, 55.8377463 ], [ 37.6791924, 55.8376585 ], [ 37.6790768, 55.8377886 ], [ 37.6787479, 55.8383295 ], [ 37.6786115, 55.8387014 ], [ 37.6785417, 55.8392737 ], [ 37.6786234, 55.8406057 ], [ 37.6786637, 55.8410848 ], [ 37.6795384, 55.8412782 ], [ 37.6790771, 55.8420144 ], [ 37.6797693, 55.8422292 ], [ 37.6802576, 55.8424748 ], [ 37.6813889, 55.8432125 ], [ 37.6853622, 55.8452913 ], [ 37.6856774, 55.8454549 ], [ 37.6858622, 55.8455547 ], [ 37.6860087, 55.8456364 ], [ 37.6861631, 55.8457172 ], [ 37.6866191, 55.8459631 ], [ 37.6888898, 55.8472001 ], [ 37.6890677, 55.8472883 ], [ 37.6891152, 55.8473165 ], [ 37.6903183, 55.8480056 ], [ 37.6902576, 55.8480977 ], [ 37.6902149, 55.8481906 ], [ 37.690215, 55.8481906 ], [ 37.6912759, 55.8493461 ], [ 37.6922264, 55.8503067 ], [ 37.6899704, 55.8512231 ], [ 37.6913965, 55.8522582 ], [ 37.6922843, 55.8529088 ], [ 37.6883279, 55.853926 ], [ 37.6867679, 55.8545129 ], [ 37.6867899, 55.8547734 ], [ 37.6878597, 55.8554916 ], [ 37.6879813, 55.8555164 ], [ 37.6886034, 55.8552849 ], [ 37.6894096, 55.8559566 ], [ 37.690243, 55.8558958 ], [ 37.6905982, 55.8560843 ], [ 37.6907472, 55.8561774 ], [ 37.6916307, 55.8560299 ], [ 37.6925215, 55.8561333 ], [ 37.6931332, 55.8557966 ], [ 37.6930692, 55.8556987 ], [ 37.6928955, 55.8555678 ], [ 37.692634, 55.8555098 ], [ 37.6924303, 55.8553303 ], [ 37.6927737, 55.855167 ], [ 37.6934398, 55.8544178 ], [ 37.6938021, 55.8540104 ], [ 37.693972, 55.853896 ], [ 37.6947455, 55.8533753 ], [ 37.6937646, 55.8520726 ], [ 37.6968229, 55.8481609 ], [ 37.7035867, 55.8487733 ], [ 37.7052438, 55.8480435 ], [ 37.7056434, 55.8479445 ], [ 37.7068677, 55.8478345 ], [ 37.7104244, 55.8475046 ], [ 37.7105938, 55.8474372 ], [ 37.7107057, 55.8473926 ], [ 37.7108537, 55.8473839 ], [ 37.7109999, 55.8473814 ], [ 37.7120984, 55.8473548 ], [ 37.7123877, 55.8474329 ], [ 37.7125031, 55.8475275 ], [ 37.7127063, 55.8474397 ], [ 37.7140751, 55.8469149 ], [ 37.7171278, 55.8490573 ], [ 37.7177561, 55.8493449 ], [ 37.7179781, 55.8494465 ], [ 37.7193496, 55.8500088 ], [ 37.7201692, 55.8505716 ], [ 37.7197732, 55.8511819 ], [ 37.719405, 55.8514226 ], [ 37.721005, 55.8522056 ], [ 37.7216393, 55.8529241 ], [ 37.7214563, 55.8533645 ], [ 37.7187936, 55.858975 ], [ 37.7187853, 55.8589926 ], [ 37.718299, 55.8600171 ], [ 37.7180173, 55.8606073 ], [ 37.7176294, 55.8606215 ], [ 37.7153282, 55.8607056 ], [ 37.7094382, 55.8609111 ], [ 37.7051996, 55.8609183 ], [ 37.7044558, 55.8609291 ], [ 37.7043268, 55.8610437 ], [ 37.7037102, 55.86103 ], [ 37.7036284, 55.8609811 ], [ 37.7026948, 55.8609609 ], [ 37.7007411, 55.8609178 ], [ 37.7005613, 55.8610135 ], [ 37.7005056, 55.8611563 ], [ 37.700717, 55.8615056 ], [ 37.7019839, 55.8621475 ], [ 37.7020301, 55.8621725 ], [ 37.7027048, 55.8625186 ], [ 37.7043359, 55.8633052 ], [ 37.7043924, 55.8633343 ], [ 37.7044382, 55.8633578 ], [ 37.704326, 55.863443 ], [ 37.7045767, 55.8635694 ], [ 37.7052615, 55.8636023 ], [ 37.7061024, 55.8638845 ], [ 37.7068678, 55.864348 ], [ 37.7068126, 55.8644903 ], [ 37.7072119, 55.8647584 ], [ 37.7073469, 55.8648576 ], [ 37.7078357, 55.8652653 ], [ 37.7079241, 55.8653369 ], [ 37.7076994, 55.8655185 ], [ 37.7090351, 55.8662524 ], [ 37.7111427, 55.8674321 ], [ 37.7152321, 55.8698022 ], [ 37.7158133, 55.8701542 ], [ 37.7165045, 55.8708995 ], [ 37.7183851, 55.872565 ], [ 37.7189352, 55.8730415 ], [ 37.719672, 55.8736992 ], [ 37.7210651, 55.8732066 ], [ 37.7210818, 55.8732215 ], [ 37.7218128, 55.873875 ], [ 37.7227585, 55.8735578 ], [ 37.72299, 55.873471 ], [ 37.7237329, 55.8732719 ], [ 37.7242557, 55.873008 ], [ 37.7253005, 55.8733524 ], [ 37.7265802, 55.8737556 ], [ 37.7270819, 55.8738551 ], [ 37.7273401, 55.8739219 ], [ 37.7279265, 55.8739005 ], [ 37.7285421, 55.8742591 ], [ 37.7290472, 55.874647 ], [ 37.7298326, 55.8746655 ], [ 37.7318197, 55.8749452 ], [ 37.7310769, 55.875716 ], [ 37.7310813, 55.87596 ], [ 37.7310234, 55.876804 ], [ 37.7310102, 55.8768929 ], [ 37.7312514, 55.8769952 ], [ 37.7324971, 55.8777126 ], [ 37.7327664, 55.877921 ], [ 37.7328953, 55.8780489 ], [ 37.7333987, 55.8781054 ], [ 37.7337763, 55.877913 ], [ 37.7347837, 55.8784053 ], [ 37.7355052, 55.8779995 ], [ 37.744659, 55.8733247 ], [ 37.7684983, 55.8608921 ], [ 37.7774058, 55.8564419 ], [ 37.7826108, 55.8537732 ], [ 37.785298, 55.8524037 ], [ 37.7878982, 55.8510784 ], [ 37.7895455, 55.8502388 ], [ 37.7954104, 55.8471925 ], [ 37.8022311, 55.8436698 ], [ 37.8079606, 55.8407403 ], [ 37.8138961, 55.8376639 ], [ 37.8185855, 55.8352952 ], [ 37.823348, 55.8327712 ], [ 37.825519, 55.8316033 ], [ 37.8247224, 55.8311039 ], [ 37.8253073, 55.8306659 ], [ 37.8249282, 55.830505 ], [ 37.8247178, 55.8304162 ], [ 37.8243194, 55.8306483 ], [ 37.8238233, 55.8304468 ], [ 37.8233047, 55.8302361 ], [ 37.8234726, 55.8299982 ], [ 37.8226859, 55.8299821 ], [ 37.8199387, 55.8299289 ], [ 37.8196336, 55.8299217 ], [ 37.8194241, 55.8299166 ], [ 37.8172581, 55.8298628 ], [ 37.8162759, 55.8298397 ], [ 37.8162493, 55.829839 ], [ 37.8160194, 55.8298334 ], [ 37.8159229, 55.8300232 ], [ 37.815837, 55.8304571 ], [ 37.8153436, 55.8305668 ], [ 37.8152552, 55.8305526 ], [ 37.8148309, 55.8305264 ], [ 37.8126568, 55.8303611 ], [ 37.8125467, 55.8303527 ], [ 37.8124111, 55.8303463 ], [ 37.8117449, 55.8303278 ], [ 37.8113653, 55.8303102 ], [ 37.8113254, 55.8305098 ], [ 37.8112386, 55.8305077 ], [ 37.8111473, 55.8305036 ], [ 37.8111268, 55.8306244 ], [ 37.8100919, 55.8305938 ], [ 37.8101114, 55.83025 ], [ 37.8101336, 55.8299431 ], [ 37.8082106, 55.8298466 ], [ 37.8081514, 55.8300694 ], [ 37.8080667, 55.8300639 ], [ 37.8058786, 55.8299655 ], [ 37.8057406, 55.8300169 ], [ 37.8055341, 55.8300094 ], [ 37.8054536, 55.8299642 ], [ 37.8049842, 55.8299461 ], [ 37.8049916, 55.8298632 ], [ 37.8049769, 55.8294835 ], [ 37.8052553, 55.8274439 ], [ 37.8054002, 55.8271953 ], [ 37.8054155, 55.8271684 ], [ 37.803788, 55.8269112 ], [ 37.8037448, 55.8268644 ], [ 37.8036557, 55.8268682 ], [ 37.8033837, 55.8266798 ], [ 37.8032781, 55.8258464 ], [ 37.803341, 55.8257897 ], [ 37.8026865, 55.8255111 ], [ 37.803126, 55.8251668 ], [ 37.8030923, 55.8251523 ], [ 37.8032674, 55.8249718 ], [ 37.802296, 55.8245345 ], [ 37.8015926, 55.8238653 ], [ 37.8014783, 55.8232362 ], [ 37.8013369, 55.8230279 ], [ 37.8012014, 55.8229493 ], [ 37.8007539, 55.8228474 ], [ 37.7992511, 55.8227299 ], [ 37.7989368, 55.8227213 ], [ 37.7986712, 55.8226725 ], [ 37.798426, 55.8226094 ], [ 37.798146, 55.822436 ], [ 37.797974, 55.8223138 ], [ 37.7978904, 55.8221613 ], [ 37.7978822, 55.8220804 ], [ 37.7975983, 55.8220799 ], [ 37.7963136, 55.8220789 ], [ 37.7962944, 55.8223312 ], [ 37.7864739, 55.8223472 ], [ 37.7861577, 55.8224812 ], [ 37.7860987, 55.8226668 ], [ 37.7859044, 55.8227638 ], [ 37.7858751, 55.8228104 ], [ 37.7853747, 55.8228112 ], [ 37.7853693, 55.8228542 ], [ 37.7851887, 55.82429 ], [ 37.7843655, 55.8242884 ], [ 37.7843342, 55.8244395 ], [ 37.7814263, 55.8246046 ], [ 37.781424, 55.8247617 ], [ 37.7814078, 55.8248658 ], [ 37.7812944, 55.8255922 ], [ 37.7812478, 55.8259 ], [ 37.778688, 55.8259873 ], [ 37.7786112, 55.8259833 ], [ 37.7785105, 55.8259585 ], [ 37.7783665, 55.8259337 ], [ 37.7782826, 55.8259386 ], [ 37.7782066, 55.8259649 ], [ 37.7759541, 55.8261257 ], [ 37.7756927, 55.826215 ], [ 37.7738589, 55.8262051 ], [ 37.7725831, 55.8261521 ], [ 37.7725642, 55.8273358 ], [ 37.7726343, 55.8278082 ], [ 37.7722427, 55.8289346 ], [ 37.7699504, 55.8289678 ], [ 37.7695092, 55.8289719 ], [ 37.7693087, 55.8293254 ] ] ] } },
{ "type": "Feature", "properties": { "name": "Национальный парк «Лосиный остров»", "area_ha": 12476.1 }, "geometry": { "type": "Polygon", "coordinates": [ [ [ 37.8714986, 55.8234388 ], [ 37.8704517, 55.8232064 ], [ 37.8689418, 55.8228697 ], [ 37.8684899, 55.8239272 ], [ 37.8704604, 55.8242706 ], [ 37.8717278, 55.8246505 ], [ 37.8723245, 55.8249145 ], [ 37.8729753, 55.8251259 ], [ 37.8735166, 55.8252341 ], [ 37.8744018, 55.8252441 ], [ 37.8748787, 55.8252674 ], [ 37.8756653, 55.8253424 ], [ 37.8760016, 55.8249027 ], [ 37.874326, 55.8242035 ], [ 37.8730967, 55.8237936 ], [ 37.8724735, 55.8236553 ], [ 37.8714986, 55.8234388 ] ] ] } },
{ "type": "Feature", "properties": { "name": "Национальный парк «Лосиный остров»", "area_ha": 12476.1 }, "geometry": { "type": "Polygon", "coordinates": [ [ [ 37.8433487, 55.8149831 ], [ 37.8429841, 55.8148638 ], [ 37.8418387, 55.8145015 ], [ 37.839292, 55.814153 ], [ 37.8391424, 55.8151742 ], [ 37.839172, 55.81612 ], [ 37.8391745, 55.8162615 ], [ 37.8398088, 55.8158698 ], [ 37.8419914, 55.8151816 ], [ 37.8427273, 55.8151177 ], [ 37.8433024, 55.8152075 ], [ 37.8434312, 55.8150863 ], [ 37.84346033421027, 55.815058736041529 ], [ 37.8433487, 55.8149831 ] ] ] } },
{ "type": "Feature", "properties": { "name": "Сквер \"Красная дорожка\"", "area_ha": 5.9 }, "geometry": { "type": "Polygon", "coordinates": [ [ [ 37.6618493, 55.8637718 ], [ 37.6639215, 55.8635008 ], [ 37.6640071, 55.8636256 ], [ 37.6641374, 55.8636775 ], [ 37.6653501, 55.8635046 ], [ 37.6655669, 55.8634252 ], [ 37.6673455, 55.8631754 ], [ 37.6679217, 55.8630436 ], [ 37.6691322, 55.8628913 ], [ 37.6699119, 55.8627959 ], [ 37.6719011, 55.8627238 ], [ 37.67182, 55.8623053 ], [ 37.6727484, 55.8622485 ], [ 37.6727665, 55.8623809 ], [ 37.6736035, 55.8623156 ], [ 37.6738135, 55.8631832 ], [ 37.6737253, 55.8632276 ], [ 37.6744027, 55.8632028 ], [ 37.6741346, 55.8618353 ], [ 37.6719916, 55.8619824 ], [ 37.6715733, 55.8620162 ], [ 37.6697315, 55.8621849 ], [ 37.6682941, 55.8623596 ], [ 37.6616144, 55.8631812 ], [ 37.6615016, 55.8632801 ], [ 37.6617363, 55.863762 ], [ 37.6618022, 55.8637737 ], [ 37.6618493, 55.8637718 ] ] ] } },
{ "type": "Feature", "properties": { "name": "Парк Яуза", "area_ha": 28.5 }, "geometry": { "type": "Polygon", "coordinates": [ [ [ 37.6472537, 55.8697108 ], [ 37.6473382, 55.8697089 ], [ 37.6473341, 55.8696832 ], [ 37.6483467, 55.8696741 ], [ 37.6491657, 55.8701718 ], [ 37.6489858, 55.8706836 ], [ 37.64907, 55.8706864 ], [ 37.6498407, 55.8707121 ], [ 37.6505595, 55.871284 ], [ 37.6505774, 55.8715215 ], [ 37.6517143, 55.8713954 ], [ 37.6524554, 55.8713178 ], [ 37.6538734, 55.8711173 ], [ 37.653955, 55.8711046 ], [ 37.6553644, 55.8708954 ], [ 37.6551682, 55.8708003 ], [ 37.6543853, 55.8705064 ], [ 37.6538159, 55.8702535 ], [ 37.6531464, 55.8699017 ], [ 37.653067, 55.8699364 ], [ 37.6524258, 55.8695143 ], [ 37.6521053, 55.8692267 ], [ 37.6517939, 55.8688977 ], [ 37.6518774, 55.8688733 ], [ 37.6511853, 55.868092 ], [ 37.650377, 55.867216 ], [ 37.650009, 55.8668301 ], [ 37.6488482, 55.8655812 ], [ 37.648853, 55.8654408 ], [ 37.6487586, 55.8653804 ], [ 37.6486657, 55.8654051 ], [ 37.6486045, 55.8654132 ], [ 37.6484851, 55.8654269 ], [ 37.6480745, 55.8650133 ], [ 37.6475357, 55.8646183 ], [ 37.6473484, 55.864417 ], [ 37.6473086, 55.8644257 ], [ 37.6467038, 55.8643903 ], [ 37.6461251, 55.8644418 ], [ 37.6456896, 55.8644381 ], [ 37.645684, 55.8640857 ], [ 37.6459651, 55.8637231 ], [ 37.6455068, 55.8636614 ], [ 37.6448465, 55.8644111 ], [ 37.6441187, 55.8645284 ], [ 37.6433926, 55.8642968 ], [ 37.643413, 55.8642761 ], [ 37.6431711, 55.8642065 ], [ 37.643243, 55.8639886 ], [ 37.6426506, 55.8641666 ], [ 37.6422403, 55.8644205 ], [ 37.6420156, 55.8647441 ], [ 37.6418976, 55.8651196 ], [ 37.6418486, 55.8652738 ], [ 37.6417993, 55.8654174 ], [ 37.6417589, 55.8655439 ], [ 37.6415119, 55.8662634 ], [ 37.6414683, 55.8663386 ], [ 37.6413951, 55.8664131 ], [ 37.6412554, 55.8665455 ], [ 37.6410438, 55.8667536 ], [ 37.6410203, 55.8667892 ], [ 37.6410108, 55.8668249 ], [ 37.6410218, 55.8668407 ], [ 37.6410328, 55.8668564 ], [ 37.6410484, 55.8668669 ], [ 37.6410639, 55.8668773 ], [ 37.6411039, 55.8668846 ], [ 37.642719, 55.8670185 ], [ 37.6435061, 55.867086 ], [ 37.6440954, 55.8671951 ], [ 37.6445788, 55.8673039 ], [ 37.6449784, 55.8674366 ], [ 37.6454892, 55.8676582 ], [ 37.6459107, 55.86787 ], [ 37.646194, 55.8680691 ], [ 37.6464039, 55.868252 ], [ 37.6467206, 55.8685972 ], [ 37.6468627, 55.8688064 ], [ 37.6469671, 55.868991 ], [ 37.6471077, 55.8692533 ], [ 37.6471832, 55.8694207 ], [ 37.6472256, 55.8695659 ], [ 37.6472447, 55.8696644 ], [ 37.6472477, 55.86968 ], [ 37.6472507, 55.8696953 ], [ 37.6472537, 55.8697108 ] ] ] } },
{ "type": "Feature", "properties": { "name": "Парк культуры и отдыха \"Бабушкинский\"", "area_ha": 6.4 }, "geometry": { "type": "Polygon", "coordinates": [ [ [ 37.6807623, 55.8659968 ], [ 37.6806805, 55.866038 ], [ 37.6806491, 55.8660537 ], [ 37.6806196, 55.8660345 ], [ 37.6805705, 55.8660568 ], [ 37.6805299, 55.8660287 ], [ 37.6798148, 55.8663677 ], [ 37.680967, 55.8671173 ], [ 37.6838632, 55.8689759 ], [ 37.6847865, 55.8695742 ], [ 37.6855612, 55.8692033 ], [ 37.686448, 55.8687792 ], [ 37.6833391, 55.8667628 ], [ 37.6825206, 55.8662331 ], [ 37.6821291, 55.8659815 ], [ 37.681633, 55.8656584 ], [ 37.6815893, 55.8656351 ], [ 37.6815373, 55.8656581 ], [ 37.6814886, 55.8656832 ], [ 37.6807969, 55.8660196 ], [ 37.6807623, 55.8659968 ] ] ] } },
{ "type": "Feature", "properties": { "name": "Парк \"Торфянка\"", "area_ha": 12.1 }, "geometry": { "type": "Polygon", "coordinates": [ [ [ 37.6869979, 55.874151 ], [ 37.6859777, 55.8734812 ], [ 37.6844116, 55.8724411 ], [ 37.6843615, 55.8724282 ], [ 37.6843207, 55.8724347 ], [ 37.6831232, 55.8730148 ], [ 37.6828561, 55.873102 ], [ 37.6825313, 55.8731822 ], [ 37.6824593, 55.8732139 ], [ 37.6824388, 55.8732365 ], [ 37.6824364, 55.8733567 ], [ 37.6827501, 55.8733848 ], [ 37.6829021, 55.87351 ], [ 37.6841279, 55.8745599 ], [ 37.6842817, 55.8746869 ], [ 37.6842877, 55.8747114 ], [ 37.6837902, 55.8747405 ], [ 37.6831222, 55.8747912 ], [ 37.682778, 55.8747645 ], [ 37.6819957, 55.8746529 ], [ 37.6819488, 55.8746813 ], [ 37.6818913, 55.8747955 ], [ 37.6818013, 55.8750925 ], [ 37.6816774, 55.8753224 ], [ 37.6813169, 55.8760023 ], [ 37.6808109, 55.8768581 ], [ 37.6811392, 55.8772683 ], [ 37.6812228, 55.8772828 ], [ 37.6817763, 55.8771475 ], [ 37.6831999, 55.8768009 ], [ 37.6859328, 55.8761091 ], [ 37.6861468, 55.876058 ], [ 37.6872293, 55.875593 ], [ 37.6884026, 55.8752735 ], [ 37.6884306, 55.8752558 ], [ 37.688445, 55.875234 ], [ 37.6884496, 55.8752099 ], [ 37.6884465, 55.8751875 ], [ 37.6879844, 55.8748667 ], [ 37.6878926, 55.8749033 ], [ 37.6877638, 55.8748161 ], [ 37.6878905, 55.8747611 ], [ 37.6869979, 55.874151 ] ] ] } },
{ "type": "Feature", "properties": { "name": "Сквер по Олонецкому проезду", "area_ha": 69.9 }, "geometry": { "type": "Polygon", "coordinates": [ [ [ 37.6639226, 55.883125 ], [ 37.6647011, 55.8832961 ], [ 37.6656044, 55.8834498 ], [ 37.6681738, 55.8839023 ], [ 37.6690441, 55.8840515 ], [ 37.6707471, 55.8843905 ], [ 37.6708147, 55.8843905 ], [ 37.6708579, 55.8843762 ], [ 37.6708831, 55.8843451 ], [ 37.670898, 55.8841888 ], [ 37.667799, 55.8835725 ], [ 37.667677, 55.8836908 ], [ 37.666179, 55.883403 ], [ 37.6656268, 55.8832969 ], [ 37.6658597, 55.8829658 ], [ 37.6660348, 55.8827168 ], [ 37.6672351, 55.8828106 ], [ 37.6680765, 55.8829504 ], [ 37.6680372, 55.8828499 ], [ 37.6679797, 55.882639 ], [ 37.6680173, 55.8824487 ], [ 37.6689443, 55.8823737 ], [ 37.6698015, 55.8824634 ], [ 37.6710844, 55.8828083 ], [ 37.6708982, 55.882436 ], [ 37.6708835, 55.8822966 ], [ 37.6708774, 55.8822377 ], [ 37.6706643, 55.8818327 ], [ 37.6701417, 55.8809121 ], [ 37.670071, 55.8807847 ], [ 37.6697329, 55.8807399 ], [ 37.6692626, 55.8806154 ], [ 37.6691066, 55.8805697 ], [ 37.6685468, 55.8804057 ], [ 37.6685031, 55.8804397 ], [ 37.6674504, 55.8802071 ], [ 37.6667081, 55.8800103 ], [ 37.6670122, 55.8796052 ], [ 37.6669119, 55.8795752 ], [ 37.6627807, 55.8782266 ], [ 37.6621252, 55.8783186 ], [ 37.661562, 55.8777017 ], [ 37.6614288, 55.8775579 ], [ 37.6613317, 55.8773951 ], [ 37.6611351, 55.8769147 ], [ 37.6610636, 55.8767321 ], [ 37.6607264, 55.8758703 ], [ 37.660714, 55.8758459 ], [ 37.6601036, 55.8746445 ], [ 37.6591906, 55.8729813 ], [ 37.6586746, 55.8728391 ], [ 37.6580487, 55.8721705 ], [ 37.6581196, 55.8717075 ], [ 37.6581148, 55.8716971 ], [ 37.6580726, 55.8716062 ], [ 37.6578998, 55.871484 ], [ 37.6576926, 55.8713482 ], [ 37.6575179, 55.8711806 ], [ 37.6573629, 55.8709653 ], [ 37.6573243, 55.8709399 ], [ 37.6559836, 55.8711517 ], [ 37.6549262, 55.8713186 ], [ 37.6545364, 55.8713802 ], [ 37.6533218, 55.8715588 ], [ 37.6528371, 55.8716319 ], [ 37.6527361, 55.8716505 ], [ 37.652672, 55.8716815 ], [ 37.6526408, 55.8717311 ], [ 37.6526492, 55.8718712 ], [ 37.6526966, 55.8723619 ], [ 37.6527055, 55.8725321 ], [ 37.6529344, 55.8742746 ], [ 37.6529666, 55.8745196 ], [ 37.6530702, 55.8753084 ], [ 37.6531771, 55.8758204 ], [ 37.653279, 55.8761062 ], [ 37.653445, 55.876581 ], [ 37.6536173, 55.8769135 ], [ 37.6540903, 55.8777103 ], [ 37.6549398, 55.8788457 ], [ 37.6558689, 55.8800748 ], [ 37.6560956, 55.8804035 ], [ 37.6562447, 55.8806923 ], [ 37.6563138, 55.8808905 ], [ 37.656241, 55.8815947 ], [ 37.6562881, 55.881651 ], [ 37.6576893, 55.8818155 ], [ 37.659085, 55.8820202 ], [ 37.6591687, 55.8818891 ], [ 37.6602662, 55.882068 ], [ 37.6603047, 55.8820742 ], [ 37.6605052, 55.8819365 ], [ 37.6611759, 55.8820241 ], [ 37.6613488, 55.8822846 ], [ 37.6616904, 55.8825918 ], [ 37.6617248, 55.8826016 ], [ 37.6621318, 55.8827174 ], [ 37.6639226, 55.883125 ] ] ] } },
{ "type": "Feature", "properties": { "name": "Долина реки Яузы от улицы Широкой до улицы Енисейской", "area_ha": 18.6 }, "geometry": { "type": "Polygon", "coordinates": [ [ [ 37.672149, 55.8835171 ], [ 37.6726196, 55.8843447 ], [ 37.6728639, 55.8847996 ], [ 37.6742095, 55.8850493 ], [ 37.6743321, 55.8850663 ], [ 37.6743752, 55.8850636 ], [ 37.6744242, 55.8850538 ], [ 37.6744814, 55.8850327 ], [ 37.6745501, 55.8850044 ], [ 37.674576, 55.8849677 ], [ 37.6746472, 55.8848786 ], [ 37.6747056, 55.884794 ], [ 37.6748118, 55.8845755 ], [ 37.6749193, 55.8843245 ], [ 37.6749882, 55.8841462 ], [ 37.6750151, 55.883837 ], [ 37.6750109, 55.8834972 ], [ 37.6750233, 55.8833919 ], [ 37.6750631, 55.8832959 ], [ 37.6751463, 55.8831761 ], [ 37.6752345, 55.8830985 ], [ 37.675511, 55.8828629 ], [ 37.6755249, 55.8828132 ], [ 37.6755283, 55.882761 ], [ 37.6754493, 55.8827008 ], [ 37.6750655, 55.8825741 ], [ 37.6749623, 55.8826072 ], [ 37.6746721, 55.8824868 ], [ 37.6746431, 55.8824748 ], [ 37.6746954, 55.8824342 ], [ 37.6743937, 55.882286 ], [ 37.6740951, 55.88213 ], [ 37.673562, 55.8818584 ], [ 37.6727267, 55.8814939 ], [ 37.6718808, 55.8811433 ], [ 37.6706849, 55.8807347 ], [ 37.670654, 55.8807661 ], [ 37.6706931, 55.8808193 ], [ 37.6712741, 55.881915 ], [ 37.671447, 55.882268 ], [ 37.6717561, 55.8828396 ], [ 37.672149, 55.8835171 ] ] ] } },
{ "type": "Feature", "properties": { "name": "Долина реки Яузы от улицы Широкой до улицы Енисейской", "area_ha": 18.6 }, "geometry": { "type": "Polygon", "coordinates": [ [ [ 37.680565, 55.8843677 ], [ 37.6797844, 55.8839119 ], [ 37.6801024, 55.8837692 ], [ 37.6785427, 55.8830819 ], [ 37.6777004, 55.8831341 ], [ 37.6768891, 55.8829243 ], [ 37.6764411, 55.8830131 ], [ 37.675972, 55.8833929 ], [ 37.6758057, 55.8834244 ], [ 37.6757136, 55.8834314 ], [ 37.6755903, 55.883444 ], [ 37.6755455, 55.8834419 ], [ 37.6754446, 55.883444 ], [ 37.6753176, 55.8834555 ], [ 37.675269, 55.883489 ], [ 37.6752597, 55.8835404 ], [ 37.6752472, 55.8835884 ], [ 37.675224, 55.8838459 ], [ 37.6751952, 55.8840963 ], [ 37.6751936, 55.8841058 ], [ 37.6751491, 55.8843737 ], [ 37.6750262, 55.8845956 ], [ 37.674868, 55.8848632 ], [ 37.6752143, 55.8848834 ], [ 37.6753039, 55.8847431 ], [ 37.6757414, 55.8848218 ], [ 37.6758063, 55.8847197 ], [ 37.6759447, 55.8844514 ], [ 37.6773399, 55.8847174 ], [ 37.6779452, 55.8850621 ], [ 37.6779133, 55.8851169 ], [ 37.6780022, 55.8852054 ], [ 37.6783891, 55.8854117 ], [ 37.6786536, 55.8855885 ], [ 37.6789687, 55.885912 ], [ 37.6792625, 55.8862477 ], [ 37.6793729, 55.8864909 ], [ 37.67943, 55.8867003 ], [ 37.6794336, 55.8867781 ], [ 37.6794365, 55.8868416 ], [ 37.6795039, 55.8870539 ], [ 37.6808731, 55.8869533 ], [ 37.6814998, 55.8869053 ], [ 37.6820498, 55.8868645 ], [ 37.6826498, 55.8868031 ], [ 37.6834244, 55.8866696 ], [ 37.6819709, 55.8847942 ], [ 37.6819549, 55.8846293 ], [ 37.6814412, 55.8840514 ], [ 37.6809189, 55.8842135 ], [ 37.680565, 55.8843677 ] ] ] } },
{ "type": "Feature", "properties": { "name": "Джамгаровский парк", "area_ha": 41.3 }, "geometry": { "type": "Polygon", "coordinates": [ [ [ 37.6918751, 55.8925814 ], [ 37.6917893, 55.8917873 ], [ 37.69228, 55.8912132 ], [ 37.6924258, 55.891132 ], [ 37.6925924, 55.8909958 ], [ 37.6931888, 55.8911313 ], [ 37.6941981, 55.8912888 ], [ 37.6962525, 55.8914744 ], [ 37.6975324, 55.8916528 ], [ 37.6982139, 55.8916371 ], [ 37.6990278, 55.8915142 ], [ 37.6999716, 55.8914366 ], [ 37.7004577, 55.8913861 ], [ 37.7005209, 55.8913756 ], [ 37.7006991, 55.8913633 ], [ 37.7029876, 55.8912818 ], [ 37.7029257, 55.8911935 ], [ 37.703042, 55.8911691 ], [ 37.7032287, 55.8911268 ], [ 37.703156, 55.8910377 ], [ 37.703568, 55.8909494 ], [ 37.7036481, 55.8909656 ], [ 37.7037815, 55.8909309 ], [ 37.7042336, 55.8913649 ], [ 37.7071409, 55.8905536 ], [ 37.7070068, 55.8903773 ], [ 37.7085778, 55.8899769 ], [ 37.7083291, 55.8890711 ], [ 37.7065185, 55.889087 ], [ 37.7063007, 55.8890741 ], [ 37.7012777, 55.889145 ], [ 37.7011994, 55.8874036 ], [ 37.7010438, 55.887238 ], [ 37.7010114, 55.8871876 ], [ 37.7009228, 55.8871731 ], [ 37.6919571, 55.8873609 ], [ 37.6911416, 55.8873743 ], [ 37.690952, 55.8873824 ], [ 37.6908749, 55.8874149 ], [ 37.6908163, 55.8874908 ], [ 37.6906769, 55.8879754 ], [ 37.6900685, 55.889272 ], [ 37.689819, 55.8899068 ], [ 37.6898111, 55.8900494 ], [ 37.6898432, 55.8901926 ], [ 37.6906494, 55.8915708 ], [ 37.6912139, 55.8924487 ], [ 37.6918751, 55.8925814 ] ] ] } },
{ "type": "Feature", "properties": { "name": "Парк на Северодвинской", "area_ha": 21.5 }, "geometry": { "type": "Polygon", "coordinates": [ [ [ 37.6831238, 55.8869409 ], [ 37.683109, 55.8869341 ], [ 37.6831776, 55.8869137 ], [ 37.6831047, 55.8869226 ], [ 37.681982, 55.8870457 ], [ 37.681344, 55.8870996 ], [ 37.6796516, 55.8872357 ], [ 37.6796211, 55.8872934 ], [ 37.6797648, 55.8880062 ], [ 37.6796669, 55.8880101 ], [ 37.6798773, 55.889082 ], [ 37.6800139, 55.8897818 ], [ 37.680136, 55.890052 ], [ 37.68021, 55.8902058 ], [ 37.6803875, 55.8904901 ], [ 37.6806368, 55.8908561 ], [ 37.6808506, 55.8910626 ], [ 37.681172, 55.8913678 ], [ 37.6812061, 55.8914059 ], [ 37.6814014, 55.891624 ], [ 37.6815032, 55.8918288 ], [ 37.6815883, 55.8920418 ], [ 37.681594, 55.8922293 ], [ 37.6815313, 55.8924187 ], [ 37.6814336, 55.8925502 ], [ 37.6812752, 55.8927227 ], [ 37.6811318, 55.8928568 ], [ 37.6811065, 55.8928901 ], [ 37.6811428, 55.8929277 ], [ 37.6811773, 55.8929309 ], [ 37.681384, 55.8929464 ], [ 37.6816541, 55.8929625 ], [ 37.6816471, 55.8928535 ], [ 37.6818849, 55.8924139 ], [ 37.6819376, 55.8921125 ], [ 37.6818714, 55.8918204 ], [ 37.682962, 55.8916264 ], [ 37.6835167, 55.8928615 ], [ 37.6832788, 55.8929089 ], [ 37.6834491, 55.8933066 ], [ 37.683958, 55.8932343 ], [ 37.684176, 55.8937962 ], [ 37.6842228, 55.8940627 ], [ 37.6842675, 55.8942383 ], [ 37.6867369, 55.8942737 ], [ 37.6865651, 55.8932313 ], [ 37.6864837, 55.8926931 ], [ 37.6863603, 55.8916267 ], [ 37.686324, 55.8915113 ], [ 37.6861794, 55.8910516 ], [ 37.6861417, 55.8909924 ], [ 37.6859038, 55.8906189 ], [ 37.6858307, 55.8905196 ], [ 37.6851851, 55.8896418 ], [ 37.6843805, 55.8888918 ], [ 37.6852804, 55.888556 ], [ 37.6853271, 55.8885063 ], [ 37.6851065, 55.8881745 ], [ 37.6849745, 55.8881218 ], [ 37.685011, 55.8880853 ], [ 37.6841291, 55.8877556 ], [ 37.6831176, 55.8875189 ], [ 37.6832014, 55.8872424 ], [ 37.683202, 55.8869459 ], [ 37.6831238, 55.8869409 ] ] ] } },
{ "type": "Feature", "properties": { "name": "Парк Свиблово", "area_ha": 44.5 }, "geometry": { "type": "Polygon", "coordinates": [ [ [ 37.6279506, 55.8644984 ], [ 37.6278551, 55.8646322 ], [ 37.6277587, 55.8647613 ], [ 37.6276568, 55.8648914 ], [ 37.6275543, 55.865013 ], [ 37.627439, 55.8651405 ], [ 37.6273113, 55.8652699 ], [ 37.6271744, 55.8653993 ], [ 37.6270366, 55.8655192 ], [ 37.626889, 55.865646 ], [ 37.6267399, 55.8657668 ], [ 37.6267228, 55.8657792 ], [ 37.6267287, 55.8657936 ], [ 37.6267434, 55.8658076 ], [ 37.6267661, 55.8658204 ], [ 37.6268432, 55.8658515 ], [ 37.6268787, 55.8658239 ], [ 37.6269928, 55.8658691 ], [ 37.6269621, 55.865893 ], [ 37.6274583, 55.8661095 ], [ 37.62663, 55.8666994 ], [ 37.6261544, 55.8664892 ], [ 37.6259915, 55.8666149 ], [ 37.6256896, 55.866523 ], [ 37.6230332, 55.8684357 ], [ 37.6235255, 55.8686497 ], [ 37.622882, 55.8691443 ], [ 37.6228715, 55.8691974 ], [ 37.6231358, 55.8692296 ], [ 37.6291669, 55.8699652 ], [ 37.6292802, 55.8699484 ], [ 37.6293789, 55.869896 ], [ 37.6296651, 55.8691456 ], [ 37.6297094, 55.8690154 ], [ 37.6298396, 55.868771 ], [ 37.6300808, 55.8685322 ], [ 37.6303368, 55.86836 ], [ 37.6314063, 55.8678623 ], [ 37.6311253, 55.8676351 ], [ 37.6311146, 55.8675057 ], [ 37.6312782, 55.8670466 ], [ 37.631643, 55.866791 ], [ 37.6356805, 55.8650085 ], [ 37.6362954, 55.8656176 ], [ 37.6364953, 55.8659864 ], [ 37.6366182, 55.8664102 ], [ 37.6405373, 55.8667762 ], [ 37.6406508, 55.8667643 ], [ 37.6407341, 55.866721 ], [ 37.6412197, 55.8662504 ], [ 37.6415291, 55.8655135 ], [ 37.6415652, 55.8654044 ], [ 37.6410287, 55.865403 ], [ 37.6403763, 55.8652513 ], [ 37.6401044, 55.865165 ], [ 37.63985, 55.8650201 ], [ 37.6390892, 55.8642004 ], [ 37.6385058, 55.8638487 ], [ 37.6381801, 55.863677 ], [ 37.6381394, 55.8635926 ], [ 37.6381327, 55.8634941 ], [ 37.6380055, 55.8633697 ], [ 37.6375238, 55.8630706 ], [ 37.637262, 55.8629973 ], [ 37.6371692, 55.8628344 ], [ 37.636122, 55.8621479 ], [ 37.6359924, 55.8621037 ], [ 37.6359127, 55.8619867 ], [ 37.6353841, 55.861638 ], [ 37.6351423, 55.8615204 ], [ 37.6350641, 55.8615099 ], [ 37.6346232, 55.8617102 ], [ 37.6343572, 55.861855 ], [ 37.6345428, 55.8616632 ], [ 37.6349212, 55.8614584 ], [ 37.6349247, 55.8614008 ], [ 37.6345855, 55.8612168 ], [ 37.63446, 55.861146 ], [ 37.6343511, 55.8611579 ], [ 37.6343737, 55.8611067 ], [ 37.6341515, 55.860972 ], [ 37.6339336, 55.8608305 ], [ 37.6336929, 55.8606634 ], [ 37.6335401, 55.8605059 ], [ 37.6332616, 55.8602018 ], [ 37.6330826, 55.8599979 ], [ 37.6329394, 55.8597575 ], [ 37.6322985, 55.8596677 ], [ 37.6310872, 55.8600798 ], [ 37.6313572, 55.8603027 ], [ 37.6315205, 55.8616969 ], [ 37.6321967, 55.8621588 ], [ 37.6323562, 55.862549 ], [ 37.6328921, 55.8629142 ], [ 37.6328856, 55.8629684 ], [ 37.6328523, 55.8632462 ], [ 37.6325492, 55.863649 ], [ 37.631983, 55.8640204 ], [ 37.6302126, 55.8648438 ], [ 37.6280884, 55.8643552 ], [ 37.6280497, 55.8643598 ], [ 37.6279506, 55.8644984 ] ] ] } },
{ "type": "Feature", "properties": { "name": "Парк Чермянка", "area_ha": 25.4 }, "geometry": { "type": "Polygon", "coordinates": [ [ [ 37.6217017, 55.8694353 ], [ 37.6152093, 55.874034 ], [ 37.6144516, 55.8746142 ], [ 37.6144436, 55.8751543 ], [ 37.6145311, 55.8757591 ], [ 37.6145789, 55.8764086 ], [ 37.6146007, 55.8767759 ], [ 37.6146334, 55.8769907 ], [ 37.6146733, 55.8770866 ], [ 37.6148579, 55.8772712 ], [ 37.6149395, 55.8774452 ], [ 37.614929, 55.8775829 ], [ 37.6147451, 55.8776492 ], [ 37.6147275, 55.8777466 ], [ 37.6156673, 55.8794174 ], [ 37.6160878, 55.8795689 ], [ 37.6163275, 55.8798887 ], [ 37.6163399, 55.8802235 ], [ 37.6170599, 55.8802417 ], [ 37.6171213, 55.8798627 ], [ 37.6179543, 55.8798642 ], [ 37.6177524, 55.8794927 ], [ 37.6173038, 55.8784769 ], [ 37.6173119, 55.8780749 ], [ 37.6171875, 55.8780734 ], [ 37.6170132, 55.8780207 ], [ 37.6171392, 55.8763559 ], [ 37.6170025, 55.876319 ], [ 37.6169998, 55.8762046 ], [ 37.6171097, 55.8761399 ], [ 37.6171151, 55.8760519 ], [ 37.6171673, 55.8759699 ], [ 37.6171446, 55.8758465 ], [ 37.6171017, 55.8758074 ], [ 37.6172626, 55.8752642 ], [ 37.6177561, 55.8752326 ], [ 37.6177615, 55.8751574 ], [ 37.617858, 55.8751032 ], [ 37.6180673, 55.8751935 ], [ 37.6183194, 55.8749467 ], [ 37.6184803, 55.874721 ], [ 37.6191187, 55.8741191 ], [ 37.6195586, 55.8736015 ], [ 37.6197892, 55.8734028 ], [ 37.619977, 55.8732824 ], [ 37.6202077, 55.8731621 ], [ 37.620315, 55.8731079 ], [ 37.6206851, 55.8729785 ], [ 37.6207709, 55.8729995 ], [ 37.6210177, 55.8729544 ], [ 37.6215327, 55.8729093 ], [ 37.6219457, 55.8728942 ], [ 37.6222086, 55.8728581 ], [ 37.6223105, 55.872819 ], [ 37.6226592, 55.8725932 ], [ 37.6225787, 55.8724458 ], [ 37.6225848, 55.8723908 ], [ 37.6225573, 55.8723164 ], [ 37.6226109, 55.8722411 ], [ 37.622686, 55.8721689 ], [ 37.6229328, 55.8719522 ], [ 37.623201, 55.8718649 ], [ 37.623275, 55.8718174 ], [ 37.6233244, 55.8717505 ], [ 37.6237364, 55.8714803 ], [ 37.6244831, 55.8713081 ], [ 37.6247674, 55.871287 ], [ 37.6250195, 55.8712299 ], [ 37.6251751, 55.8711155 ], [ 37.6253685, 55.8711166 ], [ 37.6254809, 55.8711576 ], [ 37.625615, 55.8712268 ], [ 37.6256579, 55.8712961 ], [ 37.6257706, 55.8713352 ], [ 37.62591, 55.8713201 ], [ 37.6262078, 55.8712027 ], [ 37.6265162, 55.8711501 ], [ 37.6267201, 55.8710613 ], [ 37.6267576, 55.870959 ], [ 37.6271117, 55.8705617 ], [ 37.6277313, 55.8700907 ], [ 37.6237236, 55.8696506 ], [ 37.6236993, 55.8697209 ], [ 37.6236814, 55.8697726 ], [ 37.6235356, 55.8698643 ], [ 37.6215318, 55.8711237 ], [ 37.6213146, 55.871039 ], [ 37.6211569, 55.8710158 ], [ 37.6209958, 55.8710241 ], [ 37.6201938, 55.8711501 ], [ 37.6202324, 55.8710097 ], [ 37.6215736, 55.8700253 ], [ 37.6218143, 55.8700199 ], [ 37.6218277, 55.8698679 ], [ 37.6222396, 55.869574 ], [ 37.6228733, 55.869604 ], [ 37.6228963, 55.8695606 ], [ 37.6217017, 55.8694353 ] ] ] } },
{ "type": "Feature", "properties": { "name": "Парк «Северные Дубки»", "area_ha": 8.4 }, "geometry": { "type": "Polygon", "coordinates": [ [ [ 37.5635044, 55.8887792 ], [ 37.5635017, 55.888802 ], [ 37.5633502, 55.8888102 ], [ 37.5633168, 55.8888779 ], [ 37.5633163, 55.8888982 ], [ 37.5634719, 55.8888995 ], [ 37.5634697, 55.8889825 ], [ 37.5633141, 55.8889812 ], [ 37.5632904, 55.88988 ], [ 37.5632942, 55.8908458 ], [ 37.5633054, 55.8911498 ], [ 37.5633895, 55.891175 ], [ 37.5638993, 55.8911829 ], [ 37.5639376, 55.8911973 ], [ 37.5645626, 55.8911838 ], [ 37.565096, 55.8911616 ], [ 37.5651946, 55.891052 ], [ 37.565386, 55.8910679 ], [ 37.5654747, 55.8910858 ], [ 37.5655791, 55.8909807 ], [ 37.5662694, 55.8898543 ], [ 37.5665063, 55.8896426 ], [ 37.5665175, 55.8892419 ], [ 37.5665439, 55.8882918 ], [ 37.5665062, 55.8880876 ], [ 37.5662199, 55.8875514 ], [ 37.5660483, 55.8872614 ], [ 37.5657561, 55.8871009 ], [ 37.5656958, 55.8870367 ], [ 37.5657333, 55.8861808 ], [ 37.5653592, 55.8863388 ], [ 37.5648093, 55.8865193 ], [ 37.5647718, 55.8865298 ], [ 37.5645499, 55.8866084 ], [ 37.5643305, 55.8867808 ], [ 37.5642595, 55.8868638 ], [ 37.5642192, 55.886951 ], [ 37.5641304, 55.8871691 ], [ 37.563892, 55.8876715 ], [ 37.5635645, 55.8883152 ], [ 37.5634991, 55.8884845 ], [ 37.563592, 55.8884951 ], [ 37.5635084, 55.8887665 ], [ 37.5635044, 55.8887792 ] ] ] } },
{ "type": "Feature", "properties": { "name": "Этнографическая деревня «Бибирево»", "area_ha": 10.1 }, "geometry": { "type": "Polygon", "coordinates": [ [ [ 37.6188631, 55.8955416 ], [ 37.6194262, 55.8955113 ], [ 37.6197164, 55.8955131 ], [ 37.6201432, 55.8955644 ], [ 37.6205284, 55.8956276 ], [ 37.6214626, 55.8958383 ], [ 37.6220777, 55.896077 ], [ 37.6225457, 55.8963145 ], [ 37.6229815, 55.896668 ], [ 37.6233611, 55.8970211 ], [ 37.623685, 55.8973889 ], [ 37.6238074, 55.8975805 ], [ 37.6238965, 55.8978167 ], [ 37.623889, 55.8980762 ], [ 37.6238134, 55.8982614 ], [ 37.6236755, 55.89851 ], [ 37.6236784, 55.8985962 ], [ 37.6237183, 55.8986376 ], [ 37.623796, 55.8986897 ], [ 37.6238847, 55.8987162 ], [ 37.6246002, 55.8985898 ], [ 37.6258265, 55.8983617 ], [ 37.6257464, 55.8981727 ], [ 37.6258591, 55.8981546 ], [ 37.6258296, 55.8980854 ], [ 37.6257223, 55.8980975 ], [ 37.6256566, 55.897972 ], [ 37.625778, 55.8979124 ], [ 37.625844, 55.8977855 ], [ 37.6249858, 55.8962523 ], [ 37.6248154, 55.8960897 ], [ 37.624209, 55.895406 ], [ 37.62418, 55.8952461 ], [ 37.6236827, 55.8947632 ], [ 37.6234085, 55.8948257 ], [ 37.623301, 55.8946927 ], [ 37.6232386, 55.8946205 ], [ 37.6236087, 55.8944325 ], [ 37.6234344, 55.8942881 ], [ 37.6234987, 55.8941963 ], [ 37.62326, 55.8941858 ], [ 37.623087, 55.8941228 ], [ 37.6204827, 55.8940926 ], [ 37.6185121, 55.8942021 ], [ 37.6184723, 55.894703 ], [ 37.6183738, 55.8955715 ], [ 37.6188631, 55.8955416 ] ] ] } },
{ "type": "Feature", "properties": { "name": "Ландшафтный заказник \"Лианозовский\"", "area_ha": 52.1 }, "geometry": { "type": "Polygon", "coordinates": [ [ [ 37.5599284, 55.8952916 ], [ 37.5601346, 55.8952361 ], [ 37.5604151, 55.8951042 ], [ 37.5605678, 55.8950765 ], [ 37.5607946, 55.8950048 ], [ 37.5610875, 55.8948336 ], [ 37.5613474, 55.8947781 ], [ 37.56216, 55.8944705 ], [ 37.562226, 55.8943872 ], [ 37.5622013, 55.8943456 ], [ 37.5620569, 55.8943548 ], [ 37.5617682, 55.8944658 ], [ 37.5614299, 55.8946208 ], [ 37.5612072, 55.8946995 ], [ 37.5610958, 55.8947527 ], [ 37.5610215, 55.8947665 ], [ 37.5600068, 55.8951274 ], [ 37.5598706, 55.8951412 ], [ 37.5592271, 55.8953702 ], [ 37.5590869, 55.895361 ], [ 37.5584269, 55.8956408 ], [ 37.5577875, 55.8958698 ], [ 37.5573997, 55.8959924 ], [ 37.557177, 55.8960386 ], [ 37.556607, 55.8962282 ], [ 37.5561136, 55.8964056 ], [ 37.5557703, 55.8965706 ], [ 37.5557373, 55.8966215 ], [ 37.5560355, 55.8966591 ], [ 37.5560573, 55.8965726 ], [ 37.5561538, 55.8964763 ], [ 37.5563523, 55.8964177 ], [ 37.5565106, 55.896371 ], [ 37.5566635, 55.8962973 ], [ 37.5567788, 55.8962522 ], [ 37.556929, 55.8962597 ], [ 37.5570016, 55.8962812 ], [ 37.557396, 55.8961352 ], [ 37.5580817, 55.8960438 ], [ 37.5581175, 55.8960132 ], [ 37.5588641, 55.8957079 ], [ 37.5599284, 55.8952916 ] ] ] } },
{ "type": "Feature", "properties": { "name": "Ландшафтный заказник \"Лианозовский\"", "area_ha": 52.1 }, "geometry": { "type": "Polygon", "coordinates": [ [ [ 37.5575745, 55.89642 ], [ 37.557263, 55.8966659 ], [ 37.5570687, 55.8968495 ], [ 37.5569976, 55.8969681 ], [ 37.5567687, 55.8973497 ], [ 37.5566005, 55.8976338 ], [ 37.5567546, 55.8976984 ], [ 37.5615941, 55.8982246 ], [ 37.5622419, 55.8983084 ], [ 37.5624023, 55.8983292 ], [ 37.5629089, 55.8983494 ], [ 37.5633096, 55.8983351 ], [ 37.5636918, 55.8983105 ], [ 37.563701, 55.8982825 ], [ 37.563704, 55.8982344 ], [ 37.5636876, 55.897482 ], [ 37.5636571, 55.8960853 ], [ 37.5636522, 55.8958598 ], [ 37.5638683, 55.8955488 ], [ 37.5644006, 55.8955521 ], [ 37.5645083, 55.8956393 ], [ 37.5650047, 55.895636 ], [ 37.5650466, 55.8958942 ], [ 37.565232, 55.8959546 ], [ 37.5653695, 55.8961692 ], [ 37.5676744, 55.8961562 ], [ 37.5676452, 55.895422 ], [ 37.5675662, 55.893437 ], [ 37.5674194, 55.8934663 ], [ 37.5655055, 55.8938385 ], [ 37.5651466, 55.8936751 ], [ 37.563996, 55.8940866 ], [ 37.5638634, 55.893983 ], [ 37.5620692, 55.894662 ], [ 37.5612196, 55.8949634 ], [ 37.5598115, 55.8954628 ], [ 37.5582399, 55.8960604 ], [ 37.5575745, 55.89642 ] ] ] } },
{ "type": "Feature", "properties": { "name": "Ландшафтный заказник \"Лианозовский\"", "area_ha": 52.1 }, "geometry": { "type": "Polygon", "coordinates": [ [ [ 37.5544505, 55.8996282 ], [ 37.5535425, 55.8999728 ], [ 37.5536424, 55.9001137 ], [ 37.5547104, 55.8997601 ], [ 37.5551892, 55.89954 ], [ 37.5555073, 55.8993183 ], [ 37.5557878, 55.8990332 ], [ 37.5559349, 55.898843 ], [ 37.5560618, 55.8986325 ], [ 37.556276, 55.8980706 ], [ 37.5562073, 55.8980024 ], [ 37.5556467, 55.8979431 ], [ 37.5553438, 55.8979155 ], [ 37.5549924, 55.8979335 ], [ 37.5545901, 55.8979441 ], [ 37.55453, 55.8980783 ], [ 37.553197, 55.898555 ], [ 37.5532497, 55.8986351 ], [ 37.5544505, 55.8996282 ] ] ] } },
{ "type": "Feature", "properties": { "name": "Ландшафтный заказник \"Лианозовский\"", "area_ha": 52.1 }, "geometry": { "type": "Polygon", "coordinates": [ [ [ 37.5677222, 55.9056625 ], [ 37.5677477, 55.9056249 ], [ 37.5678961, 55.9055897 ], [ 37.5679537, 55.9055653 ], [ 37.5678563, 55.9054279 ], [ 37.5677624, 55.9054054 ], [ 37.5677601, 55.9051571 ], [ 37.5676444, 55.9052595 ], [ 37.5673816, 55.9052776 ], [ 37.5672947, 55.9051694 ], [ 37.5671776, 55.9045979 ], [ 37.5660206, 55.9045892 ], [ 37.5659415, 55.903155 ], [ 37.5657437, 55.9021316 ], [ 37.5657283, 55.9020519 ], [ 37.5657066, 55.9008835 ], [ 37.5662824, 55.9008875 ], [ 37.5676997, 55.9011073 ], [ 37.5676817, 55.9005603 ], [ 37.5676741, 55.9003311 ], [ 37.5676672, 55.9001218 ], [ 37.5676262, 55.8988766 ], [ 37.5674573, 55.8988773 ], [ 37.567452, 55.8988265 ], [ 37.5662061, 55.8988423 ], [ 37.5655925, 55.8988574 ], [ 37.565034, 55.8988737 ], [ 37.564487, 55.8988542 ], [ 37.5641857, 55.8988313 ], [ 37.5639443, 55.8988088 ], [ 37.5629396, 55.8986974 ], [ 37.5572741, 55.8980619 ], [ 37.5572373, 55.8980592 ], [ 37.5572015, 55.8980615 ], [ 37.557174, 55.8980758 ], [ 37.5571524, 55.8980967 ], [ 37.5571301, 55.8981284 ], [ 37.5568936, 55.89854 ], [ 37.556578, 55.8989589 ], [ 37.5565421, 55.8989933 ], [ 37.5562437, 55.8992494 ], [ 37.5559218, 55.899509 ], [ 37.555553, 55.8997689 ], [ 37.5550897, 55.9000258 ], [ 37.5550496, 55.9000861 ], [ 37.555038, 55.900108 ], [ 37.5564294, 55.9013278 ], [ 37.5566342, 55.9015125 ], [ 37.5570332, 55.9019195 ], [ 37.5602598, 55.9006949 ], [ 37.5611186, 55.9014208 ], [ 37.5603113, 55.9017937 ], [ 37.5607377, 55.9021079 ], [ 37.5615692, 55.9018328 ], [ 37.5616094, 55.9018672 ], [ 37.5617427, 55.901982 ], [ 37.5619012, 55.9019309 ], [ 37.5627821, 55.9025844 ], [ 37.5638644, 55.9034323 ], [ 37.5649832, 55.9043088 ], [ 37.5659251, 55.9052806 ], [ 37.5661477, 55.9054926 ], [ 37.566557, 55.9062434 ], [ 37.5667254, 55.9066355 ], [ 37.5667045, 55.9067012 ], [ 37.56686, 55.9067474 ], [ 37.5668679, 55.9056754 ], [ 37.5677222, 55.9056625 ] ] ] } },
{ "type": "Feature", "properties": { "name": "Лианозовский ПКиО", "area_ha": 12.9 }, "geometry": { "type": "Polygon", "coordinates": [ [ [ 37.5737707, 55.8996192 ], [ 37.5737392, 55.8989407 ], [ 37.5737227, 55.8989191 ], [ 37.5736565, 55.8989035 ], [ 37.573562, 55.8989042 ], [ 37.5735605, 55.8987799 ], [ 37.5710709, 55.8987947 ], [ 37.5709227, 55.8988929 ], [ 37.5708436, 55.8988949 ], [ 37.5707719, 55.8988967 ], [ 37.5705987, 55.8988098 ], [ 37.5678312, 55.8988272 ], [ 37.5678347, 55.8990682 ], [ 37.5678481, 55.8999874 ], [ 37.567857, 55.9006031 ], [ 37.5678578, 55.9006609 ], [ 37.5678585, 55.9006775 ], [ 37.5678621, 55.9007411 ], [ 37.5678631, 55.9007787 ], [ 37.5678743, 55.9010272 ], [ 37.5678777, 55.9011028 ], [ 37.5678991, 55.9015775 ], [ 37.5708829, 55.9015755 ], [ 37.5711746, 55.9017919 ], [ 37.571417, 55.9019716 ], [ 37.5725108, 55.902444 ], [ 37.5734764, 55.9025402 ], [ 37.5739125, 55.9024109 ], [ 37.5738381, 55.9007773 ], [ 37.5738282, 55.9005612 ], [ 37.5738102, 55.9001739 ], [ 37.5738047, 55.9000517 ], [ 37.5737973, 55.8999118 ], [ 37.5737719, 55.8996452 ], [ 37.5737707, 55.8996192 ] ] ] } },
{ "type": "Feature", "properties": { "name": "Парк \"Чермянка\"", "area_ha": 34.0 }, "geometry": { "type": "Polygon", "coordinates": [ [ [ 37.5751689, 55.910308 ], [ 37.5751232, 55.9106314 ], [ 37.5777386, 55.9106716 ], [ 37.5778705, 55.9105929 ], [ 37.5780588, 55.9101349 ], [ 37.5786229, 55.9100708 ], [ 37.5793844, 55.9107155 ], [ 37.5801408, 55.9106569 ], [ 37.5802079, 55.9105562 ], [ 37.581557, 55.9105546 ], [ 37.58311, 55.9103427 ], [ 37.5846496, 55.9101563 ], [ 37.5852558, 55.9100435 ], [ 37.5858217, 55.9098962 ], [ 37.5866089, 55.9094663 ], [ 37.5869764, 55.9092092 ], [ 37.5873182, 55.9089476 ], [ 37.587419, 55.9088574 ], [ 37.5874513, 55.9087047 ], [ 37.587386, 55.9085792 ], [ 37.5872547, 55.9082695 ], [ 37.5871588, 55.9079959 ], [ 37.5871004, 55.907718 ], [ 37.587081, 55.9074923 ], [ 37.586985, 55.9058608 ], [ 37.5869228, 55.9058099 ], [ 37.5769545, 55.9059102 ], [ 37.5772756, 55.9080866 ], [ 37.5771206, 55.9082266 ], [ 37.577118, 55.9083913 ], [ 37.5761568, 55.9087732 ], [ 37.5760375, 55.9086406 ], [ 37.5744005, 55.9093101 ], [ 37.5744067, 55.9102101 ], [ 37.5751689, 55.910308 ] ] ] } },
{ "type": "Feature", "properties": { "name": "Северный лесопарк", "area_ha": 10.0 }, "geometry": { "type": "Polygon", "coordinates": [ [ [ 37.5563138, 55.9373187 ], [ 37.5557632, 55.9378979 ], [ 37.5548586, 55.9377072 ], [ 37.5546314, 55.9376856 ], [ 37.5542608, 55.9377736 ], [ 37.5539582, 55.9377787 ], [ 37.5536947, 55.9377314 ], [ 37.5534544, 55.9376413 ], [ 37.5532018, 55.9375633 ], [ 37.5526675, 55.9375214 ], [ 37.5524119, 55.9374928 ], [ 37.5514795, 55.9376737 ], [ 37.5512554, 55.9377693 ], [ 37.551878, 55.9382131 ], [ 37.551304, 55.938464 ], [ 37.5514059, 55.9385353 ], [ 37.5511967, 55.9386367 ], [ 37.5521609, 55.9392738 ], [ 37.5523755, 55.9393689 ], [ 37.553073, 55.939524 ], [ 37.5532031, 55.9395866 ], [ 37.5554264, 55.9398472 ], [ 37.5576574, 55.9392189 ], [ 37.557854, 55.939221 ], [ 37.5583777, 55.9392718 ], [ 37.5588469, 55.937928 ], [ 37.5587263, 55.9378819 ], [ 37.5587744, 55.9377202 ], [ 37.5587047, 55.9376638 ], [ 37.5586514, 55.9376633 ], [ 37.5575096, 55.9370462 ], [ 37.5565161, 55.9365962 ], [ 37.5563138, 55.9373187 ] ] ] } },
{ "type": "Feature", "properties": { "name": "Парк \"Берег реки Сходня\"", "area_ha": 8.2 }, "geometry": { "type": "Polygon", "coordinates": [ [ [ 37.4225154, 55.8276124 ], [ 37.4218896, 55.8276854 ], [ 37.4220869, 55.8277471 ], [ 37.4227707, 55.8279608 ], [ 37.4229154, 55.8279979 ], [ 37.423959, 55.8283045 ], [ 37.4249068, 55.8286153 ], [ 37.425427, 55.8288258 ], [ 37.4255822, 55.8289301 ], [ 37.4257435, 55.8290381 ], [ 37.4261848, 55.8294025 ], [ 37.4263682, 55.8296979 ], [ 37.4264681, 55.8299102 ], [ 37.4265623, 55.8300708 ], [ 37.4292603, 55.8293178 ], [ 37.4289072, 55.8288207 ], [ 37.4285638, 55.8288662 ], [ 37.4274534, 55.8285156 ], [ 37.4267775, 55.8281939 ], [ 37.4259216, 55.8279831 ], [ 37.4255584, 55.8278309 ], [ 37.4247333, 55.8277648 ], [ 37.4244947, 55.827703 ], [ 37.4243463, 55.8274349 ], [ 37.4240258, 55.8272 ], [ 37.4239524, 55.8271528 ], [ 37.4228319, 55.8275416 ], [ 37.4225154, 55.8276124 ] ] ] } },
{ "type": "Feature", "properties": { "name": "Парк \"Берег реки Сходня\"", "area_ha": 8.2 }, "geometry": { "type": "Polygon", "coordinates": [ [ [ 37.4208444, 55.8281939 ], [ 37.4208686, 55.8283009 ], [ 37.4207908, 55.8284199 ], [ 37.4206588, 55.8285675 ], [ 37.4223934, 55.8290981 ], [ 37.4223579, 55.8291915 ], [ 37.4223441, 55.8292298 ], [ 37.4223625, 55.8292492 ], [ 37.4230088, 55.8294545 ], [ 37.423235, 55.829531 ], [ 37.4232357, 55.8295713 ], [ 37.423689, 55.8297407 ], [ 37.4240709, 55.8298606 ], [ 37.4242294, 55.8299434 ], [ 37.4243179, 55.830021 ], [ 37.4243585, 55.830077 ], [ 37.424385, 55.8301475 ], [ 37.424393, 55.8301995 ], [ 37.4243608, 55.8303118 ], [ 37.4242951, 55.8304051 ], [ 37.4241972, 55.8305098 ], [ 37.4240238, 55.8306244 ], [ 37.4232997, 55.8309538 ], [ 37.423398, 55.8310711 ], [ 37.4243521, 55.8307828 ], [ 37.426194, 55.8302235 ], [ 37.4260479, 55.8301082 ], [ 37.4260779, 55.8300333 ], [ 37.425943, 55.8299457 ], [ 37.4256278, 55.829797 ], [ 37.4254721, 55.8296602 ], [ 37.4252984, 55.8295094 ], [ 37.4250602, 55.8292852 ], [ 37.4248638, 55.8291917 ], [ 37.4241877, 55.828955 ], [ 37.4239023, 55.82885 ], [ 37.4236968, 55.8288129 ], [ 37.4230029, 55.8285619 ], [ 37.4221388, 55.8283016 ], [ 37.4215675, 55.8281382 ], [ 37.4211431, 55.8280118 ], [ 37.4208849, 55.8279249 ], [ 37.4207479, 55.8280463 ], [ 37.4208444, 55.8281939 ] ] ] } },
{ "type": "Feature", "properties": { "name": "Ландшафтный парк \"Митино\"", "area_ha": 126.4 }, "geometry": { "type": "Polygon", "coordinates": [ [ [ 37.371172, 55.8412942 ], [ 37.3717047, 55.841358 ], [ 37.3727172, 55.8414003 ], [ 37.3740146, 55.8409453 ], [ 37.3750484, 55.8405321 ], [ 37.3752176, 55.8404627 ], [ 37.3754387, 55.840343 ], [ 37.3754118, 55.8402972 ], [ 37.375784, 55.8401413 ], [ 37.3758683, 55.8400788 ], [ 37.3759218, 55.8400374 ], [ 37.3759342, 55.8400196 ], [ 37.3759254, 55.8400024 ], [ 37.3759058, 55.83999 ], [ 37.3747623, 55.839593 ], [ 37.3740101, 55.8401944 ], [ 37.3734213, 55.8406652 ], [ 37.3728097, 55.8407516 ], [ 37.3724714, 55.8405478 ], [ 37.3716983, 55.8400819 ], [ 37.3712016, 55.839518 ], [ 37.3714941, 55.8393363 ], [ 37.3718469, 55.8391183 ], [ 37.3725709, 55.8386711 ], [ 37.3728117, 55.8385847 ], [ 37.3732595, 55.8385961 ], [ 37.373999, 55.8386149 ], [ 37.3743248, 55.8387135 ], [ 37.3743858, 55.8388092 ], [ 37.3746446, 55.8388807 ], [ 37.3745371, 55.8393603 ], [ 37.3749036, 55.8394793 ], [ 37.3748478, 55.8395241 ], [ 37.3759658, 55.8399213 ], [ 37.3760167, 55.8399311 ], [ 37.3760676, 55.8399303 ], [ 37.3760952, 55.8399212 ], [ 37.3763535, 55.8396546 ], [ 37.3767684, 55.8391183 ], [ 37.3769626, 55.8389461 ], [ 37.3772528, 55.8387631 ], [ 37.3775965, 55.8385884 ], [ 37.3784703, 55.8381515 ], [ 37.3788093, 55.8379639 ], [ 37.3791195, 55.8377978 ], [ 37.3793547, 55.8377117 ], [ 37.3796887, 55.8376185 ], [ 37.380202, 55.8375252 ], [ 37.3803034, 55.8375093 ], [ 37.3801619, 55.8372586 ], [ 37.380153, 55.8371269 ], [ 37.3801797, 55.8369918 ], [ 37.380245, 55.8368733 ], [ 37.3820569, 55.8351586 ], [ 37.3817064, 55.8350485 ], [ 37.3816945, 55.8348183 ], [ 37.3815876, 55.8346482 ], [ 37.3817836, 55.8344631 ], [ 37.3816916, 55.8344297 ], [ 37.3820985, 55.8340193 ], [ 37.382547, 55.8335673 ], [ 37.3831789, 55.8325253 ], [ 37.3821303, 55.8324894 ], [ 37.3813258, 55.8324593 ], [ 37.3798886, 55.8324042 ], [ 37.3784953, 55.8325811 ], [ 37.378301, 55.8323344 ], [ 37.3770914, 55.8322921 ], [ 37.3768467, 55.8322701 ], [ 37.3758782, 55.8321831 ], [ 37.3753731, 55.8320924 ], [ 37.3749091, 55.8320075 ], [ 37.3748164, 55.8320105 ], [ 37.3747794, 55.8320128 ], [ 37.3747503, 55.8320481 ], [ 37.374609, 55.8322195 ], [ 37.3733302, 55.8324126 ], [ 37.3729972, 55.8322318 ], [ 37.3728655, 55.8321992 ], [ 37.3719858, 55.8319814 ], [ 37.3688051, 55.8311079 ], [ 37.3659843, 55.830267 ], [ 37.3654946, 55.8305637 ], [ 37.3654441, 55.8305943 ], [ 37.3652907, 55.8306805 ], [ 37.3651567, 55.8306114 ], [ 37.3651302, 55.8305977 ], [ 37.3644592, 55.8306403 ], [ 37.3644236, 55.8306173 ], [ 37.3641715, 55.8306341 ], [ 37.3632153, 55.8307079 ], [ 37.3632135, 55.8307457 ], [ 37.3625491, 55.8307953 ], [ 37.3625248, 55.8307749 ], [ 37.3622352, 55.830799 ], [ 37.3618243, 55.8308297 ], [ 37.360428, 55.8309354 ], [ 37.3596561, 55.8309938 ], [ 37.3596644, 55.8310272 ], [ 37.3589431, 55.8310827 ], [ 37.3589355, 55.8310543 ], [ 37.3582613, 55.8311076 ], [ 37.3569726, 55.8312096 ], [ 37.3567088, 55.8312996 ], [ 37.3566912, 55.8313158 ], [ 37.3569587, 55.8317668 ], [ 37.3572165, 55.8320508 ], [ 37.3575814, 55.832307 ], [ 37.3576378, 55.8323009 ], [ 37.358128, 55.8322482 ], [ 37.3585869, 55.8322615 ], [ 37.3588362, 55.832302 ], [ 37.3591742, 55.8323863 ], [ 37.3592957, 55.8324261 ], [ 37.3594952, 55.8325062 ], [ 37.3597118, 55.8326435 ], [ 37.3599792, 55.8328978 ], [ 37.3602301, 55.833222 ], [ 37.3602997, 55.833342 ], [ 37.3605687, 55.8338248 ], [ 37.3606848, 55.834137 ], [ 37.3608202, 55.8347066 ], [ 37.3608602, 55.8349262 ], [ 37.3608682, 55.8351818 ], [ 37.3608874, 55.8352455 ], [ 37.3608873, 55.8352695 ], [ 37.3608844, 55.8357835 ], [ 37.3608434, 55.8359609 ], [ 37.3608012, 55.8360505 ], [ 37.3606101, 55.8363178 ], [ 37.3604612, 55.8364544 ], [ 37.3602177, 55.8365875 ], [ 37.3599476, 55.8366941 ], [ 37.358567, 55.837222 ], [ 37.3584798, 55.8372576 ], [ 37.3574745, 55.8377904 ], [ 37.3563473, 55.8385418 ], [ 37.3558539, 55.8386823 ], [ 37.3556359, 55.8387224 ], [ 37.3553745, 55.8387461 ], [ 37.3551022, 55.8387495 ], [ 37.3548418, 55.8387397 ], [ 37.3546323, 55.8387147 ], [ 37.3546502, 55.8394989 ], [ 37.3552081, 55.8398843 ], [ 37.3555166, 55.8400629 ], [ 37.356619, 55.8407703 ], [ 37.356764, 55.8407013 ], [ 37.3567955, 55.8406827 ], [ 37.3568285, 55.8406992 ], [ 37.3576178, 55.8403615 ], [ 37.3576097, 55.8403324 ], [ 37.35791, 55.8401594 ], [ 37.3580303, 55.8400885 ], [ 37.3581782, 55.8400011 ], [ 37.3586287, 55.8398325 ], [ 37.3586191, 55.8398023 ], [ 37.3601079, 55.8394134 ], [ 37.3601218, 55.8394362 ], [ 37.3606218, 55.8393549 ], [ 37.360652, 55.8393857 ], [ 37.3619153, 55.8391853 ], [ 37.3619421, 55.8391552 ], [ 37.3631875, 55.8391183 ], [ 37.3633059, 55.8391205 ], [ 37.363939, 55.8391522 ], [ 37.3651205, 55.8391989 ], [ 37.3651419, 55.8391702 ], [ 37.3652948, 55.8391974 ], [ 37.3662108, 55.8393796 ], [ 37.366357, 55.8394233 ], [ 37.3670973, 55.8395603 ], [ 37.3673112, 55.8396177 ], [ 37.3674114, 55.8396472 ], [ 37.367619, 55.8397104 ], [ 37.3677569, 55.8397523 ], [ 37.3678389, 55.8397832 ], [ 37.3687024, 55.8401011 ], [ 37.3690799, 55.8399757 ], [ 37.3696063, 55.84023 ], [ 37.3697681, 55.8406704 ], [ 37.3710959, 55.8411679 ], [ 37.371172, 55.8412942 ] ] ] } },
{ "type": "Feature", "properties": { "name": "Сходненская чаша", "area_ha": 72.8 }, "geometry": { "type": "Polygon", "coordinates": [ [ [ 37.4040765, 55.8465376 ], [ 37.4041374, 55.8465595 ], [ 37.4041658, 55.8465845 ], [ 37.4041923, 55.8466291 ], [ 37.4042301, 55.846662 ], [ 37.4042662, 55.8466987 ], [ 37.4043012, 55.8467578 ], [ 37.4043254, 55.8467972 ], [ 37.4043289, 55.8468481 ], [ 37.4043236, 55.8468998 ], [ 37.4044564, 55.8469775 ], [ 37.4047826, 55.8471245 ], [ 37.405024, 55.8472846 ], [ 37.4052219, 55.8474031 ], [ 37.4054278, 55.847508 ], [ 37.4055742, 55.8475706 ], [ 37.4056228, 55.8476053 ], [ 37.4056548, 55.8476286 ], [ 37.4056911, 55.8476424 ], [ 37.4058048, 55.8476584 ], [ 37.406129, 55.8477659 ], [ 37.406475, 55.8478938 ], [ 37.4066985, 55.8479636 ], [ 37.4074849, 55.8481936 ], [ 37.4076972, 55.8482485 ], [ 37.4078635, 55.8482835 ], [ 37.4080472, 55.848301 ], [ 37.4083577, 55.8483115 ], [ 37.4086391, 55.8483042 ], [ 37.4088785, 55.8482958 ], [ 37.4091137, 55.8483056 ], [ 37.4093381, 55.8483151 ], [ 37.4095505, 55.8483115 ], [ 37.409856, 55.8482791 ], [ 37.4100528, 55.8482754 ], [ 37.4103043, 55.8482594 ], [ 37.4105475, 55.8482667 ], [ 37.4106861, 55.8483143 ], [ 37.411184, 55.8485867 ], [ 37.4115372, 55.8487516 ], [ 37.4119744, 55.8489033 ], [ 37.4121205, 55.8489959 ], [ 37.4122225, 55.8490154 ], [ 37.4124759, 55.8490169 ], [ 37.4126986, 55.8490034 ], [ 37.4128219, 55.8489846 ], [ 37.4129587, 55.8489417 ], [ 37.4130691, 55.8488996 ], [ 37.4132502, 55.848788 ], [ 37.4134551, 55.848674 ], [ 37.4136265, 55.8486234 ], [ 37.4139814, 55.8485454 ], [ 37.4143631, 55.848498 ], [ 37.4145881, 55.8484665 ], [ 37.4147648, 55.8484304 ], [ 37.414865, 55.8483875 ], [ 37.4149825, 55.8483298 ], [ 37.4151069, 55.848248 ], [ 37.4152243, 55.8481373 ], [ 37.4153876, 55.8479703 ], [ 37.415634, 55.8477208 ], [ 37.4159439, 55.8474574 ], [ 37.4160855, 55.8473094 ], [ 37.4161738, 55.8471731 ], [ 37.416266, 55.8470604 ], [ 37.4164249, 55.846834 ], [ 37.4164943, 55.8466988 ], [ 37.4165564, 55.8466092 ], [ 37.416717, 55.8463749 ], [ 37.4169384, 55.8461343 ], [ 37.4170923, 55.8459999 ], [ 37.4172464, 55.8458855 ], [ 37.4175728, 55.8456899 ], [ 37.4179445, 55.8455072 ], [ 37.4181115, 55.845417 ], [ 37.4183174, 55.8452964 ], [ 37.4185012, 55.845137 ], [ 37.418814, 55.8448367 ], [ 37.4190658, 55.8446472 ], [ 37.4191345, 55.8444956 ], [ 37.4192604, 55.8443271 ], [ 37.4193377, 55.8441606 ], [ 37.4195916, 55.8438232 ], [ 37.4196473, 55.8436031 ], [ 37.4198058, 55.8434481 ], [ 37.4198677, 55.8434133 ], [ 37.4199583, 55.84335 ], [ 37.4199329, 55.8429298 ], [ 37.4199033, 55.8425022 ], [ 37.4198698, 55.8420968 ], [ 37.4197917, 55.8419215 ], [ 37.4197003, 55.8417781 ], [ 37.4193425, 55.8414764 ], [ 37.4189831, 55.8412286 ], [ 37.4188371, 55.8411382 ], [ 37.4186638, 55.8410591 ], [ 37.4184823, 55.8409799 ], [ 37.4182891, 55.8410044 ], [ 37.4181977, 55.8409942 ], [ 37.4181427, 55.8409611 ], [ 37.4181125, 55.8409326 ], [ 37.4181085, 55.8408728 ], [ 37.4180561, 55.8408438 ], [ 37.4180006, 55.8408332 ], [ 37.4178471, 55.8408691 ], [ 37.4176784, 55.840879 ], [ 37.4174624, 55.8408619 ], [ 37.4172014, 55.8408165 ], [ 37.4168512, 55.8408208 ], [ 37.4164533, 55.8408871 ], [ 37.4162203, 55.8409074 ], [ 37.4160475, 55.8408736 ], [ 37.4158828, 55.8408668 ], [ 37.4156698, 55.8409819 ], [ 37.4154971, 55.8410247 ], [ 37.4154336, 55.841024 ], [ 37.4153552, 55.8410231 ], [ 37.41524, 55.8410022 ], [ 37.4150632, 55.8409525 ], [ 37.4149455, 55.8408329 ], [ 37.414557, 55.8405555 ], [ 37.4143741, 55.8404052 ], [ 37.4140337, 55.8405233 ], [ 37.4139881, 55.8405392 ], [ 37.4142833, 55.8408749 ], [ 37.4142973, 55.8409079 ], [ 37.4142463, 55.8409384 ], [ 37.4141032, 55.8409605 ], [ 37.4138903, 55.8409876 ], [ 37.4137376, 55.8409808 ], [ 37.4135006, 55.8408951 ], [ 37.4134008, 55.8408257 ], [ 37.4133179, 55.840754 ], [ 37.4130554, 55.8408446 ], [ 37.4127707, 55.840943 ], [ 37.4121906, 55.8410134 ], [ 37.4119603, 55.8413277 ], [ 37.4118767, 55.8414276 ], [ 37.4117205, 55.8414917 ], [ 37.411577, 55.8415059 ], [ 37.411393, 55.8414748 ], [ 37.41122, 55.8415303 ], [ 37.4109852, 55.8415758 ], [ 37.4105676, 55.8415414 ], [ 37.4104098, 55.841516 ], [ 37.410222, 55.8414673 ], [ 37.4100886, 55.8414038 ], [ 37.4100061, 55.8413236 ], [ 37.4099755, 55.8411928 ], [ 37.4099796, 55.8411236 ], [ 37.4100014, 55.8410607 ], [ 37.4102524, 55.8406254 ], [ 37.4099814, 55.8405299 ], [ 37.4095975, 55.8403232 ], [ 37.4091809, 55.8401546 ], [ 37.4087267, 55.8399876 ], [ 37.40861, 55.8399376 ], [ 37.4084443, 55.839878 ], [ 37.408256, 55.8398406 ], [ 37.408135, 55.8398357 ], [ 37.4080216, 55.8398548 ], [ 37.4077803, 55.8399827 ], [ 37.4075354, 55.8401468 ], [ 37.4073094, 55.8402953 ], [ 37.4070581, 55.8404478 ], [ 37.4068236, 55.8405905 ], [ 37.4066045, 55.8407274 ], [ 37.4063857, 55.840876 ], [ 37.405808, 55.8412697 ], [ 37.4051188, 55.8417364 ], [ 37.4046562, 55.8420423 ], [ 37.4044296, 55.8421888 ], [ 37.4040838, 55.84243 ], [ 37.403973, 55.8425101 ], [ 37.4038418, 55.8426063 ], [ 37.4037282, 55.8427414 ], [ 37.4036555, 55.8428741 ], [ 37.4036183, 55.8430363 ], [ 37.4036332, 55.8432206 ], [ 37.4036522, 55.8433484 ], [ 37.4036959, 55.8436285 ], [ 37.4037971, 55.8441851 ], [ 37.4039387, 55.8448735 ], [ 37.4039978, 55.8451341 ], [ 37.4040571, 55.8453896 ], [ 37.4040876, 55.8455855 ], [ 37.4040907, 55.8457838 ], [ 37.404076, 55.8458859 ], [ 37.4040648, 55.8459953 ], [ 37.4040539, 55.8460828 ], [ 37.4039856, 55.8464634 ], [ 37.4039801, 55.8465121 ], [ 37.4040765, 55.8465376 ] ] ] } },
{ "type": "Feature", "properties": { "name": "Братцевский парк", "area_ha": 61.1 }, "geometry": { "type": "Polygon", "coordinates": [ [ [ 37.3958652, 55.8408074 ], [ 37.3950389, 55.8420395 ], [ 37.3946983, 55.8425004 ], [ 37.3942316, 55.8432142 ], [ 37.3936254, 55.8432534 ], [ 37.3935638, 55.8433376 ], [ 37.3934707, 55.8434038 ], [ 37.3937441, 55.8434694 ], [ 37.393436, 55.8438596 ], [ 37.3932165, 55.8442338 ], [ 37.3929745, 55.844619 ], [ 37.3928419, 55.8449197 ], [ 37.3928037, 55.8450375 ], [ 37.3927951, 55.8451493 ], [ 37.3927584, 55.8453185 ], [ 37.3926861, 55.8455467 ], [ 37.3926311, 55.8457359 ], [ 37.3925934, 55.8459061 ], [ 37.3925615, 55.8460556 ], [ 37.3925338, 55.8462197 ], [ 37.3925113, 55.8464327 ], [ 37.3924901, 55.8466923 ], [ 37.3924849, 55.8468525 ], [ 37.3924694, 55.8468774 ], [ 37.3924533, 55.8468933 ], [ 37.3923648, 55.8469317 ], [ 37.3923217, 55.8469761 ], [ 37.3923203, 55.8470244 ], [ 37.3923443, 55.8470683 ], [ 37.3923786, 55.8470917 ], [ 37.3923747, 55.8471237 ], [ 37.3923871, 55.8471584 ], [ 37.3924567, 55.8471863 ], [ 37.3925334, 55.8471933 ], [ 37.3925397, 55.8472409 ], [ 37.3925188, 55.8473084 ], [ 37.3925427, 55.8474063 ], [ 37.3925982, 55.8475044 ], [ 37.3926603, 55.8476238 ], [ 37.3926511, 55.8478248 ], [ 37.392658, 55.8480903 ], [ 37.3926398, 55.8482138 ], [ 37.3926006, 55.8483303 ], [ 37.3926153, 55.8484588 ], [ 37.3927333, 55.8488598 ], [ 37.3928584, 55.8490835 ], [ 37.392981, 55.8493203 ], [ 37.3930306, 55.8493523 ], [ 37.3931042, 55.8495478 ], [ 37.3931998, 55.849671 ], [ 37.3933201, 55.8497207 ], [ 37.393359, 55.849818 ], [ 37.3934404, 55.8499233 ], [ 37.3934652, 55.8499789 ], [ 37.3935367, 55.8499767 ], [ 37.3935325, 55.8500633 ], [ 37.3936019, 55.8502735 ], [ 37.393633, 55.8504444 ], [ 37.3937036, 55.8506822 ], [ 37.3937834, 55.8508706 ], [ 37.3938087, 55.8509192 ], [ 37.3938474, 55.8509568 ], [ 37.3940229, 55.8510963 ], [ 37.3942066, 55.8511973 ], [ 37.3944327, 55.8512909 ], [ 37.394918, 55.8513771 ], [ 37.3953605, 55.8514316 ], [ 37.3959421, 55.8514775 ], [ 37.3963634, 55.8514879 ], [ 37.3968284, 55.851444 ], [ 37.3973673, 55.8513616 ], [ 37.3984499, 55.8511961 ], [ 37.3984833, 55.8511906 ], [ 37.3989793, 55.8511086 ], [ 37.399625, 55.8510057 ], [ 37.4005364, 55.8508732 ], [ 37.400986, 55.850805 ], [ 37.4010804, 55.8507907 ], [ 37.4017651, 55.8506681 ], [ 37.4018929, 55.8506377 ], [ 37.4019984, 55.8506093 ], [ 37.4020796, 55.8505631 ], [ 37.4021625, 55.8503718 ], [ 37.4022923, 55.8500589 ], [ 37.4024016, 55.8498074 ], [ 37.4025003, 55.8495983 ], [ 37.402674, 55.8492865 ], [ 37.4028014, 55.8490746 ], [ 37.4029179, 55.8488734 ], [ 37.402948, 55.8488463 ], [ 37.4029828, 55.8488148 ], [ 37.4030348, 55.8487197 ], [ 37.4030802, 55.8485403 ], [ 37.403101, 55.8484994 ], [ 37.4031459, 55.8484175 ], [ 37.4031705, 55.8483632 ], [ 37.403244, 55.8481774 ], [ 37.403331, 55.8479137 ], [ 37.4034162, 55.8476726 ], [ 37.4034914, 55.847391 ], [ 37.4034982, 55.8473629 ], [ 37.4035209, 55.8472694 ], [ 37.4035603, 55.8471293 ], [ 37.403577, 55.846988 ], [ 37.403583, 55.846888 ], [ 37.4035227, 55.846864 ], [ 37.4034786, 55.8468536 ], [ 37.4032355, 55.8468527 ], [ 37.4027234, 55.8468579 ], [ 37.402644, 55.846884 ], [ 37.4025882, 55.8469617 ], [ 37.4025131, 55.8470283 ], [ 37.4023061, 55.8470395 ], [ 37.4021033, 55.8470599 ], [ 37.4019547, 55.8471131 ], [ 37.4017384, 55.8471571 ], [ 37.4015419, 55.8471835 ], [ 37.4011859, 55.847213 ], [ 37.4008969, 55.8472342 ], [ 37.4006633, 55.847253 ], [ 37.4005789, 55.8468132 ], [ 37.4003925, 55.8467941 ], [ 37.4002123, 55.8467646 ], [ 37.4000841, 55.8467272 ], [ 37.3999695, 55.8466637 ], [ 37.3997056, 55.8463622 ], [ 37.3990815, 55.8456195 ], [ 37.3986794, 55.8456911 ], [ 37.3983063, 55.8455288 ], [ 37.398027, 55.8453212 ], [ 37.3978094, 55.8445538 ], [ 37.3977463, 55.8444702 ], [ 37.3975913, 55.8444067 ], [ 37.3975701, 55.8443772 ], [ 37.3971889, 55.8442835 ], [ 37.3972978, 55.8438669 ], [ 37.397348, 55.8436631 ], [ 37.3981769, 55.8436125 ], [ 37.3984497, 55.8435959 ], [ 37.3985993, 55.8435805 ], [ 37.3987401, 55.8435547 ], [ 37.3988216, 55.8434633 ], [ 37.3988674, 55.8433699 ], [ 37.398915, 55.8433232 ], [ 37.3990225, 55.8432326 ], [ 37.3991113, 55.8431709 ], [ 37.399147, 55.8431826 ], [ 37.3995884, 55.8433546 ], [ 37.400081, 55.8431469 ], [ 37.4004918, 55.8430039 ], [ 37.4007806, 55.8429307 ], [ 37.4009103, 55.8429154 ], [ 37.4011637, 55.8428946 ], [ 37.4014012, 55.8428684 ], [ 37.4013772, 55.8427773 ], [ 37.4013849, 55.8427539 ], [ 37.4014225, 55.8427367 ], [ 37.4014731, 55.8427419 ], [ 37.4015005, 55.8427608 ], [ 37.401515, 55.8427867 ], [ 37.4015441, 55.8428112 ], [ 37.4015817, 55.8428349 ], [ 37.4016267, 55.8428382 ], [ 37.4017184, 55.8428014 ], [ 37.4016778, 55.8426187 ], [ 37.4017273, 55.8426153 ], [ 37.401828, 55.8426082 ], [ 37.4019419, 55.842591 ], [ 37.4021842, 55.8425803 ], [ 37.4028228, 55.8425235 ], [ 37.4029333, 55.8425367 ], [ 37.4030338, 55.8425169 ], [ 37.4032332, 55.842499 ], [ 37.4032501, 55.8425403 ], [ 37.4032855, 55.8425674 ], [ 37.403335, 55.8425764 ], [ 37.4035589, 55.8424891 ], [ 37.4036783, 55.8424236 ], [ 37.4043275, 55.8419856 ], [ 37.4046416, 55.8417717 ], [ 37.4051562, 55.84141 ], [ 37.4054311, 55.8412301 ], [ 37.4056832, 55.8410614 ], [ 37.4070574, 55.840127 ], [ 37.4074181, 55.8398822 ], [ 37.4074842, 55.8398368 ], [ 37.4076743, 55.8397096 ], [ 37.4078942, 55.8395599 ], [ 37.4078193, 55.8394914 ], [ 37.4076466, 55.8394914 ], [ 37.4072157, 55.8393117 ], [ 37.4070047, 55.8394118 ], [ 37.4066884, 55.8394148 ], [ 37.406612, 55.8393801 ], [ 37.406672, 55.8393474 ], [ 37.4063683, 55.8391943 ], [ 37.4062611, 55.8392586 ], [ 37.4060907, 55.8392964 ], [ 37.406009, 55.8393327 ], [ 37.4059298, 55.8393679 ], [ 37.4058714, 55.8393729 ], [ 37.4057687, 55.8394691 ], [ 37.405379, 55.8396828 ], [ 37.4051368, 55.8398378 ], [ 37.4049461, 55.8399528 ], [ 37.4047781, 55.8400504 ], [ 37.404639, 55.839943 ], [ 37.4045725, 55.8398797 ], [ 37.4044571, 55.8399058 ], [ 37.4042228, 55.8400155 ], [ 37.4039385, 55.8401405 ], [ 37.403808, 55.8401905 ], [ 37.4035693, 55.8402643 ], [ 37.403057, 55.8403637 ], [ 37.4026242, 55.8404206 ], [ 37.4018115, 55.8405215 ], [ 37.3998535, 55.8407474 ], [ 37.3993918, 55.8407863 ], [ 37.3993639, 55.840807 ], [ 37.3991275, 55.8408309 ], [ 37.3990825, 55.8408209 ], [ 37.3990586, 55.8408041 ], [ 37.3989843, 55.8408128 ], [ 37.3987255, 55.8408372 ], [ 37.3986665, 55.8408315 ], [ 37.3986255, 55.8408128 ], [ 37.3986024, 55.8407811 ], [ 37.3985717, 55.8406876 ], [ 37.3985589, 55.8406084 ], [ 37.398564, 55.8405437 ], [ 37.3986024, 55.8405062 ], [ 37.3986511, 55.8404818 ], [ 37.3987152, 55.8404674 ], [ 37.3986776, 55.8403154 ], [ 37.3983659, 55.8402716 ], [ 37.3982774, 55.8404053 ], [ 37.3981034, 55.8403664 ], [ 37.3976122, 55.8410617 ], [ 37.3964598, 55.8408866 ], [ 37.3958652, 55.8408074 ] ] ] } },
{ "type": "Feature", "properties": { "name": "Маяк", "area_ha": 7.3 }, "geometry": { "type": "Polygon", "coordinates": [ [ [ 37.4321017, 55.8469453 ], [ 37.4319803, 55.846804 ], [ 37.4319881, 55.8466753 ], [ 37.4320371, 55.8465453 ], [ 37.4323311, 55.8464063 ], [ 37.4316519, 55.8458967 ], [ 37.4314727, 55.8459978 ], [ 37.4314187, 55.8462375 ], [ 37.4312382, 55.8463331 ], [ 37.4313205, 55.8464027 ], [ 37.4310216, 55.8465377 ], [ 37.4311468, 55.8466344 ], [ 37.4308642, 55.8467605 ], [ 37.4313762, 55.8471316 ], [ 37.4304329, 55.8475128 ], [ 37.4297353, 55.8475462 ], [ 37.4296978, 55.847548 ], [ 37.428774, 55.8468734 ], [ 37.4286583, 55.8467889 ], [ 37.4283455, 55.8465604 ], [ 37.4283595, 55.846519 ], [ 37.4287667, 55.8464061 ], [ 37.4289169, 55.8464392 ], [ 37.4298556, 55.8460296 ], [ 37.4295521, 55.8456684 ], [ 37.4296204, 55.8455172 ], [ 37.4299682, 55.8454704 ], [ 37.4299612, 55.8453403 ], [ 37.4299677, 55.8452032 ], [ 37.4299349, 55.8450139 ], [ 37.4293432, 55.8450117 ], [ 37.4289671, 55.8450004 ], [ 37.4271735, 55.8451028 ], [ 37.4264615, 55.8476372 ], [ 37.4264241, 55.8477702 ], [ 37.4294969, 55.8481144 ], [ 37.4297943, 55.8481477 ], [ 37.4302411, 55.8481005 ], [ 37.4320426, 55.8479104 ], [ 37.4320991, 55.847759 ], [ 37.4323499, 55.8470872 ], [ 37.4321017, 55.8469453 ] ] ] } },
{ "type": "Feature", "properties": { "name": "Сквер на Химкинском бульваре", "area_ha": 5.1 }, "geometry": { "type": "Polygon", "coordinates": [ [ [ 37.4450567, 55.8520336 ], [ 37.4450715, 55.8519891 ], [ 37.4453799, 55.852029 ], [ 37.445455, 55.8520908 ], [ 37.4458708, 55.8521374 ], [ 37.4459392, 55.8520817 ], [ 37.4466714, 55.8521698 ], [ 37.4467184, 55.8522142 ], [ 37.447688, 55.8523076 ], [ 37.4495213, 55.8524777 ], [ 37.4496339, 55.852501 ], [ 37.4501241, 55.8525511 ], [ 37.4500678, 55.8527209 ], [ 37.4500966, 55.8527239 ], [ 37.4501127, 55.8527419 ], [ 37.4501342, 55.8527562 ], [ 37.4501395, 55.8527194 ], [ 37.4509375, 55.8527736 ], [ 37.4509301, 55.8527901 ], [ 37.4511091, 55.8528089 ], [ 37.451254, 55.8523881 ], [ 37.4511386, 55.8523347 ], [ 37.4509321, 55.8522827 ], [ 37.4508248, 55.8521533 ], [ 37.4507309, 55.8520486 ], [ 37.450912, 55.8519929 ], [ 37.4509522, 55.8519733 ], [ 37.4430006, 55.8511098 ], [ 37.4418029, 55.8509797 ], [ 37.4417622, 55.8509753 ], [ 37.4408912, 55.8508807 ], [ 37.440841, 55.8508838 ], [ 37.4408122, 55.8508807 ], [ 37.4407924, 55.8509413 ], [ 37.44077, 55.851005 ], [ 37.4407866, 55.8510068 ], [ 37.440651, 55.8513688 ], [ 37.4404572, 55.8513471 ], [ 37.4404273, 55.851382 ], [ 37.4404105, 55.8514095 ], [ 37.4404161, 55.8514347 ], [ 37.440561, 55.8514505 ], [ 37.4406111, 55.851468 ], [ 37.4406446, 55.8514938 ], [ 37.44067, 55.8515221 ], [ 37.4406774, 55.8515438 ], [ 37.4406847, 55.8515608 ], [ 37.4407075, 55.8515864 ], [ 37.4407491, 55.851609 ], [ 37.4408045, 55.8516229 ], [ 37.4415491, 55.8517068 ], [ 37.4415823, 55.8517105 ], [ 37.4427504, 55.8518421 ], [ 37.4427669, 55.8517961 ], [ 37.4450567, 55.8520336 ] ] ] } },
{ "type": "Feature", "properties": { "name": "Северное Тушино", "area_ha": 80.4 }, "geometry": { "type": "Polygon", "coordinates": [ [ [ 37.4406532, 55.8751303 ], [ 37.440732, 55.8750244 ], [ 37.4410364, 55.874882 ], [ 37.4413624, 55.8745108 ], [ 37.4414375, 55.8742942 ], [ 37.4418559, 55.8740534 ], [ 37.442446, 55.8739812 ], [ 37.4433901, 55.8737043 ], [ 37.4436906, 55.8734695 ], [ 37.4438551, 55.873208 ], [ 37.444109, 55.8732829 ], [ 37.4447849, 55.8730723 ], [ 37.4453106, 55.8727773 ], [ 37.4454579, 55.8726768 ], [ 37.4455574, 55.8724523 ], [ 37.4454323, 55.8723413 ], [ 37.4451716, 55.8722357 ], [ 37.4452033, 55.8721574 ], [ 37.4453321, 55.8721273 ], [ 37.4462655, 55.8721212 ], [ 37.4465389, 55.8719153 ], [ 37.447392, 55.871441 ], [ 37.4475585, 55.871377 ], [ 37.4477675, 55.8712966 ], [ 37.4477855, 55.8712596 ], [ 37.4478661, 55.871094 ], [ 37.4477877, 55.8709741 ], [ 37.4477751, 55.8708535 ], [ 37.4477616, 55.8708332 ], [ 37.4476495, 55.8706645 ], [ 37.4476924, 55.8706164 ], [ 37.4478748, 55.8706946 ], [ 37.4478378, 55.8707408 ], [ 37.4479244, 55.8707624 ], [ 37.4480012, 55.8707488 ], [ 37.4480271, 55.8707048 ], [ 37.4479999, 55.8706814 ], [ 37.4479517, 55.8706652 ], [ 37.4479646, 55.8706283 ], [ 37.4480464, 55.8706049 ], [ 37.4481331, 55.8706031 ], [ 37.4481282, 55.8706247 ], [ 37.4481668, 55.8706625 ], [ 37.4482679, 55.8706634 ], [ 37.448446, 55.8706126 ], [ 37.4501141, 55.8698652 ], [ 37.4506945, 55.8688866 ], [ 37.450836, 55.8687804 ], [ 37.4511115, 55.8686954 ], [ 37.4513297, 55.8687121 ], [ 37.451541, 55.8688236 ], [ 37.4517728, 55.8688946 ], [ 37.4522601, 55.8689777 ], [ 37.452663, 55.868987 ], [ 37.4528973, 55.8688834 ], [ 37.4530123, 55.8687818 ], [ 37.4530833, 55.8686557 ], [ 37.4529924, 55.8681672 ], [ 37.452434, 55.8674654 ], [ 37.4524143, 55.867177 ], [ 37.4525619, 55.867011 ], [ 37.452637, 55.8668906 ], [ 37.4524704, 55.8667943 ], [ 37.4523973, 55.8666138 ], [ 37.4524163, 55.8663759 ], [ 37.4526251, 55.8661644 ], [ 37.4527868, 55.8661074 ], [ 37.4528052, 55.8660489 ], [ 37.4527376, 55.8659699 ], [ 37.4526648, 55.8659061 ], [ 37.4526279, 55.865865 ], [ 37.4525828, 55.8658307 ], [ 37.4525389, 55.8658054 ], [ 37.4525582, 55.8657771 ], [ 37.4525367, 55.8657675 ], [ 37.4524981, 55.8657422 ], [ 37.452452, 55.8657037 ], [ 37.452423, 55.8656417 ], [ 37.4524383, 55.8656001 ], [ 37.4524092, 55.8655651 ], [ 37.4524123, 55.8648146 ], [ 37.4524234, 55.8644382 ], [ 37.4519813, 55.8643863 ], [ 37.4524697, 55.8635704 ], [ 37.4530107, 55.8631661 ], [ 37.4531946, 55.8630072 ], [ 37.4532605, 55.8626271 ], [ 37.4530859, 55.8618026 ], [ 37.4530698, 55.8615021 ], [ 37.4527866, 55.8614378 ], [ 37.4529089, 55.8612132 ], [ 37.4531277, 55.8612414 ], [ 37.4532528, 55.8609297 ], [ 37.453348, 55.8606743 ], [ 37.4534227, 55.8605593 ], [ 37.4543361, 55.8600243 ], [ 37.4545906, 55.8598503 ], [ 37.454706, 55.859695 ], [ 37.4547893, 55.8595358 ], [ 37.4548031, 55.8593899 ], [ 37.4549613, 55.8586038 ], [ 37.4551574, 55.8581797 ], [ 37.4555214, 55.8573025 ], [ 37.455579, 55.8564086 ], [ 37.4557563, 55.8551515 ], [ 37.4558819, 55.8544331 ], [ 37.4557189, 55.8537507 ], [ 37.4558714, 55.853244 ], [ 37.4557584, 55.8532286 ], [ 37.4559907, 55.8523563 ], [ 37.4558585, 55.8520023 ], [ 37.4558627, 55.8519491 ], [ 37.4538911, 55.8515185 ], [ 37.4539602, 55.8514189 ], [ 37.4533052, 55.8512342 ], [ 37.4530767, 55.8511698 ], [ 37.4526078, 55.8525288 ], [ 37.4526033, 55.8525418 ], [ 37.4526001, 55.8525512 ], [ 37.4525678, 55.8526446 ], [ 37.4525565, 55.8526775 ], [ 37.4525462, 55.8527073 ], [ 37.4525288, 55.8527577 ], [ 37.452524, 55.8527716 ], [ 37.4525174, 55.8527909 ], [ 37.4517677, 55.8547858 ], [ 37.4513867, 55.8558305 ], [ 37.450163, 55.8596136 ], [ 37.4498458, 55.8605482 ], [ 37.4490786, 55.8629134 ], [ 37.448544, 55.864392 ], [ 37.4484432, 55.8646169 ], [ 37.4479549, 55.864787 ], [ 37.4475257, 55.8659805 ], [ 37.4473232, 55.8665735 ], [ 37.4471904, 55.8669498 ], [ 37.4472105, 55.8669686 ], [ 37.4472454, 55.8669799 ], [ 37.4472173, 55.8670544 ], [ 37.4471797, 55.8670559 ], [ 37.4471207, 55.8670988 ], [ 37.4469745, 55.8673531 ], [ 37.4469383, 55.8674351 ], [ 37.4469168, 55.8675104 ], [ 37.4468954, 55.8675902 ], [ 37.4467557, 55.8677771 ], [ 37.446788, 55.8677847 ], [ 37.4467398, 55.8678488 ], [ 37.4467065, 55.8678409 ], [ 37.446662, 55.8678927 ], [ 37.4464515, 55.8680477 ], [ 37.4462262, 55.8682629 ], [ 37.4458882, 55.8685496 ], [ 37.4455369, 55.8687972 ], [ 37.4453706, 55.8689033 ], [ 37.4449629, 55.8691689 ], [ 37.4447939, 55.8692998 ], [ 37.4445713, 55.8694857 ], [ 37.4444753, 55.8695429 ], [ 37.4445025, 55.8695572 ], [ 37.4444281, 55.8696016 ], [ 37.4444009, 55.8695873 ], [ 37.4443151, 55.8696384 ], [ 37.444185, 55.8696798 ], [ 37.4440227, 55.8697588 ], [ 37.4437197, 55.8699454 ], [ 37.4437948, 55.8699815 ], [ 37.4437787, 55.8699958 ], [ 37.4440214, 55.8701313 ], [ 37.4448792, 55.8694796 ], [ 37.445126, 55.8696158 ], [ 37.4455699, 55.869919 ], [ 37.4440174, 55.8711901 ], [ 37.4439178, 55.8712665 ], [ 37.4431159, 55.870941 ], [ 37.4433743, 55.8707143 ], [ 37.4439543, 55.8702279 ], [ 37.4436028, 55.8700544 ], [ 37.4410921, 55.8715965 ], [ 37.4411311, 55.8717799 ], [ 37.4411605, 55.8719502 ], [ 37.44158, 55.8721651 ], [ 37.440949, 55.8725742 ], [ 37.4405418, 55.8723811 ], [ 37.4399172, 55.8727339 ], [ 37.4398328, 55.8727236 ], [ 37.4395427, 55.8725972 ], [ 37.4394539, 55.8725954 ], [ 37.4373412, 55.8739571 ], [ 37.4366519, 55.8742312 ], [ 37.4360471, 55.8744615 ], [ 37.4334094, 55.8750862 ], [ 37.4329084, 55.8753657 ], [ 37.4330382, 55.8754822 ], [ 37.4324781, 55.8756502 ], [ 37.4332061, 55.8757828 ], [ 37.4336303, 55.8760645 ], [ 37.4341672, 55.8759884 ], [ 37.4340748, 55.8761325 ], [ 37.4337545, 55.8763016 ], [ 37.432973, 55.8771411 ], [ 37.433194, 55.877385 ], [ 37.43335, 55.8776799 ], [ 37.4335281, 55.8778471 ], [ 37.433711, 55.8779438 ], [ 37.433851, 55.8779677 ], [ 37.4340857, 55.8779395 ], [ 37.434249, 55.877944 ], [ 37.4341429, 55.8778147 ], [ 37.4338204, 55.8778822 ], [ 37.4335926, 55.8778132 ], [ 37.4335291, 55.8776918 ], [ 37.4338264, 55.8777177 ], [ 37.4335462, 55.8775906 ], [ 37.4334319, 55.8776112 ], [ 37.4333972, 55.8776456 ], [ 37.4330687, 55.8771384 ], [ 37.4331754, 55.877029 ], [ 37.4332884, 55.8771107 ], [ 37.4333454, 55.8771489 ], [ 37.4336658, 55.8768882 ], [ 37.4340301, 55.8768917 ], [ 37.4346363, 55.8766902 ], [ 37.4342322, 55.877092 ], [ 37.4346587, 55.8769134 ], [ 37.434673, 55.8767692 ], [ 37.4351404, 55.8768264 ], [ 37.4350404, 55.8769524 ], [ 37.4355884, 55.8769833 ], [ 37.4357353, 55.8768402 ], [ 37.4354394, 55.8766112 ], [ 37.43537, 55.8764841 ], [ 37.4352955, 55.8760545 ], [ 37.4353039, 55.8759759 ], [ 37.4361631, 55.875328 ], [ 37.4362906, 55.8753804 ], [ 37.4360013, 55.8755327 ], [ 37.436217, 55.8756278 ], [ 37.4361636, 55.8758035 ], [ 37.4365129, 55.8759411 ], [ 37.4366601, 55.8758051 ], [ 37.4365013, 55.8756902 ], [ 37.4365042, 55.8755914 ], [ 37.436813, 55.8754748 ], [ 37.438814, 55.8762638 ], [ 37.4388731, 55.876072 ], [ 37.4387881, 55.8760233 ], [ 37.4386404, 55.8759971 ], [ 37.4384739, 55.8759356 ], [ 37.4383813, 55.8758467 ], [ 37.4382562, 55.8757748 ], [ 37.4382607, 55.8757345 ], [ 37.4383089, 55.875729 ], [ 37.4387325, 55.8758189 ], [ 37.4390705, 55.8758621 ], [ 37.4393645, 55.8758686 ], [ 37.4396654, 55.875792 ], [ 37.4397948, 55.8756949 ], [ 37.4402275, 55.8754728 ], [ 37.4402826, 55.8754072 ], [ 37.4402278, 55.875314 ], [ 37.4399834, 55.8751522 ], [ 37.4400282, 55.8751359 ], [ 37.4403991, 55.8752485 ], [ 37.4404681, 55.8752428 ], [ 37.4406532, 55.8751303 ] ] ] } },
{ "type": "Feature", "properties": { "name": "Природно-исторический парк «Тушинский»", "area_ha": 317.6 }, "geometry": { "type": "Polygon", "coordinates": [ [ [ 37.4343747, 55.8659797 ], [ 37.4343706, 55.8659017 ], [ 37.4343387, 55.8658528 ], [ 37.4342865, 55.8658057 ], [ 37.4342111, 55.8657666 ], [ 37.4340679, 55.8657338 ], [ 37.4318922, 55.8654177 ], [ 37.430273, 55.865167 ], [ 37.4246241, 55.8642629 ], [ 37.4245666, 55.8642664 ], [ 37.4241272, 55.864552 ], [ 37.4236106, 55.8642131 ], [ 37.4232668, 55.8639875 ], [ 37.4226278, 55.8642789 ], [ 37.4194306, 55.8639538 ], [ 37.4188357, 55.863894 ], [ 37.419066, 55.8637241 ], [ 37.4192324, 55.8636762 ], [ 37.4193218, 55.863645 ], [ 37.4194204, 55.8633615 ], [ 37.4195097, 55.8633692 ], [ 37.4195813, 55.863101 ], [ 37.4196165, 55.8629689 ], [ 37.4195192, 55.8629586 ], [ 37.4192959, 55.8629303 ], [ 37.4190734, 55.8629018 ], [ 37.4190305, 55.8628627 ], [ 37.4188428, 55.8627242 ], [ 37.418773, 55.862661 ], [ 37.4188799, 55.8623032 ], [ 37.4187885, 55.8622922 ], [ 37.4173449, 55.8622111 ], [ 37.4173674, 55.8620749 ], [ 37.4146765, 55.8619972 ], [ 37.4133167, 55.8619472 ], [ 37.4132688, 55.8627052 ], [ 37.4122825, 55.8626795 ], [ 37.4121755, 55.8626238 ], [ 37.4115683, 55.8626008 ], [ 37.4115694, 55.8625414 ], [ 37.4110184, 55.8624347 ], [ 37.4104943, 55.8623314 ], [ 37.4104926, 55.8616078 ], [ 37.4104785, 55.8613218 ], [ 37.4101854, 55.8611424 ], [ 37.4098629, 55.8613747 ], [ 37.4090588, 55.8609042 ], [ 37.4084212, 55.8611694 ], [ 37.4074208, 55.8605832 ], [ 37.4072012, 55.8605388 ], [ 37.4061011, 55.8598623 ], [ 37.40582, 55.8596294 ], [ 37.4056151, 55.8594029 ], [ 37.4061998, 55.8590988 ], [ 37.4060484, 55.8590193 ], [ 37.4059167, 55.8590021 ], [ 37.4056049, 55.8589627 ], [ 37.4055544, 55.8588591 ], [ 37.4050405, 55.8583403 ], [ 37.404952, 55.8582583 ], [ 37.4043309, 55.8576825 ], [ 37.4038934, 55.8572633 ], [ 37.4036198, 55.857029 ], [ 37.4031113, 55.8565172 ], [ 37.4031389, 55.8564128 ], [ 37.4036681, 55.8562445 ], [ 37.4049962, 55.8557198 ], [ 37.4049083, 55.8556621 ], [ 37.4048278, 55.8556579 ], [ 37.4046837, 55.8556516 ], [ 37.4045715, 55.8556106 ], [ 37.4043095, 55.855389 ], [ 37.4041692, 55.8552336 ], [ 37.4041617, 55.855199 ], [ 37.4041673, 55.8551496 ], [ 37.4040102, 55.8549952 ], [ 37.4043465, 55.8548753 ], [ 37.4038067, 55.8544423 ], [ 37.403428, 55.8545747 ], [ 37.402942, 55.8547442 ], [ 37.4028465, 55.8546544 ], [ 37.4022626, 55.8547983 ], [ 37.4020685, 55.8548005 ], [ 37.4018653, 55.8545788 ], [ 37.4016177, 55.8543631 ], [ 37.4011714, 55.8542301 ], [ 37.4008302, 55.8540608 ], [ 37.4004527, 55.8536645 ], [ 37.3994183, 55.8530227 ], [ 37.3989435, 55.8528686 ], [ 37.398633, 55.8527115 ], [ 37.3984944, 55.8525315 ], [ 37.3983806, 55.8521035 ], [ 37.3983188, 55.8520611 ], [ 37.397755, 55.8516747 ], [ 37.3959307, 55.8519914 ], [ 37.3958972, 55.8521849 ], [ 37.3959613, 55.8524634 ], [ 37.3959369, 55.8524845 ], [ 37.3958262, 55.8524647 ], [ 37.3955664, 55.8524076 ], [ 37.394604, 55.8521587 ], [ 37.3944312, 55.8521483 ], [ 37.396385, 55.8556084 ], [ 37.3976196, 55.8580839 ], [ 37.399097, 55.860402 ], [ 37.399998, 55.8614854 ], [ 37.4011227, 55.862843 ], [ 37.4023335, 55.8639494 ], [ 37.4028964, 55.8645409 ], [ 37.4054585, 55.8664355 ], [ 37.4067083, 55.867329 ], [ 37.407513, 55.8678579 ], [ 37.4085436, 55.8680808 ], [ 37.4092862, 55.86825 ], [ 37.4096115, 55.8683341 ], [ 37.4099722, 55.8684542 ], [ 37.4102347, 55.8685901 ], [ 37.4104856, 55.8687047 ], [ 37.411237, 55.8691033 ], [ 37.411594, 55.8692899 ], [ 37.4119507, 55.8694775 ], [ 37.4120094, 55.8696238 ], [ 37.4121312, 55.8697281 ], [ 37.4122865, 55.8699331 ], [ 37.4123542, 55.8700833 ], [ 37.4123992, 55.870227 ], [ 37.4124235, 55.8703518 ], [ 37.4124043, 55.8705748 ], [ 37.4131257, 55.8709041 ], [ 37.4136014, 55.8711171 ], [ 37.4140015, 55.8712962 ], [ 37.4150253, 55.8717345 ], [ 37.4163996, 55.8722788 ], [ 37.4174182, 55.8726817 ], [ 37.418366, 55.8730444 ], [ 37.4187938, 55.8730919 ], [ 37.4190829, 55.8732335 ], [ 37.4197406, 55.8734941 ], [ 37.4242555, 55.8749363 ], [ 37.4250456, 55.87511 ], [ 37.4251326, 55.8751357 ], [ 37.4252632, 55.8751651 ], [ 37.4253953, 55.875185 ], [ 37.4287389, 55.8755588 ], [ 37.4290604, 55.8755855 ], [ 37.4293209, 55.8755987 ], [ 37.4295771, 55.8756017 ], [ 37.4300166, 55.8755913 ], [ 37.4303501, 55.8755705 ], [ 37.4306584, 55.8755321 ], [ 37.4310085, 55.8754768 ], [ 37.4313512, 55.8754086 ], [ 37.4325787, 55.8751148 ], [ 37.4362534, 55.8741514 ], [ 37.4371429, 55.873826 ], [ 37.439411, 55.8724049 ], [ 37.4393616, 55.8719119 ], [ 37.4392153, 55.8720067 ], [ 37.4389697, 55.871938 ], [ 37.4390789, 55.8718007 ], [ 37.4388745, 55.8717593 ], [ 37.4392149, 55.8712683 ], [ 37.4395192, 55.8713472 ], [ 37.4400333, 55.8709176 ], [ 37.4401903, 55.8705473 ], [ 37.4397353, 55.8699763 ], [ 37.4389923, 55.8701253 ], [ 37.4388421, 55.870053 ], [ 37.4357116, 55.8707437 ], [ 37.4358233, 55.8711289 ], [ 37.4352667, 55.8712359 ], [ 37.4351652, 55.8710738 ], [ 37.4347624, 55.8711516 ], [ 37.4344934, 55.8708011 ], [ 37.4350133, 55.8706865 ], [ 37.4346762, 55.8701343 ], [ 37.4343833, 55.8701998 ], [ 37.4335906, 55.8690691 ], [ 37.4335736, 55.8689563 ], [ 37.4344145, 55.866615 ], [ 37.4342053, 55.8665916 ], [ 37.4343747, 55.8659797 ] ] ] } },
{ "type": "Feature", "properties": { "name": "Природно-исторический парк «Тушинский»", "area_ha": 317.6 }, "geometry": { "type": "Polygon", "coordinates": [ [ [ 37.4186339, 55.8740155 ], [ 37.4178402, 55.8737541 ], [ 37.4168013, 55.8733883 ], [ 37.4157791, 55.8730132 ], [ 37.4149171, 55.8726745 ], [ 37.4131557, 55.8719366 ], [ 37.412764, 55.8717684 ], [ 37.4125667, 55.8717454 ], [ 37.4124338, 55.8717377 ], [ 37.4123166, 55.8717344 ], [ 37.4122014, 55.8717377 ], [ 37.4120939, 55.8717443 ], [ 37.4119591, 55.871764 ], [ 37.4117931, 55.8717936 ], [ 37.4115506, 55.8718616 ], [ 37.4114097, 55.8719221 ], [ 37.4112992, 55.8719841 ], [ 37.4111611, 55.8720693 ], [ 37.4103778, 55.8726136 ], [ 37.4096184, 55.8731405 ], [ 37.4094176, 55.8732649 ], [ 37.4077474, 55.8743857 ], [ 37.4076497, 55.8744964 ], [ 37.4063838, 55.8753688 ], [ 37.4058915, 55.8756998 ], [ 37.4055423, 55.875894 ], [ 37.4053268, 55.8760428 ], [ 37.4050892, 55.8762195 ], [ 37.4049345, 55.8763652 ], [ 37.4048129, 55.8765295 ], [ 37.4047079, 55.8767155 ], [ 37.4046472, 55.8768829 ], [ 37.4046085, 55.8770627 ], [ 37.4045974, 55.8772301 ], [ 37.4046251, 55.8774129 ], [ 37.4046637, 55.8775214 ], [ 37.4055091, 55.8795762 ], [ 37.41041819748915, 55.880306998346043 ], [ 37.4104313, 55.880302 ], [ 37.41488269492833, 55.879321571439021 ], [ 37.414102, 55.8791058 ], [ 37.4143411, 55.8788788 ], [ 37.414356317926391, 55.878883111504528 ], [ 37.4143735, 55.8788674 ], [ 37.4155185, 55.879189 ], [ 37.415659599236051, 55.879143696567773 ], [ 37.415674232830035, 55.879135649073199 ], [ 37.4171635, 55.8783095 ], [ 37.419727901415342, 55.878317787390905 ], [ 37.4204435, 55.8783134 ], [ 37.4206314, 55.8780748 ], [ 37.4209988, 55.8776935 ], [ 37.4210099, 55.8773076 ], [ 37.4207443, 55.8772688 ], [ 37.4206901, 55.8768032 ], [ 37.4207585, 55.8762223 ], [ 37.4218604, 55.8762037 ], [ 37.4221241, 55.8760985 ], [ 37.4228701, 55.8761073 ], [ 37.422956, 55.8759056 ], [ 37.4236432, 55.8758785 ], [ 37.4238159, 55.8756432 ], [ 37.4196043, 55.8743257 ], [ 37.4186339, 55.8740155 ] ] ] } },
{ "type": "Feature", "properties": { "name": "Левобережный", "area_ha": 22.5 }, "geometry": { "type": "Polygon", "coordinates": [ [ [ 37.4585746, 55.8741593 ], [ 37.4589357, 55.8749338 ], [ 37.4593157, 55.8755697 ], [ 37.4595058, 55.8758119 ], [ 37.4597261, 55.8759574 ], [ 37.4601919, 55.876085 ], [ 37.4608965, 55.8761113 ], [ 37.4609041, 55.8761307 ], [ 37.4609663, 55.8761211 ], [ 37.4609575, 55.8761004 ], [ 37.4610883, 55.8759932 ], [ 37.4611647, 55.875939 ], [ 37.4613954, 55.8758119 ], [ 37.4614263, 55.8757705 ], [ 37.4614136, 55.8757144 ], [ 37.4614276, 55.8756855 ], [ 37.4614823, 55.8756499 ], [ 37.461769, 55.8756385 ], [ 37.4618458, 55.8756647 ], [ 37.4619436, 55.8757672 ], [ 37.4622074, 55.8758336 ], [ 37.4623671, 55.875855 ], [ 37.4626534, 55.8759714 ], [ 37.4628387, 55.8760445 ], [ 37.4629385, 55.876086 ], [ 37.4629658, 55.8760974 ], [ 37.4630316, 55.8761738 ], [ 37.4630959, 55.876237 ], [ 37.46323, 55.8763604 ], [ 37.4634124, 55.8765605 ], [ 37.4635237, 55.8766357 ], [ 37.4637048, 55.8766921 ], [ 37.4639422, 55.8767117 ], [ 37.4640883, 55.876732 ], [ 37.4641903, 55.8767734 ], [ 37.4642399, 55.8768524 ], [ 37.4642734, 55.8769547 ], [ 37.464252, 55.8770352 ], [ 37.4641836, 55.8771179 ], [ 37.4641809, 55.8771744 ], [ 37.4642292, 55.8772526 ], [ 37.4642573, 55.8773301 ], [ 37.4643365, 55.8773737 ], [ 37.4645537, 55.8774309 ], [ 37.4647214, 55.8775114 ], [ 37.4648823, 55.8775934 ], [ 37.4651062, 55.8776686 ], [ 37.4652256, 55.8776859 ], [ 37.465408, 55.8776972 ], [ 37.4658573, 55.8777672 ], [ 37.4658, 55.8783981 ], [ 37.465133, 55.8786281 ], [ 37.4653104, 55.8788308 ], [ 37.4655377, 55.8789332 ], [ 37.4656134, 55.8790008 ], [ 37.4655686, 55.8791205 ], [ 37.4656582, 55.879192 ], [ 37.4658269, 55.8792867 ], [ 37.4660689, 55.8793336 ], [ 37.4659544, 55.8794045 ], [ 37.465975, 55.8794856 ], [ 37.4658465, 55.8795749 ], [ 37.4657875, 55.8795945 ], [ 37.465691, 55.879602 ], [ 37.465522, 55.879587 ], [ 37.4653369, 55.8794862 ], [ 37.4651143, 55.8793583 ], [ 37.464948, 55.8792304 ], [ 37.4648192, 55.8791612 ], [ 37.4645296, 55.8790213 ], [ 37.464315, 55.8788663 ], [ 37.4639797, 55.8785398 ], [ 37.4637492, 55.8784027 ], [ 37.463446, 55.8782223 ], [ 37.4620526, 55.877531 ], [ 37.4621116, 55.8774903 ], [ 37.4618165, 55.8773436 ], [ 37.4617924, 55.8773602 ], [ 37.4617119, 55.8773015 ], [ 37.4614584, 55.8771744 ], [ 37.461323, 55.8771337 ], [ 37.461201, 55.8771074 ], [ 37.4610793, 55.8771027 ], [ 37.4608754, 55.8771192 ], [ 37.4608, 55.8771253 ], [ 37.4605974, 55.8771667 ], [ 37.4605682, 55.8771791 ], [ 37.4602796, 55.8772534 ], [ 37.4601603, 55.8773098 ], [ 37.4600556, 55.8773722 ], [ 37.4599524, 55.8774881 ], [ 37.4598625, 55.8775987 ], [ 37.4597995, 55.8777085 ], [ 37.4597861, 55.8778379 ], [ 37.4598183, 55.8779733 ], [ 37.4599014, 55.8782073 ], [ 37.4599564, 55.8783457 ], [ 37.4599658, 55.878442 ], [ 37.4599457, 55.8785172 ], [ 37.459884, 55.8786256 ], [ 37.4596805, 55.8788524 ], [ 37.4595997, 55.8789844 ], [ 37.4595313, 55.8791687 ], [ 37.4595246, 55.8793056 ], [ 37.459546, 55.879608 ], [ 37.459664, 55.8802881 ], [ 37.4596989, 55.8806898 ], [ 37.4596175, 55.8813453 ], [ 37.4596828, 55.881442 ], [ 37.4596855, 55.8815609 ], [ 37.4596158, 55.8816632 ], [ 37.4595203, 55.8817139 ], [ 37.4592542, 55.8822003 ], [ 37.4615443, 55.8823613 ], [ 37.4616462, 55.8819972 ], [ 37.4608952, 55.881937 ], [ 37.4605519, 55.881591 ], [ 37.4600315, 55.8798563 ], [ 37.4602343, 55.8791932 ], [ 37.4617166, 55.8782077 ], [ 37.4619278, 55.8783021 ], [ 37.4619721, 55.8782765 ], [ 37.46207, 55.8783292 ], [ 37.462023, 55.878357 ], [ 37.4630517, 55.878925 ], [ 37.463104, 55.8788968 ], [ 37.4631958, 55.8789513 ], [ 37.4631489, 55.8789799 ], [ 37.4641232, 55.879523 ], [ 37.464256, 55.8795185 ], [ 37.464315, 55.8795441 ], [ 37.4643137, 55.8796216 ], [ 37.4652725, 55.8801865 ], [ 37.4654134, 55.8802655 ], [ 37.4659082, 55.8799767 ], [ 37.4663749, 55.8795975 ], [ 37.4665359, 55.8794478 ], [ 37.4666767, 55.8792914 ], [ 37.4672306, 55.8786677 ], [ 37.4675471, 55.878287 ], [ 37.4680299, 55.8777582 ], [ 37.4691752, 55.8766929 ], [ 37.4684563, 55.8764431 ], [ 37.4686079, 55.8763987 ], [ 37.468947, 55.8763438 ], [ 37.4689637, 55.8762746 ], [ 37.4690107, 55.8761848 ], [ 37.4690561, 55.8761276 ], [ 37.4678934, 55.8757818 ], [ 37.4675652, 55.8760937 ], [ 37.4665109, 55.8757704 ], [ 37.4667696, 55.8755375 ], [ 37.46079, 55.8736363 ], [ 37.460584, 55.8740815 ], [ 37.4588285, 55.8738385 ], [ 37.458417, 55.8738212 ], [ 37.4585746, 55.8741593 ] ] ] } },
{ "type": "Feature", "properties": { "name": "Природный парк \"Долина реки Сходни в Куркино\"", "area_ha": 163.3 }, "geometry": { "type": "Polygon", "coordinates": [ [ [ 37.402017, 55.876236 ], [ 37.4000166, 55.8764741 ], [ 37.3981231, 55.8767203 ], [ 37.3956309, 55.8770415 ], [ 37.3954134, 55.8771216 ], [ 37.3953775, 55.8771266 ], [ 37.3944357, 55.8772425 ], [ 37.3928135, 55.8773361 ], [ 37.3905959, 55.877464 ], [ 37.3879138, 55.8775998 ], [ 37.386473, 55.8776635 ], [ 37.3849194, 55.8777691 ], [ 37.3832729, 55.8779079 ], [ 37.3832515, 55.8779125 ], [ 37.3832049, 55.8778336 ], [ 37.3823129, 55.8778827 ], [ 37.3820874, 55.8779851 ], [ 37.3817505, 55.8781244 ], [ 37.3816604, 55.8781644 ], [ 37.3815239, 55.8782046 ], [ 37.3813973, 55.8782169 ], [ 37.3812699, 55.8782399 ], [ 37.3811414, 55.8782845 ], [ 37.3809976, 55.8783662 ], [ 37.3808385, 55.8786486 ], [ 37.3808176, 55.8786976 ], [ 37.3808085, 55.8787831 ], [ 37.3807938, 55.8788509 ], [ 37.3807681, 55.8789188 ], [ 37.3807375, 55.8789803 ], [ 37.380734, 55.8790615 ], [ 37.3807019, 55.8791185 ], [ 37.380594, 55.8793132 ], [ 37.380369, 55.879523 ], [ 37.3801663, 55.8796844 ], [ 37.3800067, 55.879872 ], [ 37.3799377, 55.8799487 ], [ 37.3797499, 55.8800036 ], [ 37.379539, 55.8800192 ], [ 37.3792188, 55.8800012 ], [ 37.3790337, 55.8800278 ], [ 37.3788507, 55.8801046 ], [ 37.3787551, 55.8801348 ], [ 37.378616, 55.8801332 ], [ 37.3784991, 55.8801335 ], [ 37.378402, 55.8801559 ], [ 37.3782787, 55.8801784 ], [ 37.3781636, 55.8802156 ], [ 37.378042, 55.8802641 ], [ 37.3779317, 55.8803446 ], [ 37.3778892, 55.8804225 ], [ 37.3776975, 55.8805776 ], [ 37.3775135, 55.8807294 ], [ 37.3772007, 55.8809057 ], [ 37.3769548, 55.881013 ], [ 37.3767555, 55.8810716 ], [ 37.3761862, 55.8812294 ], [ 37.3759665, 55.8812983 ], [ 37.3758462, 55.8813158 ], [ 37.3757153, 55.8813032 ], [ 37.3754426, 55.8812162 ], [ 37.3751904, 55.8812109 ], [ 37.3750562, 55.8812245 ], [ 37.3748889, 55.8812581 ], [ 37.3745622, 55.8813451 ], [ 37.3744429, 55.8813719 ], [ 37.374298, 55.8813904 ], [ 37.374037, 55.8813793 ], [ 37.373819, 55.8813647 ], [ 37.3736328, 55.8813707 ], [ 37.3734336, 55.8814141 ], [ 37.3731073, 55.881478 ], [ 37.3730706, 55.8814905 ], [ 37.3730512, 55.881493 ], [ 37.3729643, 55.8815136 ], [ 37.3728829, 55.8815528 ], [ 37.3727966, 55.8816156 ], [ 37.3727191, 55.8817041 ], [ 37.3726718, 55.881804 ], [ 37.3725984, 55.8819093 ], [ 37.372576, 55.8819543 ], [ 37.3724911, 55.8821428 ], [ 37.3724727, 55.8822311 ], [ 37.3724141, 55.8823845 ], [ 37.3723819, 55.8824582 ], [ 37.3723379, 55.8825336 ], [ 37.3722996, 55.8825955 ], [ 37.3722655, 55.8826628 ], [ 37.3721958, 55.8827604 ], [ 37.3720885, 55.8828308 ], [ 37.3719514, 55.8829161 ], [ 37.3718128, 55.8829834 ], [ 37.3716829, 55.8830429 ], [ 37.3715518, 55.8831275 ], [ 37.3714616, 55.8831845 ], [ 37.3713793, 55.8832614 ], [ 37.3712975, 55.8833319 ], [ 37.3712598, 55.883409 ], [ 37.3712117, 55.8835094 ], [ 37.3711738, 55.8836399 ], [ 37.3711666, 55.8837241 ], [ 37.3711996, 55.8838601 ], [ 37.3712819, 55.8840808 ], [ 37.3714238, 55.8842455 ], [ 37.3715359, 55.884376 ], [ 37.37171, 55.8845303 ], [ 37.3719549, 55.8845859 ], [ 37.3721189, 55.8847757 ], [ 37.3724235, 55.8851447 ], [ 37.3729965, 55.8853633 ], [ 37.3732043, 55.8856338 ], [ 37.3734684, 55.8858382 ], [ 37.3736447, 55.8859386 ], [ 37.3741331, 55.8861802 ], [ 37.3743952, 55.8863998 ], [ 37.3746036, 55.8866547 ], [ 37.3747283, 55.8867942 ], [ 37.3748049, 55.8869333 ], [ 37.3747356, 55.8871346 ], [ 37.3744864, 55.8873412 ], [ 37.3743414, 55.8873865 ], [ 37.3741587, 55.8874095 ], [ 37.3739131, 55.8874251 ], [ 37.3733475, 55.8874617 ], [ 37.3731245, 55.8874785 ], [ 37.3728774, 55.8875216 ], [ 37.3727012, 55.8875766 ], [ 37.3726082, 55.8876561 ], [ 37.3725715, 55.8877341 ], [ 37.3725895, 55.8878676 ], [ 37.3726399, 55.8881014 ], [ 37.3727777, 55.8882876 ], [ 37.372847, 55.8884766 ], [ 37.3728585, 55.8887373 ], [ 37.3727973, 55.8890513 ], [ 37.3727628, 55.8892332 ], [ 37.3727882, 55.8893477 ], [ 37.3728807, 55.8894321 ], [ 37.3734318, 55.8898651 ], [ 37.3735705, 55.8901225 ], [ 37.3734373, 55.8903788 ], [ 37.373226, 55.8905895 ], [ 37.3730178, 55.8909164 ], [ 37.3729812, 55.8910529 ], [ 37.372989544140204, 55.891193003935562 ], [ 37.3730104, 55.8912318 ], [ 37.373064972689292, 55.891297609490117 ], [ 37.3731357, 55.8913309 ], [ 37.3733661, 55.8914149 ], [ 37.3738481, 55.8914734 ], [ 37.3745672, 55.8915469 ], [ 37.3751047, 55.8916169 ], [ 37.3756694, 55.8917555 ], [ 37.3764423, 55.8920068 ], [ 37.3773085, 55.8924416 ], [ 37.3774056, 55.8926 ], [ 37.3773994, 55.8927262 ], [ 37.3773388, 55.8928295 ], [ 37.3770269, 55.8931015 ], [ 37.3767186, 55.8933119 ], [ 37.3762781, 55.8936415 ], [ 37.3756702, 55.8941829 ], [ 37.375268, 55.8945115 ], [ 37.3749379, 55.8947716 ], [ 37.374774, 55.894894 ], [ 37.3743193, 55.8950844 ], [ 37.3742077, 55.895171 ], [ 37.3736878, 55.8952265 ], [ 37.3731705, 55.8952073 ], [ 37.3728366, 55.8951678 ], [ 37.3720972, 55.8960125 ], [ 37.3723359, 55.8961291 ], [ 37.3725237, 55.8962434 ], [ 37.3726256, 55.896305 ], [ 37.3726551, 55.8963682 ], [ 37.3724808, 55.8965968 ], [ 37.3722796, 55.8968246 ], [ 37.3719524, 55.8971314 ], [ 37.3721294, 55.8971916 ], [ 37.3726401, 55.8970328 ], [ 37.37596, 55.8958108 ], [ 37.3759972, 55.8956177 ], [ 37.3774877, 55.8960692 ], [ 37.3787999, 55.8964506 ], [ 37.3800041, 55.8968006 ], [ 37.38072, 55.8973911 ], [ 37.3820132, 55.8975419 ], [ 37.3858639, 55.8972171 ], [ 37.3883131, 55.8970305 ], [ 37.3881901, 55.8963522 ], [ 37.3877165, 55.8960703 ], [ 37.3879606, 55.8958597 ], [ 37.3865978, 55.8936494 ], [ 37.3864429, 55.8936733 ], [ 37.3864159, 55.8936024 ], [ 37.3864022, 55.8935694 ], [ 37.3858926, 55.8935526 ], [ 37.3839348, 55.8935438 ], [ 37.3834961, 55.8933636 ], [ 37.3829157, 55.8933794 ], [ 37.3823635, 55.8930937 ], [ 37.38165, 55.8928295 ], [ 37.3808149, 55.8927775 ], [ 37.3804066, 55.8922865 ], [ 37.3801236, 55.8919645 ], [ 37.3795919, 55.8919985 ], [ 37.3792964, 55.8919717 ], [ 37.3786333, 55.8917715 ], [ 37.3784303, 55.8915656 ], [ 37.378251, 55.8911612 ], [ 37.3783971, 55.8908507 ], [ 37.3791937, 55.8905112 ], [ 37.3795091, 55.8904405 ], [ 37.3797475, 55.8904453 ], [ 37.3798139, 55.8905409 ], [ 37.3799056, 55.8905417 ], [ 37.3801486, 55.8905152 ], [ 37.3807264, 55.8904033 ], [ 37.3811314, 55.8903209 ], [ 37.3810571, 55.889954 ], [ 37.3809063, 55.8895989 ], [ 37.3808993, 55.8895186 ], [ 37.380726, 55.8894581 ], [ 37.3802974, 55.8884767 ], [ 37.3792374, 55.8886725 ], [ 37.3790711, 55.8878151 ], [ 37.3796719, 55.8871044 ], [ 37.379467, 55.886878 ], [ 37.3787026, 55.8868462 ], [ 37.3783486, 55.8870248 ], [ 37.3776974, 55.8870169 ], [ 37.3774284, 55.8867033 ], [ 37.3768221, 55.8863868 ], [ 37.3754456, 55.886214 ], [ 37.3750747, 55.8857946 ], [ 37.3748051, 55.8857847 ], [ 37.3745132, 55.8851361 ], [ 37.3756848, 55.884939 ], [ 37.3753628, 55.884738 ], [ 37.3751829, 55.8845533 ], [ 37.3751255, 55.8844132 ], [ 37.374975, 55.8840892 ], [ 37.3751558, 55.8837414 ], [ 37.37542, 55.8837121 ], [ 37.3755763, 55.8835925 ], [ 37.3761015, 55.883425 ], [ 37.3763598, 55.8831488 ], [ 37.376355, 55.8830751 ], [ 37.3763955, 55.8830045 ], [ 37.3765269, 55.8829095 ], [ 37.3766946, 55.8828497 ], [ 37.3768893, 55.8828904 ], [ 37.377055, 55.8829737 ], [ 37.3780614, 55.8828731 ], [ 37.3783068, 55.8830059 ], [ 37.379159, 55.8832756 ], [ 37.3794108, 55.8833124 ], [ 37.3801138, 55.8832149 ], [ 37.3816014, 55.8837837 ], [ 37.3820056, 55.8836826 ], [ 37.3822489, 55.88358 ], [ 37.3821727, 55.8834799 ], [ 37.3823202, 55.8834165 ], [ 37.3827014, 55.8833939 ], [ 37.3830672, 55.8835224 ], [ 37.3831922, 55.8835791 ], [ 37.3834797, 55.8835834 ], [ 37.3841401, 55.8834705 ], [ 37.3850722, 55.883353 ], [ 37.3854005, 55.8833367 ], [ 37.3856219, 55.8833753 ], [ 37.3864587, 55.8832008 ], [ 37.3863461, 55.8828638 ], [ 37.3863622, 55.8828066 ], [ 37.3870654, 55.8827773 ], [ 37.3879018, 55.8831346 ], [ 37.3880949, 55.8832068 ], [ 37.3885884, 55.8835017 ], [ 37.3886694, 55.8837221 ], [ 37.3890819, 55.883607 ], [ 37.3892482, 55.8835288 ], [ 37.3901232, 55.8832911 ], [ 37.3905942, 55.8831124 ], [ 37.3902303, 55.8826455 ], [ 37.3892049, 55.8813865 ], [ 37.3912181, 55.8808288 ], [ 37.3916064, 55.8809209 ], [ 37.3923212, 55.8815914 ], [ 37.3933451, 55.8821002 ], [ 37.3962405, 55.8819221 ], [ 37.4006885, 55.8815893 ], [ 37.4051946, 55.8812944 ], [ 37.4043653, 55.8789458 ], [ 37.4038284, 55.877167 ], [ 37.4039981, 55.876553 ], [ 37.4043847, 55.8759782 ], [ 37.404035, 55.8759958 ], [ 37.402017, 55.876236 ] ] ] } },
{ "type": "Feature", "properties": { "name": "Парк Дружбы", "area_ha": 64.2 }, "geometry": { "type": "Polygon", "coordinates": [ [ [ 37.4768581, 55.8537593 ], [ 37.4776282, 55.853981 ], [ 37.4772844, 55.8544602 ], [ 37.4787378, 55.8548982 ], [ 37.4786246, 55.8550145 ], [ 37.4788405, 55.8550839 ], [ 37.4789411, 55.855147 ], [ 37.478984, 55.8552148 ], [ 37.4789786, 55.8552705 ], [ 37.4787158, 55.8555881 ], [ 37.4787265, 55.855701 ], [ 37.4802337, 55.8562639 ], [ 37.4808267, 55.8560699 ], [ 37.4809916, 55.8560255 ], [ 37.4810909, 55.8560142 ], [ 37.4813658, 55.8560232 ], [ 37.4815777, 55.8560172 ], [ 37.4817185, 55.8559924 ], [ 37.4823005, 55.8558719 ], [ 37.4824226, 55.8558651 ], [ 37.4845496, 55.8558411 ], [ 37.4854267, 55.855829 ], [ 37.485432, 55.855677 ], [ 37.4855071, 55.8556107 ], [ 37.4863172, 55.8556017 ], [ 37.4864888, 55.855552 ], [ 37.486639, 55.8554692 ], [ 37.4866903, 55.8553883 ], [ 37.4867355, 55.8553444 ], [ 37.4868447, 55.8552524 ], [ 37.4868589, 55.8552522 ], [ 37.4877611, 55.8552407 ], [ 37.4896304, 55.8552213 ], [ 37.4908816, 55.8542023 ], [ 37.4909499, 55.8542299 ], [ 37.4914152, 55.8544076 ], [ 37.4912954, 55.8545064 ], [ 37.4909394, 55.8548001 ], [ 37.4914855, 55.8550048 ], [ 37.4922272, 55.8553741 ], [ 37.4923538, 55.8554521 ], [ 37.4926413, 55.8552519 ], [ 37.4929555, 55.8553568 ], [ 37.4946926, 55.8538658 ], [ 37.4961519, 55.8526051 ], [ 37.4961909, 55.8525293 ], [ 37.496222, 55.852436 ], [ 37.4955963, 55.8522086 ], [ 37.4954853, 55.8523098 ], [ 37.4945619, 55.8530728 ], [ 37.4941277, 55.8534563 ], [ 37.493215, 55.8535674 ], [ 37.493019, 55.8535078 ], [ 37.4928048, 55.8536569 ], [ 37.4920377, 55.8537252 ], [ 37.4913783, 55.8535491 ], [ 37.4913122, 55.8534782 ], [ 37.4914108, 55.8533168 ], [ 37.4914565, 55.8532419 ], [ 37.4915211, 55.8531663 ], [ 37.4917451, 55.8529044 ], [ 37.4919376, 55.8527525 ], [ 37.4922158, 55.8526697 ], [ 37.4922307, 55.8526513 ], [ 37.4923442, 55.8525113 ], [ 37.4923693, 55.8524803 ], [ 37.4921677, 55.8524818 ], [ 37.4919669, 55.852453 ], [ 37.4909489, 55.8520807 ], [ 37.4907714, 55.8518029 ], [ 37.4903418, 55.8513625 ], [ 37.4904165, 55.8512366 ], [ 37.4905566, 55.8511501 ], [ 37.4909662, 55.8508097 ], [ 37.4910887, 55.850713 ], [ 37.490205, 55.8506024 ], [ 37.4894524, 55.8505423 ], [ 37.4877588, 55.8504383 ], [ 37.4868486, 55.8503909 ], [ 37.4858585, 55.8503518 ], [ 37.4854669, 55.8503435 ], [ 37.4848875, 55.8503382 ], [ 37.4836993, 55.8503841 ], [ 37.4835661, 55.8503921 ], [ 37.4826747, 55.8504459 ], [ 37.4814463, 55.8505219 ], [ 37.4804619, 55.85054 ], [ 37.4791181, 55.8505023 ], [ 37.4790303, 55.8504966 ], [ 37.478056, 55.8504331 ], [ 37.4771239, 55.8503374 ], [ 37.4764305, 55.8502403 ], [ 37.4757586, 55.8501327 ], [ 37.4757203, 55.8501257 ], [ 37.4752007, 55.8500318 ], [ 37.4745369, 55.8498872 ], [ 37.474439, 55.8498745 ], [ 37.4743639, 55.849885 ], [ 37.4742982, 55.8499136 ], [ 37.4742467, 55.8499586 ], [ 37.4730992, 55.851621 ], [ 37.4731126, 55.8516993 ], [ 37.4728978, 55.8520209 ], [ 37.4729745, 55.8520374 ], [ 37.4729946, 55.8520417 ], [ 37.4729544, 55.8521008 ], [ 37.4730919, 55.8521303 ], [ 37.4730821, 55.8521447 ], [ 37.472985, 55.8522876 ], [ 37.472885, 55.8524347 ], [ 37.4728741, 55.8524508 ], [ 37.472746, 55.8524233 ], [ 37.4726795, 55.8525212 ], [ 37.4725993, 55.8525051 ], [ 37.4717901, 55.8537549 ], [ 37.4735944, 55.8541777 ], [ 37.4748353, 55.8544855 ], [ 37.4751998, 55.8542552 ], [ 37.4746548, 55.8540221 ], [ 37.4748028, 55.8538649 ], [ 37.4755355, 55.8534833 ], [ 37.475752, 55.8535076 ], [ 37.4767013, 55.8536563 ], [ 37.4768581, 55.8537593 ] ] ] } },
{ "type": "Feature", "properties": { "name": "Парк имени Святослава Фёдорова", "area_ha": 18.2 }, "geometry": { "type": "Polygon", "coordinates": [ [ [ 37.5482386, 55.8655124 ], [ 37.548295, 55.8655952 ], [ 37.548162, 55.8659587 ], [ 37.5479592, 55.8660912 ], [ 37.5477301, 55.8668268 ], [ 37.5476203, 55.8672529 ], [ 37.5475224, 55.8676142 ], [ 37.5474827, 55.8677839 ], [ 37.5474909, 55.8680419 ], [ 37.5474829, 55.8682184 ], [ 37.547506, 55.8682434 ], [ 37.5475512, 55.8682551 ], [ 37.5476167, 55.8682679 ], [ 37.5483124, 55.8682517 ], [ 37.5488213, 55.8682107 ], [ 37.5491994, 55.8681505 ], [ 37.5496509, 55.8680455 ], [ 37.5501229, 55.867907 ], [ 37.5504958, 55.8677663 ], [ 37.550815, 55.8675887 ], [ 37.5510566, 55.8674019 ], [ 37.5512036, 55.8672586 ], [ 37.5513246, 55.8671252 ], [ 37.5516947, 55.8666608 ], [ 37.5542727, 55.8633369 ], [ 37.5544379, 55.8631131 ], [ 37.5545628, 55.8629115 ], [ 37.554606, 55.8627414 ], [ 37.5546103, 55.8625224 ], [ 37.5545733, 55.8623234 ], [ 37.554516, 55.8621722 ], [ 37.5544272, 55.8620338 ], [ 37.5543268, 55.8619011 ], [ 37.5541778, 55.8617419 ], [ 37.5538912, 55.8615408 ], [ 37.553649, 55.8613953 ], [ 37.5535537, 55.8613494 ], [ 37.5534937, 55.8612885 ], [ 37.5534003, 55.8612623 ], [ 37.5533303, 55.8612531 ], [ 37.5532672, 55.861261 ], [ 37.5512748, 55.862278 ], [ 37.5506829, 55.8626181 ], [ 37.5498016, 55.8631575 ], [ 37.5488628, 55.8640589 ], [ 37.5485888, 55.8644461 ], [ 37.548712, 55.864486 ], [ 37.5485739, 55.8647253 ], [ 37.5483521, 55.8652263 ], [ 37.5482386, 55.8655124 ] ] ] } },
{ "type": "Feature", "properties": { "name": "Грачёвский парк", "area_ha": 14.6 }, "geometry": { "type": "Polygon", "coordinates": [ [ [ 37.5023147, 55.8665958 ], [ 37.5024066, 55.8666636 ], [ 37.5043464, 55.8680953 ], [ 37.5053436, 55.868818 ], [ 37.5057597, 55.8691403 ], [ 37.5059672, 55.869301 ], [ 37.5106852, 55.8673833 ], [ 37.5089888, 55.8660692 ], [ 37.5096243, 55.8658627 ], [ 37.5092942, 55.8652998 ], [ 37.5093849, 55.8652769 ], [ 37.5091386, 55.865078 ], [ 37.5088579, 55.8648513 ], [ 37.5083812, 55.8644663 ], [ 37.5077349, 55.864675 ], [ 37.5055862, 55.8654648 ], [ 37.5023147, 55.8665958 ] ] ] } },
{ "type": "Feature", "properties": { "name": "Парк \"Ангарские пруды\"", "area_ha": 31.0 }, "geometry": { "type": "Polygon", "coordinates": [ [ [ 37.5333719, 55.8769845 ], [ 37.5334697, 55.8764504 ], [ 37.5334701, 55.8763995 ], [ 37.5333547, 55.8763754 ], [ 37.5323945, 55.876237 ], [ 37.5319198, 55.8761918 ], [ 37.5318259, 55.8761934 ], [ 37.5318068, 55.8761647 ], [ 37.5317588, 55.8760925 ], [ 37.5295755, 55.8757088 ], [ 37.5290256, 55.875611 ], [ 37.528913, 55.8755719 ], [ 37.5287762, 55.8755674 ], [ 37.5279427, 55.8754403 ], [ 37.5279179, 55.8754365 ], [ 37.5275934, 55.8755283 ], [ 37.5267866, 55.8757885 ], [ 37.5265089, 55.8758781 ], [ 37.5262123, 55.8759804 ], [ 37.5261557, 55.8760308 ], [ 37.5252303, 55.8769788 ], [ 37.5245771, 55.8775878 ], [ 37.5239858, 55.8783028 ], [ 37.5241564, 55.8784281 ], [ 37.524203, 55.8784623 ], [ 37.5241253, 55.8786624 ], [ 37.5241923, 55.8787016 ], [ 37.5243801, 55.8787617 ], [ 37.5244448, 55.8787805 ], [ 37.5246188, 55.878831 ], [ 37.5262362, 55.8793214 ], [ 37.5269496, 55.8795351 ], [ 37.5283769, 55.8799821 ], [ 37.5284737, 55.8800739 ], [ 37.5286327, 55.8801685 ], [ 37.5287507, 55.8802197 ], [ 37.5289345, 55.8803596 ], [ 37.5291517, 55.8806199 ], [ 37.5292241, 55.8807387 ], [ 37.5293168, 55.8810336 ], [ 37.5293906, 55.881257 ], [ 37.5294435, 55.881444 ], [ 37.5296549, 55.8821692 ], [ 37.529782, 55.8826703 ], [ 37.5299354, 55.8832751 ], [ 37.5301712, 55.8839409 ], [ 37.5302036, 55.884049 ], [ 37.5303176, 55.8844813 ], [ 37.530366, 55.8846767 ], [ 37.5304517, 55.8850081 ], [ 37.5307998, 55.8850712 ], [ 37.5325576, 55.8852976 ], [ 37.5326267, 55.8852771 ], [ 37.5326552, 55.8852315 ], [ 37.5326593, 55.8851084 ], [ 37.5325939, 55.8844368 ], [ 37.5325888, 55.8842365 ], [ 37.5325873, 55.8841791 ], [ 37.5325994, 55.8837043 ], [ 37.532601, 55.8831896 ], [ 37.5325879, 55.8829721 ], [ 37.5325906, 55.8826067 ], [ 37.5326236, 55.8819509 ], [ 37.5327157, 55.8812117 ], [ 37.5328186, 55.8805303 ], [ 37.5328236, 55.8803302 ], [ 37.5328249, 55.8802951 ], [ 37.5327285, 55.8803017 ], [ 37.5314884, 55.8804005 ], [ 37.5313837, 55.8800899 ], [ 37.5311499, 55.8800891 ], [ 37.5309987, 55.8800949 ], [ 37.5309572, 55.8797532 ], [ 37.5311084, 55.8797474 ], [ 37.5314078, 55.8797314 ], [ 37.5313354, 55.87942 ], [ 37.5320765, 55.8793719 ], [ 37.532129, 55.8790274 ], [ 37.5321348, 55.8789601 ], [ 37.5324294, 55.878968 ], [ 37.5325558, 55.8776061 ], [ 37.5325757, 55.8775764 ], [ 37.5326101, 55.8775391 ], [ 37.532662, 55.8775453 ], [ 37.5332245, 55.8776805 ], [ 37.5333719, 55.8769845 ] ] ] } },
{ "type": "Feature", "properties": { "name": "Химкинский лесопарк", "area_ha": 64.0 }, "geometry": { "type": "Polygon", "coordinates": [ [ [ 37.4822895, 55.8807324 ], [ 37.4823631, 55.8806223 ], [ 37.4824635, 55.8805153 ], [ 37.4824995, 55.8803343 ], [ 37.4825012, 55.8799793 ], [ 37.4824064, 55.8799523 ], [ 37.4823073, 55.8801828 ], [ 37.4820665, 55.8802369 ], [ 37.4815509, 55.8802159 ], [ 37.4813899, 55.8801106 ], [ 37.4814409, 55.8798698 ], [ 37.4809179, 55.8798157 ], [ 37.4806966, 55.8799222 ], [ 37.4808159, 55.8800609 ], [ 37.4808186, 55.8801617 ], [ 37.4806121, 55.8804686 ], [ 37.4804378, 55.8805905 ], [ 37.4802875, 55.8808748 ], [ 37.480191, 55.8810148 ], [ 37.4804509, 55.8811454 ], [ 37.4805424, 55.881096 ], [ 37.480647, 55.8811336 ], [ 37.4808052, 55.88126 ], [ 37.4814887, 55.8815125 ], [ 37.4823654, 55.8811422 ], [ 37.4822895, 55.8807324 ] ] ] } },
{ "type": "Feature", "properties": { "name": "Химкинский лесопарк", "area_ha": 64.0 }, "geometry": { "type": "Polygon", "coordinates": [ [ [ 37.4654724, 55.8826764 ], [ 37.465805, 55.8826975 ], [ 37.4660678, 55.8827396 ], [ 37.4661429, 55.8827742 ], [ 37.466674, 55.882863 ], [ 37.466792, 55.8829382 ], [ 37.4677916, 55.883114 ], [ 37.4685314, 55.8832293 ], [ 37.469269, 55.883309 ], [ 37.470045, 55.8835064 ], [ 37.4705699, 55.8835768 ], [ 37.4710623, 55.8837501 ], [ 37.4720758, 55.8839732 ], [ 37.4728308, 55.8841088 ], [ 37.474244, 55.884474 ], [ 37.4804089, 55.8819314 ], [ 37.4804592, 55.8818528 ], [ 37.480706, 55.8817143 ], [ 37.4807757, 55.8816542 ], [ 37.4805772, 55.8816782 ], [ 37.4803197, 55.8817414 ], [ 37.4800622, 55.8817384 ], [ 37.4799174, 55.8817896 ], [ 37.4796455, 55.8817815 ], [ 37.4790486, 55.8823554 ], [ 37.4780617, 55.8822428 ], [ 37.4785463, 55.8815088 ], [ 37.477777, 55.8810922 ], [ 37.4775735, 55.8811122 ], [ 37.4772151, 55.8815361 ], [ 37.4765325, 55.8813766 ], [ 37.476821, 55.8808584 ], [ 37.476544, 55.8805876 ], [ 37.474676, 55.8797598 ], [ 37.474237, 55.8796079 ], [ 37.4734245, 55.8795502 ], [ 37.4729612, 55.8794236 ], [ 37.4718761, 55.8794636 ], [ 37.4715194, 55.879429 ], [ 37.4711814, 55.8793809 ], [ 37.4709213, 55.8793869 ], [ 37.4707684, 55.8794877 ], [ 37.4702936, 55.8794997 ], [ 37.4697078, 55.8794582 ], [ 37.4695936, 55.8794501 ], [ 37.4687165, 55.8794591 ], [ 37.4670187, 55.8793478 ], [ 37.4669462, 55.8793854 ], [ 37.466737, 55.8794817 ], [ 37.4665171, 55.8796757 ], [ 37.4662292, 55.879879 ], [ 37.4659473, 55.8801231 ], [ 37.464845, 55.8807501 ], [ 37.4642502, 55.8810069 ], [ 37.4640204, 55.8811039 ], [ 37.4637516, 55.8811628 ], [ 37.4634154, 55.8813587 ], [ 37.4632743, 55.8814496 ], [ 37.4633065, 55.8815037 ], [ 37.4630892, 55.8816572 ], [ 37.4629202, 55.8815744 ], [ 37.4624478, 55.8818946 ], [ 37.4622282, 55.8823778 ], [ 37.4643322, 55.8826546 ], [ 37.4637103, 55.8824503 ], [ 37.4631375, 55.8821807 ], [ 37.4633279, 55.8820378 ], [ 37.4630973, 55.881943 ], [ 37.4634068, 55.8817088 ], [ 37.4636667, 55.8818352 ], [ 37.4643981, 55.8813533 ], [ 37.4649078, 55.881573 ], [ 37.4646342, 55.8817444 ], [ 37.4650633, 55.8819445 ], [ 37.4646945, 55.8822071 ], [ 37.4648702, 55.8824876 ], [ 37.4647509, 55.8825448 ], [ 37.4647639, 55.882699 ], [ 37.4652658, 55.8827306 ], [ 37.4654724, 55.8826764 ] ] ] } },
{ "type": "Feature", "properties": { "name": "Химкинский лесопарк", "area_ha": 64.0 }, "geometry": { "type": "Polygon", "coordinates": [ [ [ 37.4685878, 55.8840221 ], [ 37.4672134, 55.8837587 ], [ 37.4653086, 55.883505 ], [ 37.464762797729897, 55.883464761859614 ], [ 37.4673166, 55.8837927 ], [ 37.469238297981256, 55.884229351013914 ], [ 37.4685878, 55.8840221 ] ] ] } },
{ "type": "Feature", "properties": { "name": "Химкинский лесопарк", "area_ha": 64.0 }, "geometry": { "type": "Polygon", "coordinates": [ [ [ 37.4602112, 55.8831902 ], [ 37.4598035, 55.8830999 ], [ 37.45912, 55.8830531 ], [ 37.45912900167238, 55.883204638945095 ], [ 37.4598799, 55.8832049 ], [ 37.460796212460941, 55.883208686671644 ], [ 37.4602112, 55.8831902 ] ] ] } },
{ "type": "Feature", "properties": { "name": "Парк «Вагоноремонт»", "area_ha": 9.0 }, "geometry": { "type": "Polygon", "coordinates": [ [ [ 37.527631, 55.8857847 ], [ 37.5276807, 55.8858244 ], [ 37.5296106, 55.8873976 ], [ 37.5310059, 55.888535 ], [ 37.531715, 55.8891139 ], [ 37.5320649, 55.8891103 ], [ 37.5338615, 55.8890919 ], [ 37.5340272, 55.8890902 ], [ 37.5338499, 55.8889855 ], [ 37.5337135, 55.8888814 ], [ 37.5331633, 55.8880944 ], [ 37.5331595, 55.8880889 ], [ 37.5329336, 55.8877658 ], [ 37.5329175, 55.8877428 ], [ 37.5327942, 55.8875664 ], [ 37.5328311, 55.8874908 ], [ 37.5334242, 55.8866773 ], [ 37.5333102, 55.8866029 ], [ 37.5332412, 55.8865578 ], [ 37.5323122, 55.88607 ], [ 37.53229, 55.8860583 ], [ 37.5322374, 55.8860307 ], [ 37.5320687, 55.8861353 ], [ 37.5309916, 55.8855605 ], [ 37.5310747, 55.885342 ], [ 37.5311085, 55.8852532 ], [ 37.5307285, 55.8852022 ], [ 37.5301454, 55.885124 ], [ 37.5299954, 55.8851184 ], [ 37.5298482, 55.8851247 ], [ 37.5296967, 55.8851379 ], [ 37.529304, 55.8851912 ], [ 37.5283512, 55.8854076 ], [ 37.5282463, 55.8854394 ], [ 37.5279441, 55.8855555 ], [ 37.5276046, 55.8856883 ], [ 37.5275412, 55.8857131 ], [ 37.527631, 55.8857847 ] ] ] } },
{ "type": "Feature", "properties": { "name": "Усадьба Архангельское-Тюриково", "area_ha": 10.3 }, "geometry": { "type": "Polygon", "coordinates": [ [ [ 37.554228, 55.9180436 ], [ 37.5542331, 55.9177542 ], [ 37.5542226, 55.9176092 ], [ 37.5540858, 55.9161316 ], [ 37.553465, 55.9161403 ], [ 37.5532282, 55.9161843 ], [ 37.5529626, 55.9162125 ], [ 37.5491524, 55.9163341 ], [ 37.5482256, 55.9165227 ], [ 37.5485294, 55.9189238 ], [ 37.5513613, 55.9186294 ], [ 37.5540619, 55.9190572 ], [ 37.554228, 55.9180436 ] ] ] } },
{ "type": "Feature", "properties": { "name": "парк Долгие пруды", "area_ha": 22.5 }, "geometry": { "type": "Polygon", "coordinates": [ [ [ 37.5349553, 55.9206453 ], [ 37.5362802, 55.9208449 ], [ 37.5361741, 55.9210481 ], [ 37.5356349, 55.9218221 ], [ 37.5356135, 55.922321 ], [ 37.5357047, 55.9223315 ], [ 37.5361419, 55.9221076 ], [ 37.5362572, 55.9221527 ], [ 37.5364557, 55.9220325 ], [ 37.5373689, 55.9212578 ], [ 37.5374175, 55.9212126 ], [ 37.5374489, 55.9211834 ], [ 37.5387543, 55.919968 ], [ 37.5391579, 55.9197195 ], [ 37.5391963, 55.919533 ], [ 37.5392143, 55.9193207 ], [ 37.5390942, 55.9188375 ], [ 37.5390442, 55.9188019 ], [ 37.539043, 55.9187771 ], [ 37.5390424, 55.9187484 ], [ 37.5390652, 55.918717 ], [ 37.5389087, 55.9182362 ], [ 37.5385193, 55.9176755 ], [ 37.5385373, 55.9175412 ], [ 37.5383156, 55.9171417 ], [ 37.5380759, 55.9170746 ], [ 37.5381658, 55.9169638 ], [ 37.5377224, 55.9162721 ], [ 37.5372391, 55.9154951 ], [ 37.5370121, 55.9155214 ], [ 37.536925, 55.9154053 ], [ 37.536174, 55.9156217 ], [ 37.535643, 55.9149032 ], [ 37.5353994, 55.9146641 ], [ 37.5355035, 55.914618 ], [ 37.5364423, 55.9143955 ], [ 37.5356001, 55.913247 ], [ 37.5347616, 55.9129628 ], [ 37.5333851, 55.9156377 ], [ 37.5335132, 55.9156563 ], [ 37.5339281, 55.9160028 ], [ 37.534999, 55.9176241 ], [ 37.5335816, 55.9178431 ], [ 37.5331271, 55.9179474 ], [ 37.5328278, 55.9181679 ], [ 37.5325221, 55.9187871 ], [ 37.5323721, 55.9190823 ], [ 37.5321863, 55.9194617 ], [ 37.5321535, 55.9196573 ], [ 37.5321932, 55.919825 ], [ 37.5324269, 55.9200933 ], [ 37.5327076, 55.9202339 ], [ 37.5330391, 55.9203463 ], [ 37.5331505, 55.9203659 ], [ 37.5334506, 55.9204186 ], [ 37.5336574, 55.9204498 ], [ 37.5349553, 55.9206453 ] ] ] } },
{ "type": "Feature", "properties": { "name": "Парк Дубрава", "area_ha": 6.3 }, "geometry": { "type": "Polygon", "coordinates": [ [ [ 37.3929078, 55.8972304 ], [ 37.3925779, 55.8978981 ], [ 37.3932156, 55.8979044 ], [ 37.3932316, 55.8976818 ], [ 37.3945533, 55.8968084 ], [ 37.394611, 55.8967266 ], [ 37.3947907, 55.8962905 ], [ 37.3952172, 55.8963205 ], [ 37.395244, 55.895704 ], [ 37.3951582, 55.8955475 ], [ 37.3952011, 55.8952528 ], [ 37.3953406, 55.8951084 ], [ 37.3952655, 55.8949324 ], [ 37.3946991, 55.8950251 ], [ 37.3944045, 55.8947565 ], [ 37.3939807, 55.8944076 ], [ 37.3937178, 55.8942406 ], [ 37.3941148, 55.8939188 ], [ 37.3925886, 55.8938571 ], [ 37.3924191, 55.8939827 ], [ 37.3923794, 55.8947354 ], [ 37.3924358, 55.8948076 ], [ 37.392138, 55.8951204 ], [ 37.3920227, 55.8950888 ], [ 37.391902, 55.8952769 ], [ 37.3918578, 55.8954206 ], [ 37.3918377, 55.8955791 ], [ 37.3915989, 55.89571 ], [ 37.3915855, 55.8959025 ], [ 37.3918135, 55.8960243 ], [ 37.3917974, 55.8961776 ], [ 37.3918363, 55.8964041 ], [ 37.3919342, 55.8965596 ], [ 37.3920656, 55.8965371 ], [ 37.39224, 55.8967627 ], [ 37.3922963, 55.8971492 ], [ 37.3929078, 55.8972304 ] ] ] } },
{ "type": "Feature", "properties": { "name": "Прибрежная рекреационная зона «Сходненская»", "area_ha": 282.9 }, "geometry": { "type": "Polygon", "coordinates": [ [ [ 37.3336859, 55.9335407 ], [ 37.333757186323112, 55.93350420140257 ], [ 37.33364852681251, 55.933533589423995 ], [ 37.3336859, 55.9335407 ] ] ] } },
{ "type": "Feature", "properties": { "name": "Прибрежная рекреационная зона «Сходненская»", "area_ha": 282.9 }, "geometry": { "type": "Polygon", "coordinates": [ [ [ 37.3338666, 55.933486 ], [ 37.3339522, 55.9334598 ], [ 37.33394798046475, 55.933452599271369 ], [ 37.333848630528003, 55.933479469428001 ], [ 37.3338666, 55.933486 ] ] ] } },
{ "type": "Feature", "properties": { "name": "Прибрежная рекреационная зона «Сходненская»", "area_ha": 282.9 }, "geometry": { "type": "Polygon", "coordinates": [ [ [ 37.3341241, 55.933409 ], [ 37.3342453, 55.9333727 ], [ 37.33424475858736, 55.933372332741754 ], [ 37.334100874289945, 55.93341124764936 ], [ 37.3341241, 55.933409 ] ] ] } },
{ "type": "Feature", "properties": { "name": "Химкинский лес", "area_ha": 1000.7 }, "geometry": { "type": "Polygon", "coordinates": [ [ [ 37.4103033, 55.9264312 ], [ 37.4102604, 55.9261908 ], [ 37.4103892, 55.9259864 ], [ 37.410526648416997, 55.92578837178803 ], [ 37.4105304412207, 55.925767490574941 ], [ 37.4101317, 55.9256558 ], [ 37.4098098, 55.9258181 ], [ 37.4092519, 55.9257339 ], [ 37.4088442, 55.9256257 ], [ 37.4080074, 55.9258962 ], [ 37.4073422, 55.9262749 ], [ 37.4068272, 55.9263771 ], [ 37.4060333, 55.9262509 ], [ 37.4055076, 55.9260946 ], [ 37.4054217, 55.925758 ], [ 37.405765, 55.9254815 ], [ 37.4054754, 55.9254394 ], [ 37.4051428, 55.9254995 ], [ 37.404542, 55.9256438 ], [ 37.4035871, 55.9261667 ], [ 37.4029326, 55.9267197 ], [ 37.403591, 55.9268798 ], [ 37.4040278, 55.9268359 ], [ 37.4043488, 55.926888 ], [ 37.4044968, 55.9271525 ], [ 37.4045742, 55.9271976 ], [ 37.4048048, 55.9271525 ], [ 37.4051101, 55.9271725 ], [ 37.4052876, 55.9271044 ], [ 37.4053413, 55.9269511 ], [ 37.4056256, 55.9269 ], [ 37.4061942, 55.9271164 ], [ 37.4061561, 55.9272752 ], [ 37.4061337, 55.927545 ], [ 37.4060172, 55.9276093 ], [ 37.4058884, 55.9276875 ], [ 37.4058509, 55.9278347 ], [ 37.4061835, 55.9277776 ], [ 37.4061513, 55.9279099 ], [ 37.4062478, 55.9280421 ], [ 37.4063766, 55.9281623 ], [ 37.4066019, 55.9282344 ], [ 37.4069774, 55.9284027 ], [ 37.4070525, 55.928541 ], [ 37.4069452, 55.9286612 ], [ 37.4067092, 55.9286552 ], [ 37.4064731, 55.9286191 ], [ 37.4062693, 55.9286972 ], [ 37.4060225, 55.9287093 ], [ 37.4057865, 55.9287513 ], [ 37.4052715, 55.9290519 ], [ 37.4054968, 55.9290819 ], [ 37.4057329, 55.9290398 ], [ 37.4059689, 55.9290519 ], [ 37.4061835, 55.929112 ], [ 37.4064302, 55.9290759 ], [ 37.4066663, 55.9290819 ], [ 37.4067628, 55.9292081 ], [ 37.4069881, 55.9292743 ], [ 37.4070096, 55.9294125 ], [ 37.406795, 55.9294846 ], [ 37.4068057, 55.9296289 ], [ 37.4070433, 55.9297638 ], [ 37.407357, 55.9295505 ], [ 37.4075922, 55.9294375 ], [ 37.4078386, 55.9295442 ], [ 37.407749, 55.9297136 ], [ 37.4079394, 55.9297952 ], [ 37.4081187, 55.9296634 ], [ 37.4091828, 55.9299646 ], [ 37.4092612, 55.9300776 ], [ 37.4090372, 55.9302219 ], [ 37.4094628, 55.9303474 ], [ 37.4099109, 55.9304729 ], [ 37.410173691660226, 55.930549798322964 ], [ 37.4101622, 55.9304426 ], [ 37.4094272, 55.9296377 ], [ 37.4077466, 55.9290304 ], [ 37.4078184, 55.9288078 ], [ 37.4085499, 55.9285253 ], [ 37.4102691, 55.9272063 ], [ 37.41041635866366, 55.926395570056094 ], [ 37.4103033, 55.9264312 ] ] ] } },
{ "type": "Feature", "properties": { "name": "Химкинский лес", "area_ha": 1000.7 }, "geometry": { "type": "Polygon", "coordinates": [ [ [ 37.4099386, 55.930852 ], [ 37.40996, 55.9309812 ], [ 37.4099493, 55.9311314 ], [ 37.4097454, 55.9312156 ], [ 37.4097079, 55.9314019 ], [ 37.4098474, 55.9316724 ], [ 37.4099976, 55.9319999 ], [ 37.4096918, 55.9323575 ], [ 37.4095416, 55.9328503 ], [ 37.4088979, 55.9334964 ], [ 37.4074787, 55.9347779 ], [ 37.4066555, 55.9363479 ], [ 37.4062371, 55.9372493 ], [ 37.4057531, 55.9379912 ], [ 37.4064811, 55.9393808 ], [ 37.4072542, 55.940469 ], [ 37.408087114274338, 55.940555629258554 ], [ 37.4074528, 55.939854 ], [ 37.4077198, 55.9392932 ], [ 37.4066636, 55.939028 ], [ 37.4071086, 55.9367098 ], [ 37.4076939, 55.9349865 ], [ 37.4076215, 55.9348096 ], [ 37.4076688, 55.9346914 ], [ 37.4094668, 55.9330226 ], [ 37.4101679, 55.9319133 ], [ 37.4098611, 55.9314065 ], [ 37.410189, 55.9306926 ], [ 37.410186847941283, 55.930672524825368 ], [ 37.4099386, 55.930852 ] ] ] } },
{ "type": "Feature", "properties": { "name": "Химкинский лес", "area_ha": 1000.7 }, "geometry": { "type": "Polygon", "coordinates": [ [ [ 37.4080872, 55.941502 ], [ 37.40830233424974, 55.941821238551022 ], [ 37.4082011, 55.9414731 ], [ 37.4084228, 55.9411325 ], [ 37.4081273, 55.9409418 ], [ 37.4082123, 55.9406941 ], [ 37.408116649241023, 55.940588298548228 ], [ 37.4080872, 55.941502 ] ] ] } },
{ "type": "Feature", "properties": { "name": "Химкинский лес", "area_ha": 1000.7 }, "geometry": { "type": "Polygon", "coordinates": [ [ [ 37.4119863, 55.9454479 ], [ 37.4120947, 55.9456119 ], [ 37.4118698, 55.9460999 ], [ 37.4119771, 55.9461449 ], [ 37.4124491, 55.9461494 ], [ 37.4125349, 55.9461856 ], [ 37.4135681, 55.9461668 ], [ 37.4136078, 55.946145 ], [ 37.4135917, 55.9460939 ], [ 37.4136078, 55.9460278 ], [ 37.4137044, 55.9459857 ], [ 37.4137258, 55.9459167 ], [ 37.4136883, 55.9458476 ], [ 37.4136883, 55.9457785 ], [ 37.4137741, 55.9457214 ], [ 37.4139082, 55.9457004 ], [ 37.4141496, 55.9456944 ], [ 37.4142784, 55.9457034 ], [ 37.4143803, 55.9457364 ], [ 37.4155551, 55.9458446 ], [ 37.41563840402808, 55.945860122489705 ], [ 37.415558, 55.9457605 ], [ 37.410715437142002, 55.945291756556905 ], [ 37.4119863, 55.9454479 ] ] ] } },
{ "type": "Feature", "properties": { "name": "Химкинский лес", "area_ha": 1000.7 }, "geometry": { "type": "Polygon", "coordinates": [ [ [ 37.4157429, 55.9460458 ], [ 37.4157697, 55.9461119 ], [ 37.4162418, 55.9467337 ], [ 37.4162525, 55.9468028 ], [ 37.4161828, 55.9468569 ], [ 37.4157536, 55.9468809 ], [ 37.4155068, 55.9468839 ], [ 37.4153995, 55.9468539 ], [ 37.4145734, 55.9469079 ], [ 37.4144018, 55.9468869 ], [ 37.4143535, 55.9468238 ], [ 37.4142301, 55.9468148 ], [ 37.4141121, 55.9468298 ], [ 37.4139833, 55.9468268 ], [ 37.4138707, 55.9467878 ], [ 37.4137741, 55.9467457 ], [ 37.4136615, 55.9467517 ], [ 37.4137037, 55.9470106 ], [ 37.4194068, 55.9467848 ], [ 37.4204858, 55.9472069 ], [ 37.4211095, 55.9475111 ], [ 37.421025237221968, 55.948062421837413 ], [ 37.4211368, 55.9474815 ], [ 37.4208886, 55.9471995 ], [ 37.4192998, 55.9466966 ], [ 37.4168021, 55.94674 ], [ 37.4161889, 55.9465422 ], [ 37.415755886834113, 55.946005686460978 ], [ 37.4157429, 55.9460458 ] ] ] } },
{ "type": "Feature", "properties": { "name": "Химкинский лес", "area_ha": 1000.7 }, "geometry": { "type": "Polygon", "coordinates": [ [ [ 37.4215316, 55.9501375 ], [ 37.4220527, 55.9506754 ], [ 37.4213862, 55.951041 ], [ 37.4209075, 55.9511193 ], [ 37.4209007, 55.9515396 ], [ 37.4208967, 55.9516095 ], [ 37.4210469, 55.951615 ], [ 37.4215998, 55.9515165 ], [ 37.4224581, 55.9513146 ], [ 37.4217832, 55.9502361 ], [ 37.421507959571649, 55.95010311148139 ], [ 37.4215316, 55.9501375 ] ] ] } },
{ "type": "Feature", "properties": { "name": "Парк 40-летия Победы", "area_ha": 9.8 }, "geometry": { "type": "Polygon", "coordinates": [ [ [ 37.213824, 55.989868 ], [ 37.2175825, 55.9895828 ], [ 37.2177921, 55.9895669 ], [ 37.2185995, 55.9895056 ], [ 37.2185377, 55.9889809 ], [ 37.2208956, 55.9887728 ], [ 37.2206533, 55.9882862 ], [ 37.2203667, 55.9865017 ], [ 37.2187687, 55.9867313 ], [ 37.2186479, 55.9867738 ], [ 37.2184226, 55.9869136 ], [ 37.217248, 55.9878749 ], [ 37.2136026, 55.9880853 ], [ 37.2131998, 55.9881999 ], [ 37.2138271, 55.989888 ], [ 37.213824, 55.989868 ] ] ] } },
{ "type": "Feature", "properties": { "name": "Восточный лесопарк", "area_ha": 154.0 }, "geometry": { "type": "Polygon", "coordinates": [ [ [ 37.2649112, 55.9830879 ], [ 37.263421, 55.9833081 ], [ 37.2638732, 55.9864231 ], [ 37.2640448, 55.986782 ], [ 37.2643881, 55.9871166 ], [ 37.264357860928669, 55.98717270559402 ], [ 37.2644583, 55.9871372 ], [ 37.2642352, 55.9869114 ], [ 37.265107, 55.9858838 ], [ 37.2655035, 55.9844898 ], [ 37.2651738, 55.9830376 ], [ 37.265275246929122, 55.983009256449968 ], [ 37.2649112, 55.9830879 ] ] ] } },
{ "type": "Feature", "properties": { "name": "Восточный лесопарк", "area_ha": 154.0 }, "geometry": { "type": "Polygon", "coordinates": [ [ [ 37.255387, 55.9872597 ], [ 37.2552265, 55.986064 ], [ 37.2558339, 55.9854049 ], [ 37.2567947, 55.9843623 ], [ 37.2570284, 55.983861 ], [ 37.2564635, 55.9835922 ], [ 37.2560804, 55.9839809 ], [ 37.2538236, 55.9832902 ], [ 37.2524144, 55.9830831 ], [ 37.2494015, 55.9834841 ], [ 37.2489246, 55.9832172 ], [ 37.2478849, 55.9832631 ], [ 37.2468425, 55.9835278 ], [ 37.2463782, 55.9832787 ], [ 37.2459471, 55.982734 ], [ 37.2459137, 55.982678 ], [ 37.2458093, 55.9826487 ], [ 37.2457324, 55.9826549 ], [ 37.2438376, 55.9832076 ], [ 37.2437091, 55.9834437 ], [ 37.2432207, 55.9836217 ], [ 37.2428178, 55.984097 ], [ 37.2421007, 55.9842327 ], [ 37.2413335, 55.9842725 ], [ 37.2404764, 55.9843542 ], [ 37.2399043, 55.9846104 ], [ 37.2399304, 55.9847779 ], [ 37.2396793, 55.9848711 ], [ 37.2391926, 55.9847697 ], [ 37.2390387, 55.9848275 ], [ 37.2390273, 55.9849161 ], [ 37.2383474, 55.9851812 ], [ 37.2382641, 55.9852667 ], [ 37.2380117, 55.9853053 ], [ 37.2377999, 55.985431 ], [ 37.2377339, 55.9854262 ], [ 37.2346526, 55.9870973 ], [ 37.2345103, 55.9874671 ], [ 37.2357705, 55.9887083 ], [ 37.2369471, 55.9895574 ], [ 37.2376431, 55.9898037 ], [ 37.2381482, 55.9897908 ], [ 37.2381757, 55.9900014 ], [ 37.237914, 55.99023 ], [ 37.2380426, 55.990456 ], [ 37.2381398, 55.9908503 ], [ 37.240299, 55.9919368 ], [ 37.2414275, 55.9934052 ], [ 37.2423122, 55.9941485 ], [ 37.2432806, 55.9941699 ], [ 37.2466715, 55.9922857 ], [ 37.2479726, 55.991829 ], [ 37.2495413, 55.9922243 ], [ 37.2503444, 55.9924547 ], [ 37.2507907, 55.9924747 ], [ 37.2508246, 55.9918623 ], [ 37.2519248, 55.9905357 ], [ 37.2542129, 55.9889484 ], [ 37.2556751, 55.9895042 ], [ 37.256569915015397, 55.989682700073828 ], [ 37.2537923, 55.9882694 ], [ 37.2546996, 55.9876787 ], [ 37.255515628938724, 55.987278077792787 ], [ 37.255387, 55.9872597 ] ] ] } },
{ "type": "Feature", "properties": { "name": "Восточный лесопарк", "area_ha": 154.0 }, "geometry": { "type": "Polygon", "coordinates": [ [ [ 37.2580862, 55.9908943 ], [ 37.2582046, 55.9912103 ], [ 37.2586311, 55.9914775 ], [ 37.258810223508213, 55.991310174315402 ], [ 37.257737233011831, 55.990415988386211 ], [ 37.2580862, 55.9908943 ] ] ] } },
{ "type": "Feature", "properties": { "name": "Парк отдыха Школьного озера", "area_ha": 9.1 }, "geometry": { "type": "Polygon", "coordinates": [ [ [ 37.17244, 55.9894508 ], [ 37.1724021, 55.9894995 ], [ 37.1723495, 55.9895399 ], [ 37.1722072, 55.9897497 ], [ 37.1717878, 55.9899573 ], [ 37.1703026, 55.9899991 ], [ 37.1698261, 55.9899926 ], [ 37.1692595, 55.9899785 ], [ 37.1684555, 55.9900276 ], [ 37.1685149, 55.9903804 ], [ 37.1685895, 55.9905808 ], [ 37.1687131, 55.9906893 ], [ 37.1701512, 55.9911226 ], [ 37.1704099, 55.9912005 ], [ 37.1702742, 55.9911213 ], [ 37.1703051, 55.9908719 ], [ 37.1709853, 55.9907163 ], [ 37.1714321, 55.9906277 ], [ 37.171912, 55.9905326 ], [ 37.1720848, 55.9904984 ], [ 37.1723082, 55.9905574 ], [ 37.1723924, 55.9906069 ], [ 37.1728602, 55.9908273 ], [ 37.1730809, 55.9908695 ], [ 37.1732237, 55.9908763 ], [ 37.1733832, 55.9908848 ], [ 37.1735492, 55.990895 ], [ 37.1739013, 55.990909 ], [ 37.1750746, 55.9909564 ], [ 37.1751387, 55.9909579 ], [ 37.175943, 55.9909912 ], [ 37.1764391, 55.9910335 ], [ 37.1767801, 55.9910694 ], [ 37.1772845, 55.9911158 ], [ 37.1775081, 55.9911343 ], [ 37.1777284, 55.9911487 ], [ 37.1779626, 55.9911593 ], [ 37.1781595, 55.9911553 ], [ 37.1782975, 55.9911427 ], [ 37.1785773, 55.9911299 ], [ 37.1786933, 55.9911193 ], [ 37.1787311, 55.9911852 ], [ 37.1789256, 55.9911874 ], [ 37.1789795, 55.9907827 ], [ 37.1789661, 55.9904272 ], [ 37.1791588, 55.9903393 ], [ 37.1791849, 55.9902675 ], [ 37.1790143, 55.9902744 ], [ 37.1786624, 55.9903032 ], [ 37.1785251, 55.9904184 ], [ 37.1778805, 55.9905052 ], [ 37.1771201, 55.990453 ], [ 37.1766213, 55.9904365 ], [ 37.1761358, 55.9904395 ], [ 37.1757549, 55.99045 ], [ 37.1754196, 55.990465 ], [ 37.1750636, 55.9904935 ], [ 37.1724969, 55.9904438 ], [ 37.1723142, 55.9904034 ], [ 37.1722755, 55.9903032 ], [ 37.172181, 55.990038 ], [ 37.1722764, 55.9899064 ], [ 37.1726565, 55.9897856 ], [ 37.1728637, 55.9897197 ], [ 37.17327, 55.9896128 ], [ 37.1736148, 55.98953 ], [ 37.1741807, 55.9894054 ], [ 37.1747759, 55.9892678 ], [ 37.1753442, 55.9891446 ], [ 37.1756208, 55.989118 ], [ 37.1759019, 55.9891018 ], [ 37.1760291, 55.9890944 ], [ 37.1764686, 55.989101 ], [ 37.1767068, 55.9891323 ], [ 37.1771876, 55.9891903 ], [ 37.177493, 55.989227 ], [ 37.1779107, 55.9892363 ], [ 37.1783365, 55.989243 ], [ 37.178954, 55.9892391 ], [ 37.1792836, 55.9892257 ], [ 37.1798681, 55.98921 ], [ 37.1800109, 55.9892503 ], [ 37.1799927, 55.9890884 ], [ 37.1799688, 55.9888747 ], [ 37.1801013, 55.9888464 ], [ 37.1798086, 55.988546 ], [ 37.179736, 55.9884776 ], [ 37.1796287, 55.9883781 ], [ 37.1795523, 55.9882981 ], [ 37.179343, 55.9880054 ], [ 37.1792452, 55.988025 ], [ 37.179057, 55.9880629 ], [ 37.1788655, 55.9880818 ], [ 37.1784811, 55.9881197 ], [ 37.1782361, 55.9881439 ], [ 37.1780973, 55.988152 ], [ 37.1779107, 55.9881629 ], [ 37.1775603, 55.9881833 ], [ 37.1774863, 55.9881727 ], [ 37.1773753, 55.988187 ], [ 37.1768068, 55.9882469 ], [ 37.1759313, 55.9883316 ], [ 37.1749658, 55.988424 ], [ 37.1749503, 55.9884537 ], [ 37.1749878, 55.9885605 ], [ 37.1750206, 55.9886428 ], [ 37.1750057, 55.9886619 ], [ 37.17462, 55.988714 ], [ 37.1745112, 55.9887289 ], [ 37.1741904, 55.9887729 ], [ 37.1739796, 55.988795 ], [ 37.1738054, 55.9888234 ], [ 37.1735721, 55.988851 ], [ 37.1732543, 55.9888723 ], [ 37.1728139, 55.9888899 ], [ 37.1726195, 55.9892016 ], [ 37.1725048, 55.9893676 ], [ 37.17244, 55.9894508 ] ] ] } },
{ "type": "Feature", "properties": { "name": "Зеленоградский лесопарк", "area_ha": 248.4 }, "geometry": { "type": "Polygon", "coordinates": [ [ [ 37.1930512, 55.986947 ], [ 37.1929185, 55.9874658 ], [ 37.1928352, 55.987943 ], [ 37.1928993, 55.9880705 ], [ 37.1926951, 55.9880821 ], [ 37.1923085, 55.9881956 ], [ 37.1911664, 55.9882523 ], [ 37.1909791, 55.9881711 ], [ 37.1906847, 55.9881675 ], [ 37.190382, 55.9882435 ], [ 37.1900503, 55.9883104 ], [ 37.1901373, 55.9888047 ], [ 37.1903216, 55.9889435 ], [ 37.1916966, 55.9903133 ], [ 37.19219, 55.99086 ], [ 37.1905716, 55.9910635 ], [ 37.1874857, 55.9906538 ], [ 37.1851843, 55.9900239 ], [ 37.1855284, 55.9903456 ], [ 37.1857304, 55.990525 ], [ 37.1862067, 55.9909461 ], [ 37.1865605, 55.9911456 ], [ 37.1867961, 55.9912956 ], [ 37.1871629, 55.9914395 ], [ 37.1872366, 55.9913676 ], [ 37.1873464, 55.9912589 ], [ 37.1874632, 55.9911165 ], [ 37.1881601, 55.9916008 ], [ 37.1881904, 55.9916228 ], [ 37.1884283, 55.9917808 ], [ 37.1887297, 55.9917484 ], [ 37.1889219, 55.9918949 ], [ 37.1892622, 55.9919336 ], [ 37.1897589, 55.9921661 ], [ 37.1903193, 55.9921955 ], [ 37.1909112, 55.9919698 ], [ 37.1908758, 55.9916469 ], [ 37.1909863, 55.9915229 ], [ 37.1911025, 55.991774 ], [ 37.1913312, 55.9920306 ], [ 37.1915143, 55.9921404 ], [ 37.1911303, 55.9922774 ], [ 37.1913848, 55.9930716 ], [ 37.191794, 55.9930212 ], [ 37.1919772, 55.992757 ], [ 37.1929751, 55.9924215 ], [ 37.1931468, 55.9918668 ], [ 37.1936482, 55.9916583 ], [ 37.1942054, 55.9916143 ], [ 37.1945508, 55.9914232 ], [ 37.1954178, 55.9912595 ], [ 37.1956393, 55.9909371 ], [ 37.1958473, 55.9909395 ], [ 37.1959136, 55.9915229 ], [ 37.1958983, 55.9923057 ], [ 37.1961107, 55.9928134 ], [ 37.196461, 55.9933206 ], [ 37.1970641, 55.9937203 ], [ 37.1975223, 55.994348 ], [ 37.1977532, 55.9944237 ], [ 37.1977475, 55.9947287 ], [ 37.197498, 55.9949536 ], [ 37.1973361, 55.9949862 ], [ 37.1968078, 55.9953624 ], [ 37.196593, 55.9954792 ], [ 37.1966372, 55.99551 ], [ 37.1960726, 55.9956832 ], [ 37.1952549, 55.9958428 ], [ 37.1954329, 55.995978 ], [ 37.1955893, 55.9960373 ], [ 37.1957672, 55.9962881 ], [ 37.1956928, 55.9965122 ], [ 37.1953691, 55.996625 ], [ 37.1951178, 55.9966762 ], [ 37.1948962, 55.9966806 ], [ 37.1947503, 55.996677 ], [ 37.1945547, 55.9966287 ], [ 37.1943601, 55.9964939 ], [ 37.1942786, 55.9963723 ], [ 37.1943346, 55.9962165 ], [ 37.1944105, 55.9961344 ], [ 37.19434, 55.9961174 ], [ 37.1935394, 55.9963111 ], [ 37.1922275, 55.9966628 ], [ 37.1920974, 55.9968335 ], [ 37.1916217, 55.9969269 ], [ 37.1918203, 55.9972079 ], [ 37.1920287, 55.9975024 ], [ 37.1923302, 55.997929 ], [ 37.1930003, 55.99851 ], [ 37.1936756, 55.999335 ], [ 37.1938326, 55.9994907 ], [ 37.1939556, 55.9994845 ], [ 37.195111, 55.9994235 ], [ 37.1956513, 55.999408 ], [ 37.1958436, 55.9994024 ], [ 37.1962284, 55.9993744 ], [ 37.1967119, 55.9993437 ], [ 37.1973901, 55.999448 ], [ 37.1979137, 55.9994901 ], [ 37.1980231, 55.9992378 ], [ 37.1979514, 55.9991342 ], [ 37.1975148, 55.9991779 ], [ 37.1972434, 55.9991812 ], [ 37.1971469, 55.9991527 ], [ 37.1970963, 55.9991213 ], [ 37.1970894, 55.9988276 ], [ 37.1977251, 55.998677 ], [ 37.1977754, 55.998585 ], [ 37.1979968, 55.9987363 ], [ 37.1981807, 55.9987846 ], [ 37.1983295, 55.9987544 ], [ 37.1987846, 55.9987031 ], [ 37.1990834, 55.9987165 ], [ 37.1994482, 55.9983805 ], [ 37.1991598, 55.9980676 ], [ 37.1989395, 55.9978821 ], [ 37.1990772, 55.9977972 ], [ 37.1993073, 55.9974651 ], [ 37.1987218, 55.9973738 ], [ 37.198733, 55.9972657 ], [ 37.1989808, 55.9973005 ], [ 37.1993762, 55.99717 ], [ 37.1994463, 55.9970267 ], [ 37.1996921, 55.9969522 ], [ 37.1998159, 55.9966229 ], [ 37.2005404, 55.9963156 ], [ 37.2011042, 55.9958852 ], [ 37.2015483, 55.995607 ], [ 37.2018151, 55.9953151 ], [ 37.2020234, 55.9949582 ], [ 37.2022093, 55.9946776 ], [ 37.2034143, 55.9949397 ], [ 37.2035037, 55.9951332 ], [ 37.20366, 55.9951635 ], [ 37.2038365, 55.9949347 ], [ 37.2036569, 55.9949169 ], [ 37.2038165, 55.9946797 ], [ 37.2040776, 55.9946538 ], [ 37.2041806, 55.9945718 ], [ 37.2026444, 55.9941933 ], [ 37.202977, 55.993893 ], [ 37.2033029, 55.9935575 ], [ 37.204291, 55.9936528 ], [ 37.2043417, 55.9929151 ], [ 37.2043653, 55.9926834 ], [ 37.2044042, 55.9925357 ], [ 37.2045919, 55.9921946 ], [ 37.2050551, 55.9917288 ], [ 37.2050853, 55.9916355 ], [ 37.2049415, 55.9913086 ], [ 37.2047772, 55.9909297 ], [ 37.2047375, 55.9908044 ], [ 37.20474, 55.9906785 ], [ 37.2051298, 55.990542 ], [ 37.2051496, 55.9905161 ], [ 37.2051193, 55.9897562 ], [ 37.2049068, 55.9890356 ], [ 37.2047578, 55.988799 ], [ 37.2047156, 55.9884826 ], [ 37.2046809, 55.9883241 ], [ 37.2049415, 55.9882574 ], [ 37.2049859, 55.9879649 ], [ 37.2050086, 55.9879002 ], [ 37.205162, 55.987887 ], [ 37.2054157, 55.9878116 ], [ 37.205543, 55.9877602 ], [ 37.2056833, 55.9877028 ], [ 37.205755, 55.98765 ], [ 37.2059605, 55.9875725 ], [ 37.2062266, 55.9875104 ], [ 37.2065549, 55.9874766 ], [ 37.2067302, 55.987479 ], [ 37.2068826, 55.9874969 ], [ 37.2070261, 55.9875407 ], [ 37.2073201, 55.9876305 ], [ 37.2074465, 55.9876794 ], [ 37.207647, 55.9877312 ], [ 37.2080202, 55.9877634 ], [ 37.2084749, 55.9877743 ], [ 37.2087334, 55.9877979 ], [ 37.2090066, 55.9877502 ], [ 37.2092412, 55.9876953 ], [ 37.2094274, 55.9876241 ], [ 37.2098187, 55.9874957 ], [ 37.2106012, 55.9870787 ], [ 37.2102793, 55.9869469 ], [ 37.2099024, 55.9869662 ], [ 37.2095822, 55.9867518 ], [ 37.2091359, 55.9867467 ], [ 37.2090179, 55.9866867 ], [ 37.2084002, 55.9867299 ], [ 37.2082569, 55.9864761 ], [ 37.2081534, 55.9859164 ], [ 37.20792, 55.98545 ], [ 37.2076546, 55.9848858 ], [ 37.2075916, 55.9847859 ], [ 37.207447, 55.9844589 ], [ 37.2073379, 55.9844741 ], [ 37.2061581, 55.984649 ], [ 37.2061468, 55.9846344 ], [ 37.206055, 55.9844983 ], [ 37.2060081, 55.9844287 ], [ 37.2065249, 55.9843636 ], [ 37.2063624, 55.9840186 ], [ 37.2059295, 55.9836642 ], [ 37.2044412, 55.9839828 ], [ 37.2038, 55.98412 ], [ 37.203522, 55.9840537 ], [ 37.203395, 55.9840139 ], [ 37.203305, 55.9839874 ], [ 37.20217, 55.98328 ], [ 37.20196, 55.98311 ], [ 37.20185, 55.98298 ], [ 37.20183, 55.98283 ], [ 37.20174, 55.9827 ], [ 37.20155, 55.98263 ], [ 37.2013317, 55.982633 ], [ 37.2012804, 55.9819236 ], [ 37.20129, 55.98184 ], [ 37.20179, 55.98152 ], [ 37.2019003, 55.9812632 ], [ 37.2016776, 55.9812528 ], [ 37.2012628, 55.9812433 ], [ 37.199975, 55.981196 ], [ 37.1998299, 55.9812584 ], [ 37.1967158, 55.9811781 ], [ 37.1962102, 55.9813049 ], [ 37.1949086, 55.9810649 ], [ 37.1946988, 55.9808174 ], [ 37.1941158, 55.9807007 ], [ 37.1940139, 55.98073 ], [ 37.1931236, 55.9822334 ], [ 37.192828, 55.9823711 ], [ 37.1927106, 55.9825155 ], [ 37.1925925, 55.9826535 ], [ 37.1925201, 55.9831892 ], [ 37.1925316, 55.9835148 ], [ 37.1926997, 55.9838028 ], [ 37.1928155, 55.9842324 ], [ 37.1931852, 55.9842639 ], [ 37.1933939, 55.9843601 ], [ 37.1933342, 55.9845274 ], [ 37.1931454, 55.9847011 ], [ 37.1931018, 55.9849838 ], [ 37.1931357, 55.985333 ], [ 37.1931228, 55.9854555 ], [ 37.192902, 55.9861676 ], [ 37.1928434, 55.9862939 ], [ 37.1930519, 55.9865967 ], [ 37.1930512, 55.986947 ] ] ] } },
{ "type": "Feature", "properties": { "name": "Зеленоградский лесопарк", "area_ha": 248.4 }, "geometry": { "type": "Polygon", "coordinates": [ [ [ 37.2266041, 56.002071 ], [ 37.2267167, 56.0018926 ], [ 37.2267733, 56.0019017 ], [ 37.2268369, 56.0019115 ], [ 37.226903, 56.0019222 ], [ 37.2282697, 56.0021595 ], [ 37.2279425, 56.0028314 ], [ 37.2292378, 56.0030255 ], [ 37.2294549, 56.0025944 ], [ 37.2304707, 56.0026835 ], [ 37.2310326, 56.002578 ], [ 37.2318211, 56.0023061 ], [ 37.2316629, 56.0021606 ], [ 37.2308958, 56.0020399 ], [ 37.2310527, 56.001518 ], [ 37.2318761, 56.0015352 ], [ 37.2323468, 56.0017902 ], [ 37.2329798, 56.0014527 ], [ 37.2333929, 56.0016432 ], [ 37.2342971, 56.0013367 ], [ 37.2336361, 56.0012549 ], [ 37.2331699, 56.000963 ], [ 37.2330501, 56.0008574 ], [ 37.232838, 56.0003327 ], [ 37.2328051, 55.9985319 ], [ 37.2312225, 55.9986504 ], [ 37.2303762, 55.999017 ], [ 37.2299517, 55.9994884 ], [ 37.2295704, 55.9995168 ], [ 37.2285105, 55.9990912 ], [ 37.2274681, 55.9981041 ], [ 37.2269636, 55.9981972 ], [ 37.2270015, 55.9983927 ], [ 37.2258572, 55.9986044 ], [ 37.2259229, 55.9990184 ], [ 37.2219774, 55.9996559 ], [ 37.2220948, 55.9999544 ], [ 37.2208777, 56.0001328 ], [ 37.2205022, 55.9993289 ], [ 37.2126804, 56.0011564 ], [ 37.2135239, 56.0024826 ], [ 37.2127289, 56.00341 ], [ 37.2119114, 56.0038477 ], [ 37.2138143, 56.0054927 ], [ 37.2138775, 56.0055498 ], [ 37.2139055, 56.005924 ], [ 37.2136465, 56.0064242 ], [ 37.2119542, 56.0068647 ], [ 37.2120579, 56.0072298 ], [ 37.2115651, 56.0076245 ], [ 37.2111456, 56.0079874 ], [ 37.2110231, 56.00796 ], [ 37.2112734, 56.0087563 ], [ 37.2117049, 56.0093051 ], [ 37.2114985, 56.0097592 ], [ 37.2110613, 56.0100038 ], [ 37.2108328, 56.0099553 ], [ 37.2111869, 56.0109754 ], [ 37.2083142, 56.0111958 ], [ 37.2083183, 56.0130643 ], [ 37.2088106, 56.0130507 ], [ 37.2093548, 56.0129341 ], [ 37.2105876, 56.0125608 ], [ 37.210731440465956, 56.012487484547727 ], [ 37.2106648, 56.0124305 ], [ 37.2147662, 56.0109527 ], [ 37.2178428, 56.0097574 ], [ 37.2205149, 56.0087447 ], [ 37.221617351275597, 56.008311592666466 ], [ 37.2222645, 56.0079781 ], [ 37.2250347, 56.0069528 ], [ 37.2264585, 56.0063456 ], [ 37.226568182534997, 56.006386710639049 ], [ 37.2286882, 56.0055685 ], [ 37.231577054337357, 56.0044966280323 ], [ 37.2315826, 56.0044936 ], [ 37.2311935, 56.0044893 ], [ 37.2309349, 56.0044948 ], [ 37.2307089, 56.0043656 ], [ 37.2301636, 56.0043813 ], [ 37.2298049, 56.0043194 ], [ 37.2296795, 56.0042638 ], [ 37.2296361, 56.0042356 ], [ 37.2294983, 56.004199 ], [ 37.2293412, 56.0041939 ], [ 37.2285908, 56.0042444 ], [ 37.2273423, 56.0043246 ], [ 37.2271702, 56.0043367 ], [ 37.2254869, 56.0044313 ], [ 37.2252306, 56.0044457 ], [ 37.2251538, 56.0036757 ], [ 37.2255488, 56.002467 ], [ 37.2260262, 56.0025247 ], [ 37.2261527, 56.00254 ], [ 37.2263808, 56.002043 ], [ 37.2266041, 56.002071 ] ] ] } },
{ "type": "Feature", "properties": { "name": "Парк «Ровесник»", "area_ha": 6.8 }, "geometry": { "type": "Polygon", "coordinates": [ [ [ 37.2385874, 55.9988677 ], [ 37.2381891, 55.9993255 ], [ 37.2374625, 55.9999423 ], [ 37.2367097, 56.0004979 ], [ 37.2353371, 56.0012523 ], [ 37.2353637, 56.001601 ], [ 37.2357086, 56.0018495 ], [ 37.2367701, 56.00215 ], [ 37.2371417, 56.0022019 ], [ 37.2399878, 56.0011224 ], [ 37.2403726, 56.0009073 ], [ 37.2405318, 56.000629 ], [ 37.2406247, 56.0001542 ], [ 37.2403527, 55.9995495 ], [ 37.2394371, 55.9989039 ], [ 37.2388467, 55.998826 ], [ 37.2385874, 55.9988677 ] ] ] } }
]
}
